<?xml version="1.0"?>
<VTKFile type="UnstructuredGrid" version="0.1" byte_order="LittleEndian">
  <UnstructuredGrid>
    <Piece NumberOfPoints="3380" NumberOfCells="2152">
      <Points>
        <DataArray type="Float64" NumberOfComponents="3" format="ascii">
          5.3650841300000005 3.60907056 0.0000001
          5.6521422425 3.60907056 0.0000001
          5.9712297951562245 3.957568014857591 0.0000001
          5.763702621770408 4.007689056770408 0.0000001
          5.3650841300000005 3.60907056 0.250370189407
          5.6521422425 3.60907056 0.250370189407
          5.9712297951562245 3.957568014857591 0.250370189407
          5.763702621770408 4.007689056770408 0.250370189407
          5.9392003550000005 3.60907056 0.0000001
          6.188903852965093 3.924245401166713 0.0000001
          5.9392003550000005 3.60907056 0.250370189407
          6.188903852965093 3.924245401166713 0.250370189407
          6.226258467500001 3.60907056 0.0000001
          6.412403183154093 3.909663455978313 0.0000001
          6.226258467500001 3.60907056 0.250370189407
          6.412403183154093 3.909663455978313 0.250370189407
          6.513316580000001 3.60907056 0.0000001
          6.637405751069606 3.9090705610305 0.0000001
          6.513316580000001 3.60907056 0.250370189407
          6.637405751069606 3.9090705610305 0.250370189407
          6.8003746925 3.60907056 0.0000001
          6.862419276918806 3.9090705610305 0.0000001
          6.8003746925 3.60907056 0.250370189407
          6.862419276918806 3.9090705610305 0.25037018940699995
          7.087432805000001 3.60907056 0.0000001
          7.0874328027680065 3.9090705610305 0.0000001
          7.087432805000001 3.60907056 0.250370189407
          7.0874328027680065 3.9090705610305 0.250370189407
          7.3744909175 3.60907056 0.0000001
          7.312446328617206 3.9090705610305 0.0000001
          7.3744909175 3.60907056 0.250370189407
          7.312446328617206 3.9090705610305 0.250370189407
          7.66154903 3.60907056 0.0000001
          7.537459854466407 3.909070561030501 0.0000001
          7.66154903 3.60907056 0.250370189407
          7.537459854466407 3.909070561030501 0.250370189407
          7.9486071425 3.60907056 0.0000001
          7.762462422384181 3.909663455901554 0.0000001
          7.9486071425 3.60907056 0.250370189407
          7.762462422384181 3.909663455901554 0.250370189407
          8.235665255 3.60907056 0.0000001
          7.985961752629221 3.9242454007826177 0.0000001
          8.235665255 3.60907056 0.250370189407
          7.985961752629221 3.9242454007826177 0.250370189407
          8.5227233675 3.60907056 0.0000001
          8.203635810566151 3.9575680141885448 0.0000001
          8.5227233675 3.60907056 0.250370189407
          8.203635810566151 3.9575680141885448 0.250370189407
          8.80978148 3.60907056 0.0000001
          8.411162984144593 4.0076890558554075 0.0000001
          8.80978148 3.60907056 0.250370189407
          8.411162984144593 4.0076890558554075 0.250370189407
          6.290317347812449 4.306065469715181 0.0000001
          6.162321113540815 4.406307553540815 0.0000001
          6.290317347812449 4.306065469715181 0.250370189407
          6.162321113540815 4.406307553540815 0.250370189407
          6.4386073509301855 4.239420242333426 0.0000001
          6.4386073509301855 4.239420242333426 0.250370189407
          6.598547898808183 4.210256351956625 0.0000001
          6.598547898808183 4.210256351956625 0.250370189407
          6.761494922139212 4.209070562061 0.0000001
          6.761494922139212 4.209070562061 0.250370189407
          6.924463861337613 4.209070562061 0.0000001
          6.924463861337613 4.209070562061 0.250370189407
          7.087432800536014 4.209070562061 0.0000001
          7.087432800536014 4.209070562061 0.250370189407
          7.250401739734415 4.209070562061 0.0000001
          7.250401739734415 4.209070562061 0.250370189407
          7.413370678932816 4.209070562061 0.0000001
          7.413370678932816 4.209070562061 0.250370189407
          7.57631770226836 4.210256351803109 0.0000001
          7.57631770226836 4.210256351803109 0.250370189407
          7.736258250258441 4.2394202415652344 0.0000001
          7.736258250258441 4.2394202415652344 0.250370189407
          7.884548253632305 4.306065468377089 0.0000001
          7.884548253632305 4.306065468377089 0.250370189407
          8.012544488289185 4.406307551710815 0.0000001
          8.012544488289185 4.406307551710815 0.250370189407
          8.80978148 3.8898951133333335 0.0000001
          8.459660104526934 4.20943891044093 0.0000001
          8.80978148 3.8898951133333335 0.250370189407
          8.459660104526934 4.20943891044093 0.250370189407
          8.80978148 4.170719666666667 0.0000001
          8.49270122110567 4.420721164993596 0.0000001
          8.80978148 4.170719666666667 0.250370189407
          8.49270122110567 4.420721164993596 0.250370189407
          8.80978148 4.45154422 0.0000001
          8.508504360711683 4.637713660574315 0.0000001
          8.80978148 4.45154422 0.250370189407
          8.508504360711683 4.637713660574315 0.250370189407
          8.80978148 4.732368773333333 0.0000001
          8.509781479241502 4.856457691878305 0.0000001
          8.80978148 4.732368773333333 0.250370189407
          8.509781479241502 4.856457691878305 0.250370189407
          8.80978148 5.013193326666666 0.0000001
          8.509781479241502 5.075237785939151 0.0000001
          8.80978148 5.013193326666666 0.250370189407
          8.509781479241502 5.075237785939151 0.250370189407
          8.80978148 5.294017879999999 0.0000001
          8.5097814792415 5.294017879999999 0.0000001
          8.80978148 5.294017879999999 0.250370189407
          8.5097814792415 5.294017879999999 0.250370189407
          8.109538729053869 4.528982707548529 0.0000001
          8.109538729053869 4.528982707548529 0.250370189407
          8.17562096221134 4.670722663320524 0.0000001
          8.17562096221134 4.670722663320524 0.250370189407
          8.207227241423364 4.823883101148629 0.0000001
          8.207227241423364 4.823883101148629 0.250370189407
          8.209781478483 4.980546610423276 0.0000001
          8.209781478483 4.980546610423276 0.250370189407
          8.209781478483 5.137282245211638 0.0000001
          8.209781478483 5.137282245211638 0.250370189407
          8.209781478483 5.294017879999999 0.0000001
          8.209781478483 5.294017879999999 0.250370189407
          8.80978148 5.824249828333333 0.0000001
          8.5097814792415 5.762196705488498 0.0000001
          8.80978148 5.824249828333333 0.250370189407
          8.5097814792415 5.762196705488498 0.250370189407
          8.80978148 6.354481776666666 0.0000001
          8.5097814792415 6.230375530976994 0.0000001
          8.80978148 6.354481776666666 0.250370189407
          8.5097814792415 6.230375530976994 0.250370189407
          8.80978148 6.884713724999999 0.0000001
          8.509781479241502 6.698554356465493 0.0000001
          8.80978148 6.884713724999999 0.250370189407
          8.509781479241502 6.698554356465493 0.250370189407
          8.80978148 7.414945673333333 0.0000001
          8.509781479241504 7.166733181953991 0.0000001
          8.80978148 7.414945673333333 0.250370189407
          8.509781479241504 7.166733181953991 0.250370189407
          8.80978148 7.945177621666667 0.0000001
          8.504210214507339 7.6345865511507 0.0000001
          8.80978148 7.945177621666667 0.250370189407
          8.504210214507339 7.6345865511507 0.250370189407
          8.80978148 8.47540957 0.0000001
          8.411162982774343 8.076791077774342 0.0000001
          8.80978148 8.47540957 0.250370189407
          8.411162982774343 8.076791077774342 0.250370189407
          8.209781478483 5.700143582643662 0.0000001
          8.209781478483 5.700143582643662 0.250370189407
          8.209781478483 6.106269285287324 0.0000001
          8.209781478483 6.106269285287324 0.250370189407
          8.209781478483 6.512394987930986 0.0000001
          8.209781478483 6.512394987930986 0.250370189407
          8.209781478483 6.918520690574649 0.0000001
          8.209781478483 6.918520690574649 0.250370189407
          8.198638949014674 7.323995480634731 0.0000001
          8.198638949014674 7.323995480634731 0.250370189407
          8.012544485548686 7.678172585548683 0.0000001
          8.012544485548686 7.678172585548683 0.250370189407
          8.5227233675 8.47540957 0.0000001
          8.20363580918384 8.126912118905723 0.0000001
          8.5227233675 8.47540957 0.250370189407
          8.20363580918384 8.126912118905723 0.250370189407
          8.235665255 8.47540957 0.0000001
          7.985961751395502 8.160234731860024 0.0000001
          8.235665255 8.47540957 0.250370189407
          7.985961751395502 8.160234731860024 0.250370189407
          7.9486071425 8.47540957 0.0000001
          7.762462421416952 8.174816676414952 0.0000001
          7.9486071425 8.47540957 0.250370189407
          7.762462421416952 8.174816676414952 0.250370189407
          7.66154903 8.47540957 0.0000001
          7.5374598538204935 8.1754095712285 0.0000001
          7.66154903 8.47540957 0.250370189407
          7.5374598538204935 8.1754095712285 0.250370189407
          7.3744909175 8.47540957 0.0000001
          7.3124463282942855 8.175409571228501 0.0000001
          7.3744909175 8.47540957 0.250370189407
          7.3124463282942855 8.175409571228501 0.25037018940699995
          7.087432805 8.47540957 0.0000001
          7.087432802768081 8.1754095712285 0.0000001
          7.087432805 8.47540957 0.250370189407
          7.087432802768081 8.1754095712285 0.250370189407
          6.8003746925 8.47540957 0.0000001
          6.862419277241877 8.1754095712285 0.0000001
          6.8003746925 8.47540957 0.250370189407
          6.862419277241877 8.1754095712285 0.250370189407
          6.51331658 8.47540957 0.0000001
          6.6374057517156695 8.175409571228501 0.0000001
          6.51331658 8.47540957 0.250370189407
          6.6374057517156695 8.175409571228501 0.250370189407
          6.226258467500001 8.47540957 0.0000001
          6.412403184121469 8.174816676338175 0.0000001
          6.226258467500001 8.47540957 0.250370189407
          6.412403184121469 8.174816676338175 0.250370189407
          5.9392003550000005 8.47540957 0.0000001
          6.1889038541989745 8.160234731475821 0.0000001
          5.9392003550000005 8.47540957 0.250370189407
          6.1889038541989745 8.160234731475821 0.250370189407
          5.6521422425 8.47540957 0.0000001
          5.971229796538732 8.126912118236497 0.0000001
          5.6521422425 8.47540957 0.250370189407
          5.971229796538732 8.126912118236497 0.250370189407
          5.3650841300000005 8.47540957 0.0000001
          5.763702623140908 8.076791076859093 0.0000001
          5.3650841300000005 8.47540957 0.250370189407
          5.763702623140908 8.076791076859093 0.250370189407
          7.884548250867685 7.778414667811449 0.0000001
          7.884548250867685 7.778414667811449 0.250370189407
          7.736258247791006 7.845059893720043 0.0000001
          7.736258247791006 7.845059893720043 0.250370189407
          7.576317700333905 7.874223782829901 0.0000001
          7.576317700333905 7.874223782829901 0.250370189407
          7.413370677640985 7.875409572457 0.0000001
          7.413370677640985 7.875409572457 0.250370189407
          7.2504017390885735 7.875409572457 0.0000001
          7.2504017390885735 7.875409572457 0.250370189407
          7.087432800536163 7.875409572457 0.0000001
          7.087432800536163 7.875409572457 0.250370189407
          6.924463861983753 7.875409572457 0.0000001
          6.924463861983753 7.875409572457 0.250370189407
          6.761494923431342 7.875409572457 0.0000001
          6.761494923431342 7.875409572457 0.250370189407
          6.598547900742938 7.874223782676344 0.0000001
          6.598547900742938 7.874223782676344 0.250370189407
          6.438607353397949 7.845059892951643 0.0000001
          6.438607353397949 7.845059892951643 0.250370189407
          6.290317350577467 7.778414666472995 0.0000001
          6.290317350577467 7.778414666472995 0.250370189407
          6.162321116281817 7.678172583718186 0.0000001
          6.162321116281817 7.678172583718186 0.250370189407
          5.3650841300000005 7.945177621666667 0.0000001
          5.670655392127771 7.6345865500899865 0.0000001
          5.3650841300000005 7.945177621666667 0.250370189407
          5.670655392127771 7.6345865500899865 0.250370189407
          5.3650841300000005 7.414945673333333 0.0000001
          5.665084127588999 7.166733181091411 0.0000001
          5.3650841300000005 7.414945673333333 0.250370189407
          5.665084127588999 7.166733181091411 0.250370189407
          5.3650841300000005 6.884713725 0.0000001
          5.665084127589002 6.698554355818559 0.0000001
          5.3650841300000005 6.884713725 0.250370189407
          5.665084127589002 6.698554355818559 0.250370189407
          5.3650841300000005 6.354481776666667 0.0000001
          5.665084127588999 6.2303755305457065 0.0000001
          5.3650841300000005 6.354481776666667 0.250370189407
          5.665084127588999 6.2303755305457065 0.250370189407
          5.3650841300000005 5.824249828333333 0.0000001
          5.665084127588999 5.762196705272854 0.0000001
          5.3650841300000005 5.824249828333333 0.250370189407
          5.665084127588999 5.762196705272854 0.250370189407
          5.3650841300000005 5.294017879999999 0.0000001
          5.665084127589 5.294017879999999 0.0000001
          5.3650841300000005 5.294017879999999 0.250370189407
          5.665084127589 5.294017879999999 0.250370189407
          5.976226654255543 7.323995478513306 0.0000001
          5.976226654255543 7.323995478513306 0.250370189407
          5.9650841251780005 6.91852068884949 0.0000001
          5.9650841251780005 6.91852068884949 0.250370189407
          5.9650841251780005 6.512394986637117 0.0000001
          5.9650841251780005 6.512394986637117 0.250370189407
          5.965084125178 6.106269284424744 0.0000001
          5.965084125178 6.106269284424744 0.250370189407
          5.965084125178 5.700143582212372 0.0000001
          5.965084125178 5.700143582212372 0.250370189407
          5.965084125178 5.294017879999999 0.0000001
          5.965084125178 5.294017879999999 0.250370189407
          5.3650841300000005 5.013193326666666 0.0000001
          5.665084127588999 5.075237786154808 0.0000001
          5.3650841300000005 5.013193326666666 0.250370189407
          5.665084127588999 5.075237786154808 0.250370189407
          5.3650841300000005 4.732368773333333 0.0000001
          5.665084127589 4.856457692309618 0.0000001
          5.3650841300000005 4.732368773333333 0.250370189407
          5.665084127589 4.856457692309618 0.250370189407
          5.3650841300000005 4.45154422 0.0000001
          5.666361246062022 4.637713661218829 0.0000001
          5.3650841300000005 4.45154422 0.250370189407
          5.666361246062022 4.637713661218829 0.250370189407
          5.3650841300000005 4.170719666666667 0.0000001
          5.682164385453065 4.420721165812484 0.0000001
          5.3650841300000005 4.170719666666667 0.250370189407
          5.682164385453065 4.420721165812484 0.250370189407
          5.3650841300000005 3.889895113333333 0.0000001
          5.715205501737012 4.20943891135874 0.0000001
          5.3650841300000005 3.889895113333333 0.250370189407
          5.715205501737012 4.20943891135874 0.250370189407
          5.965084125178 5.1372822456429486 0.0000001
          5.965084125178 5.1372822456429486 0.250370189407
          5.965084125178 4.9805466112859 0.0000001
          5.965084125178 4.9805466112859 0.250370189407
          5.967638362124043 4.8238831024376605 0.0000001
          5.967638362124043 4.8238831024376605 0.250370189407
          5.999244640906131 4.6707226649583 0.0000001
          5.999244640906131 4.6707226649583 0.250370189407
          6.065326873474024 4.528982709384147 0.0000001
          6.065326873474024 4.528982709384147 0.250370189407
          5.298241143666666 8.861483499619798 0.0000001
          4.979010204000001 8.8614834996198 0.0000001
          5.298241143666666 8.861483499619798 0.25037018940699995
          4.979010204000001 8.8614834996198 0.250370189407
          5.617472083333335 8.861483499619801 0.0000001
          5.617472083333335 8.861483499619801 0.250370189407
          5.936703023 8.8614834996198 0.0000001
          5.936703023 8.8614834996198 0.250370189407
          6.255933962666666 8.861483499619801 0.0000001
          6.255933962666666 8.861483499619801 0.25037018940699995
          6.575164902333335 8.8614834996198 0.0000001
          6.575164902333335 8.8614834996198 0.2503701894069999
          6.894395842000003 8.861483499619801 0.0000001
          6.894395842000003 8.861483499619801 0.250370189407
          7.213626781666666 8.861483499619801 0.0000001
          7.213626781666666 8.861483499619801 0.250370189407
          7.532857721333332 8.8614834996198 0.0000001
          7.532857721333332 8.8614834996198 0.25037018940699995
          7.852088661000001 8.861483499619801 0.0000001
          7.852088661000001 8.861483499619801 0.250370189407
          8.171319600666667 8.861483499619801 0.0000001
          8.171319600666667 8.861483499619801 0.250370189407
          8.490550540333334 8.861483499619801 0.0000001
          8.490550540333334 8.861483499619801 0.25037018940699995
          8.80978148 8.8614834996198 0.0000001
          8.80978148 8.8614834996198 0.250370189407
          4.944340044833335 9.247557429239595 0.0000001
          4.592936278000001 9.247557429239599 0.0000001
          4.944340044833335 9.247557429239595 0.250370189407
          4.592936278000001 9.247557429239599 0.250370189407
          5.295743811666667 9.247557429239599 0.0000001
          5.295743811666667 9.247557429239599 0.250370189407
          5.6471475785 9.247557429239597 0.0000001
          5.6471475785 9.247557429239597 0.250370189407
          5.998551345333333 9.247557429239597 0.0000001
          5.998551345333333 9.247557429239597 0.25037018940699995
          6.349955112166667 9.247557429239599 0.0000001
          6.349955112166667 9.247557429239599 0.2503701894069999
          6.701358879000002 9.247557429239597 0.0000001
          6.701358879000002 9.247557429239597 0.250370189407
          7.052762645833335 9.247557429239599 0.0000001
          7.052762645833335 9.247557429239599 0.250370189407
          7.404166412666667 9.247557429239599 0.0000001
          7.404166412666667 9.247557429239599 0.250370189407
          7.755570179500001 9.247557429239597 0.0000001
          7.755570179500001 9.247557429239597 0.250370189407
          8.106973946333333 9.247557429239599 0.0000001
          8.106973946333333 9.247557429239599 0.250370189407
          8.458377713166666 9.247557429239599 0.0000001
          8.458377713166666 9.247557429239599 0.25037018940699995
          8.80978148 9.247557429239599 0.0000001
          8.80978148 9.247557429239599 0.250370189407
          4.590438946000001 9.633631358859402 0.0000001
          4.206862352000001 9.6336313588594 0.0000001
          4.590438946000001 9.633631358859402 0.250370189407
          4.206862352000001 9.6336313588594 0.250370189407
          4.974015539999999 9.6336313588594 0.0000001
          4.974015539999999 9.6336313588594 0.250370189407
          5.357592134000001 9.633631358859402 0.0000001
          5.357592134000001 9.633631358859402 0.250370189407
          5.741168728000001 9.6336313588594 0.0000001
          5.741168728000001 9.6336313588594 0.25037018940699995
          6.124745322000002 9.633631358859402 0.0000001
          6.124745322000002 9.633631358859402 0.2503701894069999
          6.508321916 9.633631358859402 0.0000001
          6.508321916 9.633631358859402 0.250370189407
          6.891898510000001 9.6336313588594 0.0000001
          6.891898510000001 9.6336313588594 0.250370189407
          7.275475104 9.6336313588594 0.0000001
          7.275475104 9.6336313588594 0.250370189407
          7.659051698000002 9.6336313588594 0.0000001
          7.659051698000002 9.6336313588594 0.250370189407
          8.042628292 9.6336313588594 0.0000001
          8.042628292 9.6336313588594 0.250370189407
          8.426204886 9.6336313588594 0.0000001
          8.426204886 9.6336313588594 0.250370189407
          8.80978148 9.6336313588594 0.0000001
          8.80978148 9.6336313588594 0.250370189407
          4.236537847166668 10.019705288479201 0.0000001
          3.820788426000001 10.0197052884792 0.0000001
          4.236537847166668 10.019705288479201 0.250370189407
          3.820788426000001 10.0197052884792 0.250370189407
          4.652287268333334 10.0197052884792 0.0000001
          4.652287268333334 10.0197052884792 0.250370189407
          5.068036689500001 10.019705288479198 0.0000001
          5.068036689500001 10.019705288479198 0.250370189407
          5.483786110666667 10.019705288479203 0.0000001
          5.483786110666667 10.019705288479203 0.25037018940699995
          5.899535531833333 10.019705288479201 0.0000001
          5.899535531833333 10.019705288479201 0.25037018940699995
          6.315284953000001 10.019705288479198 0.0000001
          6.315284953000001 10.019705288479198 0.250370189407
          6.7310343741666685 10.0197052884792 0.0000001
          6.7310343741666685 10.0197052884792 0.250370189407
          7.146783795333333 10.0197052884792 0.0000001
          7.146783795333333 10.0197052884792 0.250370189407
          7.5625332165 10.019705288479198 0.0000001
          7.5625332165 10.019705288479198 0.250370189407
          7.978282637666668 10.0197052884792 0.0000001
          7.978282637666668 10.0197052884792 0.250370189407
          8.394032058833334 10.0197052884792 0.0000001
          8.394032058833334 10.0197052884792 0.25037018940699995
          8.80978148 10.0197052884792 0.0000001
          8.80978148 10.0197052884792 0.250370189407
          3.882636748333334 10.405779218099 0.0000001
          3.434714500000001 10.405779218099 0.0000001
          3.882636748333334 10.405779218099 0.250370189407
          3.434714500000001 10.405779218099 0.250370189407
          4.330558996666667 10.405779218099 0.0000001
          4.330558996666667 10.405779218099 0.250370189407
          4.778481245000001 10.405779218099 0.0000001
          4.778481245000001 10.405779218099 0.250370189407
          5.226403493333334 10.405779218099 0.0000001
          5.226403493333334 10.405779218099 0.250370189407
          5.674325741666667 10.405779218099 0.0000001
          5.674325741666667 10.405779218099 0.250370189407
          6.12224799 10.405779218099 0.0000001
          6.12224799 10.405779218099 0.250370189407
          6.5701702383333345 10.405779218099 0.0000001
          6.5701702383333345 10.405779218099 0.250370189407
          7.018092486666667 10.405779218099 0.0000001
          7.018092486666667 10.405779218099 0.250370189407
          7.466014735 10.405779218099 0.0000001
          7.466014735 10.405779218099 0.250370189407
          7.9139369833333335 10.405779218099 0.0000001
          7.9139369833333335 10.405779218099 0.250370189407
          8.361859231666667 10.405779218099 0.0000001
          8.361859231666667 10.405779218099 0.250370189407
          8.80978148 10.405779218099 0.0000001
          8.80978148 10.405779218099 0.250370189407
          4.012860890596639 2.25684732059619 0.0000001
          4.397795172248749 1.7267728935841689 0.0000001
          4.576987610856072 1.9956725602150018 0.0000001
          4.206035639082834 2.450022069082449 0.0000001
          4.012860890596639 2.25684732059619 0.250370189407
          4.397795172248749 1.7267728935841689 0.250370189407
          4.576987610856072 1.9956725602150018 0.250370189407
          4.206035639082834 2.450022069082449 0.250370189407
          4.791764732937311 1.2036581725409832 0.0000001
          4.955684107517697 1.5472885136065573 0.0000001
          4.791764732937311 1.2036581725409832 0.250370189407
          4.955684107517697 1.5472885136065573 0.25037018940699995
          5.271171129918223 0.7590481417703812 0.0000001
          5.40761217814419 1.1661942015174693 0.0000001
          5.271171129918223 0.7590481417703812 0.250370189407
          5.40761217814419 1.1661942015174693 0.250370189407
          5.834831660306147 0.427694283469537 0.0000001
          5.931758077405269 0.8821766086881748 0.0000001
          5.834831660306147 0.427694283469537 0.250370189407
          5.931758077405269 0.8821766086881748 0.25037018940699995
          6.456474706667967 0.22504064832313508 0.0000001
          6.505603276072544 0.7084734928484018 0.0000001
          6.456474706667967 0.22504064832313508 0.250370189407
          6.505603276072544 0.7084734928484018 0.2503701894069999
          7.107126148210201 0.1605327065867117 0.0000001
          7.104312813465888 0.6531809713600385 0.0000001
          7.107126148210201 0.1605327065867117 0.250370189407
          7.104312813465888 0.6531809713600385 0.250370189407
          7.7564598137128336 0.23717710477058684 0.0000001
          7.701892828539573 0.7188761698033601 0.0000001
          7.7564598137128336 0.23717710477058684 0.250370189407
          7.701892828539573 0.7188761698033601 0.25037018940699995
          8.37421095209459 0.45140152904591835 0.0000001
          8.272402106081081 0.9024971048965016 0.0000001
          8.37421095209459 0.45140152904591835 0.250370189407
          8.272402106081081 0.9024971048965016 0.250370189407
          8.93158684025089 0.7932212069903413 0.0000001
          8.791161169143622 1.1954854002774358 0.0000001
          8.93158684025089 0.7932212069903413 0.250370189407
          8.791161169143622 1.1954854002774358 0.250370189407
          9.40260878123446 1.2467042872040635 0.0000001
          9.235902563200964 1.5841851833177691 0.0000001
          9.40260878123446 1.2467042872040635 0.250370189407
          9.235902563200964 1.5841851833177691 0.25037018940699995
          9.765322943671634 1.7907144059477835 0.0000001
          9.58780871850426 2.050479570812386 0.0000001
          9.765322943671634 1.7907144059477835 0.250370189407
          9.58780871850426 2.050479570812386 0.250370189407
          10.02839048685754 2.3904615531423974 0.0000001
          9.854303485877892 2.564548554122055 0.0000001
          10.02839048685754 2.3904615531423974 0.250370189407
          9.854303485877892 2.564548554122055 0.250370189407
          4.756180049463393 2.264572226845834 0.0000001
          4.399210387569028 2.643196817568707 0.0000001
          4.756180049463393 2.264572226845834 0.25037018940700007
          4.399210387569028 2.643196817568707 0.250370189407
          5.119603482098079 1.890918854672131 0.0000001
          5.119603482098079 1.890918854672131 0.250370189407
          5.544053226370161 1.573340261264558 0.0000001
          5.544053226370161 1.573340261264558 0.250370189407
          6.02868449450439 1.3366589339068118 0.0000001
          6.02868449450439 1.3366589339068118 0.250370189407
          6.5547318454771215 1.191906337373668 0.0000001
          6.5547318454771215 1.191906337373668 0.25037018940699995
          7.101499478721572 1.1458292361333653 0.0000001
          7.101499478721572 1.1458292361333653 0.250370189407
          7.6473258433663105 1.2005752348361338 0.0000001
          7.6473258433663105 1.2005752348361338 0.250370189407
          8.170593260067562 1.353592680747084 0.0000001
          8.170593260067562 1.353592680747084 0.25037018940700007
          8.650735498036351 1.5977495935645294 0.0000001
          8.650735498036351 1.5977495935645294 0.250370189407
          9.069196345167473 1.921666079431474 0.0000001
          9.069196345167473 1.921666079431474 0.25037018940700007
          9.410294493336881 2.310244735676989 0.0000001
          9.410294493336881 2.310244735676989 0.250370189407
          9.680216484898244 2.7386355551017125 0.0000001
          9.680216484898244 2.7386355551017125 0.250370189407
          4.935372488070715 2.5334718934766673 0.0000001
          4.592385136055222 2.8363715660549658 0.0000001
          4.935372488070715 2.5334718934766673 0.25037018940700007
          4.592385136055222 2.8363715660549658 0.250370189407
          5.283522856678465 2.234549195737704 0.0000001
          5.283522856678465 2.234549195737704 0.250370189407
          5.680494274596127 1.9804863210116466 0.0000001
          5.680494274596127 1.9804863210116466 0.250370189407
          6.125610911603514 1.7911412591254496 0.0000001
          6.125610911603514 1.7911412591254496 0.250370189407
          6.603860414881696 1.6753391818989343 0.0000001
          6.603860414881696 1.6753391818989343 0.25037018940699995
          7.0986861439772575 1.6384775009066925 0.0000001
          7.0986861439772575 1.6384775009066925 0.250370189407
          7.592758858193049 1.682274299868908 0.0000001
          7.592758858193049 1.682274299868908 0.250370189407
          8.068784414054052 1.8046882565976676 0.0000001
          8.068784414054052 1.8046882565976676 0.250370189407
          8.51030982692908 2.000013786851624 0.0000001
          8.51030982692908 2.000013786851624 0.250370189407
          8.902490127133976 2.25914697554518 0.0000001
          8.902490127133976 2.25914697554518 0.250370189407
          9.232780268169504 2.5700099005415904 0.0000001
          9.232780268169504 2.5700099005415904 0.25037018940700007
          9.506129483918595 2.91272255608137 0.0000001
          9.506129483918595 2.91272255608137 0.250370189407
          5.114564926678036 2.802371560107501 0.0000001
          4.785559884541417 3.0295463145412245 0.0000001
          5.114564926678036 2.802371560107501 0.250370189407
          4.785559884541417 3.0295463145412245 0.250370189407
          5.447442231258849 2.5781795368032783 0.0000001
          5.447442231258849 2.5781795368032783 0.250370189407
          5.816935322822094 2.387632380758734 0.0000001
          5.816935322822094 2.387632380758734 0.250370189407
          6.222537328702634 2.245623584344089 0.0000001
          6.222537328702634 2.245623584344089 0.250370189407
          6.652988984286273 2.1587720264242014 0.0000001
          6.652988984286273 2.1587720264242014 0.2503701894069999
          7.095872809232944 2.131125765680019 0.0000001
          7.095872809232944 2.131125765680019 0.250370189407
          7.538191873019787 2.163973364901681 0.0000001
          7.538191873019787 2.163973364901681 0.250370189407
          7.966975568040537 2.255783832448251 0.0000001
          7.966975568040537 2.255783832448251 0.250370189407
          8.36988415582181 2.4022779801387184 0.0000001
          8.36988415582181 2.4022779801387184 0.250370189407
          8.735783909100483 2.596627871658885 0.0000001
          8.735783909100483 2.596627871658885 0.250370189407
          9.055266043002126 2.829775065406193 0.0000001
          9.055266043002126 2.829775065406193 0.250370189407
          9.332042482938945 3.0868095570610277 0.0000001
          9.332042482938945 3.0868095570610277 0.250370189407
          5.293757365285357 3.0712712267383333 0.0000001
          4.978734633027612 3.2227210630274827 0.0000001
          5.293757365285357 3.0712712267383333 0.250370189407
          4.978734633027612 3.2227210630274827 0.250370189407
          5.611361605839233 2.921809877868853 0.0000001
          5.611361605839233 2.921809877868853 0.25037018940700007
          5.953376371048066 2.794778440505823 0.0000001
          5.953376371048066 2.794778440505823 0.250370189407
          6.319463745801757 2.7001059095627253 0.0000001
          6.319463745801757 2.7001059095627253 0.250370189407
          6.7021175536908455 2.6422048709494668 0.0000001
          6.7021175536908455 2.6422048709494668 0.25037018940699995
          7.093059474488628 2.6237740304533457 0.0000001
          7.093059474488628 2.6237740304533457 0.250370189407
          7.483624887846525 2.6456724299344536 0.0000001
          7.483624887846525 2.6456724299344536 0.250370189407
          7.865166722027026 2.7068794082988337 0.0000001
          7.865166722027026 2.7068794082988337 0.250370189407
          8.229458484714542 2.804542173425812 0.0000001
          8.229458484714542 2.804542173425812 0.250370189407
          8.56907769106699 2.9341087677725897 0.0000001
          8.56907769106699 2.9341087677725897 0.25037018940700007
          8.877751817834755 3.089540230270795 0.0000001
          8.877751817834755 3.089540230270795 0.250370189407
          9.157955481959297 3.260896558040685 0.0000001
          9.157955481959297 3.260896558040685 0.250370189407
          5.472949803892679 3.3401708933691663 0.0000001
          5.171909381513807 3.4158958115137414 0.0000001
          5.472949803892679 3.3401708933691663 0.25037018940700007
          5.171909381513807 3.4158958115137414 0.250370189407
          5.775280980419616 3.265440218934427 0.0000001
          5.775280980419616 3.265440218934427 0.250370189407
          6.089817419274034 3.201924500252912 0.0000001
          6.089817419274034 3.201924500252912 0.250370189407
          6.416390162900878 3.154588234781363 0.0000001
          6.416390162900878 3.154588234781363 0.25037018940699995
          6.7512461230954255 3.125637715474734 0.0000001
          6.7512461230954255 3.125637715474734 0.2503701894069999
          7.090246139744314 3.1164222952266734 0.0000001
          7.090246139744314 3.1164222952266734 0.250370189407
          7.4290579026732635 3.127371494967227 0.0000001
          7.4290579026732635 3.127371494967227 0.250370189407
          7.763357876013512 3.1579749841494165 0.0000001
          7.763357876013512 3.1579749841494165 0.25037018940699995
          8.08903281360727 3.2068063667129065 0.0000001
          8.08903281360727 3.2068063667129065 0.250370189407
          8.402371473033492 3.271589663886296 0.0000001
          8.402371473033492 3.271589663886296 0.250370189407
          8.700237592667378 3.3493053951353984 0.0000001
          8.700237592667378 3.3493053951353984 0.250370189407
          8.983868480979648 3.434983559020343 0.0000001
          8.983868480979648 3.434983559020343 0.250370189407
          9.059663856409589 4.818909764671889 0.0000001
          9.074822931495572 5.095695005802203 0.0000001
          9.059663856409589 4.818909764671889 0.25037018940699995
          9.074822931495572 5.095695005802203 0.250370189407
          9.044504781323605 4.542124523541579 0.0000001
          9.044504781323605 4.542124523541579 0.25037018940699995
          9.029345706237615 4.2653392824112695 0.0000001
          9.029345706237615 4.2653392824112695 0.250370189407
          9.014186631151631 3.9885540412809597 0.0000001
          9.014186631151631 3.9885540412809597 0.250370189407
          8.999027556065645 3.7117688001506486 0.0000001
          8.999027556065645 3.7117688001506486 0.25037018940699995
          9.309546232819178 4.624626202677115 0.0000001
          9.339864382991141 4.897372131604407 0.0000001
          9.309546232819178 4.624626202677115 0.250370189407
          9.339864382991141 4.897372131604407 0.250370189407
          9.279228082647208 4.351880273749828 0.0000001
          9.279228082647208 4.351880273749828 0.250370189407
          9.248909932475236 4.07913434482254 0.0000001
          9.248909932475236 4.07913434482254 0.250370189407
          9.218591782303262 3.8063884158952526 0.0000001
          9.218591782303262 3.8063884158952526 0.25037018940700007
          9.188273632131285 3.533642486967965 0.0000001
          9.188273632131285 3.533642486967965 0.25037018940700007
          9.559428609228771 4.430342640682338 0.0000001
          9.604905834486713 4.69904925740661 0.0000001
          9.559428609228771 4.430342640682338 0.250370189407
          9.604905834486713 4.69904925740661 0.250370189407
          9.513951383970813 4.161636023958074 0.0000001
          9.513951383970813 4.161636023958074 0.250370189407
          9.468474158712853 3.89292940723381 0.0000001
          9.468474158712853 3.89292940723381 0.250370189407
          9.42299693345489 3.6242227905095454 0.0000001
          9.42299693345489 3.6242227905095454 0.250370189407
          9.377519708196932 3.355516173785282 0.0000001
          9.377519708196932 3.355516173785282 0.250370189407
          9.809310985638358 4.236059078687563 0.0000001
          9.869947285982285 4.500726383208814 0.0000001
          9.809310985638358 4.236059078687563 0.250370189407
          9.869947285982285 4.500726383208814 0.250370189407
          9.748674685294416 3.9713917741663214 0.0000001
          9.748674685294416 3.9713917741663214 0.250370189407
          9.688038384950469 3.70672446964508 0.0000001
          9.688038384950469 3.70672446964508 0.250370189407
          9.627402084606526 3.4420571651238374 0.0000001
          9.627402084606526 3.4420571651238374 0.250370189407
          9.566765784262575 3.1773898606025974 0.0000001
          9.566765784262575 3.1773898606025974 0.250370189407
          10.059193362047957 4.041775516692787 0.0000001
          10.134988737477856 4.302403509011018 0.0000001
          10.059193362047957 4.041775516692787 0.25037018940700007
          10.134988737477856 4.302403509011018 0.250370189407
          9.983397986618021 3.7811475243745685 0.0000001
          9.983397986618021 3.7811475243745685 0.250370189407
          9.907602611188086 3.5205195320563503 0.0000001
          9.907602611188086 3.5205195320563503 0.250370189407
          9.83180723575815 3.259891539738132 0.0000001
          9.83180723575815 3.259891539738132 0.250370189407
          9.75601186032822 2.999263547419914 0.0000001
          9.75601186032822 2.999263547419914 0.25037018940700007
          10.309075738457544 3.847491954698011 0.0000001
          10.400030188973426 4.104080634813222 0.0000001
          10.309075738457544 3.847491954698011 0.250370189407
          10.400030188973426 4.104080634813222 0.250370189407
          10.218121287941624 3.5909032745828156 0.0000001
          10.218121287941624 3.5909032745828156 0.25037018940699995
          10.127166837425705 3.334314594467621 0.0000001
          10.127166837425705 3.334314594467621 0.250370189407
          10.036212386909783 3.077725914352425 0.0000001
          10.036212386909783 3.077725914352425 0.25037018940699995
          9.945257936393865 2.82113723423723 0.0000001
          9.945257936393865 2.82113723423723 0.250370189407
          10.558958114867133 3.6532083927032355 0.0000001
          10.665071640468998 3.9057577606154257 0.0000001
          10.558958114867133 3.6532083927032355 0.250370189407
          10.665071640468998 3.9057577606154257 0.250370189407
          10.452844589265228 3.400659024791063 0.0000001
          10.452844589265228 3.400659024791063 0.250370189407
          10.34673106366332 3.1481096568788907 0.0000001
          10.34673106366332 3.1481096568788907 0.250370189407
          10.240617538061413 2.8955602889667174 0.0000001
          10.240617538061413 2.8955602889667174 0.250370189407
          10.134504012459507 2.6430109210545454 0.0000001
          10.134504012459507 2.6430109210545454 0.250370189407
          10.644447487221 9.908492419828 0.0000001
          10.644447487221 10.03281411939575 0.0000001
          10.416349950975876 10.018049603579083 0.0000001
          10.493206272829255 9.888806398739113 0.0000001
          10.644447487221 9.908492419828 0.250370189407
          10.644447487221 10.03281411939575 0.250370189407
          10.416349950975876 10.018049603579083 0.25037018940700007
          10.493206272829255 9.888806398739113 0.250370189407
          10.644447487221 10.1571358189635 0.0000001
          10.3394936291225 10.147292808419055 0.0000001
          10.644447487221 10.1571358189635 0.250370189407
          10.3394936291225 10.147292808419055 0.250370189407
          10.644447487221 10.28145751853125 0.0000001
          10.262637307269125 10.276536013259026 0.0000001
          10.644447487221 10.28145751853125 0.250370189407
          10.262637307269125 10.276536013259026 0.250370189407
          10.644447487221 10.405779218099 0.0000001
          10.18578098541575 10.405779218099 0.0000001
          10.644447487221 10.405779218099 0.250370189407
          10.18578098541575 10.405779218099 0.250370189407
          10.195811524031184 9.974739973017746 0.0000001
          10.352043870838079 9.831060224657328 0.0000001
          10.195811524031184 9.974739973017746 0.250370189407
          10.352043870838079 9.831060224657328 0.250370189407
          10.039579177224292 10.118419721378162 0.0000001
          10.039579177224292 10.118419721378162 0.250370189407
          9.883346830417395 10.26209946973858 0.0000001
          9.883346830417395 10.26209946973858 0.250370189407
          9.7271144836105 10.405779218099 0.0000001
          9.7271144836105 10.405779218099 0.250370189407
          9.989887571751803 9.905771409519527 0.0000001
          10.230367435067315 9.739102139993038 0.0000001
          9.989887571751803 9.905771409519527 0.250370189407
          10.230367435067315 9.739102139993038 0.250370189407
          9.74940770843628 10.072440679046018 0.0000001
          9.74940770843628 10.072440679046018 0.25037018940700007
          9.508927845120768 10.239109948572509 0.0000001
          9.508927845120768 10.239109948572509 0.250370189407
          9.26844798180525 10.405779218099 0.0000001
          9.26844798180525 10.405779218099 0.250370189407
          9.804659541453365 9.815740022787931 0.0000001
          10.13628556193782 9.619060291017576 0.0000001
          9.804659541453365 9.815740022787931 0.250370189407
          10.13628556193782 9.619060291017576 0.250370189407
          9.47303352096891 10.012419754558287 0.0000001
          9.47303352096891 10.012419754558287 0.250370189407
          9.141407500484455 10.209099486328643 0.0000001
          9.141407500484455 10.209099486328643 0.250370189407
          9.76836065864331 9.641865865998318 0.0000001
          10.087887051524415 9.515919391838024 0.0000001
          9.76836065864331 9.641865865998318 0.250370189407
          10.087887051524415 9.515919391838024 0.250370189407
          9.448834265762208 9.767812340158613 0.0000001
          9.448834265762208 9.767812340158613 0.250370189407
          9.129307872881101 9.893758814318906 0.0000001
          9.129307872881101 9.893758814318906 0.250370189407
          9.747584439049973 9.46246277734967 0.0000001
          10.060185425399963 9.40540658351309 0.0000001
          9.747584439049973 9.46246277734967 0.250370189407
          10.060185425399963 9.40540658351309 0.250370189407
          9.434983452699981 9.519518971186244 0.0000001
          9.434983452699981 9.519518971186244 0.250370189407
          9.122382466349988 9.576575165022822 0.0000001
          9.122382466349988 9.576575165022822 0.250370189407
          9.74310349061546 9.280612997322502 0.0000001
          10.054210827487282 9.291631520016802 0.0000001
          9.74310349061546 9.280612997322502 0.250370189407
          10.054210827487282 9.291631520016802 0.250370189407
          9.43199615374364 9.2695944746282 0.0000001
          9.43199615374364 9.2695944746282 0.250370189407
          9.120888816871823 9.258575951933896 0.0000001
          9.120888816871823 9.258575951933896 0.250370189407
          9.75508444694379 9.099489751823366 0.0000001
          10.070185435925058 9.17882516922456 0.0000001
          9.75508444694379 9.099489751823366 0.250370189407
          10.070185435925058 9.17882516922456 0.250370189407
          9.439983457962528 9.02015433442218 0.0000001
          9.439983457962528 9.02015433442218 0.250370189407
          9.124882468981268 8.94081891702099 0.0000001
          9.124882468981268 8.94081891702099 0.250370189407
          9.783081770675693 8.922239249026168 0.0000001
          10.107515200900924 9.071182475368223 0.0000001
          9.783081770675693 8.922239249026168 0.250370189407
          10.107515200900924 9.071182475368223 0.250370189407
          9.458648340450463 8.77329602268411 0.0000001
          9.458648340450463 8.77329602268411 0.250370189407
          9.13421491022523 8.624352796342055 0.0000001
          9.13421491022523 8.624352796342055 0.250370189407
          9.936185979758674 8.768325410217592 0.0000001
          10.172396132263836 8.962399030277073 0.0000001
          9.936185979758674 8.768325410217592 0.250370189407
          10.172396132263836 8.962399030277073 0.250370189407
          9.699975827253516 8.574251790158112 0.0000001
          9.699975827253516 8.574251790158112 0.250370189407
          9.463765674748354 8.380178170098631 0.0000001
          9.463765674748354 8.380178170098631 0.250370189407
          9.227555522243195 8.18610455003915 0.0000001
          9.227555522243195 8.18610455003915 0.250370189407
          10.10556248072407 8.626658660773545 0.0000001
          10.258973452803291 8.86994503767196 0.0000001
          10.10556248072407 8.626658660773545 0.250370189407
          10.258973452803291 8.86994503767196 0.250370189407
          9.95215150864484 8.383372283875126 0.0000001
          9.95215150864484 8.383372283875126 0.250370189407
          9.798740536565617 8.140085906976713 0.0000001
          9.798740536565617 8.140085906976713 0.250370189407
          9.645329564486392 7.8967995300783 0.0000001
          9.645329564486392 7.8967995300783 0.250370189407
          10.28822682830882 8.500426023329515 0.0000001
          10.363267902168566 8.79806986106687 0.0000001
          10.28822682830882 8.500426023329515 0.250370189407
          10.363267902168566 8.79806986106687 0.250370189407
          10.213185754449077 8.202782185592158 0.0000001
          10.213185754449077 8.202782185592158 0.250370189407
          10.138144680589331 7.905138347854805 0.0000001
          10.138144680589331 7.905138347854805 0.250370189407
          10.063103606729587 7.60749451011745 0.0000001
          10.063103606729587 7.60749451011745 0.250370189407
          10.480583842234426 8.39210513901615 0.0000001
          10.480485906654975 8.750077021969332 0.0000001
          10.480583842234426 8.39210513901615 0.250370189407
          10.480485906654975 8.750077021969332 0.250370189407
          10.480681777813878 8.034133256062963 0.0000001
          10.480681777813878 8.034133256062963 0.250370189407
          10.480779713393334 7.6761613731097835 0.0000001
          10.480779713393334 7.6761613731097835 0.250370189407
          10.480877648972783 7.3181894901566 0.0000001
          10.480877648972783 7.3181894901566 0.250370189407
          10.678592848614777 8.303350390302345 0.0000001
          10.605239901081049 8.72817236367121 0.0000001
          10.678592848614777 8.303350390302345 0.250370189407
          10.605239901081049 8.72817236367121 0.250370189407
          10.751945796148513 7.878528416933478 0.0000001
          10.751945796148513 7.878528416933478 0.250370189407
          10.825298743682247 7.453706443564612 0.0000001
          10.825298743682247 7.453706443564612 0.250370189407
          10.898651691215978 7.02888447019575 0.0000001
          10.898651691215978 7.02888447019575 0.250370189407
          10.87795339710802 8.234916862391579 0.0000001
          10.731795951657634 8.733362666443806 0.0000001
          10.87795339710802 8.234916862391579 0.250370189407
          10.731795951657634 8.733362666443806 0.250370189407
          11.02411084255841 7.736471058339353 0.0000001
          11.02411084255841 7.736471058339353 0.250370189407
          11.170268288008792 7.238025254287127 0.0000001
          11.170268288008792 7.238025254287127 0.250370189407
          11.316425733459175 6.739579450234899 0.0000001
          11.316425733459175 6.739579450234899 0.250370189407
          11.074302917894485 8.186625638052098 0.0000001
          10.854337298625191 8.765409373978114 0.0000001
          11.074302917894485 8.186625638052098 0.250370189407
          10.854337298625191 8.765409373978114 0.250370189407
          11.29426853716378 7.607841902126082 0.0000001
          11.29426853716378 7.607841902126082 0.250370189407
          11.514234156433076 7.029058166200066 0.0000001
          11.514234156433076 7.029058166200066 0.250370189407
          11.73419977570237 6.45027443027405 0.0000001
          11.73419977570237 6.45027443027405 0.250370189407
          11.218055720614919 8.346768839270101 0.0000001
          10.985693066693846 8.835385277441858 0.0000001
          11.218055720614919 8.346768839270101 0.250370189407
          10.985693066693846 8.835385277441858 0.250370189407
          11.450418374535996 7.858152401098344 0.0000001
          11.450418374535996 7.858152401098344 0.250370189407
          11.682781028457075 7.36953596292659 0.0000001
          11.682781028457075 7.36953596292659 0.250370189407
          11.915143682378147 6.880919524754831 0.0000001
          11.915143682378147 6.880919524754831 0.250370189407
          11.34556712289986 8.529866656285044 0.0000001
          11.095393634181844 8.93596733530152 0.0000001
          11.34556712289986 8.529866656285044 0.250370189407
          11.095393634181844 8.93596733530152 0.250370189407
          11.595740611617877 8.12376597726857 0.0000001
          11.595740611617877 8.12376597726857 0.250370189407
          11.845914100335898 7.717665298252095 0.0000001
          11.845914100335898 7.717665298252095 0.25037018940700007
          12.096087589053909 7.31156461923562 0.0000001
          12.096087589053909 7.31156461923562 0.250370189407
          11.451615985043045 8.731131939968583 0.0000001
          11.176477481480836 9.060772682052638 0.0000001
          11.451615985043045 8.731131939968583 0.250370189407
          11.176477481480836 9.060772682052638 0.250370189407
          11.726754488605252 8.401491197884521 0.0000001
          11.726754488605252 8.401491197884521 0.250370189407
          12.001892992167463 8.071850455800467 0.0000001
          12.001892992167463 8.071850455800467 0.25037018940700007
          12.27703149572967 7.742209713716408 0.0000001
          12.27703149572967 7.742209713716408 0.250370189407
          11.525338470426327 8.947087784800832 0.0000001
          11.223799085592914 9.201881259590412 0.0000001
          11.525338470426327 8.947087784800832 0.250370189407
          11.223799085592914 9.201881259590412 0.250370189407
          11.826877855259749 8.692294310011249 0.0000001
          11.826877855259749 8.692294310011249 0.250370189407
          12.128417240093167 8.437500835221671 0.0000001
          12.128417240093167 8.437500835221671 0.250370189407
          12.42995662492658 8.18270736043209 0.0000001
          12.42995662492658 8.18270736043209 0.250370189407
          11.543691092171395 9.174428475747618 0.0000001
          11.234355451342497 9.350338418436444 0.0000001
          11.543691092171395 9.174428475747618 0.250370189407
          11.234355451342497 9.350338418436444 0.250370189407
          11.853026733000302 8.998518533058785 0.0000001
          11.853026733000302 8.998518533058785 0.250370189407
          12.162362373829207 8.822608590369956 0.0000001
          12.162362373829207 8.822608590369956 0.250370189407
          12.47169801465811 8.646698647681129 0.0000001
          12.47169801465811 8.646698647681129 0.250370189407
          11.504316689127744 9.399087240295719 0.0000001
          11.207476679303879 9.496723173394665 0.0000001
          11.504316689127744 9.399087240295719 0.250370189407
          11.207476679303879 9.496723173394665 0.250370189407
          11.801156698951623 9.301451307196773 0.0000001
          11.801156698951623 9.301451307196773 0.250370189407
          12.097996708775488 9.203815374097823 0.0000001
          12.097996708775488 9.203815374097823 0.250370189407
          12.394836718599354 9.106179440998877 0.0000001
          12.394836718599354 9.106179440998877 0.250370189407
          11.40974176512571 9.606641010561734 0.0000001
          11.144868477140015 9.631746052538503 0.0000001
          11.40974176512571 9.606641010561734 0.250370189407
          11.144868477140015 9.631746052538503 0.250370189407
          11.674615053111417 9.58153596858497 0.0000001
          11.674615053111417 9.58153596858497 0.250370189407
          11.939488341097118 9.5564309266082 0.0000001
          11.939488341097118 9.5564309266082 0.250370189407
          12.204361629082817 9.531325884631432 0.0000001
          12.204361629082817 9.531325884631432 0.250370189407
          11.266036950457488 9.78376462223506 0.0000001
          11.050503916613325 9.746838600460109 0.0000001
          11.266036950457488 9.78376462223506 0.250370189407
          11.050503916613325 9.746838600460109 0.250370189407
          11.48156998430165 9.820690644010012 0.0000001
          11.48156998430165 9.820690644010012 0.250370189407
          11.697103018145814 9.857616665784965 0.0000001
          11.697103018145814 9.857616665784965 0.250370189407
          11.912636051989978 9.894542687559916 0.0000001
          11.912636051989978 9.894542687559916 0.250370189407
          11.082427287123004 9.919086412551923 0.0000001
          10.930371305291242 9.834697126326528 0.0000001
          11.082427287123004 9.919086412551923 0.250370189407
          10.930371305291242 9.834697126326528 0.250370189407
          11.234483268954769 10.003475698777322 0.0000001
          11.234483268954769 10.003475698777322 0.250370189407
          11.386539250786534 10.08786498500272 0.0000001
          11.386539250786534 10.08786498500272 0.250370189407
          11.538595232618297 10.17225427122812 0.0000001
          11.538595232618297 10.17225427122812 0.250370189407
          10.870699957588974 10.003918394873608 0.0000001
          10.79209417282792 9.889746190879915 0.0000001
          10.870699957588974 10.003918394873608 0.250370189407
          10.79209417282792 9.889746190879915 0.250370189407
          10.949305742350024 10.1180905988673 0.0000001
          10.949305742350024 10.1180905988673 0.250370189407
          11.027911527111078 10.232262802860996 0.0000001
          11.027911527111078 10.232262802860996 0.250370189407
          11.10651731187213 10.346435006854685 0.0000001
          11.10651731187213 10.346435006854685 0.250370189407
          9.807012168084464 6.300011315210297 0.0000001
          9.557704496063348 6.843860878907723 0.0000001
          9.455561434488441 6.648624306987566 0.0000001
          9.670821419317917 6.216439868761199 0.0000001
          9.807012168084464 6.300011315210297 0.250370189407
          9.557704496063348 6.843860878907723 0.250370189407
          9.455561434488441 6.648624306987566 0.250370189407
          9.670821419317917 6.216439868761199 0.250370189407
          9.308396824042232 7.387710442605148 0.0000001
          9.24030144965896 7.0808087452139326 0.0000001
          9.308396824042232 7.387710442605148 0.250370189407
          9.24030144965896 7.0808087452139326 0.250370189407
          9.059089152021116 7.931560006302574 0.0000001
          9.02504146482948 7.512993183440302 0.0000001
          9.059089152021116 7.931560006302574 0.250370189407
          9.02504146482948 7.512993183440302 0.250370189407
          9.371339801411512 6.430810665857722 0.0000001
          9.558525908548683 6.10276566336585 0.0000001
          9.371339801411512 6.430810665857722 0.25037018940699995
          9.558525908548683 6.10276566336585 0.250370189407
          9.184153694274341 6.758855668349591 0.0000001
          9.184153694274341 6.758855668349591 0.250370189407
          8.99696758713717 7.086900670841462 0.0000001
          8.99696758713717 7.086900670841462 0.250370189407
          9.309912234338753 6.195352416245254 0.0000001
          9.476622485785006 5.965565313327005 0.0000001
          9.309912234338753 6.195352416245254 0.250370189407
          9.476622485785006 5.965565313327005 0.250370189407
          9.143201982892503 6.425139519163504 0.0000001
          9.143201982892503 6.425139519163504 0.250370189407
          8.97649173144625 6.654926622081751 0.0000001
          8.97649173144625 6.654926622081751 0.250370189407
          9.274832621461323 5.948202846637669 0.0000001
          9.429849668615102 5.812776536628003 0.0000001
          9.274832621461323 5.948202846637669 0.250370189407
          9.429849668615102 5.812776536628003 0.250370189407
          9.119815574307552 6.083629156647336 0.0000001
          9.119815574307552 6.083629156647336 0.250370189407
          8.964798527153775 6.219055466657002 0.0000001
          8.964798527153775 6.219055466657002 0.250370189407
          9.268130491668234 5.695991646136234 0.0000001
          9.420913495557643 5.653238918737202 0.0000001
          9.268130491668234 5.695991646136234 0.250370189407
          9.420913495557643 5.653238918737202 0.250370189407
          9.11534748777882 5.738744373535267 0.0000001
          9.11534748777882 5.738744373535267 0.250370189407
          8.962564483889413 5.781497100934301 0.0000001
          8.962564483889413 5.781497100934301 0.250370189407
          9.29019359627475 5.445641344192558 0.0000001
          9.450330968366336 5.496182498923411 0.0000001
          9.29019359627475 5.445641344192558 0.250370189407
          9.450330968366336 5.496182498923411 0.250370189407
          9.130056224183168 5.395100189461705 0.0000001
          9.130056224183168 5.395100189461705 0.250370189407
          8.969918852091585 5.344559034730852 0.0000001
          8.969918852091585 5.344559034730852 0.250370189407
          9.402030273483295 5.293590501626417 0.0000001
          9.5110993874792 5.359555666901154 0.0000001
          9.402030273483295 5.293590501626417 0.250370189407
          9.5110993874792 5.359555666901154 0.250370189407
          9.292961159487385 5.227625336351678 0.0000001
          9.292961159487385 5.227625336351678 0.250370189407
          9.18389204549148 5.161660171076942 0.0000001
          9.18389204549148 5.161660171076942 0.250370189407
          9.535631005449947 5.154329230922236 0.0000001
          9.600886546269551 5.239981597361512 0.0000001
          9.535631005449947 5.154329230922236 0.250370189407
          9.600886546269551 5.239981597361512 0.250370189407
          9.470375464630347 5.06867686448296 0.0000001
          9.470375464630347 5.06867686448296 0.250370189407
          9.405119923810744 4.983024498043683 0.0000001
          9.405119923810744 4.983024498043683 0.250370189407
          9.687583901523851 5.032401318245494 0.0000001
          9.715143257202895 5.143518671858454 0.0000001
          9.687583901523851 5.032401318245494 0.250370189407
          9.715143257202895 5.143518671858454 0.250370189407
          9.660024545844804 4.921283964632532 0.0000001
          9.660024545844804 4.921283964632532 0.250370189407
          9.632465190165757 4.8101666110195715 0.0000001
          9.632465190165757 4.8101666110195715 0.250370189407
          9.85354723390021 4.931472331792278 0.0000001
          9.848080549872854 5.075054314653435 0.0000001
          9.85354723390021 4.931472331792278 0.250370189407
          9.848080549872854 5.075054314653435 0.250370189407
          9.859013917927568 4.787890348931125 0.0000001
          9.859013917927568 4.787890348931125 0.250370189407
          9.864480601954927 4.6443083660699696 0.0000001
          9.864480601954927 4.6443083660699696 0.250370189407
          10.02846941711711 4.854143900831334 0.0000001
          9.992962976996862 5.03805736477144 0.0000001
          10.02846941711711 4.854143900831334 0.250370189407
          9.992962976996862 5.03805736477144 0.250370189407
          10.063975857237358 4.670230436891228 0.0000001
          10.063975857237358 4.670230436891228 0.250370189407
          10.099482297357607 4.4863169729511245 0.0000001
          10.099482297357607 4.4863169729511245 0.250370189407
          10.206844953448144 4.801821900647204 0.0000001
          10.142449874939713 5.034402322591863 0.0000001
          10.206844953448144 4.801821900647204 0.250370189407
          10.142449874939713 5.034402322591863 0.250370189407
          10.27124003195657 4.569241478702543 0.0000001
          10.27124003195657 4.569241478702543 0.250370189407
          10.335635110464997 4.336661056757881 0.0000001
          10.335635110464997 4.336661056757881 0.250370189407
          10.382993376372358 4.7746452219722375 0.0000001
          10.288967288340144 5.064274375757841 0.0000001
          10.382993376372358 4.7746452219722375 0.250370189407
          10.288967288340144 5.064274375757841 0.250370189407
          10.47701946440457 4.485016068186633 0.0000001
          10.47701946440457 4.485016068186633 0.250370189407
          10.571045552436784 4.19538691440103 0.0000001
          10.571045552436784 4.19538691440103 0.250370189407
          10.529745269315962 4.915879264464936 0.0000001
          10.433725615349065 5.131418971954844 0.0000001
          10.529745269315962 4.915879264464936 0.250370189407
          10.433725615349065 5.131418971954844 0.250370189407
          10.625764923282862 4.700339556975027 0.0000001
          10.625764923282862 4.700339556975027 0.250370189407
          10.72178457724976 4.484799849485121 0.0000001
          10.72178457724976 4.484799849485121 0.250370189407
          10.81780423121666 4.269260141995213 0.0000001
          10.81780423121666 4.269260141995213 0.250370189407
          10.661356130750711 5.081550634754714 0.0000001
          10.558295900346184 5.2311466718812785 0.0000001
          10.661356130750711 5.081550634754714 0.250370189407
          10.558295900346184 5.2311466718812785 0.250370189407
          10.76441636115523 4.931954597628147 0.0000001
          10.76441636115523 4.931954597628147 0.250370189407
          10.867476591559758 4.782358560501583 0.0000001
          10.867476591559758 4.782358560501583 0.250370189407
          10.970536821964282 4.632762523375018 0.0000001
          10.970536821964282 4.632762523375018 0.250370189407
          10.772435257772045 5.267343677613911 0.0000001
          10.655490539458757 5.357703268566939 0.0000001
          10.772435257772045 5.267343677613911 0.250370189407
          10.655490539458757 5.357703268566939 0.250370189407
          10.88937997608533 5.176984086660882 0.0000001
          10.88937997608533 5.176984086660882 0.250370189407
          11.006324694398613 5.086624495707852 0.0000001
          11.006324694398613 5.086624495707852 0.250370189407
          11.123269412711903 4.996264904754823 0.0000001
          11.123269412711903 4.996264904754823 0.250370189407
          10.858776611809988 5.467781733714341 0.0000001
          10.71970148126014 5.503786549574246 0.0000001
          10.858776611809988 5.467781733714341 0.250370189407
          10.71970148126014 5.503786549574246 0.250370189407
          10.997851742359831 5.431776917854437 0.0000001
          10.997851742359831 5.431776917854437 0.250370189407
          11.136926872909678 5.395772101994533 0.0000001
          11.136926872909678 5.395772101994533 0.250370189407
          11.276002003459523 5.359767286134628 0.0000001
          11.276002003459523 5.359767286134628 0.250370189407
          10.917601503625114 5.676543138404989 0.0000001
          10.74722380676444 5.660967628701842 0.0000001
          10.917601503625114 5.676543138404989 0.250370189407
          10.74722380676444 5.660967628701842 0.250370189407
          11.08797920048579 5.692118648108137 0.0000001
          11.08797920048579 5.692118648108137 0.250370189407
          11.258356897346466 5.707694157811285 0.0000001
          11.258356897346466 5.707694157811285 0.250370189407
          11.428734594207144 5.723269667514433 0.0000001
          11.428734594207144 5.723269667514433 0.250370189407
          10.947718921412015 5.886825976607817 0.0000001
          10.736469500231102 5.820177285845675 0.0000001
          10.947718921412015 5.886825976607817 0.250370189407
          10.736469500231102 5.820177285845675 0.250370189407
          11.158968342592933 5.953474667369958 0.0000001
          11.158968342592933 5.953474667369958 0.250370189407
          11.370217763773852 6.020123358132095 0.0000001
          11.370217763773852 6.020123358132095 0.250370189407
          11.581467184954764 6.086772048894238 0.0000001
          11.581467184954764 6.086772048894238 0.250370189407
          10.949594251209327 6.091740547771714 0.0000001
          10.688059076378313 5.972229253604269 0.0000001
          10.949594251209327 6.091740547771714 0.250370189407
          10.688059076378313 5.972229253604269 0.250370189407
          11.21112942604034 6.211251841939159 0.0000001
          11.21112942604034 6.211251841939159 0.250370189407
          11.472664600871356 6.330763136106604 0.0000001
          11.472664600871356 6.330763136106604 0.250370189407
          10.787657900577626 6.25978113757728 0.0000001
          10.611401956283784 6.099848366691405 0.0000001
          10.787657900577626 6.25978113757728 0.250370189407
          10.611401956283784 6.099848366691405 0.250370189407
          10.96391384487148 6.4197139084631525 0.0000001
          10.96391384487148 6.4197139084631525 0.250370189407
          11.140169789165327 6.579646679349025 0.0000001
          11.140169789165327 6.579646679349025 0.250370189407
          10.605850761561564 6.4126153396335965 0.0000001
          10.508250451676762 6.207192296112878 0.0000001
          10.605850761561564 6.4126153396335965 0.250370189407
          10.508250451676762 6.207192296112878 0.250370189407
          10.703451071446368 6.618038383154314 0.0000001
          10.703451071446368 6.618038383154314 0.250370189407
          10.801051381331176 6.823461426675033 0.0000001
          10.801051381331176 6.823461426675033 0.250370189407
          10.408058077573552 6.546200001140944 0.0000001
          10.383784887107142 6.288870171469059 0.0000001
          10.408058077573552 6.546200001140944 0.250370189407
          10.383784887107142 6.288870171469059 0.250370189407
          10.432331268039963 6.803529830812831 0.0000001
          10.432331268039963 6.803529830812831 0.250370189407
          10.456604458506375 7.060859660484715 0.0000001
          10.456604458506375 7.060859660484715 0.250370189407
          10.198967894771119 6.657458691674221 0.0000001
          10.244255990784964 6.340780085526481 0.0000001
          10.198967894771119 6.657458691674221 0.250370189407
          10.244255990784964 6.340780085526481 0.250370189407
          10.153679798757274 6.974137297821965 0.0000001
          10.153679798757274 6.974137297821965 0.250370189407
          10.10839170274343 7.290815903969707 0.0000001
          10.10839170274343 7.290815903969707 0.250370189407
          9.983835625834313 6.744436203188735 0.0000001
          10.096670979616952 6.360315094225545 0.0000001
          9.983835625834313 6.744436203188735 0.250370189407
          10.096670979616952 6.360315094225545 0.250370189407
          9.87100027205167 7.128557312151921 0.0000001
          9.87100027205167 7.128557312151921 0.250370189407
          9.758164918269031 7.512678421115112 0.0000001
          9.758164918269031 7.512678421115112 0.250370189407
          9.768220120288385 6.806396741629426 0.0000001
          9.948441652970113 6.346494138826185 0.0000001
          9.768220120288385 6.806396741629426 0.250370189407
          9.948441652970113 6.346494138826185 0.250370189407
          9.58799858760665 7.266299344432667 0.0000001
          9.58799858760665 7.266299344432667 0.250370189407
          9.407777054924923 7.726201947235909 0.0000001
          9.407777054924923 7.726201947235909 0.250370189407
          1.807300674969218 5.294017880000455 0.0000001
          2.1748940442404616 4.787822786766415 0.0000001
          2.630635485063253 4.820018578180735 0.0000001
          2.3155554542593295 5.29401788000039 0.0000001
          1.807300674969218 5.294017880000455 0.250370189407
          2.1748940442404616 4.787822786766415 0.250370189407
          2.630635485063253 4.820018578180735 0.25037018940699995
          2.3155554542593295 5.29401788000039 0.250370189407
          2.5424874135116977 4.2816276935323705 0.0000001
          2.9457155158671684 4.346019276361079 0.0000001
          2.5424874135116977 4.2816276935323705 0.250370189407
          2.9457155158671684 4.346019276361079 0.25037018940699995
          2.9100807827829334 3.775432600298326 0.0000001
          3.260795546671087 3.872019974541423 0.0000001
          2.9100807827829334 3.775432600298326 0.250370189407
          3.260795546671087 3.872019974541423 0.250370189407
          3.277674152054169 3.2692375070642807 0.0000001
          3.575875577475001 3.398020672721764 0.0000001
          3.277674152054169 3.2692375070642807 0.250370189407
          3.575875577475001 3.398020672721764 0.250370189407
          3.6452675213254047 2.7630424138302363 0.0000001
          3.890955608278919 2.9240213709021075 0.0000001
          3.6452675213254047 2.7630424138302363 0.250370189407
          3.890955608278919 2.9240213709021075 0.25037018940699995
          3.086376925886044 4.852214369595059 0.0000001
          2.8238102335494415 5.294017880000324 0.0000001
          3.086376925886044 4.852214369595059 0.250370189407
          2.8238102335494415 5.294017880000324 0.250370189407
          3.348943618222641 4.4104108591897875 0.0000001
          3.348943618222641 4.4104108591897875 0.250370189407
          3.611510310559238 3.9686073487845186 0.0000001
          3.611510310559238 3.9686073487845186 0.250370189407
          3.874077002895835 3.5268038383792475 0.0000001
          3.874077002895835 3.5268038383792475 0.25037018940700007
          4.136643695232433 3.0850003279739777 0.0000001
          4.136643695232433 3.0850003279739777 0.25037018940700007
          3.542118366708835 4.884410161009379 0.0000001
          3.3320650128395535 5.2940178800002595 0.0000001
          3.542118366708835 4.884410161009379 0.250370189407
          3.3320650128395535 5.2940178800002595 0.250370189407
          3.7521717205781133 4.474802442018496 0.0000001
          3.7521717205781133 4.474802442018496 0.250370189407
          3.9622250744473906 4.065194723027615 0.0000001
          3.9622250744473906 4.065194723027615 0.250370189407
          4.172278428316668 3.6555870040367306 0.0000001
          4.172278428316668 3.6555870040367306 0.250370189407
          4.382331782185944 3.2459792850458493 0.0000001
          4.382331782185944 3.2459792850458493 0.250370189407
          3.997859807531627 4.916605952423701 0.0000001
          3.840319792129665 5.294017880000195 0.0000001
          3.997859807531627 4.916605952423701 0.250370189407
          3.840319792129665 5.294017880000195 0.250370189407
          4.1553998229335845 4.539194024847205 0.0000001
          4.1553998229335845 4.539194024847205 0.250370189407
          4.312939838335544 4.161782097270711 0.0000001
          4.312939838335544 4.161782097270711 0.250370189407
          4.470479853737501 3.784370169694216 0.0000001
          4.470479853737501 3.784370169694216 0.250370189407
          4.62801986913946 3.406958242117721 0.0000001
          4.62801986913946 3.406958242117721 0.250370189407
          4.453601248354418 4.948801743838024 0.0000001
          4.3485745714197765 5.29401788000013 0.0000001
          4.453601248354418 4.948801743838024 0.25037018940700007
          4.3485745714197765 5.29401788000013 0.250370189407
          4.558627925289057 4.603585607675915 0.0000001
          4.558627925289057 4.603585607675915 0.250370189407
          4.663654602223696 4.258369471513808 0.0000001
          4.663654602223696 4.258369471513808 0.250370189407
          4.768681279158335 3.9131533353517 0.0000001
          4.768681279158335 3.9131533353517 0.250370189407
          4.873707956092974 3.5679371991895907 0.0000001
          4.873707956092974 3.5679371991895907 0.25037018940700007
          4.90934268917721 4.980997535252344 0.0000001
          4.856829350709889 5.294017880000064 0.0000001
          4.90934268917721 4.980997535252344 0.250370189407
          4.856829350709889 5.294017880000064 0.250370189407
          4.961856027644529 4.667977190504624 0.0000001
          4.961856027644529 4.667977190504624 0.25037018940699995
          5.014369366111849 4.354956845756903 0.0000001
          5.014369366111849 4.354956845756903 0.250370189407
          5.066882704579167 4.0419365010091814 0.0000001
          5.066882704579167 4.0419365010091814 0.25037018940699995
          5.119396043046488 3.7289161562614628 0.0000001
          5.119396043046488 3.7289161562614628 0.250370189407
          4.518997429358964 7.866837294009387 0.0000001
          4.688214769487171 7.9885517492075095 0.0000001
          4.484259801482072 8.210060174453794 0.0000001
          4.360572200852591 8.047204343162296 0.0000001
          4.518997429358964 7.866837294009387 0.250370189407
          4.688214769487171 7.9885517492075095 0.250370189407
          4.484259801482072 8.210060174453794 0.25037018940699995
          4.360572200852591 8.047204343162296 0.250370189407
          4.857432109615378 8.110266204405633 0.0000001
          4.607947402111554 8.372916005745296 0.0000001
          4.857432109615378 8.110266204405633 0.250370189407
          4.607947402111554 8.372916005745296 0.250370189407
          5.026649449743586 8.231980659603755 0.0000001
          4.731635002741037 8.535771837036798 0.0000001
          5.026649449743586 8.231980659603755 0.250370189407
          4.731635002741037 8.535771837036798 0.250370189407
          5.195866789871793 8.353695114801877 0.0000001
          4.855322603370517 8.698627668328298 0.0000001
          5.195866789871793 8.353695114801877 0.250370189407
          4.855322603370517 8.698627668328298 0.250370189407
          4.254823491872625 8.40437464352342 0.0000001
          4.170295295340781 8.193578947094379 0.0000001
          4.254823491872625 8.40437464352342 0.250370189407
          4.170295295340781 8.193578947094379 0.250370189407
          4.339351688404469 8.615170339952467 0.0000001
          4.339351688404469 8.615170339952467 0.250370189407
          4.423879884936312 8.825966036381512 0.0000001
          4.423879884936312 8.825966036381512 0.250370189407
          4.508408081468156 9.036761732810552 0.0000001
          4.508408081468156 9.036761732810552 0.250370189407
          4.005637549153644 8.567085916322188 0.0000001
          3.955331348442055 8.300449555687885 0.0000001
          4.005637549153644 8.567085916322188 0.250370189407
          3.955331348442055 8.300449555687885 0.250370189407
          4.055943749865234 8.83372227695649 0.0000001
          4.055943749865234 8.83372227695649 0.250370189407
          4.106249950576823 9.100358637590794 0.0000001
          4.106249950576823 9.100358637590794 0.250370189407
          4.156556151288411 9.366994998225097 0.0000001
          4.156556151288411 9.366994998225097 0.250370189407
          3.7431773292134607 8.694974731040707 0.0000001
          3.723774555016825 8.363792091681086 0.0000001
          3.7431773292134607 8.694974731040707 0.250370189407
          3.723774555016825 8.363792091681086 0.250370189407
          3.7625801034100954 9.02615737040033 0.0000001
          3.7625801034100954 9.02615737040033 0.250370189407
          3.7819828776067306 9.357340009759955 0.0000001
          3.7819828776067306 9.357340009759955 0.250370189407
          3.8013856518033653 9.688522649119573 0.0000001
          3.8013856518033653 9.688522649119573 0.250370189407
          3.4744180140182634 8.786133021376042 0.0000001
          3.484343892522829 8.381221472195302 0.0000001
          3.4744180140182634 8.786133021376042 0.250370189407
          3.484343892522829 8.381221472195302 0.250370189407
          3.464492135513698 9.19104457055678 0.0000001
          3.464492135513698 9.19104457055678 0.250370189407
          3.454566257009132 9.59595611973752 0.0000001
          3.454566257009132 9.59595611973752 0.250370189407
          3.4446403785045665 10.000867668918259 0.0000001
          3.4446403785045665 10.000867668918259 0.250370189407
          4.389461237201505 6.269640776741494 0.0000001
          4.584585815761204 6.074516197393195 0.0000001
          4.72821202913924 6.362602671302881 0.0000001
          4.56899400392405 6.497190882045267 0.0000001
          4.389461237201505 6.269640776741494 0.250370189407
          4.584585815761204 6.074516197393195 0.250370189407
          4.72821202913924 6.362602671302881 0.250370189407
          4.56899400392405 6.497190882045267 0.250370189407
          4.779710394320904 5.879391618044896 0.0000001
          4.887430054354431 6.228014460560494 0.0000001
          4.779710394320904 5.879391618044896 0.250370189407
          4.887430054354431 6.228014460560494 0.250370189407
          4.974834972880602 5.684267038696597 0.0000001
          5.04664807956962 6.093426249818106 0.0000001
          4.974834972880602 5.684267038696597 0.250370189407
          5.04664807956962 6.093426249818106 0.250370189407
          5.169959551440302 5.489142459348298 0.0000001
          5.2058661047848105 5.958838039075719 0.0000001
          5.169959551440302 5.489142459348298 0.250370189407
          5.2058661047848105 5.958838039075719 0.250370189407
          4.825540793312688 6.679110917620549 0.0000001
          4.6906549591408595 6.760268202859021 0.0000001
          4.825540793312688 6.679110917620549 0.25037018940699995
          4.6906549591408595 6.760268202859021 0.250370189407
          4.960426627484514 6.597953632382079 0.0000001
          4.960426627484514 6.597953632382079 0.250370189407
          5.095312461656343 6.5167963471436074 0.0000001
          5.095312461656343 6.5167963471436074 0.25037018940699995
          5.230198295828172 6.435639061905137 0.0000001
          5.230198295828172 6.435639061905137 0.25037018940699995
          4.871229776133312 7.0124887795679705 0.0000001
          4.74776618766664 7.044432543209962 0.0000001
          4.871229776133312 7.0124887795679705 0.250370189407
          4.74776618766664 7.044432543209962 0.250370189407
          4.994693364599984 6.980545015925976 0.0000001
          4.994693364599984 6.980545015925976 0.250370189407
          5.118156953066656 6.948601252283985 0.0000001
          5.118156953066656 6.948601252283985 0.250370189407
          5.241620541533329 6.916657488641991 0.0000001
          5.241620541533329 6.916657488641991 0.250370189407
          4.86277112985625 7.350258134742319 0.0000001
          4.737192879820314 7.334086250094565 0.0000001
          4.86277112985625 7.350258134742319 0.25037018940699995
          4.737192879820314 7.334086250094565 0.250370189407
          4.9883493798921865 7.366430019390073 0.0000001
          4.9883493798921865 7.366430019390073 0.250370189407
          5.113927629928126 7.382601904037825 0.0000001
          5.113927629928126 7.382601904037825 0.250370189407
          5.239505879964064 7.3987737886855784 0.0000001
          5.239505879964064 7.3987737886855784 0.250370189407
          4.800629145776277 7.6796998136500925 0.0000001
          4.659515399720347 7.613330361645949 0.0000001
          4.800629145776277 7.6796998136500925 0.250370189407
          4.659515399720347 7.613330361645949 0.250370189407
          4.941742891832208 7.746069265654238 0.0000001
          4.941742891832208 7.746069265654238 0.250370189407
          5.082856637888138 7.812438717658379 0.0000001
          5.082856637888138 7.812438717658379 0.250370189407
          5.223970383944071 7.878808169662522 0.0000001
          5.223970383944071 7.878808169662522 0.250370189407
          2.675716944535658 6.2351992925111634 0.0000001
          2.50203369062237 6.046963010009022 0.0000001
          2.777451247896998 5.918695533733178 0.0000001
          2.892925196306415 6.074864947166375 0.0000001
          2.675716944535658 6.2351992925111634 0.250370189407
          2.50203369062237 6.046963010009022 0.250370189407
          2.777451247896998 5.918695533733178 0.25037018940699995
          2.892925196306415 6.074864947166375 0.250370189407
          2.328350436709082 5.85872672750688 0.0000001
          2.6619772994875808 5.76252612029998 0.0000001
          2.328350436709082 5.85872672750688 0.250370189407
          2.6619772994875808 5.76252612029998 0.25037018940699995
          2.154667182795794 5.670490445004738 0.0000001
          2.546503351078163 5.606356706866785 0.0000001
          2.154667182795794 5.670490445004738 0.250370189407
          2.546503351078163 5.606356706866785 0.25037018940699995
          1.9809839288825062 5.4822541625025965 0.0000001
          2.431029402668747 5.450187293433586 0.0000001
          1.9809839288825062 5.4822541625025965 0.250370189407
          2.431029402668747 5.450187293433586 0.25037018940699995
          3.0765550923199476 5.8311756272237645 0.0000001
          3.139741307012575 5.965465064029624 0.0000001
          3.0765550923199476 5.8311756272237645 0.25037018940699995
          3.139741307012575 5.965465064029624 0.250370189407
          3.0133688776273218 5.696886190417905 0.0000001
          3.0133688776273218 5.696886190417905 0.250370189407
          2.9501826629346954 5.562596753612044 0.0000001
          2.9501826629346954 5.562596753612044 0.250370189407
          2.8869964482420682 5.428307316806184 0.0000001
          2.8869964482420682 5.428307316806184 0.25037018940699995
          3.3899422780246646 5.788571094502973 0.0000001
          3.4044115943209423 5.912209398128651 0.0000001
          3.3899422780246646 5.788571094502973 0.250370189407
          3.4044115943209423 5.912209398128651 0.250370189407
          3.375472961728387 5.6649327908772955 0.0000001
          3.375472961728387 5.6649327908772955 0.25037018940700007
          3.361003645432109 5.5412944872516166 0.0000001
          3.361003645432109 5.5412944872516166 0.25037018940700007
          3.346534329135831 5.41765618362594 0.0000001
          3.346534329135831 5.41765618362594 0.250370189407
          3.70752966912133 5.7929108150557 0.0000001
          3.6743321383692455 5.917634048819576 0.0000001
          3.70752966912133 5.7929108150557 0.25037018940699995
          3.6743321383692455 5.917634048819576 0.250370189407
          3.7407271998734144 5.668187581291823 0.0000001
          3.7407271998734144 5.668187581291823 0.250370189407
          3.773924730625497 5.543464347527946 0.0000001
          3.773924730625497 5.543464347527946 0.250370189407
          3.807122261377581 5.41874111376407 0.0000001
          3.807122261377581 5.41874111376407 0.250370189407
          4.0190341108487075 5.8439881261294815 0.0000001
          3.9366489957059403 5.98148068766182 0.0000001
          4.0190341108487075 5.8439881261294815 0.25037018940699995
          3.9366489957059403 5.98148068766182 0.250370189407
          4.101419225991474 5.7064955645971445 0.0000001
          4.101419225991474 5.7064955645971445 0.250370189407
          4.183804341134242 5.569003003064806 0.0000001
          4.183804341134242 5.569003003064806 0.250370189407
          4.266189456277008 5.431510441532468 0.0000001
          4.266189456277008 5.431510441532468 0.25037018940699995
          4.314462125867065 5.939370664265234 0.0000001
          4.17887031965636 6.100708860331524 0.0000001
          4.314462125867065 5.939370664265234 0.250370189407
          4.17887031965636 6.100708860331524 0.250370189407
          4.450053932077772 5.77803246819894 0.0000001
          4.450053932077772 5.77803246819894 0.250370189407
          4.585645738288477 5.616694272132646 0.0000001
          4.585645738288477 5.616694272132646 0.250370189407
          4.721237544499184 5.455356076066358 0.0000001
          4.721237544499184 5.455356076066358 0.250370189407
          2.5026039238513684 7.855977811018245 0.0000001
          2.0657947743351395 8.163080949577095 0.0000001
          1.9339050135244062 7.900968061995464 0.0000001
          2.3916748672068593 7.663523322892063 0.0000001
          2.5026039238513684 7.855977811018245 0.250370189407
          2.0657947743351395 8.163080949577095 0.250370189407
          1.9339050135244062 7.900968061995464 0.25037018940699995
          2.3916748672068593 7.663523322892063 0.250370189407
          1.6289856248189105 8.470184088135946 0.0000001
          1.4761351598419559 8.138412801098868 0.0000001
          1.6289856248189105 8.470184088135946 0.250370189407
          1.4761351598419559 8.138412801098868 0.250370189407
          1.1921764753026816 8.777287226694797 0.0000001
          1.0183653061595037 8.375857540202272 0.0000001
          1.1921764753026816 8.777287226694797 0.250370189407
          1.0183653061595037 8.375857540202272 0.250370189407
          0.7553673257864526 9.084390365253649 0.0000001
          0.5605954524770517 8.613302279305675 0.0000001
          0.7553673257864526 9.084390365253649 0.250370189407
          0.5605954524770517 8.613302279305675 0.250370189407
          0.31855817627022365 9.3914935038125 0.0000001
          0.10282559879459985 8.850747018409077 0.0000001
          0.31855817627022365 9.3914935038125 0.250370189407
          0.10282559879459985 8.850747018409077 0.250370189407
          1.8634729288184415 7.617666442121672 0.0000001
          2.316950279684513 7.454333883322168 0.0000001
          1.8634729288184415 7.617666442121672 0.250370189407
          2.316950279684513 7.454333883322168 0.250370189407
          1.4099955779523705 7.78099900092118 0.0000001
          1.4099955779523705 7.78099900092118 0.250370189407
          0.9565182270862991 7.944331559720686 0.0000001
          0.9565182270862991 7.944331559720686 0.250370189407
          0.5030408762202276 8.10766411852019 0.0000001
          0.5030408762202276 8.10766411852019 0.250370189407
          0.0495635253541562 8.270996677319697 0.0000001
          0.0495635253541562 8.270996677319697 0.250370189407
          1.8573031870306256 7.328121831862759 0.0000001
          2.280839239717584 7.235153641510872 0.0000001
          1.8573031870306256 7.328121831862759 0.250370189407
          2.280839239717584 7.235153641510872 0.250370189407
          1.4337671343436678 7.4210900222146465 0.0000001
          1.4337671343436678 7.4210900222146465 0.25037018940700007
          1.01023108165671 7.514058212566531 0.0000001
          1.01023108165671 7.514058212566531 0.250370189407
          0.5866950289697519 7.607026402918421 0.0000001
          0.5866950289697519 7.607026402918421 0.25037018940700007
          0.16315897628279386 7.699994593270306 0.0000001
          0.16315897628279386 7.699994593270306 0.250370189407
          1.9144558387473034 7.047393530123355 0.0000001
          2.28450594680815 7.013048844473381 0.0000001
          1.9144558387473034 7.047393530123355 0.250370189407
          2.28450594680815 7.013048844473381 0.250370189407
          1.5444057306864576 7.081738215773328 0.0000001
          1.5444057306864576 7.081738215773328 0.250370189407
          1.1743556226256118 7.116082901423304 0.0000001
          1.1743556226256118 7.116082901423304 0.250370189407
          0.8043055145647653 7.150427587073278 0.0000001
          0.8043055145647653 7.150427587073278 0.250370189407
          0.434255406503919 7.184772272723251 0.0000001
          0.434255406503919 7.184772272723251 0.250370189407
          2.017769095439019 6.778560755093394 0.0000001
          2.327832188393712 6.795180025231104 0.0000001
          2.017769095439019 6.778560755093394 0.250370189407
          2.327832188393712 6.795180025231104 0.250370189407
          1.7077060024843256 6.761941484955683 0.0000001
          1.7077060024843256 6.761941484955683 0.250370189407
          1.397642909529632 6.745322214817972 0.0000001
          1.397642909529632 6.745322214817972 0.25037018940700007
          1.0875798165749389 6.728702944680263 0.0000001
          1.0875798165749389 6.728702944680263 0.25037018940700007
          0.7775167236202456 6.712083674542553 0.0000001
          0.7775167236202456 6.712083674542553 0.250370189407
          2.1516925289099813 6.518735936294326 0.0000001
          2.4094211509533334 6.588571151277444 0.0000001
          2.1516925289099813 6.518735936294326 0.25037018940699995
          2.4094211509533334 6.588571151277444 0.250370189407
          1.8939639068666292 6.448900721311208 0.0000001
          1.8939639068666292 6.448900721311208 0.250370189407
          1.6362352848232762 6.37906550632809 0.0000001
          1.6362352848232762 6.37906550632809 0.250370189407
          1.378506662779924 6.309230291344973 0.0000001
          1.378506662779924 6.309230291344973 0.250370189407
          1.120778040736572 6.239395076361856 0.0000001
          1.120778040736572 6.239395076361856 0.250370189407
          2.3141218335589318 6.273247836307401 0.0000001
          2.52664245248544 6.399883175838961 0.0000001
          2.3141218335589318 6.273247836307401 0.25037018940699995
          2.52664245248544 6.399883175838961 0.250370189407
          2.101601214632423 6.146612496775841 0.0000001
          2.101601214632423 6.146612496775841 0.250370189407
          1.8890805957059151 6.019977157244277 0.0000001
          1.8890805957059151 6.019977157244277 0.250370189407
          1.6765599767794073 5.8933418177127175 0.0000001
          1.6765599767794073 5.8933418177127175 0.250370189407
          1.464039357852899 5.766706478181158 0.0000001
          1.464039357852899 5.766706478181158 0.250370189407
          3.2052726559007003 8.770423358872897 0.0000001
          3.2930607145400406 8.361584394066371 0.0000001
          3.2052726559007003 8.770423358872897 0.250370189407
          3.2930607145400406 8.361584394066371 0.250370189407
          3.1174845972613614 9.179262323679422 0.0000001
          3.1174845972613614 9.179262323679422 0.250370189407
          3.0296965386220216 9.588101288485948 0.0000001
          3.0296965386220216 9.588101288485948 0.250370189407
          2.941908479982682 9.996940253292475 0.0000001
          2.941908479982682 9.996940253292475 0.250370189407
          2.8541204213433433 10.405779218099 0.0000001
          2.8541204213433433 10.405779218099 0.250370189407
          2.9404100410890535 8.731190739717382 0.0000001
          3.107130965689646 8.312543620121973 0.0000001
          2.9404100410890535 8.731190739717382 0.25037018940699995
          3.107130965689646 8.312543620121973 0.250370189407
          2.7736891164884625 9.149837859312786 0.0000001
          2.7736891164884625 9.149837859312786 0.250370189407
          2.6069681918878698 9.56848497890819 0.0000001
          2.6069681918878698 9.56848497890819 0.25037018940699995
          2.440247267287278 9.987132098503594 0.0000001
          2.440247267287278 9.987132098503594 0.25037018940699995
          2.2735263426866856 10.405779218099 0.0000001
          2.2735263426866856 10.405779218099 0.250370189407
          2.6838718827524377 8.662194259230375 0.0000001
          2.931046325004063 8.23528387425606 0.0000001
          2.6838718827524377 8.662194259230375 0.250370189407
          2.931046325004063 8.23528387425606 0.250370189407
          2.4366974405008124 9.089104644204689 0.0000001
          2.4366974405008124 9.089104644204689 0.250370189407
          2.189522998249187 9.516015029179002 0.0000001
          2.189522998249187 9.516015029179002 0.250370189407
          1.942348555997563 9.942925414153319 0.0000001
          1.942348555997563 9.942925414153319 0.250370189407
          1.6951741137459369 10.36983579912763 0.0000001
          1.6951741137459369 10.36983579912763 0.250370189407
          2.4448603678285887 8.541623909116243 0.0000001
          2.769060634019618 8.131671592489235 0.0000001
          2.4448603678285887 8.541623909116243 0.25037018940699995
          2.769060634019618 8.131671592489235 0.250370189407
          2.1206601016375575 8.951576225743253 0.0000001
          2.1206601016375575 8.951576225743253 0.250370189407
          1.7964598354465267 9.36152854237026 0.0000001
          1.7964598354465267 9.36152854237026 0.250370189407
          1.4722595692554963 9.77148085899727 0.0000001
          1.4722595692554963 9.77148085899727 0.250370189407
          1.148059303064466 10.181433175624278 0.0000001
          1.148059303064466 10.181433175624278 0.250370189407
          2.235348668201382 8.372613389160753 0.0000001
          2.6250871327436 8.004209833726222 0.0000001
          2.235348668201382 8.372613389160753 0.250370189407
          2.6250871327436 8.004209833726222 0.250370189407
          1.845610203659163 8.741016944595286 0.0000001
          1.845610203659163 8.741016944595286 0.250370189407
          1.4558717391169445 9.109420500029817 0.0000001
          1.4558717391169445 9.109420500029817 0.250370189407
          1.0661332745747256 9.477824055464346 0.0000001
          1.0661332745747256 9.477824055464346 0.250370189407
          0.6763948100325072 9.846227610898877 0.0000001
          0.6763948100325072 9.846227610898877 0.250370189407
          4.075221298255394 7.54763850699413 0.0000001
          3.9867979149030583 7.6483084879166165 0.0000001
          4.075221298255394 7.54763850699413 0.250370189407
          3.9867979149030583 7.6483084879166165 0.250370189407
          3.8805968513616538 7.730005941274003 0.0000001
          3.8805968513616538 7.730005941274003 0.250370189407
          3.760616974022912 7.789654653047083 0.0000001
          3.760616974022912 7.789654653047083 0.250370189407
          3.6313759730414743 7.825008626624659 0.0000001
          3.6313759730414743 7.825008626624659 0.250370189407
          3.4977402544402647 7.834736652958169 0.0000001
          3.4977402544402647 7.834736652958169 0.250370189407
          4.002922028214069 6.65617998572893 0.0000001
          4.103126363128911 6.783184695665834 0.0000001
          4.002922028214069 6.65617998572893 0.250370189407
          4.103126363128911 6.783184695665834 0.250370189407
          4.171030152087084 6.930018549143179 0.0000001
          4.171030152087084 6.930018549143179 0.250370189407
          4.20290618661308 7.088621901897087 0.0000001
          4.20290618661308 7.088621901897087 0.250370189407
          4.197004805489553 7.250289087134894 0.0000001
          4.197004805489553 7.250289087134894 0.250370189407
          4.1536499328756475 7.406146265675098 0.0000001
          4.1536499328756475 7.406146265675098 0.250370189407
          3.046413585796567 6.636956831739921 0.0000001
          3.1676460984127206 6.547467894803355 0.0000001
          3.046413585796567 6.636956831739921 0.250370189407
          3.1676460984127206 6.547467894803355 0.250370189407
          3.305403927643973 6.486407494913117 0.0000001
          3.305403927643973 6.486407494913117 0.250370189407
          3.4531268786997065 6.456683402317244 0.0000001
          3.4531268786997065 6.456683402317244 0.250370189407
          3.6037802056102857 6.4597111143307835 0.0000001
          3.6037802056102857 6.4597111143307835 0.250370189407
          3.750189614356249 6.495346447638058 0.0000001
          3.750189614356249 6.495346447638058 0.250370189407
          3.885382911444765 6.561892404476917 0.0000001
          3.885382911444765 6.561892404476917 0.250370189407
          2.949792364949586 7.54157740020838 0.0000001
          2.887878472868971 7.434160941719421 0.0000001
          2.949792364949586 7.54157740020838 0.250370189407
          2.887878472868971 7.434160941719421 0.250370189407
          2.8461717263448993 7.317404045215373 0.0000001
          2.8461717263448993 7.317404045215373 0.250370189407
          2.826016727293603 7.195070886995196 0.0000001
          2.826016727293603 7.195070886995196 0.250370189407
          2.8280632614836856 7.071105418881332 0.0000001
          2.8280632614836856 7.071105418881332 0.250370189407
          2.852245349810495 6.949504217443863 0.0000001
          2.852245349810495 6.949504217443863 0.250370189407
          2.8977833754251368 6.8341876366325955 0.0000001
          2.8977833754251368 6.8341876366325955 0.250370189407
          2.9632092181406873 6.728873417783281 0.0000001
          2.9632092181406873 6.728873417783281 0.250370189407
          3.3909775504499438 7.823776423304819 0.0000001
          3.3909775504499438 7.823776423304819 0.250370189407
          3.2872028069056074 7.796404828545175 0.0000001
          3.2872028069056074 7.796404828545175 0.250370189407
          3.1889230074532553 7.753283109922368 0.0000001
          3.1889230074532553 7.753283109922368 0.250370189407
          3.0985123892294393 7.69545299916883 0.0000001
          3.0985123892294393 7.69545299916883 0.250370189407
          3.018155086191716 7.624311552417429 0.0000001
          3.018155086191716 7.624311552417429 0.250370189407
          6.63849333 5.294017879999999 0.0000001
          6.713316575 5.294017879999999 0.0000001
          6.713316575 5.612014961666668 0.0000001
          6.63849333 5.612014961666667 0.0000001
          6.63849333 5.294017879999999 0.250370189407
          6.713316575 5.294017879999999 0.250370189407
          6.713316575 5.612014961666668 0.250370189407
          6.63849333 5.612014961666667 0.250370189407
          6.7881398200000005 5.294017879999999 0.0000001
          6.788139820000001 5.6120149616666675 0.0000001
          6.7881398200000005 5.294017879999999 0.250370189407
          6.788139820000001 5.6120149616666675 0.25037018940699995
          6.862963065000001 5.294017879999999 0.0000001
          6.862963065000001 5.612014961666667 0.0000001
          6.862963065000001 5.294017879999999 0.250370189407
          6.862963065000001 5.612014961666667 0.250370189407
          6.93778631 5.294017879999999 0.0000001
          6.937786309999999 5.6120149616666675 0.0000001
          6.93778631 5.294017879999999 0.250370189407
          6.937786309999999 5.6120149616666675 0.25037018940699995
          7.012609555 5.294017879999999 0.0000001
          7.012609554999999 5.612014961666668 0.0000001
          7.012609555 5.294017879999999 0.250370189407
          7.012609554999999 5.612014961666668 0.2503701894069999
          7.0874328 5.294017879999999 0.0000001
          7.0874328 5.6120149616666675 0.0000001
          7.0874328 5.294017879999999 0.250370189407
          7.0874328 5.6120149616666675 0.250370189407
          7.162256045 5.294017879999999 0.0000001
          7.162256045 5.612014961666667 0.0000001
          7.162256045 5.294017879999999 0.250370189407
          7.162256045 5.612014961666667 0.250370189407
          7.2370792900000005 5.294017879999999 0.0000001
          7.2370792900000005 5.612014961666667 0.0000001
          7.2370792900000005 5.294017879999999 0.250370189407
          7.2370792900000005 5.612014961666667 0.250370189407
          7.311902535 5.294017879999999 0.0000001
          7.311902535 5.612014961666667 0.0000001
          7.311902535 5.294017879999999 0.250370189407
          7.311902535 5.612014961666667 0.250370189407
          7.38672578 5.294017879999999 0.0000001
          7.386725780000001 5.6120149616666675 0.0000001
          7.38672578 5.294017879999999 0.250370189407
          7.386725780000001 5.6120149616666675 0.25037018940699995
          7.461549025 5.294017879999999 0.0000001
          7.461549025 5.612014961666668 0.0000001
          7.461549025 5.294017879999999 0.250370189407
          7.461549025 5.612014961666668 0.25037018940700007
          7.53637227 5.294017879999999 0.0000001
          7.53637227 5.612014961666667 0.0000001
          7.53637227 5.294017879999999 0.250370189407
          7.53637227 5.612014961666667 0.250370189407
          6.713316575000001 5.930012043333331 0.0000001
          6.63849333 5.930012043333333 0.0000001
          6.713316575000001 5.930012043333331 0.250370189407
          6.63849333 5.930012043333333 0.250370189407
          6.788139820000001 5.930012043333332 0.0000001
          6.788139820000001 5.930012043333332 0.25037018940699995
          6.8629630650000015 5.930012043333333 0.0000001
          6.8629630650000015 5.930012043333333 0.25037018940699995
          6.937786309999998 5.930012043333332 0.0000001
          6.937786309999998 5.930012043333332 0.250370189407
          7.012609555000002 5.930012043333333 0.0000001
          7.012609555000002 5.930012043333333 0.2503701894069999
          7.087432800000002 5.930012043333333 0.0000001
          7.087432800000002 5.930012043333333 0.250370189407
          7.1622560449999995 5.930012043333333 0.0000001
          7.1622560449999995 5.930012043333333 0.250370189407
          7.23707929 5.930012043333333 0.0000001
          7.23707929 5.930012043333333 0.25037018940699995
          7.311902534999999 5.930012043333333 0.0000001
          7.311902534999999 5.930012043333333 0.250370189407
          7.386725780000001 5.930012043333333 0.0000001
          7.386725780000001 5.930012043333333 0.25037018940699995
          7.461549025 5.930012043333333 0.0000001
          7.461549025 5.930012043333333 0.250370189407
          7.53637227 5.930012043333333 0.0000001
          7.53637227 5.930012043333333 0.250370189407
          6.713316575 6.248009124999999 0.0000001
          6.63849333 6.248009124999999 0.0000001
          6.713316575 6.248009124999999 0.250370189407
          6.63849333 6.248009124999999 0.250370189407
          6.7881398200000005 6.2480091249999985 0.0000001
          6.7881398200000005 6.2480091249999985 0.250370189407
          6.862963065000001 6.2480091249999985 0.0000001
          6.862963065000001 6.2480091249999985 0.250370189407
          6.93778631 6.248009124999999 0.0000001
          6.93778631 6.248009124999999 0.250370189407
          7.012609555000001 6.248009124999999 0.0000001
          7.012609555000001 6.248009124999999 0.25037018940699995
          7.0874328 6.248009124999999 0.0000001
          7.0874328 6.248009124999999 0.250370189407
          7.162256045 6.2480091249999985 0.0000001
          7.162256045 6.2480091249999985 0.250370189407
          7.2370792900000005 6.248009124999999 0.0000001
          7.2370792900000005 6.248009124999999 0.250370189407
          7.311902535 6.248009124999999 0.0000001
          7.311902535 6.248009124999999 0.250370189407
          7.386725780000001 6.248009124999999 0.0000001
          7.386725780000001 6.248009124999999 0.250370189407
          7.461549025 6.248009124999999 0.0000001
          7.461549025 6.248009124999999 0.250370189407
          7.53637227 6.248009124999999 0.0000001
          7.53637227 6.248009124999999 0.250370189407
          6.713316575000001 6.566006206666665 0.0000001
          6.63849333 6.566006206666667 0.0000001
          6.713316575000001 6.566006206666665 0.250370189407
          6.63849333 6.566006206666667 0.250370189407
          6.788139820000001 6.566006206666666 0.0000001
          6.788139820000001 6.566006206666666 0.25037018940699995
          6.862963065000001 6.566006206666666 0.0000001
          6.862963065000001 6.566006206666666 0.250370189407
          6.937786309999999 6.566006206666666 0.0000001
          6.937786309999999 6.566006206666666 0.25037018940699995
          7.012609555000001 6.566006206666666 0.0000001
          7.012609555000001 6.566006206666666 0.2503701894069999
          7.0874328 6.566006206666667 0.0000001
          7.0874328 6.566006206666667 0.250370189407
          7.162256044999999 6.566006206666665 0.0000001
          7.162256044999999 6.566006206666665 0.250370189407
          7.2370792900000005 6.566006206666665 0.0000001
          7.2370792900000005 6.566006206666665 0.250370189407
          7.311902535 6.566006206666665 0.0000001
          7.311902535 6.566006206666665 0.250370189407
          7.386725780000001 6.566006206666665 0.0000001
          7.386725780000001 6.566006206666665 0.250370189407
          7.461549025 6.566006206666666 0.0000001
          7.461549025 6.566006206666666 0.250370189407
          7.53637227 6.566006206666667 0.0000001
          7.53637227 6.566006206666667 0.250370189407
          6.713316575 6.884003288333335 0.0000001
          6.63849333 6.884003288333334 0.0000001
          6.713316575 6.884003288333335 0.25037018940700007
          6.63849333 6.884003288333334 0.250370189407
          6.7881398200000005 6.884003288333334 0.0000001
          6.7881398200000005 6.884003288333334 0.25037018940699995
          6.8629630650000015 6.884003288333334 0.0000001
          6.8629630650000015 6.884003288333334 0.250370189407
          6.93778631 6.884003288333334 0.0000001
          6.93778631 6.884003288333334 0.25037018940699995
          7.012609554999997 6.884003288333335 0.0000001
          7.012609554999997 6.884003288333335 0.2503701894069999
          7.0874328 6.884003288333334 0.0000001
          7.0874328 6.884003288333334 0.250370189407
          7.162256045000001 6.884003288333334 0.0000001
          7.162256045000001 6.884003288333334 0.250370189407
          7.2370792900000005 6.884003288333334 0.0000001
          7.2370792900000005 6.884003288333334 0.250370189407
          7.311902535 6.884003288333334 0.0000001
          7.311902535 6.884003288333334 0.250370189407
          7.386725780000001 6.884003288333334 0.0000001
          7.386725780000001 6.884003288333334 0.25037018940699995
          7.461549025 6.884003288333335 0.0000001
          7.461549025 6.884003288333335 0.250370189407
          7.53637227 6.884003288333334 0.0000001
          7.53637227 6.884003288333334 0.250370189407
          6.713316575 7.20200037 0.0000001
          6.63849333 7.20200037 0.0000001
          6.713316575 7.20200037 0.250370189407
          6.63849333 7.20200037 0.250370189407
          6.7881398200000005 7.20200037 0.0000001
          6.7881398200000005 7.20200037 0.250370189407
          6.862963065000001 7.20200037 0.0000001
          6.862963065000001 7.20200037 0.250370189407
          6.93778631 7.20200037 0.0000001
          6.93778631 7.20200037 0.250370189407
          7.012609555 7.20200037 0.0000001
          7.012609555 7.20200037 0.250370189407
          7.0874328 7.20200037 0.0000001
          7.0874328 7.20200037 0.250370189407
          7.162256045 7.20200037 0.0000001
          7.162256045 7.20200037 0.250370189407
          7.2370792900000005 7.20200037 0.0000001
          7.2370792900000005 7.20200037 0.250370189407
          7.311902535 7.20200037 0.0000001
          7.311902535 7.20200037 0.250370189407
          7.38672578 7.20200037 0.0000001
          7.38672578 7.20200037 0.250370189407
          7.461549025 7.20200037 0.0000001
          7.461549025 7.20200037 0.250370189407
          7.53637227 7.20200037 0.0000001
          7.53637227 7.20200037 0.250370189407
          6.63849333 4.88247977 0.0000001
          6.713316575 4.88247977 0.0000001
          6.713316575 4.951069455000002 0.0000001
          6.63849333 4.951069455 0.0000001
          6.63849333 4.88247977 0.250370189407
          6.713316575 4.88247977 0.250370189407
          6.713316575 4.951069455000002 0.250370189407
          6.63849333 4.951069455 0.250370189407
          6.7881398200000005 4.88247977 0.0000001
          6.788139820000001 4.951069455 0.0000001
          6.7881398200000005 4.88247977 0.250370189407
          6.788139820000001 4.951069455 0.25037018940699995
          6.862963065000001 4.88247977 0.0000001
          6.862963065000001 4.951069455 0.0000001
          6.862963065000001 4.88247977 0.250370189407
          6.862963065000001 4.951069455 0.250370189407
          6.93778631 4.88247977 0.0000001
          6.937786309999999 4.951069455 0.0000001
          6.93778631 4.88247977 0.250370189407
          6.937786309999999 4.951069455 0.25037018940699995
          7.012609555 4.88247977 0.0000001
          7.012609554999999 4.951069455000001 0.0000001
          7.012609555 4.88247977 0.250370189407
          7.012609554999999 4.951069455000001 0.2503701894069999
          7.0874328 4.88247977 0.0000001
          7.0874328 4.951069455 0.0000001
          7.0874328 4.88247977 0.250370189407
          7.0874328 4.951069455 0.250370189407
          7.162256045 4.88247977 0.0000001
          7.162256045 4.951069455 0.0000001
          7.162256045 4.88247977 0.250370189407
          7.162256045 4.951069455 0.250370189407
          7.2370792900000005 4.88247977 0.0000001
          7.2370792900000005 4.951069455 0.0000001
          7.2370792900000005 4.88247977 0.250370189407
          7.2370792900000005 4.951069455 0.250370189407
          7.311902535 4.88247977 0.0000001
          7.311902535 4.951069455 0.0000001
          7.311902535 4.88247977 0.250370189407
          7.311902535 4.951069455 0.250370189407
          7.38672578 4.88247977 0.0000001
          7.386725780000001 4.951069455 0.0000001
          7.38672578 4.88247977 0.250370189407
          7.386725780000001 4.951069455 0.25037018940699995
          7.461549025 4.88247977 0.0000001
          7.461549025 4.951069455 0.0000001
          7.461549025 4.88247977 0.250370189407
          7.461549025 4.951069455 0.25037018940700007
          7.53637227 4.88247977 0.0000001
          7.53637227 4.951069455 0.0000001
          7.53637227 4.88247977 0.250370189407
          7.53637227 4.951069455 0.250370189407
          6.713316575000001 5.019659139999998 0.0000001
          6.63849333 5.01965914 0.0000001
          6.713316575000001 5.019659139999998 0.250370189407
          6.63849333 5.01965914 0.250370189407
          6.788139820000001 5.01965914 0.0000001
          6.788139820000001 5.01965914 0.25037018940699995
          6.8629630650000015 5.01965914 0.0000001
          6.8629630650000015 5.01965914 0.25037018940699995
          6.937786309999998 5.01965914 0.0000001
          6.937786309999998 5.01965914 0.250370189407
          7.012609555000002 5.01965914 0.0000001
          7.012609555000002 5.01965914 0.2503701894069999
          7.087432800000002 5.01965914 0.0000001
          7.087432800000002 5.01965914 0.250370189407
          7.1622560449999995 5.01965914 0.0000001
          7.1622560449999995 5.01965914 0.250370189407
          7.23707929 5.01965914 0.0000001
          7.23707929 5.01965914 0.25037018940699995
          7.311902534999999 5.01965914 0.0000001
          7.311902534999999 5.01965914 0.250370189407
          7.386725780000001 5.01965914 0.0000001
          7.386725780000001 5.01965914 0.25037018940699995
          7.461549025 5.01965914 0.0000001
          7.461549025 5.01965914 0.250370189407
          7.53637227 5.01965914 0.0000001
          7.53637227 5.01965914 0.250370189407
          6.713316575 5.088248824999999 0.0000001
          6.63849333 5.088248824999999 0.0000001
          6.713316575 5.088248824999999 0.250370189407
          6.63849333 5.088248824999999 0.250370189407
          6.7881398200000005 5.088248824999999 0.0000001
          6.7881398200000005 5.088248824999999 0.250370189407
          6.862963065000001 5.088248824999999 0.0000001
          6.862963065000001 5.088248824999999 0.250370189407
          6.93778631 5.088248824999999 0.0000001
          6.93778631 5.088248824999999 0.250370189407
          7.012609555000001 5.088248824999999 0.0000001
          7.012609555000001 5.088248824999999 0.25037018940699995
          7.0874328 5.088248824999999 0.0000001
          7.0874328 5.088248824999999 0.250370189407
          7.162256045 5.088248824999999 0.0000001
          7.162256045 5.088248824999999 0.250370189407
          7.2370792900000005 5.088248824999999 0.0000001
          7.2370792900000005 5.088248824999999 0.250370189407
          7.311902535 5.088248824999999 0.0000001
          7.311902535 5.088248824999999 0.250370189407
          7.386725780000001 5.088248824999999 0.0000001
          7.386725780000001 5.088248824999999 0.250370189407
          7.461549025 5.088248824999999 0.0000001
          7.461549025 5.088248824999999 0.250370189407
          7.53637227 5.088248824999999 0.0000001
          7.53637227 5.088248824999999 0.250370189407
          6.713316575000001 5.156838509999999 0.0000001
          6.63849333 5.156838509999999 0.0000001
          6.713316575000001 5.156838509999999 0.250370189407
          6.63849333 5.156838509999999 0.250370189407
          6.788139820000001 5.156838509999998 0.0000001
          6.788139820000001 5.156838509999998 0.25037018940699995
          6.862963065000001 5.156838509999999 0.0000001
          6.862963065000001 5.156838509999999 0.250370189407
          6.937786309999999 5.15683851 0.0000001
          6.937786309999999 5.15683851 0.25037018940699995
          7.012609555000001 5.156838509999999 0.0000001
          7.012609555000001 5.156838509999999 0.2503701894069999
          7.0874328 5.156838509999999 0.0000001
          7.0874328 5.156838509999999 0.250370189407
          7.162256044999999 5.156838509999998 0.0000001
          7.162256044999999 5.156838509999998 0.250370189407
          7.2370792900000005 5.156838509999998 0.0000001
          7.2370792900000005 5.156838509999998 0.250370189407
          7.311902535 5.156838509999998 0.0000001
          7.311902535 5.156838509999998 0.250370189407
          7.386725780000001 5.156838509999998 0.0000001
          7.386725780000001 5.156838509999998 0.250370189407
          7.461549025 5.156838509999999 0.0000001
          7.461549025 5.156838509999999 0.250370189407
          7.53637227 5.156838509999999 0.0000001
          7.53637227 5.156838509999999 0.250370189407
          6.713316575 5.225428195 0.0000001
          6.63849333 5.225428194999999 0.0000001
          6.713316575 5.225428195 0.25037018940700007
          6.63849333 5.225428194999999 0.250370189407
          6.7881398200000005 5.225428195000001 0.0000001
          6.7881398200000005 5.225428195000001 0.25037018940699995
          6.8629630650000015 5.225428194999999 0.0000001
          6.8629630650000015 5.225428194999999 0.250370189407
          6.93778631 5.225428194999998 0.0000001
          6.93778631 5.225428194999998 0.25037018940699995
          7.012609554999997 5.225428194999999 0.0000001
          7.012609554999997 5.225428194999999 0.2503701894069999
          7.0874328 5.225428194999999 0.0000001
          7.0874328 5.225428194999999 0.250370189407
          7.162256045000001 5.225428194999999 0.0000001
          7.162256045000001 5.225428194999999 0.250370189407
          7.2370792900000005 5.225428194999999 0.0000001
          7.2370792900000005 5.225428194999999 0.250370189407
          7.311902535 5.225428194999999 0.0000001
          7.311902535 5.225428194999999 0.250370189407
          7.386725780000001 5.225428194999999 0.0000001
          7.386725780000001 5.225428194999999 0.25037018940699995
          7.461549025 5.225428194999999 0.0000001
          7.461549025 5.225428194999999 0.250370189407
          7.53637227 5.225428194999999 0.0000001
          7.53637227 5.225428194999999 0.250370189407
          7.774458377774343 7.440086477774342 0.0000001
          7.673048637933842 7.490207518905725 0.0000001
          7.774458377774343 7.440086477774342 0.250370189407
          7.673048637933842 7.490207518905725 0.250370189407
          7.561492013895503 7.523530131860021 0.0000001
          7.561492013895503 7.523530131860021 0.250370189407
          7.444110117666952 7.538112076414951 0.0000001
          7.444110117666952 7.538112076414951 0.250370189407
          7.325224983820492 7.5387049712285 0.0000001
          7.325224983820492 7.5387049712285 0.250370189407
          7.206328892044286 7.538704971228501 0.0000001
          7.206328892044286 7.538704971228501 0.25037018940700007
          7.087432800268081 7.538704971228502 0.0000001
          7.087432800268081 7.538704971228502 0.250370189407
          6.968536708491876 7.5387049712284995 0.0000001
          6.968536708491876 7.5387049712284995 0.250370189407
          6.849640616715671 7.538704971228501 0.0000001
          6.849640616715671 7.538704971228501 0.250370189407
          6.7307554828714675 7.538112076338175 0.0000001
          6.7307554828714675 7.538112076338175 0.25037018940700007
          6.613373586698974 7.523530131475821 0.0000001
          6.613373586698974 7.523530131475821 0.250370189407
          6.501816962788734 7.490207518236499 0.0000001
          6.501816962788734 7.490207518236499 0.250370189407
          6.400407223140908 7.4400864768590935 0.0000001
          6.400407223140908 7.4400864768590935 0.250370189407
          7.8730768742415 5.294017879999999 0.0000001
          7.8730768742415 5.656079272155165 0.0000001
          7.8730768742415 5.294017879999999 0.250370189407
          7.8730768742415 5.656079272155165 0.250370189407
          7.8730768742415 6.018140664310328 0.0000001
          7.8730768742415 6.018140664310328 0.250370189407
          7.873076874241502 6.380202056465493 0.0000001
          7.873076874241502 6.380202056465493 0.250370189407
          7.873076874241499 6.742263448620658 0.0000001
          7.873076874241499 6.742263448620658 0.250370189407
          7.867505609507337 7.103999384484032 0.0000001
          7.867505609507337 7.103999384484032 0.250370189407
          7.774458379144592 4.644393660855407 0.0000001
          7.822955499526934 4.740026081274263 0.0000001
          7.774458379144592 4.644393660855407 0.250370189407
          7.822955499526934 4.740026081274263 0.250370189407
          7.855996616105671 4.845190901660263 0.0000001
          7.855996616105671 4.845190901660263 0.250370189407
          7.871799755711683 4.956065963074314 0.0000001
          7.871799755711683 4.956065963074314 0.250370189407
          7.873076874241502 5.068692560211637 0.0000001
          7.873076874241502 5.068692560211637 0.250370189407
          7.873076874241502 5.181355220105819 0.0000001
          7.873076874241502 5.181355220105819 0.250370189407
          6.400407221770408 4.644393661770407 0.0000001
          6.501816961406224 4.59427261985759 0.0000001
          6.400407221770408 4.644393661770407 0.250370189407
          6.501816961406224 4.59427261985759 0.250370189407
          6.6133735854650935 4.560950006166714 0.0000001
          6.6133735854650935 4.560950006166714 0.250370189407
          6.730755481904093 4.546368060978312 0.0000001
          6.730755481904093 4.546368060978312 0.250370189407
          6.849640616069606 4.5457751660305 0.0000001
          6.849640616069606 4.5457751660305 0.250370189407
          6.9685367081688065 4.5457751660304995 0.0000001
          6.9685367081688065 4.5457751660304995 0.25037018940700007
          7.087432800268006 4.5457751660305 0.0000001
          7.087432800268006 4.5457751660305 0.250370189407
          7.206328892367207 4.5457751660305 0.0000001
          7.206328892367207 4.5457751660305 0.250370189407
          7.3252249844664075 4.5457751660305 0.0000001
          7.3252249844664075 4.5457751660305 0.250370189407
          7.44411011863418 4.546368060901555 0.0000001
          7.44411011863418 4.546368060901555 0.25037018940700007
          7.56149201512922 4.560950005782617 0.0000001
          7.56149201512922 4.560950005782617 0.250370189407
          7.673048639316152 4.594272619188544 0.0000001
          7.673048639316152 4.594272619188544 0.250370189407
          6.351910101737012 4.740026082192074 0.0000001
          6.351910101737012 4.740026082192074 0.250370189407
          6.318868985453067 4.84519090247915 0.0000001
          6.318868985453067 4.84519090247915 0.250370189407
          6.303065846062022 4.95606596371883 0.0000001
          6.303065846062022 4.95606596371883 0.250370189407
          6.301788727588999 5.068692560642949 0.0000001
          6.301788727588999 5.068692560642949 0.250370189407
          6.301788727589 5.181355220321475 0.0000001
          6.301788727589 5.181355220321475 0.250370189407
          6.301788727589 5.294017879999999 0.0000001
          6.301788727589 5.294017879999999 0.250370189407
          6.301788727588999 5.656079271939522 0.0000001
          6.301788727588999 5.656079271939522 0.250370189407
          6.301788727588999 6.0181406638790405 0.0000001
          6.301788727588999 6.0181406638790405 0.250370189407
          6.301788727588999 6.380202055818559 0.0000001
          6.301788727588999 6.380202055818559 0.250370189407
          6.301788727589001 6.74226344775808 0.0000001
          6.301788727589001 6.74226344775808 0.250370189407
          6.307359992127772 7.10399938342332 0.0000001
          6.307359992127772 7.10399938342332 0.250370189407
          5.3650841300000005 3.60907056 0.414405765225
          5.6521422425 3.60907056 0.414405765225
          5.9712297951562245 3.957568014857591 0.414405765225
          5.763702621770408 4.007689056770408 0.414405765225
          5.9392003550000005 3.60907056 0.414405765225
          6.188903852965093 3.924245401166713 0.414405765225
          6.226258467500001 3.60907056 0.414405765225
          6.412403183154093 3.909663455978313 0.414405765225
          6.513316580000001 3.60907056 0.414405765225
          6.637405751069606 3.9090705610305 0.414405765225
          6.8003746925 3.60907056 0.414405765225
          6.862419276918806 3.9090705610305 0.414405765225
          7.087432805000001 3.60907056 0.414405765225
          7.0874328027680065 3.9090705610305 0.414405765225
          7.3744909175 3.60907056 0.414405765225
          7.312446328617206 3.9090705610305 0.414405765225
          7.66154903 3.60907056 0.414405765225
          7.537459854466407 3.909070561030501 0.414405765225
          7.9486071425 3.60907056 0.414405765225
          7.762462422384181 3.909663455901554 0.414405765225
          8.235665255 3.60907056 0.414405765225
          7.985961752629221 3.9242454007826177 0.414405765225
          8.5227233675 3.60907056 0.414405765225
          8.203635810566151 3.9575680141885448 0.414405765225
          8.80978148 3.60907056 0.414405765225
          8.411162984144593 4.0076890558554075 0.414405765225
          6.290317347812449 4.306065469715181 0.414405765225
          6.162321113540815 4.406307553540815 0.414405765225
          6.4386073509301855 4.239420242333426 0.414405765225
          6.598547898808183 4.210256351956625 0.414405765225
          6.761494922139212 4.209070562061 0.414405765225
          6.924463861337613 4.209070562061 0.414405765225
          7.087432800536014 4.209070562061 0.414405765225
          7.250401739734415 4.209070562061 0.414405765225
          7.413370678932816 4.209070562061 0.414405765225
          7.57631770226836 4.210256351803109 0.414405765225
          7.736258250258441 4.2394202415652344 0.414405765225
          7.884548253632305 4.306065468377089 0.414405765225
          8.012544488289185 4.406307551710815 0.414405765225
          8.80978148 3.8898951133333335 0.414405765225
          8.459660104526934 4.20943891044093 0.414405765225
          8.80978148 4.170719666666667 0.414405765225
          8.49270122110567 4.420721164993596 0.414405765225
          8.80978148 4.45154422 0.414405765225
          8.508504360711683 4.637713660574315 0.414405765225
          8.80978148 4.732368773333333 0.414405765225
          8.509781479241502 4.856457691878305 0.414405765225
          8.80978148 5.013193326666666 0.414405765225
          8.509781479241502 5.075237785939151 0.414405765225
          8.80978148 5.294017879999999 0.414405765225
          8.5097814792415 5.294017879999999 0.414405765225
          8.109538729053869 4.528982707548529 0.414405765225
          8.17562096221134 4.670722663320524 0.414405765225
          8.207227241423364 4.823883101148629 0.414405765225
          8.209781478483 4.980546610423276 0.414405765225
          8.209781478483 5.137282245211638 0.414405765225
          8.209781478483 5.294017879999999 0.414405765225
          8.80978148 5.824249828333333 0.414405765225
          8.5097814792415 5.762196705488498 0.414405765225
          8.80978148 6.354481776666666 0.414405765225
          8.5097814792415 6.230375530976994 0.414405765225
          8.80978148 6.884713724999999 0.414405765225
          8.509781479241502 6.698554356465493 0.414405765225
          8.80978148 7.414945673333333 0.414405765225
          8.509781479241504 7.166733181953991 0.414405765225
          8.80978148 7.945177621666667 0.414405765225
          8.504210214507339 7.6345865511507 0.414405765225
          8.80978148 8.47540957 0.414405765225
          8.411162982774343 8.076791077774342 0.414405765225
          8.209781478483 5.700143582643662 0.414405765225
          8.209781478483 6.106269285287324 0.414405765225
          8.209781478483 6.512394987930986 0.414405765225
          8.209781478483 6.918520690574649 0.414405765225
          8.198638949014674 7.323995480634731 0.414405765225
          8.012544485548686 7.678172585548683 0.414405765225
          8.5227233675 8.47540957 0.414405765225
          8.20363580918384 8.126912118905723 0.414405765225
          8.235665255 8.47540957 0.414405765225
          7.985961751395502 8.160234731860024 0.414405765225
          7.9486071425 8.47540957 0.414405765225
          7.762462421416952 8.174816676414952 0.414405765225
          7.66154903 8.47540957 0.414405765225
          7.5374598538204935 8.1754095712285 0.414405765225
          7.3744909175 8.47540957 0.414405765225
          7.3124463282942855 8.175409571228501 0.414405765225
          7.087432805 8.47540957 0.414405765225
          7.087432802768081 8.1754095712285 0.414405765225
          6.8003746925 8.47540957 0.414405765225
          6.862419277241877 8.1754095712285 0.414405765225
          6.51331658 8.47540957 0.414405765225
          6.6374057517156695 8.175409571228501 0.414405765225
          6.226258467500001 8.47540957 0.414405765225
          6.412403184121469 8.174816676338175 0.414405765225
          5.9392003550000005 8.47540957 0.414405765225
          6.1889038541989745 8.160234731475821 0.414405765225
          5.6521422425 8.47540957 0.414405765225
          5.971229796538732 8.126912118236497 0.414405765225
          5.3650841300000005 8.47540957 0.414405765225
          5.763702623140908 8.076791076859093 0.414405765225
          7.884548250867685 7.778414667811449 0.414405765225
          7.736258247791006 7.845059893720043 0.414405765225
          7.576317700333905 7.874223782829901 0.414405765225
          7.413370677640985 7.875409572457 0.414405765225
          7.2504017390885735 7.875409572457 0.414405765225
          7.087432800536163 7.875409572457 0.414405765225
          6.924463861983753 7.875409572457 0.414405765225
          6.761494923431342 7.875409572457 0.414405765225
          6.598547900742938 7.874223782676344 0.414405765225
          6.438607353397949 7.845059892951643 0.414405765225
          6.290317350577467 7.778414666472995 0.414405765225
          6.162321116281817 7.678172583718186 0.414405765225
          5.3650841300000005 7.945177621666667 0.414405765225
          5.670655392127771 7.6345865500899865 0.414405765225
          5.3650841300000005 7.414945673333333 0.414405765225
          5.665084127588999 7.166733181091411 0.414405765225
          5.3650841300000005 6.884713725 0.414405765225
          5.665084127589002 6.698554355818559 0.414405765225
          5.3650841300000005 6.354481776666667 0.414405765225
          5.665084127588999 6.2303755305457065 0.414405765225
          5.3650841300000005 5.824249828333333 0.414405765225
          5.665084127588999 5.762196705272854 0.414405765225
          5.3650841300000005 5.294017879999999 0.414405765225
          5.665084127589 5.294017879999999 0.414405765225
          5.976226654255543 7.323995478513306 0.414405765225
          5.9650841251780005 6.91852068884949 0.414405765225
          5.9650841251780005 6.512394986637117 0.414405765225
          5.965084125178 6.106269284424744 0.414405765225
          5.965084125178 5.700143582212372 0.414405765225
          5.965084125178 5.294017879999999 0.414405765225
          5.3650841300000005 5.013193326666666 0.414405765225
          5.665084127588999 5.075237786154808 0.414405765225
          5.3650841300000005 4.732368773333333 0.414405765225
          5.665084127589 4.856457692309618 0.414405765225
          5.3650841300000005 4.45154422 0.414405765225
          5.666361246062022 4.637713661218829 0.414405765225
          5.3650841300000005 4.170719666666667 0.414405765225
          5.682164385453065 4.420721165812484 0.414405765225
          5.3650841300000005 3.889895113333333 0.414405765225
          5.715205501737012 4.20943891135874 0.414405765225
          5.965084125178 5.1372822456429486 0.414405765225
          5.965084125178 4.9805466112859 0.414405765225
          5.967638362124043 4.8238831024376605 0.414405765225
          5.999244640906131 4.6707226649583 0.414405765225
          6.065326873474024 4.528982709384147 0.414405765225
          5.298241143666666 8.861483499619798 0.414405765225
          4.979010204000001 8.8614834996198 0.414405765225
          5.617472083333335 8.861483499619801 0.414405765225
          5.936703023 8.8614834996198 0.414405765225
          6.255933962666666 8.861483499619801 0.414405765225
          6.575164902333335 8.8614834996198 0.414405765225
          6.894395842000003 8.861483499619801 0.414405765225
          7.213626781666666 8.861483499619801 0.414405765225
          7.532857721333332 8.8614834996198 0.414405765225
          7.852088661000001 8.861483499619801 0.414405765225
          8.171319600666667 8.861483499619801 0.414405765225
          8.490550540333334 8.861483499619801 0.414405765225
          8.80978148 8.8614834996198 0.414405765225
          4.944340044833335 9.247557429239595 0.414405765225
          4.592936278000001 9.247557429239599 0.414405765225
          5.295743811666667 9.247557429239599 0.414405765225
          5.6471475785 9.247557429239597 0.414405765225
          5.998551345333333 9.247557429239597 0.414405765225
          6.349955112166667 9.247557429239599 0.414405765225
          6.701358879000002 9.247557429239597 0.414405765225
          7.052762645833335 9.247557429239599 0.414405765225
          7.404166412666667 9.247557429239599 0.414405765225
          7.755570179500001 9.247557429239597 0.414405765225
          8.106973946333333 9.247557429239599 0.414405765225
          8.458377713166666 9.247557429239599 0.414405765225
          8.80978148 9.247557429239599 0.414405765225
          4.590438946000001 9.633631358859402 0.414405765225
          4.206862352000001 9.6336313588594 0.414405765225
          4.974015539999999 9.6336313588594 0.414405765225
          5.357592134000001 9.633631358859402 0.414405765225
          5.741168728000001 9.6336313588594 0.414405765225
          6.124745322000002 9.633631358859402 0.414405765225
          6.508321916 9.633631358859402 0.414405765225
          6.891898510000001 9.6336313588594 0.414405765225
          7.275475104 9.6336313588594 0.414405765225
          7.659051698000002 9.6336313588594 0.414405765225
          8.042628292 9.6336313588594 0.414405765225
          8.426204886 9.6336313588594 0.414405765225
          8.80978148 9.6336313588594 0.414405765225
          4.236537847166668 10.019705288479201 0.414405765225
          3.820788426000001 10.0197052884792 0.414405765225
          4.652287268333334 10.0197052884792 0.414405765225
          5.068036689500001 10.019705288479198 0.414405765225
          5.483786110666667 10.019705288479203 0.414405765225
          5.899535531833333 10.019705288479201 0.414405765225
          6.315284953000001 10.019705288479198 0.414405765225
          6.7310343741666685 10.0197052884792 0.414405765225
          7.146783795333333 10.0197052884792 0.414405765225
          7.5625332165 10.019705288479198 0.414405765225
          7.978282637666668 10.0197052884792 0.414405765225
          8.394032058833334 10.0197052884792 0.414405765225
          8.80978148 10.0197052884792 0.414405765225
          3.882636748333334 10.405779218099 0.414405765225
          3.434714500000001 10.405779218099 0.414405765225
          4.330558996666667 10.405779218099 0.414405765225
          4.778481245000001 10.405779218099 0.414405765225
          5.226403493333334 10.405779218099 0.414405765225
          5.674325741666667 10.405779218099 0.414405765225
          6.12224799 10.405779218099 0.414405765225
          6.5701702383333345 10.405779218099 0.414405765225
          7.018092486666667 10.405779218099 0.414405765225
          7.466014735 10.405779218099 0.414405765225
          7.9139369833333335 10.405779218099 0.414405765225
          8.361859231666667 10.405779218099 0.414405765225
          8.80978148 10.405779218099 0.414405765225
          4.012860890596639 2.25684732059619 0.414405765225
          4.397795172248749 1.7267728935841689 0.414405765225
          4.576987610856072 1.9956725602150018 0.414405765225
          4.206035639082834 2.450022069082449 0.414405765225
          4.791764732937311 1.2036581725409832 0.414405765225
          4.955684107517697 1.5472885136065573 0.414405765225
          5.271171129918223 0.7590481417703812 0.414405765225
          5.40761217814419 1.1661942015174693 0.414405765225
          5.834831660306147 0.427694283469537 0.414405765225
          5.931758077405269 0.8821766086881748 0.414405765225
          6.456474706667967 0.22504064832313508 0.414405765225
          6.505603276072544 0.7084734928484018 0.414405765225
          7.107126148210201 0.1605327065867117 0.414405765225
          7.104312813465888 0.6531809713600385 0.414405765225
          7.7564598137128336 0.23717710477058684 0.414405765225
          7.701892828539573 0.7188761698033601 0.414405765225
          8.37421095209459 0.45140152904591835 0.414405765225
          8.272402106081081 0.9024971048965016 0.414405765225
          8.93158684025089 0.7932212069903413 0.414405765225
          8.791161169143622 1.1954854002774358 0.414405765225
          9.40260878123446 1.2467042872040635 0.414405765225
          9.235902563200964 1.5841851833177691 0.414405765225
          9.765322943671634 1.7907144059477835 0.414405765225
          9.58780871850426 2.050479570812386 0.414405765225
          10.02839048685754 2.3904615531423974 0.414405765225
          9.854303485877892 2.564548554122055 0.414405765225
          4.756180049463393 2.264572226845834 0.414405765225
          4.399210387569028 2.643196817568707 0.414405765225
          5.119603482098079 1.890918854672131 0.414405765225
          5.544053226370161 1.573340261264558 0.414405765225
          6.02868449450439 1.3366589339068118 0.414405765225
          6.5547318454771215 1.191906337373668 0.414405765225
          7.101499478721572 1.1458292361333653 0.414405765225
          7.6473258433663105 1.2005752348361338 0.414405765225
          8.170593260067562 1.353592680747084 0.414405765225
          8.650735498036351 1.5977495935645294 0.414405765225
          9.069196345167473 1.921666079431474 0.414405765225
          9.410294493336881 2.310244735676989 0.414405765225
          9.680216484898244 2.7386355551017125 0.414405765225
          4.935372488070715 2.5334718934766673 0.414405765225
          4.592385136055222 2.8363715660549658 0.414405765225
          5.283522856678465 2.234549195737704 0.414405765225
          5.680494274596127 1.9804863210116466 0.414405765225
          6.125610911603514 1.7911412591254496 0.414405765225
          6.603860414881696 1.6753391818989343 0.414405765225
          7.0986861439772575 1.6384775009066925 0.414405765225
          7.592758858193049 1.682274299868908 0.414405765225
          8.068784414054052 1.8046882565976676 0.414405765225
          8.51030982692908 2.000013786851624 0.414405765225
          8.902490127133976 2.25914697554518 0.414405765225
          9.232780268169504 2.5700099005415904 0.414405765225
          9.506129483918595 2.91272255608137 0.414405765225
          5.114564926678036 2.802371560107501 0.414405765225
          4.785559884541417 3.0295463145412245 0.414405765225
          5.447442231258849 2.5781795368032783 0.414405765225
          5.816935322822094 2.387632380758734 0.414405765225
          6.222537328702634 2.245623584344089 0.414405765225
          6.652988984286273 2.1587720264242014 0.414405765225
          7.095872809232944 2.131125765680019 0.414405765225
          7.538191873019787 2.163973364901681 0.414405765225
          7.966975568040537 2.255783832448251 0.414405765225
          8.36988415582181 2.4022779801387184 0.414405765225
          8.735783909100483 2.596627871658885 0.414405765225
          9.055266043002126 2.829775065406193 0.414405765225
          9.332042482938945 3.0868095570610277 0.414405765225
          5.293757365285357 3.0712712267383333 0.414405765225
          4.978734633027612 3.2227210630274827 0.414405765225
          5.611361605839233 2.921809877868853 0.414405765225
          5.953376371048066 2.794778440505823 0.414405765225
          6.319463745801757 2.7001059095627253 0.414405765225
          6.7021175536908455 2.6422048709494668 0.414405765225
          7.093059474488628 2.6237740304533457 0.414405765225
          7.483624887846525 2.6456724299344536 0.414405765225
          7.865166722027026 2.7068794082988337 0.414405765225
          8.229458484714542 2.804542173425812 0.414405765225
          8.56907769106699 2.9341087677725897 0.414405765225
          8.877751817834755 3.089540230270795 0.414405765225
          9.157955481959297 3.260896558040685 0.414405765225
          5.472949803892679 3.3401708933691663 0.414405765225
          5.171909381513807 3.4158958115137414 0.414405765225
          5.775280980419616 3.265440218934427 0.414405765225
          6.089817419274034 3.201924500252912 0.414405765225
          6.416390162900878 3.154588234781363 0.414405765225
          6.7512461230954255 3.125637715474734 0.414405765225
          7.090246139744314 3.1164222952266734 0.414405765225
          7.4290579026732635 3.127371494967227 0.414405765225
          7.763357876013512 3.1579749841494165 0.414405765225
          8.08903281360727 3.2068063667129065 0.414405765225
          8.402371473033492 3.271589663886296 0.414405765225
          8.700237592667378 3.3493053951353984 0.414405765225
          8.983868480979648 3.434983559020343 0.414405765225
          9.059663856409589 4.818909764671889 0.414405765225
          9.074822931495572 5.095695005802203 0.414405765225
          9.044504781323605 4.542124523541579 0.414405765225
          9.029345706237615 4.2653392824112695 0.414405765225
          9.014186631151631 3.9885540412809597 0.414405765225
          8.999027556065645 3.7117688001506486 0.414405765225
          9.309546232819178 4.624626202677115 0.414405765225
          9.339864382991141 4.897372131604407 0.414405765225
          9.279228082647208 4.351880273749828 0.414405765225
          9.248909932475236 4.07913434482254 0.414405765225
          9.218591782303262 3.8063884158952526 0.414405765225
          9.188273632131285 3.533642486967965 0.414405765225
          9.559428609228771 4.430342640682338 0.414405765225
          9.604905834486713 4.69904925740661 0.414405765225
          9.513951383970813 4.161636023958074 0.414405765225
          9.468474158712853 3.89292940723381 0.414405765225
          9.42299693345489 3.6242227905095454 0.414405765225
          9.377519708196932 3.355516173785282 0.414405765225
          9.809310985638358 4.236059078687563 0.414405765225
          9.869947285982285 4.500726383208814 0.414405765225
          9.748674685294416 3.9713917741663214 0.414405765225
          9.688038384950469 3.70672446964508 0.414405765225
          9.627402084606526 3.4420571651238374 0.414405765225
          9.566765784262575 3.1773898606025974 0.414405765225
          10.059193362047957 4.041775516692787 0.414405765225
          10.134988737477856 4.302403509011018 0.414405765225
          9.983397986618021 3.7811475243745685 0.414405765225
          9.907602611188086 3.5205195320563503 0.414405765225
          9.83180723575815 3.259891539738132 0.414405765225
          9.75601186032822 2.999263547419914 0.414405765225
          10.309075738457544 3.847491954698011 0.414405765225
          10.400030188973426 4.104080634813222 0.414405765225
          10.218121287941624 3.5909032745828156 0.414405765225
          10.127166837425705 3.334314594467621 0.414405765225
          10.036212386909783 3.077725914352425 0.414405765225
          9.945257936393865 2.82113723423723 0.414405765225
          10.558958114867133 3.6532083927032355 0.414405765225
          10.665071640468998 3.9057577606154257 0.414405765225
          10.452844589265228 3.400659024791063 0.414405765225
          10.34673106366332 3.1481096568788907 0.414405765225
          10.240617538061413 2.8955602889667174 0.414405765225
          10.134504012459507 2.6430109210545454 0.414405765225
          10.644447487221 9.908492419828 0.414405765225
          10.644447487221 10.03281411939575 0.414405765225
          10.416349950975876 10.018049603579083 0.414405765225
          10.493206272829255 9.888806398739113 0.414405765225
          10.644447487221 10.1571358189635 0.414405765225
          10.3394936291225 10.147292808419055 0.414405765225
          10.644447487221 10.28145751853125 0.414405765225
          10.262637307269125 10.276536013259026 0.414405765225
          10.644447487221 10.405779218099 0.414405765225
          10.18578098541575 10.405779218099 0.414405765225
          10.195811524031184 9.974739973017746 0.414405765225
          10.352043870838079 9.831060224657328 0.414405765225
          10.039579177224292 10.118419721378162 0.414405765225
          9.883346830417395 10.26209946973858 0.414405765225
          9.7271144836105 10.405779218099 0.414405765225
          9.989887571751803 9.905771409519527 0.414405765225
          10.230367435067315 9.739102139993038 0.414405765225
          9.74940770843628 10.072440679046018 0.414405765225
          9.508927845120768 10.239109948572509 0.414405765225
          9.26844798180525 10.405779218099 0.414405765225
          9.804659541453365 9.815740022787931 0.414405765225
          10.13628556193782 9.619060291017576 0.414405765225
          9.47303352096891 10.012419754558287 0.414405765225
          9.141407500484455 10.209099486328643 0.414405765225
          9.76836065864331 9.641865865998318 0.414405765225
          10.087887051524415 9.515919391838024 0.414405765225
          9.448834265762208 9.767812340158613 0.414405765225
          9.129307872881101 9.893758814318906 0.414405765225
          9.747584439049973 9.46246277734967 0.414405765225
          10.060185425399963 9.40540658351309 0.414405765225
          9.434983452699981 9.519518971186244 0.414405765225
          9.122382466349988 9.576575165022822 0.414405765225
          9.74310349061546 9.280612997322502 0.414405765225
          10.054210827487282 9.291631520016802 0.414405765225
          9.43199615374364 9.2695944746282 0.414405765225
          9.120888816871823 9.258575951933896 0.414405765225
          9.75508444694379 9.099489751823366 0.414405765225
          10.070185435925058 9.17882516922456 0.414405765225
          9.439983457962528 9.02015433442218 0.414405765225
          9.124882468981268 8.94081891702099 0.414405765225
          9.783081770675693 8.922239249026168 0.414405765225
          10.107515200900924 9.071182475368223 0.414405765225
          9.458648340450463 8.77329602268411 0.414405765225
          9.13421491022523 8.624352796342055 0.414405765225
          9.936185979758674 8.768325410217592 0.414405765225
          10.172396132263836 8.962399030277073 0.414405765225
          9.699975827253516 8.574251790158112 0.414405765225
          9.463765674748354 8.380178170098631 0.414405765225
          9.227555522243195 8.18610455003915 0.414405765225
          10.10556248072407 8.626658660773545 0.414405765225
          10.258973452803291 8.86994503767196 0.414405765225
          9.95215150864484 8.383372283875126 0.414405765225
          9.798740536565617 8.140085906976713 0.414405765225
          9.645329564486392 7.8967995300783 0.414405765225
          10.28822682830882 8.500426023329515 0.414405765225
          10.363267902168566 8.79806986106687 0.414405765225
          10.213185754449077 8.202782185592158 0.414405765225
          10.138144680589331 7.905138347854805 0.414405765225
          10.063103606729587 7.60749451011745 0.414405765225
          10.480583842234426 8.39210513901615 0.414405765225
          10.480485906654975 8.750077021969332 0.414405765225
          10.480681777813878 8.034133256062963 0.414405765225
          10.480779713393334 7.6761613731097835 0.414405765225
          10.480877648972783 7.3181894901566 0.414405765225
          10.678592848614777 8.303350390302345 0.414405765225
          10.605239901081049 8.72817236367121 0.414405765225
          10.751945796148513 7.878528416933478 0.414405765225
          10.825298743682247 7.453706443564612 0.414405765225
          10.898651691215978 7.02888447019575 0.414405765225
          10.87795339710802 8.234916862391579 0.414405765225
          10.731795951657634 8.733362666443806 0.414405765225
          11.02411084255841 7.736471058339353 0.414405765225
          11.170268288008792 7.238025254287127 0.414405765225
          11.316425733459175 6.739579450234899 0.414405765225
          11.074302917894485 8.186625638052098 0.414405765225
          10.854337298625191 8.765409373978114 0.414405765225
          11.29426853716378 7.607841902126082 0.414405765225
          11.514234156433076 7.029058166200066 0.414405765225
          11.73419977570237 6.45027443027405 0.414405765225
          11.218055720614919 8.346768839270101 0.414405765225
          10.985693066693846 8.835385277441858 0.414405765225
          11.450418374535996 7.858152401098344 0.414405765225
          11.682781028457075 7.36953596292659 0.414405765225
          11.915143682378147 6.880919524754831 0.414405765225
          11.34556712289986 8.529866656285044 0.414405765225
          11.095393634181844 8.93596733530152 0.414405765225
          11.595740611617877 8.12376597726857 0.414405765225
          11.845914100335898 7.717665298252095 0.414405765225
          12.096087589053909 7.31156461923562 0.414405765225
          11.451615985043045 8.731131939968583 0.414405765225
          11.176477481480836 9.060772682052638 0.414405765225
          11.726754488605252 8.401491197884521 0.414405765225
          12.001892992167463 8.071850455800467 0.414405765225
          12.27703149572967 7.742209713716408 0.414405765225
          11.525338470426327 8.947087784800832 0.414405765225
          11.223799085592914 9.201881259590412 0.414405765225
          11.826877855259749 8.692294310011249 0.414405765225
          12.128417240093167 8.437500835221671 0.414405765225
          12.42995662492658 8.18270736043209 0.414405765225
          11.543691092171395 9.174428475747618 0.414405765225
          11.234355451342497 9.350338418436444 0.414405765225
          11.853026733000302 8.998518533058785 0.414405765225
          12.162362373829207 8.822608590369956 0.414405765225
          12.47169801465811 8.646698647681129 0.414405765225
          11.504316689127744 9.399087240295719 0.414405765225
          11.207476679303879 9.496723173394665 0.414405765225
          11.801156698951623 9.301451307196773 0.414405765225
          12.097996708775488 9.203815374097823 0.414405765225
          12.394836718599354 9.106179440998877 0.414405765225
          11.40974176512571 9.606641010561734 0.414405765225
          11.144868477140015 9.631746052538503 0.414405765225
          11.674615053111417 9.58153596858497 0.414405765225
          11.939488341097118 9.5564309266082 0.414405765225
          12.204361629082817 9.531325884631432 0.414405765225
          11.266036950457488 9.78376462223506 0.414405765225
          11.050503916613325 9.746838600460109 0.414405765225
          11.48156998430165 9.820690644010012 0.414405765225
          11.697103018145814 9.857616665784965 0.414405765225
          11.912636051989978 9.894542687559916 0.414405765225
          11.082427287123004 9.919086412551923 0.414405765225
          10.930371305291242 9.834697126326528 0.414405765225
          11.234483268954769 10.003475698777322 0.414405765225
          11.386539250786534 10.08786498500272 0.414405765225
          11.538595232618297 10.17225427122812 0.414405765225
          10.870699957588974 10.003918394873608 0.414405765225
          10.79209417282792 9.889746190879915 0.414405765225
          10.949305742350024 10.1180905988673 0.414405765225
          11.027911527111078 10.232262802860996 0.414405765225
          11.10651731187213 10.346435006854685 0.414405765225
          9.807012168084464 6.300011315210297 0.414405765225
          9.557704496063348 6.843860878907723 0.414405765225
          9.455561434488441 6.648624306987566 0.414405765225
          9.670821419317917 6.216439868761199 0.414405765225
          9.308396824042232 7.387710442605148 0.414405765225
          9.24030144965896 7.0808087452139326 0.414405765225
          9.059089152021116 7.931560006302574 0.414405765225
          9.02504146482948 7.512993183440302 0.414405765225
          9.371339801411512 6.430810665857722 0.414405765225
          9.558525908548683 6.10276566336585 0.414405765225
          9.184153694274341 6.758855668349591 0.414405765225
          8.99696758713717 7.086900670841462 0.414405765225
          9.309912234338753 6.195352416245254 0.414405765225
          9.476622485785006 5.965565313327005 0.414405765225
          9.143201982892503 6.425139519163504 0.414405765225
          8.97649173144625 6.654926622081751 0.414405765225
          9.274832621461323 5.948202846637669 0.414405765225
          9.429849668615102 5.812776536628003 0.414405765225
          9.119815574307552 6.083629156647336 0.414405765225
          8.964798527153775 6.219055466657002 0.414405765225
          9.268130491668234 5.695991646136234 0.414405765225
          9.420913495557643 5.653238918737202 0.414405765225
          9.11534748777882 5.738744373535267 0.414405765225
          8.962564483889413 5.781497100934301 0.414405765225
          9.29019359627475 5.445641344192558 0.414405765225
          9.450330968366336 5.496182498923411 0.414405765225
          9.130056224183168 5.395100189461705 0.414405765225
          8.969918852091585 5.344559034730852 0.414405765225
          9.402030273483295 5.293590501626417 0.414405765225
          9.5110993874792 5.359555666901154 0.414405765225
          9.292961159487385 5.227625336351678 0.414405765225
          9.18389204549148 5.161660171076942 0.414405765225
          9.535631005449947 5.154329230922236 0.414405765225
          9.600886546269551 5.239981597361512 0.414405765225
          9.470375464630347 5.06867686448296 0.414405765225
          9.405119923810744 4.983024498043683 0.414405765225
          9.687583901523851 5.032401318245494 0.414405765225
          9.715143257202895 5.143518671858454 0.414405765225
          9.660024545844804 4.921283964632532 0.414405765225
          9.632465190165757 4.8101666110195715 0.414405765225
          9.85354723390021 4.931472331792278 0.414405765225
          9.848080549872854 5.075054314653435 0.414405765225
          9.859013917927568 4.787890348931125 0.414405765225
          9.864480601954927 4.6443083660699696 0.414405765225
          10.02846941711711 4.854143900831334 0.414405765225
          9.992962976996862 5.03805736477144 0.414405765225
          10.063975857237358 4.670230436891228 0.414405765225
          10.099482297357607 4.4863169729511245 0.414405765225
          10.206844953448144 4.801821900647204 0.414405765225
          10.142449874939713 5.034402322591863 0.414405765225
          10.27124003195657 4.569241478702543 0.414405765225
          10.335635110464997 4.336661056757881 0.414405765225
          10.382993376372358 4.7746452219722375 0.414405765225
          10.288967288340144 5.064274375757841 0.414405765225
          10.47701946440457 4.485016068186633 0.414405765225
          10.571045552436784 4.19538691440103 0.414405765225
          10.529745269315962 4.915879264464936 0.414405765225
          10.433725615349065 5.131418971954844 0.414405765225
          10.625764923282862 4.700339556975027 0.414405765225
          10.72178457724976 4.484799849485121 0.414405765225
          10.81780423121666 4.269260141995213 0.414405765225
          10.661356130750711 5.081550634754714 0.414405765225
          10.558295900346184 5.2311466718812785 0.414405765225
          10.76441636115523 4.931954597628147 0.414405765225
          10.867476591559758 4.782358560501583 0.414405765225
          10.970536821964282 4.632762523375018 0.414405765225
          10.772435257772045 5.267343677613911 0.414405765225
          10.655490539458757 5.357703268566939 0.414405765225
          10.88937997608533 5.176984086660882 0.414405765225
          11.006324694398613 5.086624495707852 0.414405765225
          11.123269412711903 4.996264904754823 0.414405765225
          10.858776611809988 5.467781733714341 0.414405765225
          10.71970148126014 5.503786549574246 0.414405765225
          10.997851742359831 5.431776917854437 0.414405765225
          11.136926872909678 5.395772101994533 0.414405765225
          11.276002003459523 5.359767286134628 0.414405765225
          10.917601503625114 5.676543138404989 0.414405765225
          10.74722380676444 5.660967628701842 0.414405765225
          11.08797920048579 5.692118648108137 0.414405765225
          11.258356897346466 5.707694157811285 0.414405765225
          11.428734594207144 5.723269667514433 0.414405765225
          10.947718921412015 5.886825976607817 0.414405765225
          10.736469500231102 5.820177285845675 0.414405765225
          11.158968342592933 5.953474667369958 0.414405765225
          11.370217763773852 6.020123358132095 0.414405765225
          11.581467184954764 6.086772048894238 0.414405765225
          10.949594251209327 6.091740547771714 0.414405765225
          10.688059076378313 5.972229253604269 0.414405765225
          11.21112942604034 6.211251841939159 0.414405765225
          11.472664600871356 6.330763136106604 0.414405765225
          10.787657900577626 6.25978113757728 0.414405765225
          10.611401956283784 6.099848366691405 0.414405765225
          10.96391384487148 6.4197139084631525 0.414405765225
          11.140169789165327 6.579646679349025 0.414405765225
          10.605850761561564 6.4126153396335965 0.414405765225
          10.508250451676762 6.207192296112878 0.414405765225
          10.703451071446368 6.618038383154314 0.414405765225
          10.801051381331176 6.823461426675033 0.414405765225
          10.408058077573552 6.546200001140944 0.414405765225
          10.383784887107142 6.288870171469059 0.414405765225
          10.432331268039963 6.803529830812831 0.414405765225
          10.456604458506375 7.060859660484715 0.414405765225
          10.198967894771119 6.657458691674221 0.414405765225
          10.244255990784964 6.340780085526481 0.414405765225
          10.153679798757274 6.974137297821965 0.414405765225
          10.10839170274343 7.290815903969707 0.414405765225
          9.983835625834313 6.744436203188735 0.414405765225
          10.096670979616952 6.360315094225545 0.414405765225
          9.87100027205167 7.128557312151921 0.414405765225
          9.758164918269031 7.512678421115112 0.414405765225
          9.768220120288385 6.806396741629426 0.414405765225
          9.948441652970113 6.346494138826185 0.414405765225
          9.58799858760665 7.266299344432667 0.414405765225
          9.407777054924923 7.726201947235909 0.414405765225
          1.807300674969218 5.294017880000455 0.414405765225
          2.1748940442404616 4.787822786766415 0.414405765225
          2.630635485063253 4.820018578180735 0.414405765225
          2.3155554542593295 5.29401788000039 0.414405765225
          2.5424874135116977 4.2816276935323705 0.414405765225
          2.9457155158671684 4.346019276361079 0.414405765225
          2.9100807827829334 3.775432600298326 0.414405765225
          3.260795546671087 3.872019974541423 0.414405765225
          3.277674152054169 3.2692375070642807 0.414405765225
          3.575875577475001 3.398020672721764 0.414405765225
          3.6452675213254047 2.7630424138302363 0.414405765225
          3.890955608278919 2.9240213709021075 0.414405765225
          3.086376925886044 4.852214369595059 0.414405765225
          2.8238102335494415 5.294017880000324 0.414405765225
          3.348943618222641 4.4104108591897875 0.414405765225
          3.611510310559238 3.9686073487845186 0.414405765225
          3.874077002895835 3.5268038383792475 0.414405765225
          4.136643695232433 3.0850003279739777 0.414405765225
          3.542118366708835 4.884410161009379 0.414405765225
          3.3320650128395535 5.2940178800002595 0.414405765225
          3.7521717205781133 4.474802442018496 0.414405765225
          3.9622250744473906 4.065194723027615 0.414405765225
          4.172278428316668 3.6555870040367306 0.414405765225
          4.382331782185944 3.2459792850458493 0.414405765225
          3.997859807531627 4.916605952423701 0.414405765225
          3.840319792129665 5.294017880000195 0.414405765225
          4.1553998229335845 4.539194024847205 0.414405765225
          4.312939838335544 4.161782097270711 0.414405765225
          4.470479853737501 3.784370169694216 0.414405765225
          4.62801986913946 3.406958242117721 0.414405765225
          4.453601248354418 4.948801743838024 0.414405765225
          4.3485745714197765 5.29401788000013 0.414405765225
          4.558627925289057 4.603585607675915 0.414405765225
          4.663654602223696 4.258369471513808 0.414405765225
          4.768681279158335 3.9131533353517 0.414405765225
          4.873707956092974 3.5679371991895907 0.414405765225
          4.90934268917721 4.980997535252344 0.414405765225
          4.856829350709889 5.294017880000064 0.414405765225
          4.961856027644529 4.667977190504624 0.414405765225
          5.014369366111849 4.354956845756903 0.414405765225
          5.066882704579167 4.0419365010091814 0.414405765225
          5.119396043046488 3.7289161562614628 0.414405765225
          4.518997429358964 7.866837294009387 0.414405765225
          4.688214769487171 7.9885517492075095 0.414405765225
          4.484259801482072 8.210060174453794 0.414405765225
          4.360572200852591 8.047204343162296 0.414405765225
          4.857432109615378 8.110266204405633 0.414405765225
          4.607947402111554 8.372916005745296 0.414405765225
          5.026649449743586 8.231980659603755 0.414405765225
          4.731635002741037 8.535771837036798 0.414405765225
          5.195866789871793 8.353695114801877 0.414405765225
          4.855322603370517 8.698627668328298 0.414405765225
          4.254823491872625 8.40437464352342 0.414405765225
          4.170295295340781 8.193578947094379 0.414405765225
          4.339351688404469 8.615170339952467 0.414405765225
          4.423879884936312 8.825966036381512 0.414405765225
          4.508408081468156 9.036761732810552 0.414405765225
          4.005637549153644 8.567085916322188 0.414405765225
          3.955331348442055 8.300449555687885 0.414405765225
          4.055943749865234 8.83372227695649 0.414405765225
          4.106249950576823 9.100358637590794 0.414405765225
          4.156556151288411 9.366994998225097 0.414405765225
          3.7431773292134607 8.694974731040707 0.414405765225
          3.723774555016825 8.363792091681086 0.414405765225
          3.7625801034100954 9.02615737040033 0.414405765225
          3.7819828776067306 9.357340009759955 0.414405765225
          3.8013856518033653 9.688522649119573 0.414405765225
          3.4744180140182634 8.786133021376042 0.414405765225
          3.484343892522829 8.381221472195302 0.414405765225
          3.464492135513698 9.19104457055678 0.414405765225
          3.454566257009132 9.59595611973752 0.414405765225
          3.4446403785045665 10.000867668918259 0.414405765225
          4.389461237201505 6.269640776741494 0.414405765225
          4.584585815761204 6.074516197393195 0.414405765225
          4.72821202913924 6.362602671302881 0.414405765225
          4.56899400392405 6.497190882045267 0.414405765225
          4.779710394320904 5.879391618044896 0.414405765225
          4.887430054354431 6.228014460560494 0.414405765225
          4.974834972880602 5.684267038696597 0.414405765225
          5.04664807956962 6.093426249818106 0.414405765225
          5.169959551440302 5.489142459348298 0.414405765225
          5.2058661047848105 5.958838039075719 0.414405765225
          4.825540793312688 6.679110917620549 0.414405765225
          4.6906549591408595 6.760268202859021 0.414405765225
          4.960426627484514 6.597953632382079 0.414405765225
          5.095312461656343 6.5167963471436074 0.414405765225
          5.230198295828172 6.435639061905137 0.414405765225
          4.871229776133312 7.0124887795679705 0.414405765225
          4.74776618766664 7.044432543209962 0.414405765225
          4.994693364599984 6.980545015925976 0.414405765225
          5.118156953066656 6.948601252283985 0.414405765225
          5.241620541533329 6.916657488641991 0.414405765225
          4.86277112985625 7.350258134742319 0.414405765225
          4.737192879820314 7.334086250094565 0.414405765225
          4.9883493798921865 7.366430019390073 0.414405765225
          5.113927629928126 7.382601904037825 0.414405765225
          5.239505879964064 7.3987737886855784 0.414405765225
          4.800629145776277 7.6796998136500925 0.414405765225
          4.659515399720347 7.613330361645949 0.414405765225
          4.941742891832208 7.746069265654238 0.414405765225
          5.082856637888138 7.812438717658379 0.414405765225
          5.223970383944071 7.878808169662522 0.414405765225
          2.675716944535658 6.2351992925111634 0.414405765225
          2.50203369062237 6.046963010009022 0.414405765225
          2.777451247896998 5.918695533733178 0.414405765225
          2.892925196306415 6.074864947166375 0.414405765225
          2.328350436709082 5.85872672750688 0.414405765225
          2.6619772994875808 5.76252612029998 0.414405765225
          2.154667182795794 5.670490445004738 0.414405765225
          2.546503351078163 5.606356706866785 0.414405765225
          1.9809839288825062 5.4822541625025965 0.414405765225
          2.431029402668747 5.450187293433586 0.414405765225
          3.0765550923199476 5.8311756272237645 0.414405765225
          3.139741307012575 5.965465064029624 0.414405765225
          3.0133688776273218 5.696886190417905 0.414405765225
          2.9501826629346954 5.562596753612044 0.414405765225
          2.8869964482420682 5.428307316806184 0.414405765225
          3.3899422780246646 5.788571094502973 0.414405765225
          3.4044115943209423 5.912209398128651 0.414405765225
          3.375472961728387 5.6649327908772955 0.414405765225
          3.361003645432109 5.5412944872516166 0.414405765225
          3.346534329135831 5.41765618362594 0.414405765225
          3.70752966912133 5.7929108150557 0.414405765225
          3.6743321383692455 5.917634048819576 0.414405765225
          3.7407271998734144 5.668187581291823 0.414405765225
          3.773924730625497 5.543464347527946 0.414405765225
          3.807122261377581 5.41874111376407 0.414405765225
          4.0190341108487075 5.8439881261294815 0.414405765225
          3.9366489957059403 5.98148068766182 0.414405765225
          4.101419225991474 5.7064955645971445 0.414405765225
          4.183804341134242 5.569003003064806 0.414405765225
          4.266189456277008 5.431510441532468 0.414405765225
          4.314462125867065 5.939370664265234 0.414405765225
          4.17887031965636 6.100708860331524 0.414405765225
          4.450053932077772 5.77803246819894 0.414405765225
          4.585645738288477 5.616694272132646 0.414405765225
          4.721237544499184 5.455356076066358 0.414405765225
          2.5026039238513684 7.855977811018245 0.414405765225
          2.0657947743351395 8.163080949577095 0.414405765225
          1.9339050135244062 7.900968061995464 0.414405765225
          2.3916748672068593 7.663523322892063 0.414405765225
          1.6289856248189105 8.470184088135946 0.414405765225
          1.4761351598419559 8.138412801098868 0.414405765225
          1.1921764753026816 8.777287226694797 0.414405765225
          1.0183653061595037 8.375857540202272 0.414405765225
          0.7553673257864526 9.084390365253649 0.414405765225
          0.5605954524770517 8.613302279305675 0.414405765225
          0.31855817627022365 9.3914935038125 0.414405765225
          0.10282559879459985 8.850747018409077 0.414405765225
          1.8634729288184415 7.617666442121672 0.414405765225
          2.316950279684513 7.454333883322168 0.414405765225
          1.4099955779523705 7.78099900092118 0.414405765225
          0.9565182270862991 7.944331559720686 0.414405765225
          0.5030408762202276 8.10766411852019 0.414405765225
          0.0495635253541562 8.270996677319697 0.414405765225
          1.8573031870306256 7.328121831862759 0.414405765225
          2.280839239717584 7.235153641510872 0.414405765225
          1.4337671343436678 7.4210900222146465 0.414405765225
          1.01023108165671 7.514058212566531 0.414405765225
          0.5866950289697519 7.607026402918421 0.414405765225
          0.16315897628279386 7.699994593270306 0.414405765225
          1.9144558387473034 7.047393530123355 0.414405765225
          2.28450594680815 7.013048844473381 0.414405765225
          1.5444057306864576 7.081738215773328 0.414405765225
          1.1743556226256118 7.116082901423304 0.414405765225
          0.8043055145647653 7.150427587073278 0.414405765225
          0.434255406503919 7.184772272723251 0.414405765225
          2.017769095439019 6.778560755093394 0.414405765225
          2.327832188393712 6.795180025231104 0.414405765225
          1.7077060024843256 6.761941484955683 0.414405765225
          1.397642909529632 6.745322214817972 0.414405765225
          1.0875798165749389 6.728702944680263 0.414405765225
          0.7775167236202456 6.712083674542553 0.414405765225
          2.1516925289099813 6.518735936294326 0.414405765225
          2.4094211509533334 6.588571151277444 0.414405765225
          1.8939639068666292 6.448900721311208 0.414405765225
          1.6362352848232762 6.37906550632809 0.414405765225
          1.378506662779924 6.309230291344973 0.414405765225
          1.120778040736572 6.239395076361856 0.414405765225
          2.3141218335589318 6.273247836307401 0.414405765225
          2.52664245248544 6.399883175838961 0.414405765225
          2.101601214632423 6.146612496775841 0.414405765225
          1.8890805957059151 6.019977157244277 0.414405765225
          1.6765599767794073 5.8933418177127175 0.414405765225
          1.464039357852899 5.766706478181158 0.414405765225
          3.2052726559007003 8.770423358872897 0.414405765225
          3.2930607145400406 8.361584394066371 0.414405765225
          3.1174845972613614 9.179262323679422 0.414405765225
          3.0296965386220216 9.588101288485948 0.414405765225
          2.941908479982682 9.996940253292475 0.414405765225
          2.8541204213433433 10.405779218099 0.414405765225
          2.9404100410890535 8.731190739717382 0.414405765225
          3.107130965689646 8.312543620121973 0.414405765225
          2.7736891164884625 9.149837859312786 0.414405765225
          2.6069681918878698 9.56848497890819 0.414405765225
          2.440247267287278 9.987132098503594 0.414405765225
          2.2735263426866856 10.405779218099 0.414405765225
          2.6838718827524377 8.662194259230375 0.414405765225
          2.931046325004063 8.23528387425606 0.414405765225
          2.4366974405008124 9.089104644204689 0.414405765225
          2.189522998249187 9.516015029179002 0.414405765225
          1.942348555997563 9.942925414153319 0.414405765225
          1.6951741137459369 10.36983579912763 0.414405765225
          2.4448603678285887 8.541623909116243 0.414405765225
          2.769060634019618 8.131671592489235 0.414405765225
          2.1206601016375575 8.951576225743253 0.414405765225
          1.7964598354465267 9.36152854237026 0.414405765225
          1.4722595692554963 9.77148085899727 0.414405765225
          1.148059303064466 10.181433175624278 0.414405765225
          2.235348668201382 8.372613389160753 0.414405765225
          2.6250871327436 8.004209833726222 0.414405765225
          1.845610203659163 8.741016944595286 0.414405765225
          1.4558717391169445 9.109420500029817 0.414405765225
          1.0661332745747256 9.477824055464346 0.414405765225
          0.6763948100325072 9.846227610898877 0.414405765225
          6.63849333 5.294017879999999 0.414405765225
          6.713316575 5.294017879999999 0.414405765225
          6.713316575 5.612014961666668 0.41440576522500006
          6.63849333 5.612014961666667 0.414405765225
          6.7881398200000005 5.294017879999999 0.414405765225
          6.788139820000001 5.6120149616666675 0.41440576522499983
          6.862963065000001 5.294017879999999 0.414405765225
          6.862963065000001 5.612014961666667 0.4144057652250001
          6.93778631 5.294017879999999 0.414405765225
          6.937786309999999 5.6120149616666675 0.41440576522499994
          7.012609555 5.294017879999999 0.414405765225
          7.012609554999999 5.612014961666668 0.414405765225
          7.0874328 5.294017879999999 0.414405765225
          7.0874328 5.6120149616666675 0.41440576522500006
          7.162256045 5.294017879999999 0.414405765225
          7.162256045 5.612014961666667 0.4144057652249999
          7.2370792900000005 5.294017879999999 0.414405765225
          7.2370792900000005 5.612014961666667 0.41440576522500006
          7.311902535 5.294017879999999 0.414405765225
          7.311902535 5.612014961666667 0.414405765225
          7.38672578 5.294017879999999 0.414405765225
          7.386725780000001 5.6120149616666675 0.41440576522499994
          7.461549025 5.294017879999999 0.414405765225
          7.461549025 5.612014961666668 0.41440576522500006
          7.53637227 5.294017879999999 0.414405765225
          7.53637227 5.612014961666667 0.414405765225
          6.713316575000001 5.930012043333331 0.414405765225
          6.63849333 5.930012043333333 0.414405765225
          6.788139820000001 5.930012043333332 0.41440576522499994
          6.8629630650000015 5.930012043333333 0.4144057652250001
          6.937786309999998 5.930012043333332 0.4144057652250001
          7.012609555000002 5.930012043333333 0.41440576522499994
          7.087432800000002 5.930012043333333 0.41440576522499994
          7.1622560449999995 5.930012043333333 0.41440576522500006
          7.23707929 5.930012043333333 0.4144057652250001
          7.311902534999999 5.930012043333333 0.4144057652250001
          7.386725780000001 5.930012043333333 0.41440576522499994
          7.461549025 5.930012043333333 0.41440576522500006
          7.53637227 5.930012043333333 0.414405765225
          6.713316575 6.248009124999999 0.41440576522500006
          6.63849333 6.248009124999999 0.414405765225
          6.7881398200000005 6.2480091249999985 0.41440576522499994
          6.862963065000001 6.2480091249999985 0.41440576522500006
          6.93778631 6.248009124999999 0.41440576522499994
          7.012609555000001 6.248009124999999 0.41440576522500006
          7.0874328 6.248009124999999 0.414405765225
          7.162256045 6.2480091249999985 0.41440576522499994
          7.2370792900000005 6.248009124999999 0.41440576522500006
          7.311902535 6.248009124999999 0.414405765225
          7.386725780000001 6.248009124999999 0.41440576522500006
          7.461549025 6.248009124999999 0.414405765225
          7.53637227 6.248009124999999 0.414405765225
          6.713316575000001 6.566006206666665 0.414405765225
          6.63849333 6.566006206666667 0.414405765225
          6.788139820000001 6.566006206666666 0.4144057652249999
          6.862963065000001 6.566006206666666 0.4144057652250001
          6.937786309999999 6.566006206666666 0.414405765225
          7.012609555000001 6.566006206666666 0.414405765225
          7.0874328 6.566006206666667 0.41440576522499994
          7.162256044999999 6.566006206666665 0.41440576522499983
          7.2370792900000005 6.566006206666665 0.4144057652250001
          7.311902535 6.566006206666665 0.41440576522499994
          7.386725780000001 6.566006206666665 0.41440576522499994
          7.461549025 6.566006206666666 0.414405765225
          7.53637227 6.566006206666667 0.414405765225
          6.713316575 6.884003288333335 0.41440576522499994
          6.63849333 6.884003288333334 0.414405765225
          6.7881398200000005 6.884003288333334 0.41440576522499983
          6.8629630650000015 6.884003288333334 0.41440576522500006
          6.93778631 6.884003288333334 0.41440576522499994
          7.012609554999997 6.884003288333335 0.41440576522499994
          7.0874328 6.884003288333334 0.41440576522499994
          7.162256045000001 6.884003288333334 0.4144057652249999
          7.2370792900000005 6.884003288333334 0.41440576522499983
          7.311902535 6.884003288333334 0.41440576522500006
          7.386725780000001 6.884003288333334 0.41440576522499983
          7.461549025 6.884003288333335 0.4144057652249999
          7.53637227 6.884003288333334 0.414405765225
          6.713316575 7.20200037 0.414405765225
          6.63849333 7.20200037 0.414405765225
          6.7881398200000005 7.20200037 0.414405765225
          6.862963065000001 7.20200037 0.414405765225
          6.93778631 7.20200037 0.414405765225
          7.012609555 7.20200037 0.414405765225
          7.0874328 7.20200037 0.414405765225
          7.162256045 7.20200037 0.414405765225
          7.2370792900000005 7.20200037 0.414405765225
          7.311902535 7.20200037 0.414405765225
          7.38672578 7.20200037 0.414405765225
          7.461549025 7.20200037 0.414405765225
          7.53637227 7.20200037 0.414405765225
          6.63849333 4.88247977 0.414405765225
          6.713316575 4.88247977 0.414405765225
          6.713316575 4.951069455000002 0.41440576522500006
          6.63849333 4.951069455 0.414405765225
          6.7881398200000005 4.88247977 0.414405765225
          6.788139820000001 4.951069455 0.41440576522499983
          6.862963065000001 4.88247977 0.414405765225
          6.862963065000001 4.951069455 0.4144057652250001
          6.93778631 4.88247977 0.414405765225
          6.937786309999999 4.951069455 0.41440576522499994
          7.012609555 4.88247977 0.414405765225
          7.012609554999999 4.951069455000001 0.414405765225
          7.0874328 4.88247977 0.414405765225
          7.0874328 4.951069455 0.41440576522500006
          7.162256045 4.88247977 0.414405765225
          7.162256045 4.951069455 0.4144057652249999
          7.2370792900000005 4.88247977 0.414405765225
          7.2370792900000005 4.951069455 0.41440576522500006
          7.311902535 4.88247977 0.414405765225
          7.311902535 4.951069455 0.414405765225
          7.38672578 4.88247977 0.414405765225
          7.386725780000001 4.951069455 0.41440576522499994
          7.461549025 4.88247977 0.414405765225
          7.461549025 4.951069455 0.41440576522500006
          7.53637227 4.88247977 0.414405765225
          7.53637227 4.951069455 0.414405765225
          6.713316575000001 5.019659139999998 0.414405765225
          6.63849333 5.01965914 0.414405765225
          6.788139820000001 5.01965914 0.41440576522499994
          6.8629630650000015 5.01965914 0.4144057652250001
          6.937786309999998 5.01965914 0.4144057652250001
          7.012609555000002 5.01965914 0.41440576522499994
          7.087432800000002 5.01965914 0.41440576522499994
          7.1622560449999995 5.01965914 0.41440576522500006
          7.23707929 5.01965914 0.4144057652250001
          7.311902534999999 5.01965914 0.4144057652250001
          7.386725780000001 5.01965914 0.41440576522499994
          7.461549025 5.01965914 0.41440576522500006
          7.53637227 5.01965914 0.414405765225
          6.713316575 5.088248824999999 0.41440576522500006
          6.63849333 5.088248824999999 0.414405765225
          6.7881398200000005 5.088248824999999 0.41440576522499994
          6.862963065000001 5.088248824999999 0.41440576522500006
          6.93778631 5.088248824999999 0.41440576522499994
          7.012609555000001 5.088248824999999 0.41440576522500006
          7.0874328 5.088248824999999 0.414405765225
          7.162256045 5.088248824999999 0.41440576522499994
          7.2370792900000005 5.088248824999999 0.41440576522500006
          7.311902535 5.088248824999999 0.414405765225
          7.386725780000001 5.088248824999999 0.41440576522500006
          7.461549025 5.088248824999999 0.414405765225
          7.53637227 5.088248824999999 0.414405765225
          6.713316575000001 5.156838509999999 0.414405765225
          6.63849333 5.156838509999999 0.414405765225
          6.788139820000001 5.156838509999998 0.4144057652249999
          6.862963065000001 5.156838509999999 0.4144057652250001
          6.937786309999999 5.15683851 0.414405765225
          7.012609555000001 5.156838509999999 0.414405765225
          7.0874328 5.156838509999999 0.41440576522499994
          7.162256044999999 5.156838509999998 0.41440576522499983
          7.2370792900000005 5.156838509999998 0.4144057652250001
          7.311902535 5.156838509999998 0.41440576522499994
          7.386725780000001 5.156838509999998 0.41440576522499994
          7.461549025 5.156838509999999 0.414405765225
          7.53637227 5.156838509999999 0.414405765225
          6.713316575 5.225428195 0.41440576522499994
          6.63849333 5.225428194999999 0.414405765225
          6.7881398200000005 5.225428195000001 0.41440576522499983
          6.8629630650000015 5.225428194999999 0.41440576522500006
          6.93778631 5.225428194999998 0.41440576522499994
          7.012609554999997 5.225428194999999 0.41440576522499994
          7.0874328 5.225428194999999 0.41440576522499994
          7.162256045000001 5.225428194999999 0.4144057652249999
          7.2370792900000005 5.225428194999999 0.41440576522499983
          7.311902535 5.225428194999999 0.41440576522500006
          7.386725780000001 5.225428194999999 0.41440576522499983
          7.461549025 5.225428194999999 0.4144057652249999
          7.53637227 5.225428194999999 0.414405765225
          7.774458377774343 7.440086477774342 0.414405765225
          7.673048637933842 7.490207518905725 0.41440576522499994
          7.561492013895503 7.523530131860021 0.41440576522500006
          7.444110117666952 7.538112076414951 0.41440576522499994
          7.325224983820492 7.5387049712285 0.41440576522499994
          7.206328892044286 7.538704971228501 0.41440576522499994
          7.087432800268081 7.538704971228502 0.414405765225
          6.968536708491876 7.5387049712284995 0.41440576522500006
          6.849640616715671 7.538704971228501 0.41440576522499994
          6.7307554828714675 7.538112076338175 0.414405765225
          6.613373586698974 7.523530131475821 0.41440576522499994
          6.501816962788734 7.490207518236499 0.414405765225
          6.400407223140908 7.4400864768590935 0.414405765225
          7.8730768742415 5.294017879999999 0.414405765225
          7.8730768742415 5.656079272155165 0.41440576522500006
          7.8730768742415 6.018140664310328 0.41440576522499994
          7.873076874241502 6.380202056465493 0.414405765225
          7.873076874241499 6.742263448620658 0.41440576522499994
          7.867505609507337 7.103999384484032 0.41440576522499994
          7.774458379144592 4.644393660855407 0.414405765225
          7.822955499526934 4.740026081274263 0.41440576522500006
          7.855996616105671 4.845190901660263 0.41440576522499994
          7.871799755711683 4.956065963074314 0.414405765225
          7.873076874241502 5.068692560211637 0.41440576522499994
          7.873076874241502 5.181355220105819 0.41440576522499994
          6.400407221770408 4.644393661770407 0.414405765225
          6.501816961406224 4.59427261985759 0.41440576522499994
          6.6133735854650935 4.560950006166714 0.41440576522500006
          6.730755481904093 4.546368060978312 0.41440576522499994
          6.849640616069606 4.5457751660305 0.41440576522499994
          6.9685367081688065 4.5457751660304995 0.41440576522499994
          7.087432800268006 4.5457751660305 0.414405765225
          7.206328892367207 4.5457751660305 0.41440576522500006
          7.3252249844664075 4.5457751660305 0.41440576522499994
          7.44411011863418 4.546368060901555 0.414405765225
          7.56149201512922 4.560950005782617 0.41440576522499994
          7.673048639316152 4.594272619188544 0.414405765225
          6.351910101737012 4.740026082192074 0.41440576522499994
          6.318868985453067 4.84519090247915 0.41440576522499994
          6.303065846062022 4.95606596371883 0.414405765225
          6.301788727588999 5.068692560642949 0.41440576522500006
          6.301788727589 5.181355220321475 0.41440576522500006
          6.301788727589 5.294017879999999 0.414405765225
          6.301788727588999 5.656079271939522 0.41440576522499994
          6.301788727588999 6.0181406638790405 0.41440576522499994
          6.301788727588999 6.380202055818559 0.414405765225
          6.301788727589001 6.74226344775808 0.41440576522500006
          6.307359992127772 7.10399938342332 0.41440576522500006
          6.63849333 5.294017879999999 0.828811430451
          6.713316575 5.294017879999999 0.828811430451
          6.713316575 5.612014961666668 0.828811430451
          6.63849333 5.612014961666667 0.828811430451
          6.7881398200000005 5.294017879999999 0.828811430451
          6.788139820000001 5.6120149616666675 0.828811430451
          6.862963065000001 5.294017879999999 0.828811430451
          6.862963065000001 5.612014961666667 0.828811430451
          6.93778631 5.294017879999999 0.828811430451
          6.937786309999999 5.6120149616666675 0.828811430451
          7.012609555 5.294017879999999 0.828811430451
          7.012609554999999 5.612014961666668 0.828811430451
          7.0874328 5.294017879999999 0.828811430451
          7.0874328 5.6120149616666675 0.828811430451
          7.162256045 5.294017879999999 0.828811430451
          7.162256045 5.612014961666667 0.828811430451
          7.2370792900000005 5.294017879999999 0.828811430451
          7.2370792900000005 5.612014961666667 0.828811430451
          7.311902535 5.294017879999999 0.828811430451
          7.311902535 5.612014961666667 0.828811430451
          7.38672578 5.294017879999999 0.828811430451
          7.386725780000001 5.6120149616666675 0.828811430451
          7.461549025 5.294017879999999 0.828811430451
          7.461549025 5.612014961666668 0.828811430451
          7.53637227 5.294017879999999 0.828811430451
          7.53637227 5.612014961666667 0.828811430451
          6.713316575000001 5.930012043333331 0.828811430451
          6.63849333 5.930012043333333 0.828811430451
          6.788139820000001 5.930012043333332 0.828811430451
          6.8629630650000015 5.930012043333333 0.828811430451
          6.937786309999998 5.930012043333332 0.828811430451
          7.012609555000002 5.930012043333333 0.828811430451
          7.087432800000002 5.930012043333333 0.828811430451
          7.1622560449999995 5.930012043333333 0.828811430451
          7.23707929 5.930012043333333 0.828811430451
          7.311902534999999 5.930012043333333 0.828811430451
          7.386725780000001 5.930012043333333 0.828811430451
          7.461549025 5.930012043333333 0.828811430451
          7.53637227 5.930012043333333 0.828811430451
          6.713316575 6.248009124999999 0.828811430451
          6.63849333 6.248009124999999 0.828811430451
          6.7881398200000005 6.2480091249999985 0.828811430451
          6.862963065000001 6.2480091249999985 0.828811430451
          6.93778631 6.248009124999999 0.828811430451
          7.012609555000001 6.248009124999999 0.828811430451
          7.0874328 6.248009124999999 0.828811430451
          7.162256045 6.2480091249999985 0.828811430451
          7.2370792900000005 6.248009124999999 0.828811430451
          7.311902535 6.248009124999999 0.828811430451
          7.386725780000001 6.248009124999999 0.828811430451
          7.461549025 6.248009124999999 0.828811430451
          7.53637227 6.248009124999999 0.828811430451
          6.713316575000001 6.566006206666665 0.828811430451
          6.63849333 6.566006206666667 0.828811430451
          6.788139820000001 6.566006206666666 0.828811430451
          6.862963065000001 6.566006206666666 0.828811430451
          6.937786309999999 6.566006206666666 0.828811430451
          7.012609555000001 6.566006206666666 0.828811430451
          7.0874328 6.566006206666667 0.828811430451
          7.162256044999999 6.566006206666665 0.828811430451
          7.2370792900000005 6.566006206666665 0.828811430451
          7.311902535 6.566006206666665 0.828811430451
          7.386725780000001 6.566006206666665 0.828811430451
          7.461549025 6.566006206666666 0.828811430451
          7.53637227 6.566006206666667 0.828811430451
          6.713316575 6.884003288333335 0.828811430451
          6.63849333 6.884003288333334 0.828811430451
          6.7881398200000005 6.884003288333334 0.828811430451
          6.8629630650000015 6.884003288333334 0.828811430451
          6.93778631 6.884003288333334 0.828811430451
          7.012609554999997 6.884003288333335 0.828811430451
          7.0874328 6.884003288333334 0.828811430451
          7.162256045000001 6.884003288333334 0.828811430451
          7.2370792900000005 6.884003288333334 0.828811430451
          7.311902535 6.884003288333334 0.828811430451
          7.386725780000001 6.884003288333334 0.828811430451
          7.461549025 6.884003288333335 0.828811430451
          7.53637227 6.884003288333334 0.828811430451
          6.713316575 7.20200037 0.828811430451
          6.63849333 7.20200037 0.828811430451
          6.7881398200000005 7.20200037 0.828811430451
          6.862963065000001 7.20200037 0.828811430451
          6.93778631 7.20200037 0.828811430451
          7.012609555 7.20200037 0.828811430451
          7.0874328 7.20200037 0.828811430451
          7.162256045 7.20200037 0.828811430451
          7.2370792900000005 7.20200037 0.828811430451
          7.311902535 7.20200037 0.828811430451
          7.38672578 7.20200037 0.828811430451
          7.461549025 7.20200037 0.828811430451
          7.53637227 7.20200037 0.828811430451
          6.63849333 4.88247977 0.828811430451
          6.713316575 4.88247977 0.828811430451
          6.713316575 4.951069455000002 0.828811430451
          6.63849333 4.951069455 0.828811430451
          6.7881398200000005 4.88247977 0.828811430451
          6.788139820000001 4.951069455 0.828811430451
          6.862963065000001 4.88247977 0.828811430451
          6.862963065000001 4.951069455 0.828811430451
          6.93778631 4.88247977 0.828811430451
          6.937786309999999 4.951069455 0.828811430451
          7.012609555 4.88247977 0.828811430451
          7.012609554999999 4.951069455000001 0.828811430451
          7.0874328 4.88247977 0.828811430451
          7.0874328 4.951069455 0.828811430451
          7.162256045 4.88247977 0.828811430451
          7.162256045 4.951069455 0.828811430451
          7.2370792900000005 4.88247977 0.828811430451
          7.2370792900000005 4.951069455 0.828811430451
          7.311902535 4.88247977 0.828811430451
          7.311902535 4.951069455 0.828811430451
          7.38672578 4.88247977 0.828811430451
          7.386725780000001 4.951069455 0.828811430451
          7.461549025 4.88247977 0.828811430451
          7.461549025 4.951069455 0.828811430451
          7.53637227 4.88247977 0.828811430451
          7.53637227 4.951069455 0.828811430451
          6.713316575000001 5.019659139999998 0.828811430451
          6.63849333 5.01965914 0.828811430451
          6.788139820000001 5.01965914 0.828811430451
          6.8629630650000015 5.01965914 0.828811430451
          6.937786309999998 5.01965914 0.828811430451
          7.012609555000002 5.01965914 0.828811430451
          7.087432800000002 5.01965914 0.828811430451
          7.1622560449999995 5.01965914 0.828811430451
          7.23707929 5.01965914 0.828811430451
          7.311902534999999 5.01965914 0.828811430451
          7.386725780000001 5.01965914 0.828811430451
          7.461549025 5.01965914 0.828811430451
          7.53637227 5.01965914 0.828811430451
          6.713316575 5.088248824999999 0.828811430451
          6.63849333 5.088248824999999 0.828811430451
          6.7881398200000005 5.088248824999999 0.828811430451
          6.862963065000001 5.088248824999999 0.828811430451
          6.93778631 5.088248824999999 0.828811430451
          7.012609555000001 5.088248824999999 0.828811430451
          7.0874328 5.088248824999999 0.828811430451
          7.162256045 5.088248824999999 0.828811430451
          7.2370792900000005 5.088248824999999 0.828811430451
          7.311902535 5.088248824999999 0.828811430451
          7.386725780000001 5.088248824999999 0.828811430451
          7.461549025 5.088248824999999 0.828811430451
          7.53637227 5.088248824999999 0.828811430451
          6.713316575000001 5.156838509999999 0.828811430451
          6.63849333 5.156838509999999 0.828811430451
          6.788139820000001 5.156838509999998 0.828811430451
          6.862963065000001 5.156838509999999 0.828811430451
          6.937786309999999 5.15683851 0.828811430451
          7.012609555000001 5.156838509999999 0.828811430451
          7.0874328 5.156838509999999 0.828811430451
          7.162256044999999 5.156838509999998 0.828811430451
          7.2370792900000005 5.156838509999998 0.828811430451
          7.311902535 5.156838509999998 0.828811430451
          7.386725780000001 5.156838509999998 0.828811430451
          7.461549025 5.156838509999999 0.828811430451
          7.53637227 5.156838509999999 0.828811430451
          6.713316575 5.225428195 0.828811430451
          6.63849333 5.225428194999999 0.828811430451
          6.7881398200000005 5.225428195000001 0.828811430451
          6.8629630650000015 5.225428194999999 0.828811430451
          6.93778631 5.225428194999998 0.828811430451
          7.012609554999997 5.225428194999999 0.828811430451
          7.0874328 5.225428194999999 0.828811430451
          7.162256045000001 5.225428194999999 0.828811430451
          7.2370792900000005 5.225428194999999 0.828811430451
          7.311902535 5.225428194999999 0.828811430451
          7.386725780000001 5.225428194999999 0.828811430451
          7.461549025 5.225428194999999 0.828811430451
          7.53637227 5.225428194999999 0.828811430451
          7.774458377774343 7.440086477774342 0.828811430451
          7.673048637933842 7.490207518905725 0.828811430451
          8.012544485548686 7.678172585548683 0.828811430451
          7.884548250867685 7.778414667811449 0.828811430451
          7.561492013895503 7.523530131860021 0.828811430451
          7.736258247791006 7.845059893720043 0.828811430451
          7.444110117666952 7.538112076414951 0.828811430451
          7.576317700333905 7.874223782829901 0.828811430451
          7.325224983820492 7.5387049712285 0.828811430451
          7.413370677640985 7.875409572457 0.828811430451
          7.206328892044286 7.538704971228501 0.828811430451
          7.2504017390885735 7.875409572457 0.828811430451
          7.087432800268081 7.538704971228502 0.828811430451
          7.087432800536163 7.875409572457 0.828811430451
          6.968536708491876 7.5387049712284995 0.828811430451
          6.924463861983753 7.875409572457 0.828811430451
          6.849640616715671 7.538704971228501 0.828811430451
          6.761494923431342 7.875409572457 0.828811430451
          6.7307554828714675 7.538112076338175 0.828811430451
          6.598547900742938 7.874223782676344 0.828811430451
          6.613373586698974 7.523530131475821 0.828811430451
          6.438607353397949 7.845059892951643 0.828811430451
          6.501816962788734 7.490207518236499 0.828811430451
          6.290317350577467 7.778414666472995 0.828811430451
          6.400407223140908 7.4400864768590935 0.828811430451
          6.162321116281817 7.678172583718186 0.828811430451
          7.8730768742415 5.294017879999999 0.828811430451
          7.8730768742415 5.656079272155165 0.828811430451
          8.209781478483 5.294017879999999 0.828811430451
          8.209781478483 5.700143582643662 0.828811430451
          7.8730768742415 6.018140664310328 0.828811430451
          8.209781478483 6.106269285287324 0.828811430451
          7.873076874241502 6.380202056465493 0.828811430451
          8.209781478483 6.512394987930986 0.828811430451
          7.873076874241499 6.742263448620658 0.828811430451
          8.209781478483 6.918520690574649 0.828811430451
          7.867505609507337 7.103999384484032 0.828811430451
          8.198638949014674 7.323995480634731 0.828811430451
          7.774458379144592 4.644393660855407 0.828811430451
          7.822955499526934 4.740026081274263 0.828811430451
          8.012544488289185 4.406307551710815 0.828811430451
          8.109538729053869 4.528982707548529 0.828811430451
          7.855996616105671 4.845190901660263 0.828811430451
          8.17562096221134 4.670722663320524 0.828811430451
          7.871799755711683 4.956065963074314 0.828811430451
          8.207227241423364 4.823883101148629 0.828811430451
          7.873076874241502 5.068692560211637 0.828811430451
          8.209781478483 4.980546610423276 0.828811430451
          7.873076874241502 5.181355220105819 0.828811430451
          8.209781478483 5.137282245211638 0.828811430451
          6.400407221770408 4.644393661770407 0.828811430451
          6.501816961406224 4.59427261985759 0.828811430451
          6.162321113540815 4.406307553540815 0.828811430451
          6.290317347812449 4.306065469715181 0.828811430451
          6.6133735854650935 4.560950006166714 0.828811430451
          6.4386073509301855 4.239420242333426 0.828811430451
          6.730755481904093 4.546368060978312 0.828811430451
          6.598547898808183 4.210256351956625 0.828811430451
          6.849640616069606 4.5457751660305 0.828811430451
          6.761494922139212 4.209070562061 0.828811430451
          6.9685367081688065 4.5457751660304995 0.828811430451
          6.924463861337613 4.209070562061 0.828811430451
          7.087432800268006 4.5457751660305 0.828811430451
          7.087432800536014 4.209070562061 0.828811430451
          7.206328892367207 4.5457751660305 0.828811430451
          7.250401739734415 4.209070562061 0.828811430451
          7.3252249844664075 4.5457751660305 0.828811430451
          7.413370678932816 4.209070562061 0.828811430451
          7.44411011863418 4.546368060901555 0.828811430451
          7.57631770226836 4.210256351803109 0.828811430451
          7.56149201512922 4.560950005782617 0.828811430451
          7.736258250258441 4.2394202415652344 0.828811430451
          7.673048639316152 4.594272619188544 0.828811430451
          7.884548253632305 4.306065468377089 0.828811430451
          6.351910101737012 4.740026082192074 0.828811430451
          6.318868985453067 4.84519090247915 0.828811430451
          6.303065846062022 4.95606596371883 0.828811430451
          6.301788727588999 5.068692560642949 0.828811430451
          6.301788727589 5.181355220321475 0.828811430451
          6.301788727589 5.294017879999999 0.828811430451
          6.065326873474024 4.528982709384147 0.828811430451
          5.999244640906131 4.6707226649583 0.828811430451
          5.967638362124043 4.8238831024376605 0.828811430451
          5.965084125178 4.980546611285899 0.828811430451
          5.965084125178 5.1372822456429486 0.828811430451
          5.965084125178 5.294017879999999 0.828811430451
          6.301788727588999 5.656079271939522 0.828811430451
          6.301788727588999 6.0181406638790405 0.828811430451
          6.301788727588999 6.380202055818559 0.828811430451
          6.301788727589001 6.74226344775808 0.828811430451
          6.307359992127772 7.10399938342332 0.828811430451
          5.965084125178 5.700143582212372 0.828811430451
          5.965084125178 6.106269284424745 0.828811430451
          5.9650841251780005 6.512394986637117 0.828811430451
          5.9650841251780005 6.91852068884949 0.828811430451
          5.976226654255543 7.323995478513306 0.828811430451
        </DataArray>
      </Points>
      <Cells>
        <DataArray type="Int64" Name="connectivity" format="ascii">
          0 1 2 3 4 5 6 7
          1 8 9 2 5 10 11 6
          8 12 13 9 10 14 15 11
          12 16 17 13 14 18 19 15
          16 20 21 17 18 22 23 19
          20 24 25 21 22 26 27 23
          24 28 29 25 26 30 31 27
          28 32 33 29 30 34 35 31
          32 36 37 33 34 38 39 35
          36 40 41 37 38 42 43 39
          40 44 45 41 42 46 47 43
          44 48 49 45 46 50 51 47
          3 2 52 53 7 6 54 55
          2 9 56 52 6 11 57 54
          9 13 58 56 11 15 59 57
          13 17 60 58 15 19 61 59
          17 21 62 60 19 23 63 61
          21 25 64 62 23 27 65 63
          25 29 66 64 27 31 67 65
          29 33 68 66 31 35 69 67
          33 37 70 68 35 39 71 69
          37 41 72 70 39 43 73 71
          41 45 74 72 43 47 75 73
          45 49 76 74 47 51 77 75
          48 78 79 49 50 80 81 51
          78 82 83 79 80 84 85 81
          82 86 87 83 84 88 89 85
          86 90 91 87 88 92 93 89
          90 94 95 91 92 96 97 93
          94 98 99 95 96 100 101 97
          49 79 102 76 51 81 103 77
          79 83 104 102 81 85 105 103
          83 87 106 104 85 89 107 105
          87 91 108 106 89 93 109 107
          91 95 110 108 93 97 111 109
          95 99 112 110 97 101 113 111
          98 114 115 99 100 116 117 101
          114 118 119 115 116 120 121 117
          118 122 123 119 120 124 125 121
          122 126 127 123 124 128 129 125
          126 130 131 127 128 132 133 129
          130 134 135 131 132 136 137 133
          99 115 138 112 101 117 139 113
          115 119 140 138 117 121 141 139
          119 123 142 140 121 125 143 141
          123 127 144 142 125 129 145 143
          127 131 146 144 129 133 147 145
          131 135 148 146 133 137 149 147
          134 150 151 135 136 152 153 137
          150 154 155 151 152 156 157 153
          154 158 159 155 156 160 161 157
          158 162 163 159 160 164 165 161
          162 166 167 163 164 168 169 165
          166 170 171 167 168 172 173 169
          170 174 175 171 172 176 177 173
          174 178 179 175 176 180 181 177
          178 182 183 179 180 184 185 181
          182 186 187 183 184 188 189 185
          186 190 191 187 188 192 193 189
          190 194 195 191 192 196 197 193
          135 151 198 148 137 153 199 149
          151 155 200 198 153 157 201 199
          155 159 202 200 157 161 203 201
          159 163 204 202 161 165 205 203
          163 167 206 204 165 169 207 205
          167 171 208 206 169 173 209 207
          171 175 210 208 173 177 211 209
          175 179 212 210 177 181 213 211
          179 183 214 212 181 185 215 213
          183 187 216 214 185 189 217 215
          187 191 218 216 189 193 219 217
          191 195 220 218 193 197 221 219
          194 222 223 195 196 224 225 197
          222 226 227 223 224 228 229 225
          226 230 231 227 228 232 233 229
          230 234 235 231 232 236 237 233
          234 238 239 235 236 240 241 237
          238 242 243 239 240 244 245 241
          195 223 246 220 197 225 247 221
          223 227 248 246 225 229 249 247
          227 231 250 248 229 233 251 249
          231 235 252 250 233 237 253 251
          235 239 254 252 237 241 255 253
          239 243 256 254 241 245 257 255
          242 258 259 243 244 260 261 245
          258 262 263 259 260 264 265 261
          262 266 267 263 264 268 269 265
          266 270 271 267 268 272 273 269
          270 274 275 271 272 276 277 273
          274 0 3 275 276 4 7 277
          243 259 278 256 245 261 279 257
          259 263 280 278 261 265 281 279
          263 267 282 280 265 269 283 281
          267 271 284 282 269 273 285 283
          271 275 286 284 273 277 287 285
          275 3 53 286 277 7 55 287
          194 190 288 289 196 192 290 291
          190 186 292 288 192 188 293 290
          186 182 294 292 188 184 295 293
          182 178 296 294 184 180 297 295
          178 174 298 296 180 176 299 297
          174 170 300 298 176 172 301 299
          170 166 302 300 172 168 303 301
          166 162 304 302 168 164 305 303
          162 158 306 304 164 160 307 305
          158 154 308 306 160 156 309 307
          154 150 310 308 156 152 311 309
          150 134 312 310 152 136 313 311
          289 288 314 315 291 290 316 317
          288 292 318 314 290 293 319 316
          292 294 320 318 293 295 321 319
          294 296 322 320 295 297 323 321
          296 298 324 322 297 299 325 323
          298 300 326 324 299 301 327 325
          300 302 328 326 301 303 329 327
          302 304 330 328 303 305 331 329
          304 306 332 330 305 307 333 331
          306 308 334 332 307 309 335 333
          308 310 336 334 309 311 337 335
          310 312 338 336 311 313 339 337
          315 314 340 341 317 316 342 343
          314 318 344 340 316 319 345 342
          318 320 346 344 319 321 347 345
          320 322 348 346 321 323 349 347
          322 324 350 348 323 325 351 349
          324 326 352 350 325 327 353 351
          326 328 354 352 327 329 355 353
          328 330 356 354 329 331 357 355
          330 332 358 356 331 333 359 357
          332 334 360 358 333 335 361 359
          334 336 362 360 335 337 363 361
          336 338 364 362 337 339 365 363
          341 340 366 367 343 342 368 369
          340 344 370 366 342 345 371 368
          344 346 372 370 345 347 373 371
          346 348 374 372 347 349 375 373
          348 350 376 374 349 351 377 375
          350 352 378 376 351 353 379 377
          352 354 380 378 353 355 381 379
          354 356 382 380 355 357 383 381
          356 358 384 382 357 359 385 383
          358 360 386 384 359 361 387 385
          360 362 388 386 361 363 389 387
          362 364 390 388 363 365 391 389
          367 366 392 393 369 368 394 395
          366 370 396 392 368 371 397 394
          370 372 398 396 371 373 399 397
          372 374 400 398 373 375 401 399
          374 376 402 400 375 377 403 401
          376 378 404 402 377 379 405 403
          378 380 406 404 379 381 407 405
          380 382 408 406 381 383 409 407
          382 384 410 408 383 385 411 409
          384 386 412 410 385 387 413 411
          386 388 414 412 387 389 415 413
          388 390 416 414 389 391 417 415
          418 419 420 421 422 423 424 425
          419 426 427 420 423 428 429 424
          426 430 431 427 428 432 433 429
          430 434 435 431 432 436 437 433
          434 438 439 435 436 440 441 437
          438 442 443 439 440 444 445 441
          442 446 447 443 444 448 449 445
          446 450 451 447 448 452 453 449
          450 454 455 451 452 456 457 453
          454 458 459 455 456 460 461 457
          458 462 463 459 460 464 465 461
          462 466 467 463 464 468 469 465
          421 420 470 471 425 424 472 473
          420 427 474 470 424 429 475 472
          427 431 476 474 429 433 477 475
          431 435 478 476 433 437 479 477
          435 439 480 478 437 441 481 479
          439 443 482 480 441 445 483 481
          443 447 484 482 445 449 485 483
          447 451 486 484 449 453 487 485
          451 455 488 486 453 457 489 487
          455 459 490 488 457 461 491 489
          459 463 492 490 461 465 493 491
          463 467 494 492 465 469 495 493
          471 470 496 497 473 472 498 499
          470 474 500 496 472 475 501 498
          474 476 502 500 475 477 503 501
          476 478 504 502 477 479 505 503
          478 480 506 504 479 481 507 505
          480 482 508 506 481 483 509 507
          482 484 510 508 483 485 511 509
          484 486 512 510 485 487 513 511
          486 488 514 512 487 489 515 513
          488 490 516 514 489 491 517 515
          490 492 518 516 491 493 519 517
          492 494 520 518 493 495 521 519
          497 496 522 523 499 498 524 525
          496 500 526 522 498 501 527 524
          500 502 528 526 501 503 529 527
          502 504 530 528 503 505 531 529
          504 506 532 530 505 507 533 531
          506 508 534 532 507 509 535 533
          508 510 536 534 509 511 537 535
          510 512 538 536 511 513 539 537
          512 514 540 538 513 515 541 539
          514 516 542 540 515 517 543 541
          516 518 544 542 517 519 545 543
          518 520 546 544 519 521 547 545
          523 522 548 549 525 524 550 551
          522 526 552 548 524 527 553 550
          526 528 554 552 527 529 555 553
          528 530 556 554 529 531 557 555
          530 532 558 556 531 533 559 557
          532 534 560 558 533 535 561 559
          534 536 562 560 535 537 563 561
          536 538 564 562 537 539 565 563
          538 540 566 564 539 541 567 565
          540 542 568 566 541 543 569 567
          542 544 570 568 543 545 571 569
          544 546 572 570 545 547 573 571
          549 548 574 575 551 550 576 577
          548 552 578 574 550 553 579 576
          552 554 580 578 553 555 581 579
          554 556 582 580 555 557 583 581
          556 558 584 582 557 559 585 583
          558 560 586 584 559 561 587 585
          560 562 588 586 561 563 589 587
          562 564 590 588 563 565 591 589
          564 566 592 590 565 567 593 591
          566 568 594 592 567 569 595 593
          568 570 596 594 569 571 597 595
          570 572 598 596 571 573 599 597
          575 574 1 0 577 576 5 4
          574 578 8 1 576 579 10 5
          578 580 12 8 579 581 14 10
          580 582 16 12 581 583 18 14
          582 584 20 16 583 585 22 18
          584 586 24 20 585 587 26 22
          586 588 28 24 587 589 30 26
          588 590 32 28 589 591 34 30
          590 592 36 32 591 593 38 34
          592 594 40 36 593 595 42 38
          594 596 44 40 595 597 46 42
          596 598 48 44 597 599 50 46
          98 94 600 601 100 96 602 603
          94 90 604 600 96 92 605 602
          90 86 606 604 92 88 607 605
          86 82 608 606 88 84 609 607
          82 78 610 608 84 80 611 609
          78 48 598 610 80 50 599 611
          601 600 612 613 603 602 614 615
          600 604 616 612 602 605 617 614
          604 606 618 616 605 607 619 617
          606 608 620 618 607 609 621 619
          608 610 622 620 609 611 623 621
          610 598 572 622 611 599 573 623
          613 612 624 625 615 614 626 627
          612 616 628 624 614 617 629 626
          616 618 630 628 617 619 631 629
          618 620 632 630 619 621 633 631
          620 622 634 632 621 623 635 633
          622 572 546 634 623 573 547 635
          625 624 636 637 627 626 638 639
          624 628 640 636 626 629 641 638
          628 630 642 640 629 631 643 641
          630 632 644 642 631 633 645 643
          632 634 646 644 633 635 647 645
          634 546 520 646 635 547 521 647
          637 636 648 649 639 638 650 651
          636 640 652 648 638 641 653 650
          640 642 654 652 641 643 655 653
          642 644 656 654 643 645 657 655
          644 646 658 656 645 647 659 657
          646 520 494 658 647 521 495 659
          649 648 660 661 651 650 662 663
          648 652 664 660 650 653 665 662
          652 654 666 664 653 655 667 665
          654 656 668 666 655 657 669 667
          656 658 670 668 657 659 671 669
          658 494 467 670 659 495 469 671
          661 660 672 673 663 662 674 675
          660 664 676 672 662 665 677 674
          664 666 678 676 665 667 679 677
          666 668 680 678 667 669 681 679
          668 670 682 680 669 671 683 681
          670 467 466 682 671 469 468 683
          684 685 686 687 688 689 690 691
          685 692 693 686 689 694 695 690
          692 696 697 693 694 698 699 695
          696 700 701 697 698 702 703 699
          687 686 704 705 691 690 706 707
          686 693 708 704 690 695 709 706
          693 697 710 708 695 699 711 709
          697 701 712 710 699 703 713 711
          705 704 714 715 707 706 716 717
          704 708 718 714 706 709 719 716
          708 710 720 718 709 711 721 719
          710 712 722 720 711 713 723 721
          715 714 724 725 717 716 726 727
          714 718 728 724 716 719 729 726
          718 720 730 728 719 721 731 729
          720 722 416 730 721 723 417 731
          725 724 732 733 727 726 734 735
          724 728 736 732 726 729 737 734
          728 730 738 736 729 731 739 737
          730 416 390 738 731 417 391 739
          733 732 740 741 735 734 742 743
          732 736 744 740 734 737 745 742
          736 738 746 744 737 739 747 745
          738 390 364 746 739 391 365 747
          741 740 748 749 743 742 750 751
          740 744 752 748 742 745 753 750
          744 746 754 752 745 747 755 753
          746 364 338 754 747 365 339 755
          749 748 756 757 751 750 758 759
          748 752 760 756 750 753 761 758
          752 754 762 760 753 755 763 761
          754 338 312 762 755 339 313 763
          757 756 764 765 759 758 766 767
          756 760 768 764 758 761 769 766
          760 762 770 768 761 763 771 769
          762 312 134 770 763 313 136 771
          765 764 772 773 767 766 774 775
          764 768 776 772 766 769 777 774
          768 770 778 776 769 771 779 777
          770 134 780 778 771 136 781 779
          773 772 782 783 775 774 784 785
          772 776 786 782 774 777 787 784
          776 778 788 786 777 779 789 787
          778 780 790 788 779 781 791 789
          783 782 792 793 785 784 794 795
          782 786 796 792 784 787 797 794
          786 788 798 796 787 789 799 797
          788 790 800 798 789 791 801 799
          793 792 802 803 795 794 804 805
          792 796 806 802 794 797 807 804
          796 798 808 806 797 799 809 807
          798 800 810 808 799 801 811 809
          803 802 812 813 805 804 814 815
          802 806 816 812 804 807 817 814
          806 808 818 816 807 809 819 817
          808 810 820 818 809 811 821 819
          813 812 822 823 815 814 824 825
          812 816 826 822 814 817 827 824
          816 818 828 826 817 819 829 827
          818 820 830 828 819 821 831 829
          823 822 832 833 825 824 834 835
          822 826 836 832 824 827 837 834
          826 828 838 836 827 829 839 837
          828 830 840 838 829 831 841 839
          833 832 842 843 835 834 844 845
          832 836 846 842 834 837 847 844
          836 838 848 846 837 839 849 847
          838 840 850 848 839 841 851 849
          843 842 852 853 845 844 854 855
          842 846 856 852 844 847 857 854
          846 848 858 856 847 849 859 857
          848 850 860 858 849 851 861 859
          853 852 862 863 855 854 864 865
          852 856 866 862 854 857 867 864
          856 858 868 866 857 859 869 867
          858 860 870 868 859 861 871 869
          863 862 872 873 865 864 874 875
          862 866 876 872 864 867 877 874
          866 868 878 876 867 869 879 877
          868 870 880 878 869 871 881 879
          873 872 882 883 875 874 884 885
          872 876 886 882 874 877 887 884
          876 878 888 886 877 879 889 887
          878 880 890 888 879 881 891 889
          883 882 892 893 885 884 894 895
          882 886 896 892 884 887 897 894
          886 888 898 896 887 889 899 897
          888 890 900 898 889 891 901 899
          893 892 902 903 895 894 904 905
          892 896 906 902 894 897 907 904
          896 898 908 906 897 899 909 907
          898 900 910 908 899 901 911 909
          903 902 912 913 905 904 914 915
          902 906 916 912 904 907 917 914
          906 908 918 916 907 909 919 917
          908 910 920 918 909 911 921 919
          913 912 922 923 915 914 924 925
          912 916 926 922 914 917 927 924
          916 918 928 926 917 919 929 927
          918 920 930 928 919 921 931 929
          923 922 932 933 925 924 934 935
          922 926 936 932 924 927 937 934
          926 928 938 936 927 929 939 937
          928 930 940 938 929 931 941 939
          933 932 685 684 935 934 689 688
          932 936 692 685 934 937 694 689
          936 938 696 692 937 939 698 694
          938 940 700 696 939 941 702 698
          942 943 944 945 946 947 948 949
          943 950 951 944 947 952 953 948
          950 954 955 951 952 956 957 953
          954 134 130 955 956 136 132 957
          945 944 958 959 949 948 960 961
          944 951 962 958 948 953 963 960
          951 955 964 962 953 957 965 963
          955 130 126 964 957 132 128 965
          959 958 966 967 961 960 968 969
          958 962 970 966 960 963 971 968
          962 964 972 970 963 965 973 971
          964 126 122 972 965 128 124 973
          967 966 974 975 969 968 976 977
          966 970 978 974 968 971 979 976
          970 972 980 978 971 973 981 979
          972 122 118 980 973 124 120 981
          975 974 982 983 977 976 984 985
          974 978 986 982 976 979 987 984
          978 980 988 986 979 981 989 987
          980 118 114 988 981 120 116 989
          983 982 990 991 985 984 992 993
          982 986 994 990 984 987 995 992
          986 988 996 994 987 989 997 995
          988 114 98 996 989 116 100 997
          991 990 998 999 993 992 1000 1001
          990 994 1002 998 992 995 1003 1000
          994 996 1004 1002 995 997 1005 1003
          996 98 601 1004 997 100 603 1005
          999 998 1006 1007 1001 1000 1008 1009
          998 1002 1010 1006 1000 1003 1011 1008
          1002 1004 1012 1010 1003 1005 1013 1011
          1004 601 613 1012 1005 603 615 1013
          1007 1006 1014 1015 1009 1008 1016 1017
          1006 1010 1018 1014 1008 1011 1019 1016
          1010 1012 1020 1018 1011 1013 1021 1019
          1012 613 625 1020 1013 615 627 1021
          1015 1014 1022 1023 1017 1016 1024 1025
          1014 1018 1026 1022 1016 1019 1027 1024
          1018 1020 1028 1026 1019 1021 1029 1027
          1020 625 637 1028 1021 627 639 1029
          1023 1022 1030 1031 1025 1024 1032 1033
          1022 1026 1034 1030 1024 1027 1035 1032
          1026 1028 1036 1034 1027 1029 1037 1035
          1028 637 649 1036 1029 639 651 1037
          1031 1030 1038 1039 1033 1032 1040 1041
          1030 1034 1042 1038 1032 1035 1043 1040
          1034 1036 1044 1042 1035 1037 1045 1043
          1036 649 661 1044 1037 651 663 1045
          1039 1038 1046 1047 1041 1040 1048 1049
          1038 1042 1050 1046 1040 1043 1051 1048
          1042 1044 1052 1050 1043 1045 1053 1051
          1044 661 673 1052 1045 663 675 1053
          1047 1046 1054 1055 1049 1048 1056 1057
          1046 1050 1058 1054 1048 1051 1059 1056
          1050 1052 1060 1058 1051 1053 1061 1059
          1052 673 1062 1060 1053 675 1063 1061
          1055 1054 1064 1065 1057 1056 1066 1067
          1054 1058 1068 1064 1056 1059 1069 1066
          1058 1060 1070 1068 1059 1061 1071 1069
          1060 1062 1072 1070 1061 1063 1073 1071
          1065 1064 1074 1075 1067 1066 1076 1077
          1064 1068 1078 1074 1066 1069 1079 1076
          1068 1070 1080 1078 1069 1071 1081 1079
          1070 1072 1082 1080 1071 1073 1083 1081
          1075 1074 1084 1085 1077 1076 1086 1087
          1074 1078 1088 1084 1076 1079 1089 1086
          1078 1080 1090 1088 1079 1081 1091 1089
          1080 1082 1092 1090 1081 1083 1093 1091
          1085 1084 1094 1095 1087 1086 1096 1097
          1084 1088 1098 1094 1086 1089 1099 1096
          1088 1090 1100 1098 1089 1091 1101 1099
          1090 1092 1102 1100 1091 1093 1103 1101
          1095 1094 1104 1105 1097 1096 1106 1107
          1094 1098 1108 1104 1096 1099 1109 1106
          1098 1100 1110 1108 1099 1101 1111 1109
          1100 1102 1112 1110 1101 1103 1113 1111
          1105 1104 1114 1115 1107 1106 1116 1117
          1104 1108 1118 1114 1106 1109 1119 1116
          1108 1110 1120 1118 1109 1111 1121 1119
          1110 1112 840 1120 1111 1113 841 1121
          1115 1114 1122 1123 1117 1116 1124 1125
          1114 1118 1126 1122 1116 1119 1127 1124
          1118 1120 1128 1126 1119 1121 1129 1127
          1120 840 830 1128 1121 841 831 1129
          1123 1122 1130 1131 1125 1124 1132 1133
          1122 1126 1134 1130 1124 1127 1135 1132
          1126 1128 1136 1134 1127 1129 1137 1135
          1128 830 820 1136 1129 831 821 1137
          1131 1130 1138 1139 1133 1132 1140 1141
          1130 1134 1142 1138 1132 1135 1143 1140
          1134 1136 1144 1142 1135 1137 1145 1143
          1136 820 810 1144 1137 821 811 1145
          1139 1138 1146 1147 1141 1140 1148 1149
          1138 1142 1150 1146 1140 1143 1151 1148
          1142 1144 1152 1150 1143 1145 1153 1151
          1144 810 800 1152 1145 811 801 1153
          1147 1146 1154 1155 1149 1148 1156 1157
          1146 1150 1158 1154 1148 1151 1159 1156
          1150 1152 1160 1158 1151 1153 1161 1159
          1152 800 790 1160 1153 801 791 1161
          1155 1154 1162 1163 1157 1156 1164 1165
          1154 1158 1166 1162 1156 1159 1167 1164
          1158 1160 1168 1166 1159 1161 1169 1167
          1160 790 780 1168 1161 791 781 1169
          1163 1162 943 942 1165 1164 947 946
          1162 1166 950 943 1164 1167 952 947
          1166 1168 954 950 1167 1169 956 952
          1168 780 134 954 1169 781 136 956
          1170 1171 1172 1173 1174 1175 1176 1177
          1171 1178 1179 1172 1175 1180 1181 1176
          1178 1182 1183 1179 1180 1184 1185 1181
          1182 1186 1187 1183 1184 1188 1189 1185
          1186 1190 1191 1187 1188 1192 1193 1189
          1190 418 421 1191 1192 422 425 1193
          1173 1172 1194 1195 1177 1176 1196 1197
          1172 1179 1198 1194 1176 1181 1199 1196
          1179 1183 1200 1198 1181 1185 1201 1199
          1183 1187 1202 1200 1185 1189 1203 1201
          1187 1191 1204 1202 1189 1193 1205 1203
          1191 421 471 1204 1193 425 473 1205
          1195 1194 1206 1207 1197 1196 1208 1209
          1194 1198 1210 1206 1196 1199 1211 1208
          1198 1200 1212 1210 1199 1201 1213 1211
          1200 1202 1214 1212 1201 1203 1215 1213
          1202 1204 1216 1214 1203 1205 1217 1215
          1204 471 497 1216 1205 473 499 1217
          1207 1206 1218 1219 1209 1208 1220 1221
          1206 1210 1222 1218 1208 1211 1223 1220
          1210 1212 1224 1222 1211 1213 1225 1223
          1212 1214 1226 1224 1213 1215 1227 1225
          1214 1216 1228 1226 1215 1217 1229 1227
          1216 497 523 1228 1217 499 525 1229
          1219 1218 1230 1231 1221 1220 1232 1233
          1218 1222 1234 1230 1220 1223 1235 1232
          1222 1224 1236 1234 1223 1225 1237 1235
          1224 1226 1238 1236 1225 1227 1239 1237
          1226 1228 1240 1238 1227 1229 1241 1239
          1228 523 549 1240 1229 525 551 1241
          1231 1230 1242 1243 1233 1232 1244 1245
          1230 1234 1246 1242 1232 1235 1247 1244
          1234 1236 1248 1246 1235 1237 1249 1247
          1236 1238 1250 1248 1237 1239 1251 1249
          1238 1240 1252 1250 1239 1241 1253 1251
          1240 549 575 1252 1241 551 577 1253
          1243 1242 258 242 1245 1244 260 244
          1242 1246 262 258 1244 1247 264 260
          1246 1248 266 262 1247 1249 268 264
          1248 1250 270 266 1249 1251 272 268
          1250 1252 274 270 1251 1253 276 272
          1252 575 0 274 1253 577 4 276
          1254 1255 1256 1257 1258 1259 1260 1261
          1255 1262 1263 1256 1259 1264 1265 1260
          1262 1266 1267 1263 1264 1268 1269 1265
          1266 1270 1271 1267 1268 1272 1273 1269
          1270 194 289 1271 1272 196 291 1273
          1257 1256 1274 1275 1261 1260 1276 1277
          1256 1263 1278 1274 1260 1265 1279 1276
          1263 1267 1280 1278 1265 1269 1281 1279
          1267 1271 1282 1280 1269 1273 1283 1281
          1271 289 315 1282 1273 291 317 1283
          1275 1274 1284 1285 1277 1276 1286 1287
          1274 1278 1288 1284 1276 1279 1289 1286
          1278 1280 1290 1288 1279 1281 1291 1289
          1280 1282 1292 1290 1281 1283 1293 1291
          1282 315 341 1292 1283 317 343 1293
          1285 1284 1294 1295 1287 1286 1296 1297
          1284 1288 1298 1294 1286 1289 1299 1296
          1288 1290 1300 1298 1289 1291 1301 1299
          1290 1292 1302 1300 1291 1293 1303 1301
          1292 341 367 1302 1293 343 369 1303
          1295 1294 1304 1305 1297 1296 1306 1307
          1294 1298 1308 1304 1296 1299 1309 1306
          1298 1300 1310 1308 1299 1301 1311 1309
          1300 1302 1312 1310 1301 1303 1313 1311
          1302 367 393 1312 1303 369 395 1313
          1314 1315 1316 1317 1318 1319 1320 1321
          1315 1322 1323 1316 1319 1324 1325 1320
          1322 1326 1327 1323 1324 1328 1329 1325
          1326 1330 1331 1327 1328 1332 1333 1329
          1330 242 238 1331 1332 244 240 1333
          1317 1316 1334 1335 1321 1320 1336 1337
          1316 1323 1338 1334 1320 1325 1339 1336
          1323 1327 1340 1338 1325 1329 1341 1339
          1327 1331 1342 1340 1329 1333 1343 1341
          1331 238 234 1342 1333 240 236 1343
          1335 1334 1344 1345 1337 1336 1346 1347
          1334 1338 1348 1344 1336 1339 1349 1346
          1338 1340 1350 1348 1339 1341 1351 1349
          1340 1342 1352 1350 1341 1343 1353 1351
          1342 234 230 1352 1343 236 232 1353
          1345 1344 1354 1355 1347 1346 1356 1357
          1344 1348 1358 1354 1346 1349 1359 1356
          1348 1350 1360 1358 1349 1351 1361 1359
          1350 1352 1362 1360 1351 1353 1363 1361
          1352 230 226 1362 1353 232 228 1363
          1355 1354 1364 1365 1357 1356 1366 1367
          1354 1358 1368 1364 1356 1359 1369 1366
          1358 1360 1370 1368 1359 1361 1371 1369
          1360 1362 1372 1370 1361 1363 1373 1371
          1362 226 222 1372 1363 228 224 1373
          1365 1364 1255 1254 1367 1366 1259 1258
          1364 1368 1262 1255 1366 1369 1264 1259
          1368 1370 1266 1262 1369 1371 1268 1264
          1370 1372 1270 1266 1371 1373 1272 1268
          1372 222 194 1270 1373 224 196 1272
          1374 1375 1376 1377 1378 1379 1380 1381
          1375 1382 1383 1376 1379 1384 1385 1380
          1382 1386 1387 1383 1384 1388 1389 1385
          1386 1390 1391 1387 1388 1392 1393 1389
          1390 1170 1173 1391 1392 1174 1177 1393
          1377 1376 1394 1395 1381 1380 1396 1397
          1376 1383 1398 1394 1380 1385 1399 1396
          1383 1387 1400 1398 1385 1389 1401 1399
          1387 1391 1402 1400 1389 1393 1403 1401
          1391 1173 1195 1402 1393 1177 1197 1403
          1395 1394 1404 1405 1397 1396 1406 1407
          1394 1398 1408 1404 1396 1399 1409 1406
          1398 1400 1410 1408 1399 1401 1411 1409
          1400 1402 1412 1410 1401 1403 1413 1411
          1402 1195 1207 1412 1403 1197 1209 1413
          1405 1404 1414 1415 1407 1406 1416 1417
          1404 1408 1418 1414 1406 1409 1419 1416
          1408 1410 1420 1418 1409 1411 1421 1419
          1410 1412 1422 1420 1411 1413 1423 1421
          1412 1207 1219 1422 1413 1209 1221 1423
          1415 1414 1424 1425 1417 1416 1426 1427
          1414 1418 1428 1424 1416 1419 1429 1426
          1418 1420 1430 1428 1419 1421 1431 1429
          1420 1422 1432 1430 1421 1423 1433 1431
          1422 1219 1231 1432 1423 1221 1233 1433
          1425 1424 1434 1435 1427 1426 1436 1437
          1424 1428 1438 1434 1426 1429 1439 1436
          1428 1430 1440 1438 1429 1431 1441 1439
          1430 1432 1442 1440 1431 1433 1443 1441
          1432 1231 1243 1442 1433 1233 1245 1443
          1435 1434 1315 1314 1437 1436 1319 1318
          1434 1438 1322 1315 1436 1439 1324 1319
          1438 1440 1326 1322 1439 1441 1328 1324
          1440 1442 1330 1326 1441 1443 1332 1328
          1442 1243 242 1330 1443 1245 244 1332
          1444 1445 1446 1447 1448 1449 1450 1451
          1445 1452 1453 1446 1449 1454 1455 1450
          1452 1456 1457 1453 1454 1458 1459 1455
          1456 1460 1461 1457 1458 1462 1463 1459
          1460 1464 1465 1461 1462 1466 1467 1463
          1447 1446 1468 1469 1451 1450 1470 1471
          1446 1453 1472 1468 1450 1455 1473 1470
          1453 1457 1474 1472 1455 1459 1475 1473
          1457 1461 1476 1474 1459 1463 1477 1475
          1461 1465 1478 1476 1463 1467 1479 1477
          1469 1468 1480 1481 1471 1470 1482 1483
          1468 1472 1484 1480 1470 1473 1485 1482
          1472 1474 1486 1484 1473 1475 1487 1485
          1474 1476 1488 1486 1475 1477 1489 1487
          1476 1478 1490 1488 1477 1479 1491 1489
          1481 1480 1492 1493 1483 1482 1494 1495
          1480 1484 1496 1492 1482 1485 1497 1494
          1484 1486 1498 1496 1485 1487 1499 1497
          1486 1488 1500 1498 1487 1489 1501 1499
          1488 1490 1502 1500 1489 1491 1503 1501
          1493 1492 1504 1505 1495 1494 1506 1507
          1492 1496 1508 1504 1494 1497 1509 1506
          1496 1498 1510 1508 1497 1499 1511 1509
          1498 1500 1512 1510 1499 1501 1513 1511
          1500 1502 1514 1512 1501 1503 1515 1513
          1505 1504 1516 1517 1507 1506 1518 1519
          1504 1508 1520 1516 1506 1509 1521 1518
          1508 1510 1522 1520 1509 1511 1523 1521
          1510 1512 1524 1522 1511 1513 1525 1523
          1512 1514 1526 1524 1513 1515 1527 1525
          1517 1516 1528 1529 1519 1518 1530 1531
          1516 1520 1532 1528 1518 1521 1533 1530
          1520 1522 1534 1532 1521 1523 1535 1533
          1522 1524 1536 1534 1523 1525 1537 1535
          1524 1526 1538 1536 1525 1527 1539 1537
          1529 1528 1375 1374 1531 1530 1379 1378
          1528 1532 1382 1375 1530 1533 1384 1379
          1532 1534 1386 1382 1533 1535 1388 1384
          1534 1536 1390 1386 1535 1537 1392 1388
          1536 1538 1170 1390 1537 1539 1174 1392
          1305 1304 1540 1541 1307 1306 1542 1543
          1304 1308 1544 1540 1306 1309 1545 1542
          1308 1310 1546 1544 1309 1311 1547 1545
          1310 1312 1548 1546 1311 1313 1549 1547
          1312 393 1550 1548 1313 395 1551 1549
          1541 1540 1552 1553 1543 1542 1554 1555
          1540 1544 1556 1552 1542 1545 1557 1554
          1544 1546 1558 1556 1545 1547 1559 1557
          1546 1548 1560 1558 1547 1549 1561 1559
          1548 1550 1562 1560 1549 1551 1563 1561
          1553 1552 1564 1565 1555 1554 1566 1567
          1552 1556 1568 1564 1554 1557 1569 1566
          1556 1558 1570 1568 1557 1559 1571 1569
          1558 1560 1572 1570 1559 1561 1573 1571
          1560 1562 1574 1572 1561 1563 1575 1573
          1565 1564 1576 1577 1567 1566 1578 1579
          1564 1568 1580 1576 1566 1569 1581 1578
          1568 1570 1582 1580 1569 1571 1583 1581
          1570 1572 1584 1582 1571 1573 1585 1583
          1572 1574 1586 1584 1573 1575 1587 1585
          1577 1576 1588 1589 1579 1578 1590 1591
          1576 1580 1592 1588 1578 1581 1593 1590
          1580 1582 1594 1592 1581 1583 1595 1593
          1582 1584 1596 1594 1583 1585 1597 1595
          1584 1586 1598 1596 1585 1587 1599 1597
          1589 1588 1445 1444 1591 1590 1449 1448
          1588 1592 1452 1445 1590 1593 1454 1449
          1592 1594 1456 1452 1593 1595 1458 1454
          1594 1596 1460 1456 1595 1597 1462 1458
          1596 1598 1464 1460 1597 1599 1466 1462
          1600 1254 1257 1601 1602 1258 1261 1603
          1601 1257 1275 1604 1603 1261 1277 1605
          1604 1275 1285 1606 1605 1277 1287 1607
          1606 1285 1295 1608 1607 1287 1297 1609
          1608 1295 1305 1610 1609 1297 1307 1611
          1612 1314 1317 1613 1614 1318 1321 1615
          1613 1317 1335 1616 1615 1321 1337 1617
          1616 1335 1345 1618 1617 1337 1347 1619
          1618 1345 1355 1620 1619 1347 1357 1621
          1620 1355 1365 1622 1621 1357 1367 1623
          1622 1365 1254 1600 1623 1367 1258 1602
          1624 1374 1377 1625 1626 1378 1381 1627
          1625 1377 1395 1628 1627 1381 1397 1629
          1628 1395 1405 1630 1629 1397 1407 1631
          1630 1405 1415 1632 1631 1407 1417 1633
          1632 1415 1425 1634 1633 1417 1427 1635
          1634 1425 1435 1636 1635 1427 1437 1637
          1636 1435 1314 1612 1637 1437 1318 1614
          1638 1444 1447 1639 1640 1448 1451 1641
          1639 1447 1469 1642 1641 1451 1471 1643
          1642 1469 1481 1644 1643 1471 1483 1645
          1644 1481 1493 1646 1645 1483 1495 1647
          1646 1493 1505 1648 1647 1495 1507 1649
          1648 1505 1517 1650 1649 1507 1519 1651
          1650 1517 1529 1652 1651 1519 1531 1653
          1652 1529 1374 1624 1653 1531 1378 1626
          1610 1305 1541 1654 1611 1307 1543 1655
          1654 1541 1553 1656 1655 1543 1555 1657
          1656 1553 1565 1658 1657 1555 1567 1659
          1658 1565 1577 1660 1659 1567 1579 1661
          1660 1577 1589 1662 1661 1579 1591 1663
          1662 1589 1444 1638 1663 1591 1448 1640
          1664 1665 1666 1667 1668 1669 1670 1671
          1665 1672 1673 1666 1669 1674 1675 1670
          1672 1676 1677 1673 1674 1678 1679 1675
          1676 1680 1681 1677 1678 1682 1683 1679
          1680 1684 1685 1681 1682 1686 1687 1683
          1684 1688 1689 1685 1686 1690 1691 1687
          1688 1692 1693 1689 1690 1694 1695 1691
          1692 1696 1697 1693 1694 1698 1699 1695
          1696 1700 1701 1697 1698 1702 1703 1699
          1700 1704 1705 1701 1702 1706 1707 1703
          1704 1708 1709 1705 1706 1710 1711 1707
          1708 1712 1713 1709 1710 1714 1715 1711
          1667 1666 1716 1717 1671 1670 1718 1719
          1666 1673 1720 1716 1670 1675 1721 1718
          1673 1677 1722 1720 1675 1679 1723 1721
          1677 1681 1724 1722 1679 1683 1725 1723
          1681 1685 1726 1724 1683 1687 1727 1725
          1685 1689 1728 1726 1687 1691 1729 1727
          1689 1693 1730 1728 1691 1695 1731 1729
          1693 1697 1732 1730 1695 1699 1733 1731
          1697 1701 1734 1732 1699 1703 1735 1733
          1701 1705 1736 1734 1703 1707 1737 1735
          1705 1709 1738 1736 1707 1711 1739 1737
          1709 1713 1740 1738 1711 1715 1741 1739
          1717 1716 1742 1743 1719 1718 1744 1745
          1716 1720 1746 1742 1718 1721 1747 1744
          1720 1722 1748 1746 1721 1723 1749 1747
          1722 1724 1750 1748 1723 1725 1751 1749
          1724 1726 1752 1750 1725 1727 1753 1751
          1726 1728 1754 1752 1727 1729 1755 1753
          1728 1730 1756 1754 1729 1731 1757 1755
          1730 1732 1758 1756 1731 1733 1759 1757
          1732 1734 1760 1758 1733 1735 1761 1759
          1734 1736 1762 1760 1735 1737 1763 1761
          1736 1738 1764 1762 1737 1739 1765 1763
          1738 1740 1766 1764 1739 1741 1767 1765
          1743 1742 1768 1769 1745 1744 1770 1771
          1742 1746 1772 1768 1744 1747 1773 1770
          1746 1748 1774 1772 1747 1749 1775 1773
          1748 1750 1776 1774 1749 1751 1777 1775
          1750 1752 1778 1776 1751 1753 1779 1777
          1752 1754 1780 1778 1753 1755 1781 1779
          1754 1756 1782 1780 1755 1757 1783 1781
          1756 1758 1784 1782 1757 1759 1785 1783
          1758 1760 1786 1784 1759 1761 1787 1785
          1760 1762 1788 1786 1761 1763 1789 1787
          1762 1764 1790 1788 1763 1765 1791 1789
          1764 1766 1792 1790 1765 1767 1793 1791
          1769 1768 1794 1795 1771 1770 1796 1797
          1768 1772 1798 1794 1770 1773 1799 1796
          1772 1774 1800 1798 1773 1775 1801 1799
          1774 1776 1802 1800 1775 1777 1803 1801
          1776 1778 1804 1802 1777 1779 1805 1803
          1778 1780 1806 1804 1779 1781 1807 1805
          1780 1782 1808 1806 1781 1783 1809 1807
          1782 1784 1810 1808 1783 1785 1811 1809
          1784 1786 1812 1810 1785 1787 1813 1811
          1786 1788 1814 1812 1787 1789 1815 1813
          1788 1790 1816 1814 1789 1791 1817 1815
          1790 1792 1818 1816 1791 1793 1819 1817
          1795 1794 1820 1821 1797 1796 1822 1823
          1794 1798 1824 1820 1796 1799 1825 1822
          1798 1800 1826 1824 1799 1801 1827 1825
          1800 1802 1828 1826 1801 1803 1829 1827
          1802 1804 1830 1828 1803 1805 1831 1829
          1804 1806 1832 1830 1805 1807 1833 1831
          1806 1808 1834 1832 1807 1809 1835 1833
          1808 1810 1836 1834 1809 1811 1837 1835
          1810 1812 1838 1836 1811 1813 1839 1837
          1812 1814 1840 1838 1813 1815 1841 1839
          1814 1816 1842 1840 1815 1817 1843 1841
          1816 1818 1844 1842 1817 1819 1845 1843
          1846 1847 1848 1849 1850 1851 1852 1853
          1847 1854 1855 1848 1851 1856 1857 1852
          1854 1858 1859 1855 1856 1860 1861 1857
          1858 1862 1863 1859 1860 1864 1865 1861
          1862 1866 1867 1863 1864 1868 1869 1865
          1866 1870 1871 1867 1868 1872 1873 1869
          1870 1874 1875 1871 1872 1876 1877 1873
          1874 1878 1879 1875 1876 1880 1881 1877
          1878 1882 1883 1879 1880 1884 1885 1881
          1882 1886 1887 1883 1884 1888 1889 1885
          1886 1890 1891 1887 1888 1892 1893 1889
          1890 1894 1895 1891 1892 1896 1897 1893
          1849 1848 1898 1899 1853 1852 1900 1901
          1848 1855 1902 1898 1852 1857 1903 1900
          1855 1859 1904 1902 1857 1861 1905 1903
          1859 1863 1906 1904 1861 1865 1907 1905
          1863 1867 1908 1906 1865 1869 1909 1907
          1867 1871 1910 1908 1869 1873 1911 1909
          1871 1875 1912 1910 1873 1877 1913 1911
          1875 1879 1914 1912 1877 1881 1915 1913
          1879 1883 1916 1914 1881 1885 1917 1915
          1883 1887 1918 1916 1885 1889 1919 1917
          1887 1891 1920 1918 1889 1893 1921 1919
          1891 1895 1922 1920 1893 1897 1923 1921
          1899 1898 1924 1925 1901 1900 1926 1927
          1898 1902 1928 1924 1900 1903 1929 1926
          1902 1904 1930 1928 1903 1905 1931 1929
          1904 1906 1932 1930 1905 1907 1933 1931
          1906 1908 1934 1932 1907 1909 1935 1933
          1908 1910 1936 1934 1909 1911 1937 1935
          1910 1912 1938 1936 1911 1913 1939 1937
          1912 1914 1940 1938 1913 1915 1941 1939
          1914 1916 1942 1940 1915 1917 1943 1941
          1916 1918 1944 1942 1917 1919 1945 1943
          1918 1920 1946 1944 1919 1921 1947 1945
          1920 1922 1948 1946 1921 1923 1949 1947
          1925 1924 1950 1951 1927 1926 1952 1953
          1924 1928 1954 1950 1926 1929 1955 1952
          1928 1930 1956 1954 1929 1931 1957 1955
          1930 1932 1958 1956 1931 1933 1959 1957
          1932 1934 1960 1958 1933 1935 1961 1959
          1934 1936 1962 1960 1935 1937 1963 1961
          1936 1938 1964 1962 1937 1939 1965 1963
          1938 1940 1966 1964 1939 1941 1967 1965
          1940 1942 1968 1966 1941 1943 1969 1967
          1942 1944 1970 1968 1943 1945 1971 1969
          1944 1946 1972 1970 1945 1947 1973 1971
          1946 1948 1974 1972 1947 1949 1975 1973
          1951 1950 1976 1977 1953 1952 1978 1979
          1950 1954 1980 1976 1952 1955 1981 1978
          1954 1956 1982 1980 1955 1957 1983 1981
          1956 1958 1984 1982 1957 1959 1985 1983
          1958 1960 1986 1984 1959 1961 1987 1985
          1960 1962 1988 1986 1961 1963 1989 1987
          1962 1964 1990 1988 1963 1965 1991 1989
          1964 1966 1992 1990 1965 1967 1993 1991
          1966 1968 1994 1992 1967 1969 1995 1993
          1968 1970 1996 1994 1969 1971 1997 1995
          1970 1972 1998 1996 1971 1973 1999 1997
          1972 1974 2000 1998 1973 1975 2001 1999
          1977 1976 1665 1664 1979 1978 1669 1668
          1976 1980 1672 1665 1978 1981 1674 1669
          1980 1982 1676 1672 1981 1983 1678 1674
          1982 1984 1680 1676 1983 1985 1682 1678
          1984 1986 1684 1680 1985 1987 1686 1682
          1986 1988 1688 1684 1987 1989 1690 1686
          1988 1990 1692 1688 1989 1991 1694 1690
          1990 1992 1696 1692 1991 1993 1698 1694
          1992 1994 1700 1696 1993 1995 1702 1698
          1994 1996 1704 1700 1995 1997 1706 1702
          1996 1998 1708 1704 1997 1999 1710 1706
          1998 2000 1712 1708 1999 2001 1714 1710
          1844 2002 2003 1842 1845 2004 2005 1843
          2002 148 198 2003 2004 149 199 2005
          1842 2003 2006 1840 1843 2005 2007 1841
          2003 198 200 2006 2005 199 201 2007
          1840 2006 2008 1838 1841 2007 2009 1839
          2006 200 202 2008 2007 201 203 2009
          1838 2008 2010 1836 1839 2009 2011 1837
          2008 202 204 2010 2009 203 205 2011
          1836 2010 2012 1834 1837 2011 2013 1835
          2010 204 206 2012 2011 205 207 2013
          1834 2012 2014 1832 1835 2013 2015 1833
          2012 206 208 2014 2013 207 209 2015
          1832 2014 2016 1830 1833 2015 2017 1831
          2014 208 210 2016 2015 209 211 2017
          1830 2016 2018 1828 1831 2017 2019 1829
          2016 210 212 2018 2017 211 213 2019
          1828 2018 2020 1826 1829 2019 2021 1827
          2018 212 214 2020 2019 213 215 2021
          1826 2020 2022 1824 1827 2021 2023 1825
          2020 214 216 2022 2021 215 217 2023
          1824 2022 2024 1820 1825 2023 2025 1822
          2022 216 218 2024 2023 217 219 2025
          1820 2024 2026 1821 1822 2025 2027 1823
          2024 218 220 2026 2025 219 221 2027
          1712 2028 2029 1713 1714 2030 2031 1715
          2028 112 138 2029 2030 113 139 2031
          1713 2029 2032 1740 1715 2031 2033 1741
          2029 138 140 2032 2031 139 141 2033
          1740 2032 2034 1766 1741 2033 2035 1767
          2032 140 142 2034 2033 141 143 2035
          1766 2034 2036 1792 1767 2035 2037 1793
          2034 142 144 2036 2035 143 145 2037
          1792 2036 2038 1818 1793 2037 2039 1819
          2036 144 146 2038 2037 145 147 2039
          1818 2038 2002 1844 1819 2039 2004 1845
          2038 146 148 2002 2039 147 149 2004
          1894 2040 2041 1895 1896 2042 2043 1897
          2040 76 102 2041 2042 77 103 2043
          1895 2041 2044 1922 1897 2043 2045 1923
          2041 102 104 2044 2043 103 105 2045
          1922 2044 2046 1948 1923 2045 2047 1949
          2044 104 106 2046 2045 105 107 2047
          1948 2046 2048 1974 1949 2047 2049 1975
          2046 106 108 2048 2047 107 109 2049
          1974 2048 2050 2000 1975 2049 2051 2001
          2048 108 110 2050 2049 109 111 2051
          2000 2050 2028 1712 2001 2051 2030 1714
          2050 110 112 2028 2051 111 113 2030
          1846 2052 2053 1847 1850 2054 2055 1851
          2052 53 52 2053 2054 55 54 2055
          1847 2053 2056 1854 1851 2055 2057 1856
          2053 52 56 2056 2055 54 57 2057
          1854 2056 2058 1858 1856 2057 2059 1860
          2056 56 58 2058 2057 57 59 2059
          1858 2058 2060 1862 1860 2059 2061 1864
          2058 58 60 2060 2059 59 61 2061
          1862 2060 2062 1866 1864 2061 2063 1868
          2060 60 62 2062 2061 61 63 2063
          1866 2062 2064 1870 1868 2063 2065 1872
          2062 62 64 2064 2063 63 65 2065
          1870 2064 2066 1874 1872 2065 2067 1876
          2064 64 66 2066 2065 65 67 2067
          1874 2066 2068 1878 1876 2067 2069 1880
          2066 66 68 2068 2067 67 69 2069
          1878 2068 2070 1882 1880 2069 2071 1884
          2068 68 70 2070 2069 69 71 2071
          1882 2070 2072 1886 1884 2071 2073 1888
          2070 70 72 2072 2071 71 73 2073
          1886 2072 2074 1890 1888 2073 2075 1892
          2072 72 74 2074 2073 73 75 2075
          1890 2074 2040 1894 1892 2075 2042 1896
          2074 74 76 2040 2075 75 77 2042
          1846 1849 2076 2052 1850 1853 2077 2054
          1849 1899 2078 2076 1853 1901 2079 2077
          1899 1925 2080 2078 1901 1927 2081 2079
          1925 1951 2082 2080 1927 1953 2083 2081
          1951 1977 2084 2082 1953 1979 2085 2083
          1977 1664 2086 2084 1979 1668 2087 2085
          2052 2076 286 53 2054 2077 287 55
          2076 2078 284 286 2077 2079 285 287
          2078 2080 282 284 2079 2081 283 285
          2080 2082 280 282 2081 2083 281 283
          2082 2084 278 280 2083 2085 279 281
          2084 2086 256 278 2085 2087 257 279
          1664 1667 2088 2086 1668 1671 2089 2087
          1667 1717 2090 2088 1671 1719 2091 2089
          1717 1743 2092 2090 1719 1745 2093 2091
          1743 1769 2094 2092 1745 1771 2095 2093
          1769 1795 2096 2094 1771 1797 2097 2095
          1795 1821 2026 2096 1797 1823 2027 2097
          2086 2088 254 256 2087 2089 255 257
          2088 2090 252 254 2089 2091 253 255
          2090 2092 250 252 2091 2093 251 253
          2092 2094 248 250 2093 2095 249 251
          2094 2096 246 248 2095 2097 247 249
          2096 2026 220 246 2097 2027 221 247
          4 5 6 7 2098 2099 2100 2101
          5 10 11 6 2099 2102 2103 2100
          10 14 15 11 2102 2104 2105 2103
          14 18 19 15 2104 2106 2107 2105
          18 22 23 19 2106 2108 2109 2107
          22 26 27 23 2108 2110 2111 2109
          26 30 31 27 2110 2112 2113 2111
          30 34 35 31 2112 2114 2115 2113
          34 38 39 35 2114 2116 2117 2115
          38 42 43 39 2116 2118 2119 2117
          42 46 47 43 2118 2120 2121 2119
          46 50 51 47 2120 2122 2123 2121
          7 6 54 55 2101 2100 2124 2125
          6 11 57 54 2100 2103 2126 2124
          11 15 59 57 2103 2105 2127 2126
          15 19 61 59 2105 2107 2128 2127
          19 23 63 61 2107 2109 2129 2128
          23 27 65 63 2109 2111 2130 2129
          27 31 67 65 2111 2113 2131 2130
          31 35 69 67 2113 2115 2132 2131
          35 39 71 69 2115 2117 2133 2132
          39 43 73 71 2117 2119 2134 2133
          43 47 75 73 2119 2121 2135 2134
          47 51 77 75 2121 2123 2136 2135
          50 80 81 51 2122 2137 2138 2123
          80 84 85 81 2137 2139 2140 2138
          84 88 89 85 2139 2141 2142 2140
          88 92 93 89 2141 2143 2144 2142
          92 96 97 93 2143 2145 2146 2144
          96 100 101 97 2145 2147 2148 2146
          51 81 103 77 2123 2138 2149 2136
          81 85 105 103 2138 2140 2150 2149
          85 89 107 105 2140 2142 2151 2150
          89 93 109 107 2142 2144 2152 2151
          93 97 111 109 2144 2146 2153 2152
          97 101 113 111 2146 2148 2154 2153
          100 116 117 101 2147 2155 2156 2148
          116 120 121 117 2155 2157 2158 2156
          120 124 125 121 2157 2159 2160 2158
          124 128 129 125 2159 2161 2162 2160
          128 132 133 129 2161 2163 2164 2162
          132 136 137 133 2163 2165 2166 2164
          101 117 139 113 2148 2156 2167 2154
          117 121 141 139 2156 2158 2168 2167
          121 125 143 141 2158 2160 2169 2168
          125 129 145 143 2160 2162 2170 2169
          129 133 147 145 2162 2164 2171 2170
          133 137 149 147 2164 2166 2172 2171
          136 152 153 137 2165 2173 2174 2166
          152 156 157 153 2173 2175 2176 2174
          156 160 161 157 2175 2177 2178 2176
          160 164 165 161 2177 2179 2180 2178
          164 168 169 165 2179 2181 2182 2180
          168 172 173 169 2181 2183 2184 2182
          172 176 177 173 2183 2185 2186 2184
          176 180 181 177 2185 2187 2188 2186
          180 184 185 181 2187 2189 2190 2188
          184 188 189 185 2189 2191 2192 2190
          188 192 193 189 2191 2193 2194 2192
          192 196 197 193 2193 2195 2196 2194
          137 153 199 149 2166 2174 2197 2172
          153 157 201 199 2174 2176 2198 2197
          157 161 203 201 2176 2178 2199 2198
          161 165 205 203 2178 2180 2200 2199
          165 169 207 205 2180 2182 2201 2200
          169 173 209 207 2182 2184 2202 2201
          173 177 211 209 2184 2186 2203 2202
          177 181 213 211 2186 2188 2204 2203
          181 185 215 213 2188 2190 2205 2204
          185 189 217 215 2190 2192 2206 2205
          189 193 219 217 2192 2194 2207 2206
          193 197 221 219 2194 2196 2208 2207
          196 224 225 197 2195 2209 2210 2196
          224 228 229 225 2209 2211 2212 2210
          228 232 233 229 2211 2213 2214 2212
          232 236 237 233 2213 2215 2216 2214
          236 240 241 237 2215 2217 2218 2216
          240 244 245 241 2217 2219 2220 2218
          197 225 247 221 2196 2210 2221 2208
          225 229 249 247 2210 2212 2222 2221
          229 233 251 249 2212 2214 2223 2222
          233 237 253 251 2214 2216 2224 2223
          237 241 255 253 2216 2218 2225 2224
          241 245 257 255 2218 2220 2226 2225
          244 260 261 245 2219 2227 2228 2220
          260 264 265 261 2227 2229 2230 2228
          264 268 269 265 2229 2231 2232 2230
          268 272 273 269 2231 2233 2234 2232
          272 276 277 273 2233 2235 2236 2234
          276 4 7 277 2235 2098 2101 2236
          245 261 279 257 2220 2228 2237 2226
          261 265 281 279 2228 2230 2238 2237
          265 269 283 281 2230 2232 2239 2238
          269 273 285 283 2232 2234 2240 2239
          273 277 287 285 2234 2236 2241 2240
          277 7 55 287 2236 2101 2125 2241
          196 192 290 291 2195 2193 2242 2243
          192 188 293 290 2193 2191 2244 2242
          188 184 295 293 2191 2189 2245 2244
          184 180 297 295 2189 2187 2246 2245
          180 176 299 297 2187 2185 2247 2246
          176 172 301 299 2185 2183 2248 2247
          172 168 303 301 2183 2181 2249 2248
          168 164 305 303 2181 2179 2250 2249
          164 160 307 305 2179 2177 2251 2250
          160 156 309 307 2177 2175 2252 2251
          156 152 311 309 2175 2173 2253 2252
          152 136 313 311 2173 2165 2254 2253
          291 290 316 317 2243 2242 2255 2256
          290 293 319 316 2242 2244 2257 2255
          293 295 321 319 2244 2245 2258 2257
          295 297 323 321 2245 2246 2259 2258
          297 299 325 323 2246 2247 2260 2259
          299 301 327 325 2247 2248 2261 2260
          301 303 329 327 2248 2249 2262 2261
          303 305 331 329 2249 2250 2263 2262
          305 307 333 331 2250 2251 2264 2263
          307 309 335 333 2251 2252 2265 2264
          309 311 337 335 2252 2253 2266 2265
          311 313 339 337 2253 2254 2267 2266
          317 316 342 343 2256 2255 2268 2269
          316 319 345 342 2255 2257 2270 2268
          319 321 347 345 2257 2258 2271 2270
          321 323 349 347 2258 2259 2272 2271
          323 325 351 349 2259 2260 2273 2272
          325 327 353 351 2260 2261 2274 2273
          327 329 355 353 2261 2262 2275 2274
          329 331 357 355 2262 2263 2276 2275
          331 333 359 357 2263 2264 2277 2276
          333 335 361 359 2264 2265 2278 2277
          335 337 363 361 2265 2266 2279 2278
          337 339 365 363 2266 2267 2280 2279
          343 342 368 369 2269 2268 2281 2282
          342 345 371 368 2268 2270 2283 2281
          345 347 373 371 2270 2271 2284 2283
          347 349 375 373 2271 2272 2285 2284
          349 351 377 375 2272 2273 2286 2285
          351 353 379 377 2273 2274 2287 2286
          353 355 381 379 2274 2275 2288 2287
          355 357 383 381 2275 2276 2289 2288
          357 359 385 383 2276 2277 2290 2289
          359 361 387 385 2277 2278 2291 2290
          361 363 389 387 2278 2279 2292 2291
          363 365 391 389 2279 2280 2293 2292
          369 368 394 395 2282 2281 2294 2295
          368 371 397 394 2281 2283 2296 2294
          371 373 399 397 2283 2284 2297 2296
          373 375 401 399 2284 2285 2298 2297
          375 377 403 401 2285 2286 2299 2298
          377 379 405 403 2286 2287 2300 2299
          379 381 407 405 2287 2288 2301 2300
          381 383 409 407 2288 2289 2302 2301
          383 385 411 409 2289 2290 2303 2302
          385 387 413 411 2290 2291 2304 2303
          387 389 415 413 2291 2292 2305 2304
          389 391 417 415 2292 2293 2306 2305
          422 423 424 425 2307 2308 2309 2310
          423 428 429 424 2308 2311 2312 2309
          428 432 433 429 2311 2313 2314 2312
          432 436 437 433 2313 2315 2316 2314
          436 440 441 437 2315 2317 2318 2316
          440 444 445 441 2317 2319 2320 2318
          444 448 449 445 2319 2321 2322 2320
          448 452 453 449 2321 2323 2324 2322
          452 456 457 453 2323 2325 2326 2324
          456 460 461 457 2325 2327 2328 2326
          460 464 465 461 2327 2329 2330 2328
          464 468 469 465 2329 2331 2332 2330
          425 424 472 473 2310 2309 2333 2334
          424 429 475 472 2309 2312 2335 2333
          429 433 477 475 2312 2314 2336 2335
          433 437 479 477 2314 2316 2337 2336
          437 441 481 479 2316 2318 2338 2337
          441 445 483 481 2318 2320 2339 2338
          445 449 485 483 2320 2322 2340 2339
          449 453 487 485 2322 2324 2341 2340
          453 457 489 487 2324 2326 2342 2341
          457 461 491 489 2326 2328 2343 2342
          461 465 493 491 2328 2330 2344 2343
          465 469 495 493 2330 2332 2345 2344
          473 472 498 499 2334 2333 2346 2347
          472 475 501 498 2333 2335 2348 2346
          475 477 503 501 2335 2336 2349 2348
          477 479 505 503 2336 2337 2350 2349
          479 481 507 505 2337 2338 2351 2350
          481 483 509 507 2338 2339 2352 2351
          483 485 511 509 2339 2340 2353 2352
          485 487 513 511 2340 2341 2354 2353
          487 489 515 513 2341 2342 2355 2354
          489 491 517 515 2342 2343 2356 2355
          491 493 519 517 2343 2344 2357 2356
          493 495 521 519 2344 2345 2358 2357
          499 498 524 525 2347 2346 2359 2360
          498 501 527 524 2346 2348 2361 2359
          501 503 529 527 2348 2349 2362 2361
          503 505 531 529 2349 2350 2363 2362
          505 507 533 531 2350 2351 2364 2363
          507 509 535 533 2351 2352 2365 2364
          509 511 537 535 2352 2353 2366 2365
          511 513 539 537 2353 2354 2367 2366
          513 515 541 539 2354 2355 2368 2367
          515 517 543 541 2355 2356 2369 2368
          517 519 545 543 2356 2357 2370 2369
          519 521 547 545 2357 2358 2371 2370
          525 524 550 551 2360 2359 2372 2373
          524 527 553 550 2359 2361 2374 2372
          527 529 555 553 2361 2362 2375 2374
          529 531 557 555 2362 2363 2376 2375
          531 533 559 557 2363 2364 2377 2376
          533 535 561 559 2364 2365 2378 2377
          535 537 563 561 2365 2366 2379 2378
          537 539 565 563 2366 2367 2380 2379
          539 541 567 565 2367 2368 2381 2380
          541 543 569 567 2368 2369 2382 2381
          543 545 571 569 2369 2370 2383 2382
          545 547 573 571 2370 2371 2384 2383
          551 550 576 577 2373 2372 2385 2386
          550 553 579 576 2372 2374 2387 2385
          553 555 581 579 2374 2375 2388 2387
          555 557 583 581 2375 2376 2389 2388
          557 559 585 583 2376 2377 2390 2389
          559 561 587 585 2377 2378 2391 2390
          561 563 589 587 2378 2379 2392 2391
          563 565 591 589 2379 2380 2393 2392
          565 567 593 591 2380 2381 2394 2393
          567 569 595 593 2381 2382 2395 2394
          569 571 597 595 2382 2383 2396 2395
          571 573 599 597 2383 2384 2397 2396
          577 576 5 4 2386 2385 2099 2098
          576 579 10 5 2385 2387 2102 2099
          579 581 14 10 2387 2388 2104 2102
          581 583 18 14 2388 2389 2106 2104
          583 585 22 18 2389 2390 2108 2106
          585 587 26 22 2390 2391 2110 2108
          587 589 30 26 2391 2392 2112 2110
          589 591 34 30 2392 2393 2114 2112
          591 593 38 34 2393 2394 2116 2114
          593 595 42 38 2394 2395 2118 2116
          595 597 46 42 2395 2396 2120 2118
          597 599 50 46 2396 2397 2122 2120
          100 96 602 603 2147 2145 2398 2399
          96 92 605 602 2145 2143 2400 2398
          92 88 607 605 2143 2141 2401 2400
          88 84 609 607 2141 2139 2402 2401
          84 80 611 609 2139 2137 2403 2402
          80 50 599 611 2137 2122 2397 2403
          603 602 614 615 2399 2398 2404 2405
          602 605 617 614 2398 2400 2406 2404
          605 607 619 617 2400 2401 2407 2406
          607 609 621 619 2401 2402 2408 2407
          609 611 623 621 2402 2403 2409 2408
          611 599 573 623 2403 2397 2384 2409
          615 614 626 627 2405 2404 2410 2411
          614 617 629 626 2404 2406 2412 2410
          617 619 631 629 2406 2407 2413 2412
          619 621 633 631 2407 2408 2414 2413
          621 623 635 633 2408 2409 2415 2414
          623 573 547 635 2409 2384 2371 2415
          627 626 638 639 2411 2410 2416 2417
          626 629 641 638 2410 2412 2418 2416
          629 631 643 641 2412 2413 2419 2418
          631 633 645 643 2413 2414 2420 2419
          633 635 647 645 2414 2415 2421 2420
          635 547 521 647 2415 2371 2358 2421
          639 638 650 651 2417 2416 2422 2423
          638 641 653 650 2416 2418 2424 2422
          641 643 655 653 2418 2419 2425 2424
          643 645 657 655 2419 2420 2426 2425
          645 647 659 657 2420 2421 2427 2426
          647 521 495 659 2421 2358 2345 2427
          651 650 662 663 2423 2422 2428 2429
          650 653 665 662 2422 2424 2430 2428
          653 655 667 665 2424 2425 2431 2430
          655 657 669 667 2425 2426 2432 2431
          657 659 671 669 2426 2427 2433 2432
          659 495 469 671 2427 2345 2332 2433
          663 662 674 675 2429 2428 2434 2435
          662 665 677 674 2428 2430 2436 2434
          665 667 679 677 2430 2431 2437 2436
          667 669 681 679 2431 2432 2438 2437
          669 671 683 681 2432 2433 2439 2438
          671 469 468 683 2433 2332 2331 2439
          688 689 690 691 2440 2441 2442 2443
          689 694 695 690 2441 2444 2445 2442
          694 698 699 695 2444 2446 2447 2445
          698 702 703 699 2446 2448 2449 2447
          691 690 706 707 2443 2442 2450 2451
          690 695 709 706 2442 2445 2452 2450
          695 699 711 709 2445 2447 2453 2452
          699 703 713 711 2447 2449 2454 2453
          707 706 716 717 2451 2450 2455 2456
          706 709 719 716 2450 2452 2457 2455
          709 711 721 719 2452 2453 2458 2457
          711 713 723 721 2453 2454 2459 2458
          717 716 726 727 2456 2455 2460 2461
          716 719 729 726 2455 2457 2462 2460
          719 721 731 729 2457 2458 2463 2462
          721 723 417 731 2458 2459 2306 2463
          727 726 734 735 2461 2460 2464 2465
          726 729 737 734 2460 2462 2466 2464
          729 731 739 737 2462 2463 2467 2466
          731 417 391 739 2463 2306 2293 2467
          735 734 742 743 2465 2464 2468 2469
          734 737 745 742 2464 2466 2470 2468
          737 739 747 745 2466 2467 2471 2470
          739 391 365 747 2467 2293 2280 2471
          743 742 750 751 2469 2468 2472 2473
          742 745 753 750 2468 2470 2474 2472
          745 747 755 753 2470 2471 2475 2474
          747 365 339 755 2471 2280 2267 2475
          751 750 758 759 2473 2472 2476 2477
          750 753 761 758 2472 2474 2478 2476
          753 755 763 761 2474 2475 2479 2478
          755 339 313 763 2475 2267 2254 2479
          759 758 766 767 2477 2476 2480 2481
          758 761 769 766 2476 2478 2482 2480
          761 763 771 769 2478 2479 2483 2482
          763 313 136 771 2479 2254 2165 2483
          767 766 774 775 2481 2480 2484 2485
          766 769 777 774 2480 2482 2486 2484
          769 771 779 777 2482 2483 2487 2486
          771 136 781 779 2483 2165 2488 2487
          775 774 784 785 2485 2484 2489 2490
          774 777 787 784 2484 2486 2491 2489
          777 779 789 787 2486 2487 2492 2491
          779 781 791 789 2487 2488 2493 2492
          785 784 794 795 2490 2489 2494 2495
          784 787 797 794 2489 2491 2496 2494
          787 789 799 797 2491 2492 2497 2496
          789 791 801 799 2492 2493 2498 2497
          795 794 804 805 2495 2494 2499 2500
          794 797 807 804 2494 2496 2501 2499
          797 799 809 807 2496 2497 2502 2501
          799 801 811 809 2497 2498 2503 2502
          805 804 814 815 2500 2499 2504 2505
          804 807 817 814 2499 2501 2506 2504
          807 809 819 817 2501 2502 2507 2506
          809 811 821 819 2502 2503 2508 2507
          815 814 824 825 2505 2504 2509 2510
          814 817 827 824 2504 2506 2511 2509
          817 819 829 827 2506 2507 2512 2511
          819 821 831 829 2507 2508 2513 2512
          825 824 834 835 2510 2509 2514 2515
          824 827 837 834 2509 2511 2516 2514
          827 829 839 837 2511 2512 2517 2516
          829 831 841 839 2512 2513 2518 2517
          835 834 844 845 2515 2514 2519 2520
          834 837 847 844 2514 2516 2521 2519
          837 839 849 847 2516 2517 2522 2521
          839 841 851 849 2517 2518 2523 2522
          845 844 854 855 2520 2519 2524 2525
          844 847 857 854 2519 2521 2526 2524
          847 849 859 857 2521 2522 2527 2526
          849 851 861 859 2522 2523 2528 2527
          855 854 864 865 2525 2524 2529 2530
          854 857 867 864 2524 2526 2531 2529
          857 859 869 867 2526 2527 2532 2531
          859 861 871 869 2527 2528 2533 2532
          865 864 874 875 2530 2529 2534 2535
          864 867 877 874 2529 2531 2536 2534
          867 869 879 877 2531 2532 2537 2536
          869 871 881 879 2532 2533 2538 2537
          875 874 884 885 2535 2534 2539 2540
          874 877 887 884 2534 2536 2541 2539
          877 879 889 887 2536 2537 2542 2541
          879 881 891 889 2537 2538 2543 2542
          885 884 894 895 2540 2539 2544 2545
          884 887 897 894 2539 2541 2546 2544
          887 889 899 897 2541 2542 2547 2546
          889 891 901 899 2542 2543 2548 2547
          895 894 904 905 2545 2544 2549 2550
          894 897 907 904 2544 2546 2551 2549
          897 899 909 907 2546 2547 2552 2551
          899 901 911 909 2547 2548 2553 2552
          905 904 914 915 2550 2549 2554 2555
          904 907 917 914 2549 2551 2556 2554
          907 909 919 917 2551 2552 2557 2556
          909 911 921 919 2552 2553 2558 2557
          915 914 924 925 2555 2554 2559 2560
          914 917 927 924 2554 2556 2561 2559
          917 919 929 927 2556 2557 2562 2561
          919 921 931 929 2557 2558 2563 2562
          925 924 934 935 2560 2559 2564 2565
          924 927 937 934 2559 2561 2566 2564
          927 929 939 937 2561 2562 2567 2566
          929 931 941 939 2562 2563 2568 2567
          935 934 689 688 2565 2564 2441 2440
          934 937 694 689 2564 2566 2444 2441
          937 939 698 694 2566 2567 2446 2444
          939 941 702 698 2567 2568 2448 2446
          946 947 948 949 2569 2570 2571 2572
          947 952 953 948 2570 2573 2574 2571
          952 956 957 953 2573 2575 2576 2574
          956 136 132 957 2575 2165 2163 2576
          949 948 960 961 2572 2571 2577 2578
          948 953 963 960 2571 2574 2579 2577
          953 957 965 963 2574 2576 2580 2579
          957 132 128 965 2576 2163 2161 2580
          961 960 968 969 2578 2577 2581 2582
          960 963 971 968 2577 2579 2583 2581
          963 965 973 971 2579 2580 2584 2583
          965 128 124 973 2580 2161 2159 2584
          969 968 976 977 2582 2581 2585 2586
          968 971 979 976 2581 2583 2587 2585
          971 973 981 979 2583 2584 2588 2587
          973 124 120 981 2584 2159 2157 2588
          977 976 984 985 2586 2585 2589 2590
          976 979 987 984 2585 2587 2591 2589
          979 981 989 987 2587 2588 2592 2591
          981 120 116 989 2588 2157 2155 2592
          985 984 992 993 2590 2589 2593 2594
          984 987 995 992 2589 2591 2595 2593
          987 989 997 995 2591 2592 2596 2595
          989 116 100 997 2592 2155 2147 2596
          993 992 1000 1001 2594 2593 2597 2598
          992 995 1003 1000 2593 2595 2599 2597
          995 997 1005 1003 2595 2596 2600 2599
          997 100 603 1005 2596 2147 2399 2600
          1001 1000 1008 1009 2598 2597 2601 2602
          1000 1003 1011 1008 2597 2599 2603 2601
          1003 1005 1013 1011 2599 2600 2604 2603
          1005 603 615 1013 2600 2399 2405 2604
          1009 1008 1016 1017 2602 2601 2605 2606
          1008 1011 1019 1016 2601 2603 2607 2605
          1011 1013 1021 1019 2603 2604 2608 2607
          1013 615 627 1021 2604 2405 2411 2608
          1017 1016 1024 1025 2606 2605 2609 2610
          1016 1019 1027 1024 2605 2607 2611 2609
          1019 1021 1029 1027 2607 2608 2612 2611
          1021 627 639 1029 2608 2411 2417 2612
          1025 1024 1032 1033 2610 2609 2613 2614
          1024 1027 1035 1032 2609 2611 2615 2613
          1027 1029 1037 1035 2611 2612 2616 2615
          1029 639 651 1037 2612 2417 2423 2616
          1033 1032 1040 1041 2614 2613 2617 2618
          1032 1035 1043 1040 2613 2615 2619 2617
          1035 1037 1045 1043 2615 2616 2620 2619
          1037 651 663 1045 2616 2423 2429 2620
          1041 1040 1048 1049 2618 2617 2621 2622
          1040 1043 1051 1048 2617 2619 2623 2621
          1043 1045 1053 1051 2619 2620 2624 2623
          1045 663 675 1053 2620 2429 2435 2624
          1049 1048 1056 1057 2622 2621 2625 2626
          1048 1051 1059 1056 2621 2623 2627 2625
          1051 1053 1061 1059 2623 2624 2628 2627
          1053 675 1063 1061 2624 2435 2629 2628
          1057 1056 1066 1067 2626 2625 2630 2631
          1056 1059 1069 1066 2625 2627 2632 2630
          1059 1061 1071 1069 2627 2628 2633 2632
          1061 1063 1073 1071 2628 2629 2634 2633
          1067 1066 1076 1077 2631 2630 2635 2636
          1066 1069 1079 1076 2630 2632 2637 2635
          1069 1071 1081 1079 2632 2633 2638 2637
          1071 1073 1083 1081 2633 2634 2639 2638
          1077 1076 1086 1087 2636 2635 2640 2641
          1076 1079 1089 1086 2635 2637 2642 2640
          1079 1081 1091 1089 2637 2638 2643 2642
          1081 1083 1093 1091 2638 2639 2644 2643
          1087 1086 1096 1097 2641 2640 2645 2646
          1086 1089 1099 1096 2640 2642 2647 2645
          1089 1091 1101 1099 2642 2643 2648 2647
          1091 1093 1103 1101 2643 2644 2649 2648
          1097 1096 1106 1107 2646 2645 2650 2651
          1096 1099 1109 1106 2645 2647 2652 2650
          1099 1101 1111 1109 2647 2648 2653 2652
          1101 1103 1113 1111 2648 2649 2654 2653
          1107 1106 1116 1117 2651 2650 2655 2656
          1106 1109 1119 1116 2650 2652 2657 2655
          1109 1111 1121 1119 2652 2653 2658 2657
          1111 1113 841 1121 2653 2654 2518 2658
          1117 1116 1124 1125 2656 2655 2659 2660
          1116 1119 1127 1124 2655 2657 2661 2659
          1119 1121 1129 1127 2657 2658 2662 2661
          1121 841 831 1129 2658 2518 2513 2662
          1125 1124 1132 1133 2660 2659 2663 2664
          1124 1127 1135 1132 2659 2661 2665 2663
          1127 1129 1137 1135 2661 2662 2666 2665
          1129 831 821 1137 2662 2513 2508 2666
          1133 1132 1140 1141 2664 2663 2667 2668
          1132 1135 1143 1140 2663 2665 2669 2667
          1135 1137 1145 1143 2665 2666 2670 2669
          1137 821 811 1145 2666 2508 2503 2670
          1141 1140 1148 1149 2668 2667 2671 2672
          1140 1143 1151 1148 2667 2669 2673 2671
          1143 1145 1153 1151 2669 2670 2674 2673
          1145 811 801 1153 2670 2503 2498 2674
          1149 1148 1156 1157 2672 2671 2675 2676
          1148 1151 1159 1156 2671 2673 2677 2675
          1151 1153 1161 1159 2673 2674 2678 2677
          1153 801 791 1161 2674 2498 2493 2678
          1157 1156 1164 1165 2676 2675 2679 2680
          1156 1159 1167 1164 2675 2677 2681 2679
          1159 1161 1169 1167 2677 2678 2682 2681
          1161 791 781 1169 2678 2493 2488 2682
          1165 1164 947 946 2680 2679 2570 2569
          1164 1167 952 947 2679 2681 2573 2570
          1167 1169 956 952 2681 2682 2575 2573
          1169 781 136 956 2682 2488 2165 2575
          1174 1175 1176 1177 2683 2684 2685 2686
          1175 1180 1181 1176 2684 2687 2688 2685
          1180 1184 1185 1181 2687 2689 2690 2688
          1184 1188 1189 1185 2689 2691 2692 2690
          1188 1192 1193 1189 2691 2693 2694 2692
          1192 422 425 1193 2693 2307 2310 2694
          1177 1176 1196 1197 2686 2685 2695 2696
          1176 1181 1199 1196 2685 2688 2697 2695
          1181 1185 1201 1199 2688 2690 2698 2697
          1185 1189 1203 1201 2690 2692 2699 2698
          1189 1193 1205 1203 2692 2694 2700 2699
          1193 425 473 1205 2694 2310 2334 2700
          1197 1196 1208 1209 2696 2695 2701 2702
          1196 1199 1211 1208 2695 2697 2703 2701
          1199 1201 1213 1211 2697 2698 2704 2703
          1201 1203 1215 1213 2698 2699 2705 2704
          1203 1205 1217 1215 2699 2700 2706 2705
          1205 473 499 1217 2700 2334 2347 2706
          1209 1208 1220 1221 2702 2701 2707 2708
          1208 1211 1223 1220 2701 2703 2709 2707
          1211 1213 1225 1223 2703 2704 2710 2709
          1213 1215 1227 1225 2704 2705 2711 2710
          1215 1217 1229 1227 2705 2706 2712 2711
          1217 499 525 1229 2706 2347 2360 2712
          1221 1220 1232 1233 2708 2707 2713 2714
          1220 1223 1235 1232 2707 2709 2715 2713
          1223 1225 1237 1235 2709 2710 2716 2715
          1225 1227 1239 1237 2710 2711 2717 2716
          1227 1229 1241 1239 2711 2712 2718 2717
          1229 525 551 1241 2712 2360 2373 2718
          1233 1232 1244 1245 2714 2713 2719 2720
          1232 1235 1247 1244 2713 2715 2721 2719
          1235 1237 1249 1247 2715 2716 2722 2721
          1237 1239 1251 1249 2716 2717 2723 2722
          1239 1241 1253 1251 2717 2718 2724 2723
          1241 551 577 1253 2718 2373 2386 2724
          1245 1244 260 244 2720 2719 2227 2219
          1244 1247 264 260 2719 2721 2229 2227
          1247 1249 268 264 2721 2722 2231 2229
          1249 1251 272 268 2722 2723 2233 2231
          1251 1253 276 272 2723 2724 2235 2233
          1253 577 4 276 2724 2386 2098 2235
          1258 1259 1260 1261 2725 2726 2727 2728
          1259 1264 1265 1260 2726 2729 2730 2727
          1264 1268 1269 1265 2729 2731 2732 2730
          1268 1272 1273 1269 2731 2733 2734 2732
          1272 196 291 1273 2733 2195 2243 2734
          1261 1260 1276 1277 2728 2727 2735 2736
          1260 1265 1279 1276 2727 2730 2737 2735
          1265 1269 1281 1279 2730 2732 2738 2737
          1269 1273 1283 1281 2732 2734 2739 2738
          1273 291 317 1283 2734 2243 2256 2739
          1277 1276 1286 1287 2736 2735 2740 2741
          1276 1279 1289 1286 2735 2737 2742 2740
          1279 1281 1291 1289 2737 2738 2743 2742
          1281 1283 1293 1291 2738 2739 2744 2743
          1283 317 343 1293 2739 2256 2269 2744
          1287 1286 1296 1297 2741 2740 2745 2746
          1286 1289 1299 1296 2740 2742 2747 2745
          1289 1291 1301 1299 2742 2743 2748 2747
          1291 1293 1303 1301 2743 2744 2749 2748
          1293 343 369 1303 2744 2269 2282 2749
          1297 1296 1306 1307 2746 2745 2750 2751
          1296 1299 1309 1306 2745 2747 2752 2750
          1299 1301 1311 1309 2747 2748 2753 2752
          1301 1303 1313 1311 2748 2749 2754 2753
          1303 369 395 1313 2749 2282 2295 2754
          1318 1319 1320 1321 2755 2756 2757 2758
          1319 1324 1325 1320 2756 2759 2760 2757
          1324 1328 1329 1325 2759 2761 2762 2760
          1328 1332 1333 1329 2761 2763 2764 2762
          1332 244 240 1333 2763 2219 2217 2764
          1321 1320 1336 1337 2758 2757 2765 2766
          1320 1325 1339 1336 2757 2760 2767 2765
          1325 1329 1341 1339 2760 2762 2768 2767
          1329 1333 1343 1341 2762 2764 2769 2768
          1333 240 236 1343 2764 2217 2215 2769
          1337 1336 1346 1347 2766 2765 2770 2771
          1336 1339 1349 1346 2765 2767 2772 2770
          1339 1341 1351 1349 2767 2768 2773 2772
          1341 1343 1353 1351 2768 2769 2774 2773
          1343 236 232 1353 2769 2215 2213 2774
          1347 1346 1356 1357 2771 2770 2775 2776
          1346 1349 1359 1356 2770 2772 2777 2775
          1349 1351 1361 1359 2772 2773 2778 2777
          1351 1353 1363 1361 2773 2774 2779 2778
          1353 232 228 1363 2774 2213 2211 2779
          1357 1356 1366 1367 2776 2775 2780 2781
          1356 1359 1369 1366 2775 2777 2782 2780
          1359 1361 1371 1369 2777 2778 2783 2782
          1361 1363 1373 1371 2778 2779 2784 2783
          1363 228 224 1373 2779 2211 2209 2784
          1367 1366 1259 1258 2781 2780 2726 2725
          1366 1369 1264 1259 2780 2782 2729 2726
          1369 1371 1268 1264 2782 2783 2731 2729
          1371 1373 1272 1268 2783 2784 2733 2731
          1373 224 196 1272 2784 2209 2195 2733
          1378 1379 1380 1381 2785 2786 2787 2788
          1379 1384 1385 1380 2786 2789 2790 2787
          1384 1388 1389 1385 2789 2791 2792 2790
          1388 1392 1393 1389 2791 2793 2794 2792
          1392 1174 1177 1393 2793 2683 2686 2794
          1381 1380 1396 1397 2788 2787 2795 2796
          1380 1385 1399 1396 2787 2790 2797 2795
          1385 1389 1401 1399 2790 2792 2798 2797
          1389 1393 1403 1401 2792 2794 2799 2798
          1393 1177 1197 1403 2794 2686 2696 2799
          1397 1396 1406 1407 2796 2795 2800 2801
          1396 1399 1409 1406 2795 2797 2802 2800
          1399 1401 1411 1409 2797 2798 2803 2802
          1401 1403 1413 1411 2798 2799 2804 2803
          1403 1197 1209 1413 2799 2696 2702 2804
          1407 1406 1416 1417 2801 2800 2805 2806
          1406 1409 1419 1416 2800 2802 2807 2805
          1409 1411 1421 1419 2802 2803 2808 2807
          1411 1413 1423 1421 2803 2804 2809 2808
          1413 1209 1221 1423 2804 2702 2708 2809
          1417 1416 1426 1427 2806 2805 2810 2811
          1416 1419 1429 1426 2805 2807 2812 2810
          1419 1421 1431 1429 2807 2808 2813 2812
          1421 1423 1433 1431 2808 2809 2814 2813
          1423 1221 1233 1433 2809 2708 2714 2814
          1427 1426 1436 1437 2811 2810 2815 2816
          1426 1429 1439 1436 2810 2812 2817 2815
          1429 1431 1441 1439 2812 2813 2818 2817
          1431 1433 1443 1441 2813 2814 2819 2818
          1433 1233 1245 1443 2814 2714 2720 2819
          1437 1436 1319 1318 2816 2815 2756 2755
          1436 1439 1324 1319 2815 2817 2759 2756
          1439 1441 1328 1324 2817 2818 2761 2759
          1441 1443 1332 1328 2818 2819 2763 2761
          1443 1245 244 1332 2819 2720 2219 2763
          1448 1449 1450 1451 2820 2821 2822 2823
          1449 1454 1455 1450 2821 2824 2825 2822
          1454 1458 1459 1455 2824 2826 2827 2825
          1458 1462 1463 1459 2826 2828 2829 2827
          1462 1466 1467 1463 2828 2830 2831 2829
          1451 1450 1470 1471 2823 2822 2832 2833
          1450 1455 1473 1470 2822 2825 2834 2832
          1455 1459 1475 1473 2825 2827 2835 2834
          1459 1463 1477 1475 2827 2829 2836 2835
          1463 1467 1479 1477 2829 2831 2837 2836
          1471 1470 1482 1483 2833 2832 2838 2839
          1470 1473 1485 1482 2832 2834 2840 2838
          1473 1475 1487 1485 2834 2835 2841 2840
          1475 1477 1489 1487 2835 2836 2842 2841
          1477 1479 1491 1489 2836 2837 2843 2842
          1483 1482 1494 1495 2839 2838 2844 2845
          1482 1485 1497 1494 2838 2840 2846 2844
          1485 1487 1499 1497 2840 2841 2847 2846
          1487 1489 1501 1499 2841 2842 2848 2847
          1489 1491 1503 1501 2842 2843 2849 2848
          1495 1494 1506 1507 2845 2844 2850 2851
          1494 1497 1509 1506 2844 2846 2852 2850
          1497 1499 1511 1509 2846 2847 2853 2852
          1499 1501 1513 1511 2847 2848 2854 2853
          1501 1503 1515 1513 2848 2849 2855 2854
          1507 1506 1518 1519 2851 2850 2856 2857
          1506 1509 1521 1518 2850 2852 2858 2856
          1509 1511 1523 1521 2852 2853 2859 2858
          1511 1513 1525 1523 2853 2854 2860 2859
          1513 1515 1527 1525 2854 2855 2861 2860
          1519 1518 1530 1531 2857 2856 2862 2863
          1518 1521 1533 1530 2856 2858 2864 2862
          1521 1523 1535 1533 2858 2859 2865 2864
          1523 1525 1537 1535 2859 2860 2866 2865
          1525 1527 1539 1537 2860 2861 2867 2866
          1531 1530 1379 1378 2863 2862 2786 2785
          1530 1533 1384 1379 2862 2864 2789 2786
          1533 1535 1388 1384 2864 2865 2791 2789
          1535 1537 1392 1388 2865 2866 2793 2791
          1537 1539 1174 1392 2866 2867 2683 2793
          1307 1306 1542 1543 2751 2750 2868 2869
          1306 1309 1545 1542 2750 2752 2870 2868
          1309 1311 1547 1545 2752 2753 2871 2870
          1311 1313 1549 1547 2753 2754 2872 2871
          1313 395 1551 1549 2754 2295 2873 2872
          1543 1542 1554 1555 2869 2868 2874 2875
          1542 1545 1557 1554 2868 2870 2876 2874
          1545 1547 1559 1557 2870 2871 2877 2876
          1547 1549 1561 1559 2871 2872 2878 2877
          1549 1551 1563 1561 2872 2873 2879 2878
          1555 1554 1566 1567 2875 2874 2880 2881
          1554 1557 1569 1566 2874 2876 2882 2880
          1557 1559 1571 1569 2876 2877 2883 2882
          1559 1561 1573 1571 2877 2878 2884 2883
          1561 1563 1575 1573 2878 2879 2885 2884
          1567 1566 1578 1579 2881 2880 2886 2887
          1566 1569 1581 1578 2880 2882 2888 2886
          1569 1571 1583 1581 2882 2883 2889 2888
          1571 1573 1585 1583 2883 2884 2890 2889
          1573 1575 1587 1585 2884 2885 2891 2890
          1579 1578 1590 1591 2887 2886 2892 2893
          1578 1581 1593 1590 2886 2888 2894 2892
          1581 1583 1595 1593 2888 2889 2895 2894
          1583 1585 1597 1595 2889 2890 2896 2895
          1585 1587 1599 1597 2890 2891 2897 2896
          1591 1590 1449 1448 2893 2892 2821 2820
          1590 1593 1454 1449 2892 2894 2824 2821
          1593 1595 1458 1454 2894 2895 2826 2824
          1595 1597 1462 1458 2895 2896 2828 2826
          1597 1599 1466 1462 2896 2897 2830 2828
          1668 1669 1670 1671 2898 2899 2900 2901
          1669 1674 1675 1670 2899 2902 2903 2900
          1674 1678 1679 1675 2902 2904 2905 2903
          1678 1682 1683 1679 2904 2906 2907 2905
          1682 1686 1687 1683 2906 2908 2909 2907
          1686 1690 1691 1687 2908 2910 2911 2909
          1690 1694 1695 1691 2910 2912 2913 2911
          1694 1698 1699 1695 2912 2914 2915 2913
          1698 1702 1703 1699 2914 2916 2917 2915
          1702 1706 1707 1703 2916 2918 2919 2917
          1706 1710 1711 1707 2918 2920 2921 2919
          1710 1714 1715 1711 2920 2922 2923 2921
          1671 1670 1718 1719 2901 2900 2924 2925
          1670 1675 1721 1718 2900 2903 2926 2924
          1675 1679 1723 1721 2903 2905 2927 2926
          1679 1683 1725 1723 2905 2907 2928 2927
          1683 1687 1727 1725 2907 2909 2929 2928
          1687 1691 1729 1727 2909 2911 2930 2929
          1691 1695 1731 1729 2911 2913 2931 2930
          1695 1699 1733 1731 2913 2915 2932 2931
          1699 1703 1735 1733 2915 2917 2933 2932
          1703 1707 1737 1735 2917 2919 2934 2933
          1707 1711 1739 1737 2919 2921 2935 2934
          1711 1715 1741 1739 2921 2923 2936 2935
          1719 1718 1744 1745 2925 2924 2937 2938
          1718 1721 1747 1744 2924 2926 2939 2937
          1721 1723 1749 1747 2926 2927 2940 2939
          1723 1725 1751 1749 2927 2928 2941 2940
          1725 1727 1753 1751 2928 2929 2942 2941
          1727 1729 1755 1753 2929 2930 2943 2942
          1729 1731 1757 1755 2930 2931 2944 2943
          1731 1733 1759 1757 2931 2932 2945 2944
          1733 1735 1761 1759 2932 2933 2946 2945
          1735 1737 1763 1761 2933 2934 2947 2946
          1737 1739 1765 1763 2934 2935 2948 2947
          1739 1741 1767 1765 2935 2936 2949 2948
          1745 1744 1770 1771 2938 2937 2950 2951
          1744 1747 1773 1770 2937 2939 2952 2950
          1747 1749 1775 1773 2939 2940 2953 2952
          1749 1751 1777 1775 2940 2941 2954 2953
          1751 1753 1779 1777 2941 2942 2955 2954
          1753 1755 1781 1779 2942 2943 2956 2955
          1755 1757 1783 1781 2943 2944 2957 2956
          1757 1759 1785 1783 2944 2945 2958 2957
          1759 1761 1787 1785 2945 2946 2959 2958
          1761 1763 1789 1787 2946 2947 2960 2959
          1763 1765 1791 1789 2947 2948 2961 2960
          1765 1767 1793 1791 2948 2949 2962 2961
          1771 1770 1796 1797 2951 2950 2963 2964
          1770 1773 1799 1796 2950 2952 2965 2963
          1773 1775 1801 1799 2952 2953 2966 2965
          1775 1777 1803 1801 2953 2954 2967 2966
          1777 1779 1805 1803 2954 2955 2968 2967
          1779 1781 1807 1805 2955 2956 2969 2968
          1781 1783 1809 1807 2956 2957 2970 2969
          1783 1785 1811 1809 2957 2958 2971 2970
          1785 1787 1813 1811 2958 2959 2972 2971
          1787 1789 1815 1813 2959 2960 2973 2972
          1789 1791 1817 1815 2960 2961 2974 2973
          1791 1793 1819 1817 2961 2962 2975 2974
          1797 1796 1822 1823 2964 2963 2976 2977
          1796 1799 1825 1822 2963 2965 2978 2976
          1799 1801 1827 1825 2965 2966 2979 2978
          1801 1803 1829 1827 2966 2967 2980 2979
          1803 1805 1831 1829 2967 2968 2981 2980
          1805 1807 1833 1831 2968 2969 2982 2981
          1807 1809 1835 1833 2969 2970 2983 2982
          1809 1811 1837 1835 2970 2971 2984 2983
          1811 1813 1839 1837 2971 2972 2985 2984
          1813 1815 1841 1839 2972 2973 2986 2985
          1815 1817 1843 1841 2973 2974 2987 2986
          1817 1819 1845 1843 2974 2975 2988 2987
          1850 1851 1852 1853 2989 2990 2991 2992
          1851 1856 1857 1852 2990 2993 2994 2991
          1856 1860 1861 1857 2993 2995 2996 2994
          1860 1864 1865 1861 2995 2997 2998 2996
          1864 1868 1869 1865 2997 2999 3000 2998
          1868 1872 1873 1869 2999 3001 3002 3000
          1872 1876 1877 1873 3001 3003 3004 3002
          1876 1880 1881 1877 3003 3005 3006 3004
          1880 1884 1885 1881 3005 3007 3008 3006
          1884 1888 1889 1885 3007 3009 3010 3008
          1888 1892 1893 1889 3009 3011 3012 3010
          1892 1896 1897 1893 3011 3013 3014 3012
          1853 1852 1900 1901 2992 2991 3015 3016
          1852 1857 1903 1900 2991 2994 3017 3015
          1857 1861 1905 1903 2994 2996 3018 3017
          1861 1865 1907 1905 2996 2998 3019 3018
          1865 1869 1909 1907 2998 3000 3020 3019
          1869 1873 1911 1909 3000 3002 3021 3020
          1873 1877 1913 1911 3002 3004 3022 3021
          1877 1881 1915 1913 3004 3006 3023 3022
          1881 1885 1917 1915 3006 3008 3024 3023
          1885 1889 1919 1917 3008 3010 3025 3024
          1889 1893 1921 1919 3010 3012 3026 3025
          1893 1897 1923 1921 3012 3014 3027 3026
          1901 1900 1926 1927 3016 3015 3028 3029
          1900 1903 1929 1926 3015 3017 3030 3028
          1903 1905 1931 1929 3017 3018 3031 3030
          1905 1907 1933 1931 3018 3019 3032 3031
          1907 1909 1935 1933 3019 3020 3033 3032
          1909 1911 1937 1935 3020 3021 3034 3033
          1911 1913 1939 1937 3021 3022 3035 3034
          1913 1915 1941 1939 3022 3023 3036 3035
          1915 1917 1943 1941 3023 3024 3037 3036
          1917 1919 1945 1943 3024 3025 3038 3037
          1919 1921 1947 1945 3025 3026 3039 3038
          1921 1923 1949 1947 3026 3027 3040 3039
          1927 1926 1952 1953 3029 3028 3041 3042
          1926 1929 1955 1952 3028 3030 3043 3041
          1929 1931 1957 1955 3030 3031 3044 3043
          1931 1933 1959 1957 3031 3032 3045 3044
          1933 1935 1961 1959 3032 3033 3046 3045
          1935 1937 1963 1961 3033 3034 3047 3046
          1937 1939 1965 1963 3034 3035 3048 3047
          1939 1941 1967 1965 3035 3036 3049 3048
          1941 1943 1969 1967 3036 3037 3050 3049
          1943 1945 1971 1969 3037 3038 3051 3050
          1945 1947 1973 1971 3038 3039 3052 3051
          1947 1949 1975 1973 3039 3040 3053 3052
          1953 1952 1978 1979 3042 3041 3054 3055
          1952 1955 1981 1978 3041 3043 3056 3054
          1955 1957 1983 1981 3043 3044 3057 3056
          1957 1959 1985 1983 3044 3045 3058 3057
          1959 1961 1987 1985 3045 3046 3059 3058
          1961 1963 1989 1987 3046 3047 3060 3059
          1963 1965 1991 1989 3047 3048 3061 3060
          1965 1967 1993 1991 3048 3049 3062 3061
          1967 1969 1995 1993 3049 3050 3063 3062
          1969 1971 1997 1995 3050 3051 3064 3063
          1971 1973 1999 1997 3051 3052 3065 3064
          1973 1975 2001 1999 3052 3053 3066 3065
          1979 1978 1669 1668 3055 3054 2899 2898
          1978 1981 1674 1669 3054 3056 2902 2899
          1981 1983 1678 1674 3056 3057 2904 2902
          1983 1985 1682 1678 3057 3058 2906 2904
          1985 1987 1686 1682 3058 3059 2908 2906
          1987 1989 1690 1686 3059 3060 2910 2908
          1989 1991 1694 1690 3060 3061 2912 2910
          1991 1993 1698 1694 3061 3062 2914 2912
          1993 1995 1702 1698 3062 3063 2916 2914
          1995 1997 1706 1702 3063 3064 2918 2916
          1997 1999 1710 1706 3064 3065 2920 2918
          1999 2001 1714 1710 3065 3066 2922 2920
          1845 2004 2005 1843 2988 3067 3068 2987
          2004 149 199 2005 3067 2172 2197 3068
          1843 2005 2007 1841 2987 3068 3069 2986
          2005 199 201 2007 3068 2197 2198 3069
          1841 2007 2009 1839 2986 3069 3070 2985
          2007 201 203 2009 3069 2198 2199 3070
          1839 2009 2011 1837 2985 3070 3071 2984
          2009 203 205 2011 3070 2199 2200 3071
          1837 2011 2013 1835 2984 3071 3072 2983
          2011 205 207 2013 3071 2200 2201 3072
          1835 2013 2015 1833 2983 3072 3073 2982
          2013 207 209 2015 3072 2201 2202 3073
          1833 2015 2017 1831 2982 3073 3074 2981
          2015 209 211 2017 3073 2202 2203 3074
          1831 2017 2019 1829 2981 3074 3075 2980
          2017 211 213 2019 3074 2203 2204 3075
          1829 2019 2021 1827 2980 3075 3076 2979
          2019 213 215 2021 3075 2204 2205 3076
          1827 2021 2023 1825 2979 3076 3077 2978
          2021 215 217 2023 3076 2205 2206 3077
          1825 2023 2025 1822 2978 3077 3078 2976
          2023 217 219 2025 3077 2206 2207 3078
          1822 2025 2027 1823 2976 3078 3079 2977
          2025 219 221 2027 3078 2207 2208 3079
          1714 2030 2031 1715 2922 3080 3081 2923
          2030 113 139 2031 3080 2154 2167 3081
          1715 2031 2033 1741 2923 3081 3082 2936
          2031 139 141 2033 3081 2167 2168 3082
          1741 2033 2035 1767 2936 3082 3083 2949
          2033 141 143 2035 3082 2168 2169 3083
          1767 2035 2037 1793 2949 3083 3084 2962
          2035 143 145 2037 3083 2169 2170 3084
          1793 2037 2039 1819 2962 3084 3085 2975
          2037 145 147 2039 3084 2170 2171 3085
          1819 2039 2004 1845 2975 3085 3067 2988
          2039 147 149 2004 3085 2171 2172 3067
          1896 2042 2043 1897 3013 3086 3087 3014
          2042 77 103 2043 3086 2136 2149 3087
          1897 2043 2045 1923 3014 3087 3088 3027
          2043 103 105 2045 3087 2149 2150 3088
          1923 2045 2047 1949 3027 3088 3089 3040
          2045 105 107 2047 3088 2150 2151 3089
          1949 2047 2049 1975 3040 3089 3090 3053
          2047 107 109 2049 3089 2151 2152 3090
          1975 2049 2051 2001 3053 3090 3091 3066
          2049 109 111 2051 3090 2152 2153 3091
          2001 2051 2030 1714 3066 3091 3080 2922
          2051 111 113 2030 3091 2153 2154 3080
          1850 2054 2055 1851 2989 3092 3093 2990
          2054 55 54 2055 3092 2125 2124 3093
          1851 2055 2057 1856 2990 3093 3094 2993
          2055 54 57 2057 3093 2124 2126 3094
          1856 2057 2059 1860 2993 3094 3095 2995
          2057 57 59 2059 3094 2126 2127 3095
          1860 2059 2061 1864 2995 3095 3096 2997
          2059 59 61 2061 3095 2127 2128 3096
          1864 2061 2063 1868 2997 3096 3097 2999
          2061 61 63 2063 3096 2128 2129 3097
          1868 2063 2065 1872 2999 3097 3098 3001
          2063 63 65 2065 3097 2129 2130 3098
          1872 2065 2067 1876 3001 3098 3099 3003
          2065 65 67 2067 3098 2130 2131 3099
          1876 2067 2069 1880 3003 3099 3100 3005
          2067 67 69 2069 3099 2131 2132 3100
          1880 2069 2071 1884 3005 3100 3101 3007
          2069 69 71 2071 3100 2132 2133 3101
          1884 2071 2073 1888 3007 3101 3102 3009
          2071 71 73 2073 3101 2133 2134 3102
          1888 2073 2075 1892 3009 3102 3103 3011
          2073 73 75 2075 3102 2134 2135 3103
          1892 2075 2042 1896 3011 3103 3086 3013
          2075 75 77 2042 3103 2135 2136 3086
          1850 1853 2077 2054 2989 2992 3104 3092
          1853 1901 2079 2077 2992 3016 3105 3104
          1901 1927 2081 2079 3016 3029 3106 3105
          1927 1953 2083 2081 3029 3042 3107 3106
          1953 1979 2085 2083 3042 3055 3108 3107
          1979 1668 2087 2085 3055 2898 3109 3108
          2054 2077 287 55 3092 3104 2241 2125
          2077 2079 285 287 3104 3105 2240 2241
          2079 2081 283 285 3105 3106 2239 2240
          2081 2083 281 283 3106 3107 2238 2239
          2083 2085 279 281 3107 3108 2237 2238
          2085 2087 257 279 3108 3109 2226 2237
          1668 1671 2089 2087 2898 2901 3110 3109
          1671 1719 2091 2089 2901 2925 3111 3110
          1719 1745 2093 2091 2925 2938 3112 3111
          1745 1771 2095 2093 2938 2951 3113 3112
          1771 1797 2097 2095 2951 2964 3114 3113
          1797 1823 2027 2097 2964 2977 3079 3114
          2087 2089 255 257 3109 3110 2225 2226
          2089 2091 253 255 3110 3111 2224 2225
          2091 2093 251 253 3111 3112 2223 2224
          2093 2095 249 251 3112 3113 2222 2223
          2095 2097 247 249 3113 3114 2221 2222
          2097 2027 221 247 3114 3079 2208 2221
          2898 2899 2900 2901 3115 3116 3117 3118
          2899 2902 2903 2900 3116 3119 3120 3117
          2902 2904 2905 2903 3119 3121 3122 3120
          2904 2906 2907 2905 3121 3123 3124 3122
          2906 2908 2909 2907 3123 3125 3126 3124
          2908 2910 2911 2909 3125 3127 3128 3126
          2910 2912 2913 2911 3127 3129 3130 3128
          2912 2914 2915 2913 3129 3131 3132 3130
          2914 2916 2917 2915 3131 3133 3134 3132
          2916 2918 2919 2917 3133 3135 3136 3134
          2918 2920 2921 2919 3135 3137 3138 3136
          2920 2922 2923 2921 3137 3139 3140 3138
          2901 2900 2924 2925 3118 3117 3141 3142
          2900 2903 2926 2924 3117 3120 3143 3141
          2903 2905 2927 2926 3120 3122 3144 3143
          2905 2907 2928 2927 3122 3124 3145 3144
          2907 2909 2929 2928 3124 3126 3146 3145
          2909 2911 2930 2929 3126 3128 3147 3146
          2911 2913 2931 2930 3128 3130 3148 3147
          2913 2915 2932 2931 3130 3132 3149 3148
          2915 2917 2933 2932 3132 3134 3150 3149
          2917 2919 2934 2933 3134 3136 3151 3150
          2919 2921 2935 2934 3136 3138 3152 3151
          2921 2923 2936 2935 3138 3140 3153 3152
          2925 2924 2937 2938 3142 3141 3154 3155
          2924 2926 2939 2937 3141 3143 3156 3154
          2926 2927 2940 2939 3143 3144 3157 3156
          2927 2928 2941 2940 3144 3145 3158 3157
          2928 2929 2942 2941 3145 3146 3159 3158
          2929 2930 2943 2942 3146 3147 3160 3159
          2930 2931 2944 2943 3147 3148 3161 3160
          2931 2932 2945 2944 3148 3149 3162 3161
          2932 2933 2946 2945 3149 3150 3163 3162
          2933 2934 2947 2946 3150 3151 3164 3163
          2934 2935 2948 2947 3151 3152 3165 3164
          2935 2936 2949 2948 3152 3153 3166 3165
          2938 2937 2950 2951 3155 3154 3167 3168
          2937 2939 2952 2950 3154 3156 3169 3167
          2939 2940 2953 2952 3156 3157 3170 3169
          2940 2941 2954 2953 3157 3158 3171 3170
          2941 2942 2955 2954 3158 3159 3172 3171
          2942 2943 2956 2955 3159 3160 3173 3172
          2943 2944 2957 2956 3160 3161 3174 3173
          2944 2945 2958 2957 3161 3162 3175 3174
          2945 2946 2959 2958 3162 3163 3176 3175
          2946 2947 2960 2959 3163 3164 3177 3176
          2947 2948 2961 2960 3164 3165 3178 3177
          2948 2949 2962 2961 3165 3166 3179 3178
          2951 2950 2963 2964 3168 3167 3180 3181
          2950 2952 2965 2963 3167 3169 3182 3180
          2952 2953 2966 2965 3169 3170 3183 3182
          2953 2954 2967 2966 3170 3171 3184 3183
          2954 2955 2968 2967 3171 3172 3185 3184
          2955 2956 2969 2968 3172 3173 3186 3185
          2956 2957 2970 2969 3173 3174 3187 3186
          2957 2958 2971 2970 3174 3175 3188 3187
          2958 2959 2972 2971 3175 3176 3189 3188
          2959 2960 2973 2972 3176 3177 3190 3189
          2960 2961 2974 2973 3177 3178 3191 3190
          2961 2962 2975 2974 3178 3179 3192 3191
          2964 2963 2976 2977 3181 3180 3193 3194
          2963 2965 2978 2976 3180 3182 3195 3193
          2965 2966 2979 2978 3182 3183 3196 3195
          2966 2967 2980 2979 3183 3184 3197 3196
          2967 2968 2981 2980 3184 3185 3198 3197
          2968 2969 2982 2981 3185 3186 3199 3198
          2969 2970 2983 2982 3186 3187 3200 3199
          2970 2971 2984 2983 3187 3188 3201 3200
          2971 2972 2985 2984 3188 3189 3202 3201
          2972 2973 2986 2985 3189 3190 3203 3202
          2973 2974 2987 2986 3190 3191 3204 3203
          2974 2975 2988 2987 3191 3192 3205 3204
          2989 2990 2991 2992 3206 3207 3208 3209
          2990 2993 2994 2991 3207 3210 3211 3208
          2993 2995 2996 2994 3210 3212 3213 3211
          2995 2997 2998 2996 3212 3214 3215 3213
          2997 2999 3000 2998 3214 3216 3217 3215
          2999 3001 3002 3000 3216 3218 3219 3217
          3001 3003 3004 3002 3218 3220 3221 3219
          3003 3005 3006 3004 3220 3222 3223 3221
          3005 3007 3008 3006 3222 3224 3225 3223
          3007 3009 3010 3008 3224 3226 3227 3225
          3009 3011 3012 3010 3226 3228 3229 3227
          3011 3013 3014 3012 3228 3230 3231 3229
          2992 2991 3015 3016 3209 3208 3232 3233
          2991 2994 3017 3015 3208 3211 3234 3232
          2994 2996 3018 3017 3211 3213 3235 3234
          2996 2998 3019 3018 3213 3215 3236 3235
          2998 3000 3020 3019 3215 3217 3237 3236
          3000 3002 3021 3020 3217 3219 3238 3237
          3002 3004 3022 3021 3219 3221 3239 3238
          3004 3006 3023 3022 3221 3223 3240 3239
          3006 3008 3024 3023 3223 3225 3241 3240
          3008 3010 3025 3024 3225 3227 3242 3241
          3010 3012 3026 3025 3227 3229 3243 3242
          3012 3014 3027 3026 3229 3231 3244 3243
          3016 3015 3028 3029 3233 3232 3245 3246
          3015 3017 3030 3028 3232 3234 3247 3245
          3017 3018 3031 3030 3234 3235 3248 3247
          3018 3019 3032 3031 3235 3236 3249 3248
          3019 3020 3033 3032 3236 3237 3250 3249
          3020 3021 3034 3033 3237 3238 3251 3250
          3021 3022 3035 3034 3238 3239 3252 3251
          3022 3023 3036 3035 3239 3240 3253 3252
          3023 3024 3037 3036 3240 3241 3254 3253
          3024 3025 3038 3037 3241 3242 3255 3254
          3025 3026 3039 3038 3242 3243 3256 3255
          3026 3027 3040 3039 3243 3244 3257 3256
          3029 3028 3041 3042 3246 3245 3258 3259
          3028 3030 3043 3041 3245 3247 3260 3258
          3030 3031 3044 3043 3247 3248 3261 3260
          3031 3032 3045 3044 3248 3249 3262 3261
          3032 3033 3046 3045 3249 3250 3263 3262
          3033 3034 3047 3046 3250 3251 3264 3263
          3034 3035 3048 3047 3251 3252 3265 3264
          3035 3036 3049 3048 3252 3253 3266 3265
          3036 3037 3050 3049 3253 3254 3267 3266
          3037 3038 3051 3050 3254 3255 3268 3267
          3038 3039 3052 3051 3255 3256 3269 3268
          3039 3040 3053 3052 3256 3257 3270 3269
          3042 3041 3054 3055 3259 3258 3271 3272
          3041 3043 3056 3054 3258 3260 3273 3271
          3043 3044 3057 3056 3260 3261 3274 3273
          3044 3045 3058 3057 3261 3262 3275 3274
          3045 3046 3059 3058 3262 3263 3276 3275
          3046 3047 3060 3059 3263 3264 3277 3276
          3047 3048 3061 3060 3264 3265 3278 3277
          3048 3049 3062 3061 3265 3266 3279 3278
          3049 3050 3063 3062 3266 3267 3280 3279
          3050 3051 3064 3063 3267 3268 3281 3280
          3051 3052 3065 3064 3268 3269 3282 3281
          3052 3053 3066 3065 3269 3270 3283 3282
          3055 3054 2899 2898 3272 3271 3116 3115
          3054 3056 2902 2899 3271 3273 3119 3116
          3056 3057 2904 2902 3273 3274 3121 3119
          3057 3058 2906 2904 3274 3275 3123 3121
          3058 3059 2908 2906 3275 3276 3125 3123
          3059 3060 2910 2908 3276 3277 3127 3125
          3060 3061 2912 2910 3277 3278 3129 3127
          3061 3062 2914 2912 3278 3279 3131 3129
          3062 3063 2916 2914 3279 3280 3133 3131
          3063 3064 2918 2916 3280 3281 3135 3133
          3064 3065 2920 2918 3281 3282 3137 3135
          3065 3066 2922 2920 3282 3283 3139 3137
          2988 3067 3068 2987 3205 3284 3285 3204
          3067 2172 2197 3068 3284 3286 3287 3285
          2987 3068 3069 2986 3204 3285 3288 3203
          3068 2197 2198 3069 3285 3287 3289 3288
          2986 3069 3070 2985 3203 3288 3290 3202
          3069 2198 2199 3070 3288 3289 3291 3290
          2985 3070 3071 2984 3202 3290 3292 3201
          3070 2199 2200 3071 3290 3291 3293 3292
          2984 3071 3072 2983 3201 3292 3294 3200
          3071 2200 2201 3072 3292 3293 3295 3294
          2983 3072 3073 2982 3200 3294 3296 3199
          3072 2201 2202 3073 3294 3295 3297 3296
          2982 3073 3074 2981 3199 3296 3298 3198
          3073 2202 2203 3074 3296 3297 3299 3298
          2981 3074 3075 2980 3198 3298 3300 3197
          3074 2203 2204 3075 3298 3299 3301 3300
          2980 3075 3076 2979 3197 3300 3302 3196
          3075 2204 2205 3076 3300 3301 3303 3302
          2979 3076 3077 2978 3196 3302 3304 3195
          3076 2205 2206 3077 3302 3303 3305 3304
          2978 3077 3078 2976 3195 3304 3306 3193
          3077 2206 2207 3078 3304 3305 3307 3306
          2976 3078 3079 2977 3193 3306 3308 3194
          3078 2207 2208 3079 3306 3307 3309 3308
          2922 3080 3081 2923 3139 3310 3311 3140
          3080 2154 2167 3081 3310 3312 3313 3311
          2923 3081 3082 2936 3140 3311 3314 3153
          3081 2167 2168 3082 3311 3313 3315 3314
          2936 3082 3083 2949 3153 3314 3316 3166
          3082 2168 2169 3083 3314 3315 3317 3316
          2949 3083 3084 2962 3166 3316 3318 3179
          3083 2169 2170 3084 3316 3317 3319 3318
          2962 3084 3085 2975 3179 3318 3320 3192
          3084 2170 2171 3085 3318 3319 3321 3320
          2975 3085 3067 2988 3192 3320 3284 3205
          3085 2171 2172 3067 3320 3321 3286 3284
          3013 3086 3087 3014 3230 3322 3323 3231
          3086 2136 2149 3087 3322 3324 3325 3323
          3014 3087 3088 3027 3231 3323 3326 3244
          3087 2149 2150 3088 3323 3325 3327 3326
          3027 3088 3089 3040 3244 3326 3328 3257
          3088 2150 2151 3089 3326 3327 3329 3328
          3040 3089 3090 3053 3257 3328 3330 3270
          3089 2151 2152 3090 3328 3329 3331 3330
          3053 3090 3091 3066 3270 3330 3332 3283
          3090 2152 2153 3091 3330 3331 3333 3332
          3066 3091 3080 2922 3283 3332 3310 3139
          3091 2153 2154 3080 3332 3333 3312 3310
          2989 3092 3093 2990 3206 3334 3335 3207
          3092 2125 2124 3093 3334 3336 3337 3335
          2990 3093 3094 2993 3207 3335 3338 3210
          3093 2124 2126 3094 3335 3337 3339 3338
          2993 3094 3095 2995 3210 3338 3340 3212
          3094 2126 2127 3095 3338 3339 3341 3340
          2995 3095 3096 2997 3212 3340 3342 3214
          3095 2127 2128 3096 3340 3341 3343 3342
          2997 3096 3097 2999 3214 3342 3344 3216
          3096 2128 2129 3097 3342 3343 3345 3344
          2999 3097 3098 3001 3216 3344 3346 3218
          3097 2129 2130 3098 3344 3345 3347 3346
          3001 3098 3099 3003 3218 3346 3348 3220
          3098 2130 2131 3099 3346 3347 3349 3348
          3003 3099 3100 3005 3220 3348 3350 3222
          3099 2131 2132 3100 3348 3349 3351 3350
          3005 3100 3101 3007 3222 3350 3352 3224
          3100 2132 2133 3101 3350 3351 3353 3352
          3007 3101 3102 3009 3224 3352 3354 3226
          3101 2133 2134 3102 3352 3353 3355 3354
          3009 3102 3103 3011 3226 3354 3356 3228
          3102 2134 2135 3103 3354 3355 3357 3356
          3011 3103 3086 3013 3228 3356 3322 3230
          3103 2135 2136 3086 3356 3357 3324 3322
          2989 2992 3104 3092 3206 3209 3358 3334
          2992 3016 3105 3104 3209 3233 3359 3358
          3016 3029 3106 3105 3233 3246 3360 3359
          3029 3042 3107 3106 3246 3259 3361 3360
          3042 3055 3108 3107 3259 3272 3362 3361
          3055 2898 3109 3108 3272 3115 3363 3362
          3092 3104 2241 2125 3334 3358 3364 3336
          3104 3105 2240 2241 3358 3359 3365 3364
          3105 3106 2239 2240 3359 3360 3366 3365
          3106 3107 2238 2239 3360 3361 3367 3366
          3107 3108 2237 2238 3361 3362 3368 3367
          3108 3109 2226 2237 3362 3363 3369 3368
          2898 2901 3110 3109 3115 3118 3370 3363
          2901 2925 3111 3110 3118 3142 3371 3370
          2925 2938 3112 3111 3142 3155 3372 3371
          2938 2951 3113 3112 3155 3168 3373 3372
          2951 2964 3114 3113 3168 3181 3374 3373
          2964 2977 3079 3114 3181 3194 3308 3374
          3109 3110 2225 2226 3363 3370 3375 3369
          3110 3111 2224 2225 3370 3371 3376 3375
          3111 3112 2223 2224 3371 3372 3377 3376
          3112 3113 2222 2223 3372 3373 3378 3377
          3113 3114 2221 2222 3373 3374 3379 3378
          3114 3079 2208 2221 3374 3308 3309 3379
        </DataArray>
        <DataArray type="Int64" Name="offsets" format="ascii">
          8
          16
          24
          32
          40
          48
          56
          64
          72
          80
          88
          96
          104
          112
          120
          128
          136
          144
          152
          160
          168
          176
          184
          192
          200
          208
          216
          224
          232
          240
          248
          256
          264
          272
          280
          288
          296
          304
          312
          320
          328
          336
          344
          352
          360
          368
          376
          384
          392
          400
          408
          416
          424
          432
          440
          448
          456
          464
          472
          480
          488
          496
          504
          512
          520
          528
          536
          544
          552
          560
          568
          576
          584
          592
          600
          608
          616
          624
          632
          640
          648
          656
          664
          672
          680
          688
          696
          704
          712
          720
          728
          736
          744
          752
          760
          768
          776
          784
          792
          800
          808
          816
          824
          832
          840
          848
          856
          864
          872
          880
          888
          896
          904
          912
          920
          928
          936
          944
          952
          960
          968
          976
          984
          992
          1000
          1008
          1016
          1024
          1032
          1040
          1048
          1056
          1064
          1072
          1080
          1088
          1096
          1104
          1112
          1120
          1128
          1136
          1144
          1152
          1160
          1168
          1176
          1184
          1192
          1200
          1208
          1216
          1224
          1232
          1240
          1248
          1256
          1264
          1272
          1280
          1288
          1296
          1304
          1312
          1320
          1328
          1336
          1344
          1352
          1360
          1368
          1376
          1384
          1392
          1400
          1408
          1416
          1424
          1432
          1440
          1448
          1456
          1464
          1472
          1480
          1488
          1496
          1504
          1512
          1520
          1528
          1536
          1544
          1552
          1560
          1568
          1576
          1584
          1592
          1600
          1608
          1616
          1624
          1632
          1640
          1648
          1656
          1664
          1672
          1680
          1688
          1696
          1704
          1712
          1720
          1728
          1736
          1744
          1752
          1760
          1768
          1776
          1784
          1792
          1800
          1808
          1816
          1824
          1832
          1840
          1848
          1856
          1864
          1872
          1880
          1888
          1896
          1904
          1912
          1920
          1928
          1936
          1944
          1952
          1960
          1968
          1976
          1984
          1992
          2000
          2008
          2016
          2024
          2032
          2040
          2048
          2056
          2064
          2072
          2080
          2088
          2096
          2104
          2112
          2120
          2128
          2136
          2144
          2152
          2160
          2168
          2176
          2184
          2192
          2200
          2208
          2216
          2224
          2232
          2240
          2248
          2256
          2264
          2272
          2280
          2288
          2296
          2304
          2312
          2320
          2328
          2336
          2344
          2352
          2360
          2368
          2376
          2384
          2392
          2400
          2408
          2416
          2424
          2432
          2440
          2448
          2456
          2464
          2472
          2480
          2488
          2496
          2504
          2512
          2520
          2528
          2536
          2544
          2552
          2560
          2568
          2576
          2584
          2592
          2600
          2608
          2616
          2624
          2632
          2640
          2648
          2656
          2664
          2672
          2680
          2688
          2696
          2704
          2712
          2720
          2728
          2736
          2744
          2752
          2760
          2768
          2776
          2784
          2792
          2800
          2808
          2816
          2824
          2832
          2840
          2848
          2856
          2864
          2872
          2880
          2888
          2896
          2904
          2912
          2920
          2928
          2936
          2944
          2952
          2960
          2968
          2976
          2984
          2992
          3000
          3008
          3016
          3024
          3032
          3040
          3048
          3056
          3064
          3072
          3080
          3088
          3096
          3104
          3112
          3120
          3128
          3136
          3144
          3152
          3160
          3168
          3176
          3184
          3192
          3200
          3208
          3216
          3224
          3232
          3240
          3248
          3256
          3264
          3272
          3280
          3288
          3296
          3304
          3312
          3320
          3328
          3336
          3344
          3352
          3360
          3368
          3376
          3384
          3392
          3400
          3408
          3416
          3424
          3432
          3440
          3448
          3456
          3464
          3472
          3480
          3488
          3496
          3504
          3512
          3520
          3528
          3536
          3544
          3552
          3560
          3568
          3576
          3584
          3592
          3600
          3608
          3616
          3624
          3632
          3640
          3648
          3656
          3664
          3672
          3680
          3688
          3696
          3704
          3712
          3720
          3728
          3736
          3744
          3752
          3760
          3768
          3776
          3784
          3792
          3800
          3808
          3816
          3824
          3832
          3840
          3848
          3856
          3864
          3872
          3880
          3888
          3896
          3904
          3912
          3920
          3928
          3936
          3944
          3952
          3960
          3968
          3976
          3984
          3992
          4000
          4008
          4016
          4024
          4032
          4040
          4048
          4056
          4064
          4072
          4080
          4088
          4096
          4104
          4112
          4120
          4128
          4136
          4144
          4152
          4160
          4168
          4176
          4184
          4192
          4200
          4208
          4216
          4224
          4232
          4240
          4248
          4256
          4264
          4272
          4280
          4288
          4296
          4304
          4312
          4320
          4328
          4336
          4344
          4352
          4360
          4368
          4376
          4384
          4392
          4400
          4408
          4416
          4424
          4432
          4440
          4448
          4456
          4464
          4472
          4480
          4488
          4496
          4504
          4512
          4520
          4528
          4536
          4544
          4552
          4560
          4568
          4576
          4584
          4592
          4600
          4608
          4616
          4624
          4632
          4640
          4648
          4656
          4664
          4672
          4680
          4688
          4696
          4704
          4712
          4720
          4728
          4736
          4744
          4752
          4760
          4768
          4776
          4784
          4792
          4800
          4808
          4816
          4824
          4832
          4840
          4848
          4856
          4864
          4872
          4880
          4888
          4896
          4904
          4912
          4920
          4928
          4936
          4944
          4952
          4960
          4968
          4976
          4984
          4992
          5000
          5008
          5016
          5024
          5032
          5040
          5048
          5056
          5064
          5072
          5080
          5088
          5096
          5104
          5112
          5120
          5128
          5136
          5144
          5152
          5160
          5168
          5176
          5184
          5192
          5200
          5208
          5216
          5224
          5232
          5240
          5248
          5256
          5264
          5272
          5280
          5288
          5296
          5304
          5312
          5320
          5328
          5336
          5344
          5352
          5360
          5368
          5376
          5384
          5392
          5400
          5408
          5416
          5424
          5432
          5440
          5448
          5456
          5464
          5472
          5480
          5488
          5496
          5504
          5512
          5520
          5528
          5536
          5544
          5552
          5560
          5568
          5576
          5584
          5592
          5600
          5608
          5616
          5624
          5632
          5640
          5648
          5656
          5664
          5672
          5680
          5688
          5696
          5704
          5712
          5720
          5728
          5736
          5744
          5752
          5760
          5768
          5776
          5784
          5792
          5800
          5808
          5816
          5824
          5832
          5840
          5848
          5856
          5864
          5872
          5880
          5888
          5896
          5904
          5912
          5920
          5928
          5936
          5944
          5952
          5960
          5968
          5976
          5984
          5992
          6000
          6008
          6016
          6024
          6032
          6040
          6048
          6056
          6064
          6072
          6080
          6088
          6096
          6104
          6112
          6120
          6128
          6136
          6144
          6152
          6160
          6168
          6176
          6184
          6192
          6200
          6208
          6216
          6224
          6232
          6240
          6248
          6256
          6264
          6272
          6280
          6288
          6296
          6304
          6312
          6320
          6328
          6336
          6344
          6352
          6360
          6368
          6376
          6384
          6392
          6400
          6408
          6416
          6424
          6432
          6440
          6448
          6456
          6464
          6472
          6480
          6488
          6496
          6504
          6512
          6520
          6528
          6536
          6544
          6552
          6560
          6568
          6576
          6584
          6592
          6600
          6608
          6616
          6624
          6632
          6640
          6648
          6656
          6664
          6672
          6680
          6688
          6696
          6704
          6712
          6720
          6728
          6736
          6744
          6752
          6760
          6768
          6776
          6784
          6792
          6800
          6808
          6816
          6824
          6832
          6840
          6848
          6856
          6864
          6872
          6880
          6888
          6896
          6904
          6912
          6920
          6928
          6936
          6944
          6952
          6960
          6968
          6976
          6984
          6992
          7000
          7008
          7016
          7024
          7032
          7040
          7048
          7056
          7064
          7072
          7080
          7088
          7096
          7104
          7112
          7120
          7128
          7136
          7144
          7152
          7160
          7168
          7176
          7184
          7192
          7200
          7208
          7216
          7224
          7232
          7240
          7248
          7256
          7264
          7272
          7280
          7288
          7296
          7304
          7312
          7320
          7328
          7336
          7344
          7352
          7360
          7368
          7376
          7384
          7392
          7400
          7408
          7416
          7424
          7432
          7440
          7448
          7456
          7464
          7472
          7480
          7488
          7496
          7504
          7512
          7520
          7528
          7536
          7544
          7552
          7560
          7568
          7576
          7584
          7592
          7600
          7608
          7616
          7624
          7632
          7640
          7648
          7656
          7664
          7672
          7680
          7688
          7696
          7704
          7712
          7720
          7728
          7736
          7744
          7752
          7760
          7768
          7776
          7784
          7792
          7800
          7808
          7816
          7824
          7832
          7840
          7848
          7856
          7864
          7872
          7880
          7888
          7896
          7904
          7912
          7920
          7928
          7936
          7944
          7952
          7960
          7968
          7976
          7984
          7992
          8000
          8008
          8016
          8024
          8032
          8040
          8048
          8056
          8064
          8072
          8080
          8088
          8096
          8104
          8112
          8120
          8128
          8136
          8144
          8152
          8160
          8168
          8176
          8184
          8192
          8200
          8208
          8216
          8224
          8232
          8240
          8248
          8256
          8264
          8272
          8280
          8288
          8296
          8304
          8312
          8320
          8328
          8336
          8344
          8352
          8360
          8368
          8376
          8384
          8392
          8400
          8408
          8416
          8424
          8432
          8440
          8448
          8456
          8464
          8472
          8480
          8488
          8496
          8504
          8512
          8520
          8528
          8536
          8544
          8552
          8560
          8568
          8576
          8584
          8592
          8600
          8608
          8616
          8624
          8632
          8640
          8648
          8656
          8664
          8672
          8680
          8688
          8696
          8704
          8712
          8720
          8728
          8736
          8744
          8752
          8760
          8768
          8776
          8784
          8792
          8800
          8808
          8816
          8824
          8832
          8840
          8848
          8856
          8864
          8872
          8880
          8888
          8896
          8904
          8912
          8920
          8928
          8936
          8944
          8952
          8960
          8968
          8976
          8984
          8992
          9000
          9008
          9016
          9024
          9032
          9040
          9048
          9056
          9064
          9072
          9080
          9088
          9096
          9104
          9112
          9120
          9128
          9136
          9144
          9152
          9160
          9168
          9176
          9184
          9192
          9200
          9208
          9216
          9224
          9232
          9240
          9248
          9256
          9264
          9272
          9280
          9288
          9296
          9304
          9312
          9320
          9328
          9336
          9344
          9352
          9360
          9368
          9376
          9384
          9392
          9400
          9408
          9416
          9424
          9432
          9440
          9448
          9456
          9464
          9472
          9480
          9488
          9496
          9504
          9512
          9520
          9528
          9536
          9544
          9552
          9560
          9568
          9576
          9584
          9592
          9600
          9608
          9616
          9624
          9632
          9640
          9648
          9656
          9664
          9672
          9680
          9688
          9696
          9704
          9712
          9720
          9728
          9736
          9744
          9752
          9760
          9768
          9776
          9784
          9792
          9800
          9808
          9816
          9824
          9832
          9840
          9848
          9856
          9864
          9872
          9880
          9888
          9896
          9904
          9912
          9920
          9928
          9936
          9944
          9952
          9960
          9968
          9976
          9984
          9992
          10000
          10008
          10016
          10024
          10032
          10040
          10048
          10056
          10064
          10072
          10080
          10088
          10096
          10104
          10112
          10120
          10128
          10136
          10144
          10152
          10160
          10168
          10176
          10184
          10192
          10200
          10208
          10216
          10224
          10232
          10240
          10248
          10256
          10264
          10272
          10280
          10288
          10296
          10304
          10312
          10320
          10328
          10336
          10344
          10352
          10360
          10368
          10376
          10384
          10392
          10400
          10408
          10416
          10424
          10432
          10440
          10448
          10456
          10464
          10472
          10480
          10488
          10496
          10504
          10512
          10520
          10528
          10536
          10544
          10552
          10560
          10568
          10576
          10584
          10592
          10600
          10608
          10616
          10624
          10632
          10640
          10648
          10656
          10664
          10672
          10680
          10688
          10696
          10704
          10712
          10720
          10728
          10736
          10744
          10752
          10760
          10768
          10776
          10784
          10792
          10800
          10808
          10816
          10824
          10832
          10840
          10848
          10856
          10864
          10872
          10880
          10888
          10896
          10904
          10912
          10920
          10928
          10936
          10944
          10952
          10960
          10968
          10976
          10984
          10992
          11000
          11008
          11016
          11024
          11032
          11040
          11048
          11056
          11064
          11072
          11080
          11088
          11096
          11104
          11112
          11120
          11128
          11136
          11144
          11152
          11160
          11168
          11176
          11184
          11192
          11200
          11208
          11216
          11224
          11232
          11240
          11248
          11256
          11264
          11272
          11280
          11288
          11296
          11304
          11312
          11320
          11328
          11336
          11344
          11352
          11360
          11368
          11376
          11384
          11392
          11400
          11408
          11416
          11424
          11432
          11440
          11448
          11456
          11464
          11472
          11480
          11488
          11496
          11504
          11512
          11520
          11528
          11536
          11544
          11552
          11560
          11568
          11576
          11584
          11592
          11600
          11608
          11616
          11624
          11632
          11640
          11648
          11656
          11664
          11672
          11680
          11688
          11696
          11704
          11712
          11720
          11728
          11736
          11744
          11752
          11760
          11768
          11776
          11784
          11792
          11800
          11808
          11816
          11824
          11832
          11840
          11848
          11856
          11864
          11872
          11880
          11888
          11896
          11904
          11912
          11920
          11928
          11936
          11944
          11952
          11960
          11968
          11976
          11984
          11992
          12000
          12008
          12016
          12024
          12032
          12040
          12048
          12056
          12064
          12072
          12080
          12088
          12096
          12104
          12112
          12120
          12128
          12136
          12144
          12152
          12160
          12168
          12176
          12184
          12192
          12200
          12208
          12216
          12224
          12232
          12240
          12248
          12256
          12264
          12272
          12280
          12288
          12296
          12304
          12312
          12320
          12328
          12336
          12344
          12352
          12360
          12368
          12376
          12384
          12392
          12400
          12408
          12416
          12424
          12432
          12440
          12448
          12456
          12464
          12472
          12480
          12488
          12496
          12504
          12512
          12520
          12528
          12536
          12544
          12552
          12560
          12568
          12576
          12584
          12592
          12600
          12608
          12616
          12624
          12632
          12640
          12648
          12656
          12664
          12672
          12680
          12688
          12696
          12704
          12712
          12720
          12728
          12736
          12744
          12752
          12760
          12768
          12776
          12784
          12792
          12800
          12808
          12816
          12824
          12832
          12840
          12848
          12856
          12864
          12872
          12880
          12888
          12896
          12904
          12912
          12920
          12928
          12936
          12944
          12952
          12960
          12968
          12976
          12984
          12992
          13000
          13008
          13016
          13024
          13032
          13040
          13048
          13056
          13064
          13072
          13080
          13088
          13096
          13104
          13112
          13120
          13128
          13136
          13144
          13152
          13160
          13168
          13176
          13184
          13192
          13200
          13208
          13216
          13224
          13232
          13240
          13248
          13256
          13264
          13272
          13280
          13288
          13296
          13304
          13312
          13320
          13328
          13336
          13344
          13352
          13360
          13368
          13376
          13384
          13392
          13400
          13408
          13416
          13424
          13432
          13440
          13448
          13456
          13464
          13472
          13480
          13488
          13496
          13504
          13512
          13520
          13528
          13536
          13544
          13552
          13560
          13568
          13576
          13584
          13592
          13600
          13608
          13616
          13624
          13632
          13640
          13648
          13656
          13664
          13672
          13680
          13688
          13696
          13704
          13712
          13720
          13728
          13736
          13744
          13752
          13760
          13768
          13776
          13784
          13792
          13800
          13808
          13816
          13824
          13832
          13840
          13848
          13856
          13864
          13872
          13880
          13888
          13896
          13904
          13912
          13920
          13928
          13936
          13944
          13952
          13960
          13968
          13976
          13984
          13992
          14000
          14008
          14016
          14024
          14032
          14040
          14048
          14056
          14064
          14072
          14080
          14088
          14096
          14104
          14112
          14120
          14128
          14136
          14144
          14152
          14160
          14168
          14176
          14184
          14192
          14200
          14208
          14216
          14224
          14232
          14240
          14248
          14256
          14264
          14272
          14280
          14288
          14296
          14304
          14312
          14320
          14328
          14336
          14344
          14352
          14360
          14368
          14376
          14384
          14392
          14400
          14408
          14416
          14424
          14432
          14440
          14448
          14456
          14464
          14472
          14480
          14488
          14496
          14504
          14512
          14520
          14528
          14536
          14544
          14552
          14560
          14568
          14576
          14584
          14592
          14600
          14608
          14616
          14624
          14632
          14640
          14648
          14656
          14664
          14672
          14680
          14688
          14696
          14704
          14712
          14720
          14728
          14736
          14744
          14752
          14760
          14768
          14776
          14784
          14792
          14800
          14808
          14816
          14824
          14832
          14840
          14848
          14856
          14864
          14872
          14880
          14888
          14896
          14904
          14912
          14920
          14928
          14936
          14944
          14952
          14960
          14968
          14976
          14984
          14992
          15000
          15008
          15016
          15024
          15032
          15040
          15048
          15056
          15064
          15072
          15080
          15088
          15096
          15104
          15112
          15120
          15128
          15136
          15144
          15152
          15160
          15168
          15176
          15184
          15192
          15200
          15208
          15216
          15224
          15232
          15240
          15248
          15256
          15264
          15272
          15280
          15288
          15296
          15304
          15312
          15320
          15328
          15336
          15344
          15352
          15360
          15368
          15376
          15384
          15392
          15400
          15408
          15416
          15424
          15432
          15440
          15448
          15456
          15464
          15472
          15480
          15488
          15496
          15504
          15512
          15520
          15528
          15536
          15544
          15552
          15560
          15568
          15576
          15584
          15592
          15600
          15608
          15616
          15624
          15632
          15640
          15648
          15656
          15664
          15672
          15680
          15688
          15696
          15704
          15712
          15720
          15728
          15736
          15744
          15752
          15760
          15768
          15776
          15784
          15792
          15800
          15808
          15816
          15824
          15832
          15840
          15848
          15856
          15864
          15872
          15880
          15888
          15896
          15904
          15912
          15920
          15928
          15936
          15944
          15952
          15960
          15968
          15976
          15984
          15992
          16000
          16008
          16016
          16024
          16032
          16040
          16048
          16056
          16064
          16072
          16080
          16088
          16096
          16104
          16112
          16120
          16128
          16136
          16144
          16152
          16160
          16168
          16176
          16184
          16192
          16200
          16208
          16216
          16224
          16232
          16240
          16248
          16256
          16264
          16272
          16280
          16288
          16296
          16304
          16312
          16320
          16328
          16336
          16344
          16352
          16360
          16368
          16376
          16384
          16392
          16400
          16408
          16416
          16424
          16432
          16440
          16448
          16456
          16464
          16472
          16480
          16488
          16496
          16504
          16512
          16520
          16528
          16536
          16544
          16552
          16560
          16568
          16576
          16584
          16592
          16600
          16608
          16616
          16624
          16632
          16640
          16648
          16656
          16664
          16672
          16680
          16688
          16696
          16704
          16712
          16720
          16728
          16736
          16744
          16752
          16760
          16768
          16776
          16784
          16792
          16800
          16808
          16816
          16824
          16832
          16840
          16848
          16856
          16864
          16872
          16880
          16888
          16896
          16904
          16912
          16920
          16928
          16936
          16944
          16952
          16960
          16968
          16976
          16984
          16992
          17000
          17008
          17016
          17024
          17032
          17040
          17048
          17056
          17064
          17072
          17080
          17088
          17096
          17104
          17112
          17120
          17128
          17136
          17144
          17152
          17160
          17168
          17176
          17184
          17192
          17200
          17208
          17216
        </DataArray>
        <DataArray type="UInt8" Name="types" format="ascii">
          12
          12
          12
          12
          12
          12
          12
          12
          12
          12
          12
          12
          12
          12
          12
          12
          12
          12
          12
          12
          12
          12
          12
          12
          12
          12
          12
          12
          12
          12
          12
          12
          12
          12
          12
          12
          12
          12
          12
          12
          12
          12
          12
          12
          12
          12
          12
          12
          12
          12
          12
          12
          12
          12
          12
          12
          12
          12
          12
          12
          12
          12
          12
          12
          12
          12
          12
          12
          12
          12
          12
          12
          12
          12
          12
          12
          12
          12
          12
          12
          12
          12
          12
          12
          12
          12
          12
          12
          12
          12
          12
          12
          12
          12
          12
          12
          12
          12
          12
          12
          12
          12
          12
          12
          12
          12
          12
          12
          12
          12
          12
          12
          12
          12
          12
          12
          12
          12
          12
          12
          12
          12
          12
          12
          12
          12
          12
          12
          12
          12
          12
          12
          12
          12
          12
          12
          12
          12
          12
          12
          12
          12
          12
          12
          12
          12
          12
          12
          12
          12
          12
          12
          12
          12
          12
          12
          12
          12
          12
          12
          12
          12
          12
          12
          12
          12
          12
          12
          12
          12
          12
          12
          12
          12
          12
          12
          12
          12
          12
          12
          12
          12
          12
          12
          12
          12
          12
          12
          12
          12
          12
          12
          12
          12
          12
          12
          12
          12
          12
          12
          12
          12
          12
          12
          12
          12
          12
          12
          12
          12
          12
          12
          12
          12
          12
          12
          12
          12
          12
          12
          12
          12
          12
          12
          12
          12
          12
          12
          12
          12
          12
          12
          12
          12
          12
          12
          12
          12
          12
          12
          12
          12
          12
          12
          12
          12
          12
          12
          12
          12
          12
          12
          12
          12
          12
          12
          12
          12
          12
          12
          12
          12
          12
          12
          12
          12
          12
          12
          12
          12
          12
          12
          12
          12
          12
          12
          12
          12
          12
          12
          12
          12
          12
          12
          12
          12
          12
          12
          12
          12
          12
          12
          12
          12
          12
          12
          12
          12
          12
          12
          12
          12
          12
          12
          12
          12
          12
          12
          12
          12
          12
          12
          12
          12
          12
          12
          12
          12
          12
          12
          12
          12
          12
          12
          12
          12
          12
          12
          12
          12
          12
          12
          12
          12
          12
          12
          12
          12
          12
          12
          12
          12
          12
          12
          12
          12
          12
          12
          12
          12
          12
          12
          12
          12
          12
          12
          12
          12
          12
          12
          12
          12
          12
          12
          12
          12
          12
          12
          12
          12
          12
          12
          12
          12
          12
          12
          12
          12
          12
          12
          12
          12
          12
          12
          12
          12
          12
          12
          12
          12
          12
          12
          12
          12
          12
          12
          12
          12
          12
          12
          12
          12
          12
          12
          12
          12
          12
          12
          12
          12
          12
          12
          12
          12
          12
          12
          12
          12
          12
          12
          12
          12
          12
          12
          12
          12
          12
          12
          12
          12
          12
          12
          12
          12
          12
          12
          12
          12
          12
          12
          12
          12
          12
          12
          12
          12
          12
          12
          12
          12
          12
          12
          12
          12
          12
          12
          12
          12
          12
          12
          12
          12
          12
          12
          12
          12
          12
          12
          12
          12
          12
          12
          12
          12
          12
          12
          12
          12
          12
          12
          12
          12
          12
          12
          12
          12
          12
          12
          12
          12
          12
          12
          12
          12
          12
          12
          12
          12
          12
          12
          12
          12
          12
          12
          12
          12
          12
          12
          12
          12
          12
          12
          12
          12
          12
          12
          12
          12
          12
          12
          12
          12
          12
          12
          12
          12
          12
          12
          12
          12
          12
          12
          12
          12
          12
          12
          12
          12
          12
          12
          12
          12
          12
          12
          12
          12
          12
          12
          12
          12
          12
          12
          12
          12
          12
          12
          12
          12
          12
          12
          12
          12
          12
          12
          12
          12
          12
          12
          12
          12
          12
          12
          12
          12
          12
          12
          12
          12
          12
          12
          12
          12
          12
          12
          12
          12
          12
          12
          12
          12
          12
          12
          12
          12
          12
          12
          12
          12
          12
          12
          12
          12
          12
          12
          12
          12
          12
          12
          12
          12
          12
          12
          12
          12
          12
          12
          12
          12
          12
          12
          12
          12
          12
          12
          12
          12
          12
          12
          12
          12
          12
          12
          12
          12
          12
          12
          12
          12
          12
          12
          12
          12
          12
          12
          12
          12
          12
          12
          12
          12
          12
          12
          12
          12
          12
          12
          12
          12
          12
          12
          12
          12
          12
          12
          12
          12
          12
          12
          12
          12
          12
          12
          12
          12
          12
          12
          12
          12
          12
          12
          12
          12
          12
          12
          12
          12
          12
          12
          12
          12
          12
          12
          12
          12
          12
          12
          12
          12
          12
          12
          12
          12
          12
          12
          12
          12
          12
          12
          12
          12
          12
          12
          12
          12
          12
          12
          12
          12
          12
          12
          12
          12
          12
          12
          12
          12
          12
          12
          12
          12
          12
          12
          12
          12
          12
          12
          12
          12
          12
          12
          12
          12
          12
          12
          12
          12
          12
          12
          12
          12
          12
          12
          12
          12
          12
          12
          12
          12
          12
          12
          12
          12
          12
          12
          12
          12
          12
          12
          12
          12
          12
          12
          12
          12
          12
          12
          12
          12
          12
          12
          12
          12
          12
          12
          12
          12
          12
          12
          12
          12
          12
          12
          12
          12
          12
          12
          12
          12
          12
          12
          12
          12
          12
          12
          12
          12
          12
          12
          12
          12
          12
          12
          12
          12
          12
          12
          12
          12
          12
          12
          12
          12
          12
          12
          12
          12
          12
          12
          12
          12
          12
          12
          12
          12
          12
          12
          12
          12
          12
          12
          12
          12
          12
          12
          12
          12
          12
          12
          12
          12
          12
          12
          12
          12
          12
          12
          12
          12
          12
          12
          12
          12
          12
          12
          12
          12
          12
          12
          12
          12
          12
          12
          12
          12
          12
          12
          12
          12
          12
          12
          12
          12
          12
          12
          12
          12
          12
          12
          12
          12
          12
          12
          12
          12
          12
          12
          12
          12
          12
          12
          12
          12
          12
          12
          12
          12
          12
          12
          12
          12
          12
          12
          12
          12
          12
          12
          12
          12
          12
          12
          12
          12
          12
          12
          12
          12
          12
          12
          12
          12
          12
          12
          12
          12
          12
          12
          12
          12
          12
          12
          12
          12
          12
          12
          12
          12
          12
          12
          12
          12
          12
          12
          12
          12
          12
          12
          12
          12
          12
          12
          12
          12
          12
          12
          12
          12
          12
          12
          12
          12
          12
          12
          12
          12
          12
          12
          12
          12
          12
          12
          12
          12
          12
          12
          12
          12
          12
          12
          12
          12
          12
          12
          12
          12
          12
          12
          12
          12
          12
          12
          12
          12
          12
          12
          12
          12
          12
          12
          12
          12
          12
          12
          12
          12
          12
          12
          12
          12
          12
          12
          12
          12
          12
          12
          12
          12
          12
          12
          12
          12
          12
          12
          12
          12
          12
          12
          12
          12
          12
          12
          12
          12
          12
          12
          12
          12
          12
          12
          12
          12
          12
          12
          12
          12
          12
          12
          12
          12
          12
          12
          12
          12
          12
          12
          12
          12
          12
          12
          12
          12
          12
          12
          12
          12
          12
          12
          12
          12
          12
          12
          12
          12
          12
          12
          12
          12
          12
          12
          12
          12
          12
          12
          12
          12
          12
          12
          12
          12
          12
          12
          12
          12
          12
          12
          12
          12
          12
          12
          12
          12
          12
          12
          12
          12
          12
          12
          12
          12
          12
          12
          12
          12
          12
          12
          12
          12
          12
          12
          12
          12
          12
          12
          12
          12
          12
          12
          12
          12
          12
          12
          12
          12
          12
          12
          12
          12
          12
          12
          12
          12
          12
          12
          12
          12
          12
          12
          12
          12
          12
          12
          12
          12
          12
          12
          12
          12
          12
          12
          12
          12
          12
          12
          12
          12
          12
          12
          12
          12
          12
          12
          12
          12
          12
          12
          12
          12
          12
          12
          12
          12
          12
          12
          12
          12
          12
          12
          12
          12
          12
          12
          12
          12
          12
          12
          12
          12
          12
          12
          12
          12
          12
          12
          12
          12
          12
          12
          12
          12
          12
          12
          12
          12
          12
          12
          12
          12
          12
          12
          12
          12
          12
          12
          12
          12
          12
          12
          12
          12
          12
          12
          12
          12
          12
          12
          12
          12
          12
          12
          12
          12
          12
          12
          12
          12
          12
          12
          12
          12
          12
          12
          12
          12
          12
          12
          12
          12
          12
          12
          12
          12
          12
          12
          12
          12
          12
          12
          12
          12
          12
          12
          12
          12
          12
          12
          12
          12
          12
          12
          12
          12
          12
          12
          12
          12
          12
          12
          12
          12
          12
          12
          12
          12
          12
          12
          12
          12
          12
          12
          12
          12
          12
          12
          12
          12
          12
          12
          12
          12
          12
          12
          12
          12
          12
          12
          12
          12
          12
          12
          12
          12
          12
          12
          12
          12
          12
          12
          12
          12
          12
          12
          12
          12
          12
          12
          12
          12
          12
          12
          12
          12
          12
          12
          12
          12
          12
          12
          12
          12
          12
          12
          12
          12
          12
          12
          12
          12
          12
          12
          12
          12
          12
          12
          12
          12
          12
          12
          12
          12
          12
          12
          12
          12
          12
          12
          12
          12
          12
          12
          12
          12
          12
          12
          12
          12
          12
          12
          12
          12
          12
          12
          12
          12
          12
          12
          12
          12
          12
          12
          12
          12
          12
          12
          12
          12
          12
          12
          12
          12
          12
          12
          12
          12
          12
          12
          12
          12
          12
          12
          12
          12
          12
          12
          12
          12
          12
          12
          12
          12
          12
          12
          12
          12
          12
          12
          12
          12
          12
          12
          12
          12
          12
          12
          12
          12
          12
          12
          12
          12
          12
          12
          12
          12
          12
          12
          12
          12
          12
          12
          12
          12
          12
          12
          12
          12
          12
          12
          12
          12
          12
          12
          12
          12
          12
          12
          12
          12
          12
          12
          12
          12
          12
          12
          12
          12
          12
          12
          12
          12
          12
          12
          12
          12
          12
          12
          12
          12
          12
          12
          12
          12
          12
          12
          12
          12
          12
          12
          12
          12
          12
          12
          12
          12
          12
          12
          12
          12
          12
          12
          12
          12
          12
          12
          12
          12
          12
          12
          12
          12
          12
          12
          12
          12
          12
          12
          12
          12
          12
          12
          12
          12
          12
          12
          12
          12
          12
          12
          12
          12
          12
          12
          12
          12
          12
          12
          12
          12
          12
          12
          12
          12
          12
          12
          12
          12
          12
          12
          12
          12
          12
          12
          12
          12
          12
          12
          12
          12
          12
          12
          12
          12
          12
          12
          12
          12
          12
          12
          12
          12
          12
          12
          12
          12
          12
          12
          12
          12
          12
          12
          12
          12
          12
          12
          12
          12
          12
          12
          12
          12
          12
          12
          12
          12
          12
          12
          12
          12
          12
          12
          12
          12
          12
          12
          12
          12
          12
          12
          12
          12
          12
          12
          12
          12
          12
          12
          12
          12
          12
          12
          12
          12
          12
          12
          12
          12
          12
          12
          12
          12
          12
          12
          12
          12
          12
          12
          12
          12
          12
          12
          12
          12
          12
          12
          12
          12
          12
          12
          12
          12
          12
          12
          12
          12
          12
          12
          12
          12
          12
          12
          12
          12
          12
          12
          12
          12
          12
          12
          12
          12
          12
          12
          12
          12
          12
          12
          12
          12
          12
          12
          12
          12
          12
          12
          12
          12
          12
          12
          12
          12
          12
          12
          12
          12
          12
          12
          12
          12
          12
          12
          12
          12
          12
          12
          12
          12
          12
          12
          12
          12
          12
          12
          12
          12
          12
          12
          12
          12
          12
          12
          12
          12
          12
          12
          12
          12
          12
          12
          12
          12
          12
          12
          12
          12
          12
          12
          12
          12
          12
          12
          12
          12
          12
          12
          12
          12
          12
          12
          12
          12
          12
          12
          12
          12
          12
          12
          12
          12
          12
          12
          12
          12
          12
          12
          12
          12
          12
          12
          12
          12
          12
          12
          12
          12
          12
          12
          12
          12
          12
          12
          12
          12
          12
          12
          12
          12
          12
          12
          12
          12
          12
          12
          12
          12
          12
          12
          12
          12
          12
          12
          12
          12
          12
          12
          12
          12
          12
          12
          12
          12
          12
          12
          12
          12
          12
          12
          12
          12
          12
          12
          12
          12
          12
          12
          12
          12
          12
          12
          12
          12
          12
          12
          12
          12
          12
          12
          12
          12
          12
          12
          12
          12
          12
          12
          12
          12
          12
          12
          12
          12
          12
          12
          12
          12
          12
          12
          12
          12
          12
          12
          12
          12
          12
          12
          12
          12
          12
          12
          12
          12
          12
          12
          12
          12
          12
          12
          12
          12
          12
          12
          12
          12
          12
          12
          12
          12
          12
          12
          12
          12
          12
          12
          12
          12
          12
          12
          12
          12
          12
          12
          12
          12
          12
          12
          12
          12
          12
          12
          12
          12
          12
          12
          12
          12
          12
          12
          12
          12
          12
          12
          12
          12
          12
          12
          12
          12
          12
          12
          12
          12
          12
          12
          12
          12
          12
          12
          12
          12
          12
          12
          12
          12
          12
          12
          12
          12
          12
          12
          12
          12
          12
          12
          12
          12
          12
          12
          12
          12
          12
          12
          12
          12
          12
          12
          12
          12
          12
          12
          12
          12
          12
          12
          12
          12
          12
          12
          12
          12
          12
          12
          12
          12
          12
          12
          12
          12
          12
          12
          12
          12
          12
          12
          12
          12
          12
          12
          12
          12
          12
          12
          12
          12
          12
          12
          12
          12
          12
          12
          12
          12
          12
          12
          12
          12
          12
          12
          12
          12
          12
          12
          12
          12
          12
          12
          12
          12
          12
          12
          12
          12
          12
          12
          12
          12
          12
          12
          12
          12
          12
          12
          12
          12
          12
          12
          12
          12
          12
          12
          12
          12
          12
          12
          12
          12
          12
          12
          12
          12
          12
          12
          12
          12
          12
          12
          12
          12
          12
          12
          12
          12
          12
          12
          12
          12
          12
          12
          12
          12
          12
          12
          12
          12
          12
          12
          12
          12
          12
          12
          12
          12
          12
          12
          12
          12
          12
          12
          12
          12
          12
          12
          12
          12
          12
          12
          12
          12
          12
          12
          12
          12
          12
          12
          12
          12
          12
          12
          12
          12
          12
          12
          12
          12
          12
          12
        </DataArray>
      </Cells>
      <CellData>
        <DataArray type="UInt32" Name="part" format="ascii">
          0
          0
          0
          0
          0
          0
          0
          0
          0
          0
          0
          0
          0
          0
          0
          0
          0
          0
          0
          0
          0
          0
          0
          0
          1
          1
          1
          1
          1
          1
          1
          1
          1
          1
          1
          1
          2
          2
          2
          2
          2
          2
          2
          2
          2
          2
          2
          2
          3
          3
          3
          3
          3
          3
          3
          3
          3
          3
          3
          3
          3
          3
          3
          3
          3
          3
          3
          3
          3
          3
          3
          3
          4
          4
          4
          4
          4
          4
          4
          4
          4
          4
          4
          4
          5
          5
          5
          5
          5
          5
          5
          5
          5
          5
          5
          5
          6
          6
          6
          6
          6
          6
          6
          6
          6
          6
          6
          6
          6
          6
          6
          6
          6
          6
          6
          6
          6
          6
          6
          6
          6
          6
          6
          6
          6
          6
          6
          6
          6
          6
          6
          6
          6
          6
          6
          6
          6
          6
          6
          6
          6
          6
          6
          6
          6
          6
          6
          6
          6
          6
          6
          6
          6
          6
          6
          6
          7
          7
          7
          7
          7
          7
          7
          7
          7
          7
          7
          7
          7
          7
          7
          7
          7
          7
          7
          7
          7
          7
          7
          7
          7
          7
          7
          7
          7
          7
          7
          7
          7
          7
          7
          7
          7
          7
          7
          7
          7
          7
          7
          7
          7
          7
          7
          7
          7
          7
          7
          7
          7
          7
          7
          7
          7
          7
          7
          7
          7
          7
          7
          7
          7
          7
          7
          7
          7
          7
          7
          7
          7
          7
          7
          7
          7
          7
          7
          7
          7
          7
          7
          7
          8
          8
          8
          8
          8
          8
          8
          8
          8
          8
          8
          8
          8
          8
          8
          8
          8
          8
          8
          8
          8
          8
          8
          8
          8
          8
          8
          8
          8
          8
          8
          8
          8
          8
          8
          8
          8
          8
          8
          8
          8
          8
          9
          9
          9
          9
          9
          9
          9
          9
          9
          9
          9
          9
          9
          9
          9
          9
          10
          10
          10
          10
          10
          10
          10
          10
          10
          10
          10
          10
          10
          10
          10
          10
          10
          10
          10
          10
          11
          11
          11
          11
          11
          11
          11
          11
          11
          11
          11
          11
          11
          11
          11
          11
          11
          11
          11
          11
          11
          11
          11
          11
          11
          11
          11
          11
          12
          12
          12
          12
          12
          12
          12
          12
          12
          12
          12
          12
          12
          12
          12
          12
          12
          12
          12
          12
          12
          12
          12
          12
          12
          12
          12
          12
          12
          12
          12
          12
          12
          12
          12
          12
          12
          12
          12
          12
          12
          12
          12
          12
          13
          13
          13
          13
          13
          13
          13
          13
          13
          13
          13
          13
          13
          13
          13
          13
          13
          13
          13
          13
          13
          13
          13
          13
          14
          14
          14
          14
          14
          14
          14
          14
          14
          14
          14
          14
          14
          14
          14
          14
          14
          14
          14
          14
          14
          14
          14
          14
          14
          14
          14
          14
          15
          15
          15
          15
          15
          15
          15
          15
          15
          15
          15
          15
          15
          15
          15
          15
          15
          15
          15
          15
          15
          15
          15
          15
          15
          15
          15
          15
          16
          16
          16
          16
          16
          16
          16
          16
          16
          16
          16
          16
          16
          16
          16
          16
          16
          16
          16
          16
          16
          16
          16
          16
          16
          16
          16
          16
          17
          17
          17
          17
          17
          17
          17
          17
          17
          17
          17
          17
          17
          17
          17
          17
          17
          17
          17
          17
          17
          17
          17
          17
          17
          17
          17
          17
          17
          17
          17
          17
          17
          17
          17
          17
          17
          17
          17
          17
          17
          17
          18
          18
          18
          18
          18
          18
          18
          18
          18
          18
          18
          18
          18
          18
          18
          18
          18
          18
          18
          18
          18
          18
          18
          18
          18
          19
          19
          19
          19
          19
          19
          19
          19
          19
          19
          19
          19
          19
          19
          19
          19
          19
          19
          19
          19
          19
          19
          19
          19
          19
          19
          19
          19
          19
          19
          20
          20
          20
          20
          20
          20
          20
          20
          20
          20
          20
          20
          20
          20
          20
          20
          20
          20
          20
          20
          20
          20
          20
          20
          20
          20
          20
          20
          20
          20
          20
          20
          20
          20
          20
          21
          21
          21
          21
          21
          21
          21
          21
          21
          21
          21
          21
          21
          21
          21
          21
          21
          21
          21
          21
          21
          21
          21
          21
          21
          21
          21
          21
          21
          21
          21
          21
          21
          21
          21
          21
          21
          21
          21
          21
          22
          22
          22
          22
          22
          22
          22
          22
          22
          22
          22
          22
          22
          22
          22
          22
          22
          22
          22
          22
          22
          22
          22
          22
          22
          22
          22
          22
          22
          22
          23
          23
          23
          23
          23
          24
          24
          24
          24
          24
          24
          25
          25
          25
          25
          25
          25
          25
          26
          26
          26
          26
          26
          26
          26
          26
          27
          27
          27
          27
          27
          27
          28
          28
          28
          28
          28
          28
          28
          28
          28
          28
          28
          28
          28
          28
          28
          28
          28
          28
          28
          28
          28
          28
          28
          28
          28
          28
          28
          28
          28
          28
          28
          28
          28
          28
          28
          28
          28
          28
          28
          28
          28
          28
          28
          28
          28
          28
          28
          28
          28
          28
          28
          28
          28
          28
          28
          28
          28
          28
          28
          28
          28
          28
          28
          28
          28
          28
          28
          28
          28
          28
          28
          28
          29
          29
          29
          29
          29
          29
          29
          29
          29
          29
          29
          29
          29
          29
          29
          29
          29
          29
          29
          29
          29
          29
          29
          29
          29
          29
          29
          29
          29
          29
          29
          29
          29
          29
          29
          29
          29
          29
          29
          29
          29
          29
          29
          29
          29
          29
          29
          29
          29
          29
          29
          29
          29
          29
          29
          29
          29
          29
          29
          29
          29
          29
          29
          29
          29
          29
          29
          29
          29
          29
          29
          29
          30
          30
          30
          30
          30
          30
          30
          30
          30
          30
          30
          30
          30
          30
          30
          30
          30
          30
          30
          30
          30
          30
          30
          30
          31
          31
          31
          31
          31
          31
          31
          31
          31
          31
          31
          31
          32
          32
          32
          32
          32
          32
          32
          32
          32
          32
          32
          32
          33
          33
          33
          33
          33
          33
          33
          33
          33
          33
          33
          33
          33
          33
          33
          33
          33
          33
          33
          33
          33
          33
          33
          33
          34
          34
          34
          34
          34
          34
          34
          34
          34
          34
          34
          34
          35
          35
          35
          35
          35
          35
          35
          35
          35
          35
          35
          35
          36
          36
          36
          36
          36
          36
          36
          36
          36
          36
          36
          36
          36
          36
          36
          36
          36
          36
          36
          36
          36
          36
          36
          36
          37
          37
          37
          37
          37
          37
          37
          37
          37
          37
          37
          37
          38
          38
          38
          38
          38
          38
          38
          38
          38
          38
          38
          38
          39
          39
          39
          39
          39
          39
          39
          39
          39
          39
          39
          39
          39
          39
          39
          39
          39
          39
          39
          39
          39
          39
          39
          39
          40
          40
          40
          40
          40
          40
          40
          40
          40
          40
          40
          40
          41
          41
          41
          41
          41
          41
          41
          41
          41
          41
          41
          41
          42
          42
          42
          42
          42
          42
          42
          42
          42
          42
          42
          42
          42
          42
          42
          42
          42
          42
          42
          42
          42
          42
          42
          42
          42
          42
          42
          42
          42
          42
          42
          42
          42
          42
          42
          42
          42
          42
          42
          42
          42
          42
          42
          42
          42
          42
          42
          42
          42
          42
          42
          42
          42
          42
          42
          42
          42
          42
          42
          42
          43
          43
          43
          43
          43
          43
          43
          43
          43
          43
          43
          43
          43
          43
          43
          43
          43
          43
          43
          43
          43
          43
          43
          43
          43
          43
          43
          43
          43
          43
          43
          43
          43
          43
          43
          43
          43
          43
          43
          43
          43
          43
          43
          43
          43
          43
          43
          43
          43
          43
          43
          43
          43
          43
          43
          43
          43
          43
          43
          43
          43
          43
          43
          43
          43
          43
          43
          43
          43
          43
          43
          43
          43
          43
          43
          43
          43
          43
          43
          43
          43
          43
          43
          43
          44
          44
          44
          44
          44
          44
          44
          44
          44
          44
          44
          44
          44
          44
          44
          44
          44
          44
          44
          44
          44
          44
          44
          44
          44
          44
          44
          44
          44
          44
          44
          44
          44
          44
          44
          44
          44
          44
          44
          44
          44
          44
          45
          45
          45
          45
          45
          45
          45
          45
          45
          45
          45
          45
          45
          45
          45
          45
          46
          46
          46
          46
          46
          46
          46
          46
          46
          46
          46
          46
          46
          46
          46
          46
          46
          46
          46
          46
          47
          47
          47
          47
          47
          47
          47
          47
          47
          47
          47
          47
          47
          47
          47
          47
          47
          47
          47
          47
          47
          47
          47
          47
          47
          47
          47
          47
          48
          48
          48
          48
          48
          48
          48
          48
          48
          48
          48
          48
          48
          48
          48
          48
          48
          48
          48
          48
          48
          48
          48
          48
          48
          48
          48
          48
          48
          48
          48
          48
          48
          48
          48
          48
          48
          48
          48
          48
          48
          48
          48
          48
          49
          49
          49
          49
          49
          49
          49
          49
          49
          49
          49
          49
          49
          49
          49
          49
          49
          49
          49
          49
          49
          49
          49
          49
          50
          50
          50
          50
          50
          50
          50
          50
          50
          50
          50
          50
          50
          50
          50
          50
          50
          50
          50
          50
          50
          50
          50
          50
          50
          50
          50
          50
          51
          51
          51
          51
          51
          51
          51
          51
          51
          51
          51
          51
          51
          51
          51
          51
          51
          51
          51
          51
          51
          51
          51
          51
          51
          51
          51
          51
          52
          52
          52
          52
          52
          52
          52
          52
          52
          52
          52
          52
          52
          52
          52
          52
          52
          52
          52
          52
          52
          52
          52
          52
          52
          52
          52
          52
          53
          53
          53
          53
          53
          53
          53
          53
          53
          53
          53
          53
          53
          53
          53
          53
          53
          53
          53
          53
          53
          53
          53
          53
          53
          53
          53
          53
          53
          53
          53
          53
          53
          53
          53
          53
          53
          53
          53
          53
          53
          53
          54
          54
          54
          54
          54
          54
          54
          54
          54
          54
          54
          54
          54
          54
          54
          54
          54
          54
          54
          54
          54
          54
          54
          54
          54
          55
          55
          55
          55
          55
          55
          55
          55
          55
          55
          55
          55
          55
          55
          55
          55
          55
          55
          55
          55
          55
          55
          55
          55
          55
          55
          55
          55
          55
          55
          56
          56
          56
          56
          56
          56
          56
          56
          56
          56
          56
          56
          56
          56
          56
          56
          56
          56
          56
          56
          56
          56
          56
          56
          56
          56
          56
          56
          56
          56
          56
          56
          56
          56
          56
          57
          57
          57
          57
          57
          57
          57
          57
          57
          57
          57
          57
          57
          57
          57
          57
          57
          57
          57
          57
          57
          57
          57
          57
          57
          57
          57
          57
          57
          57
          57
          57
          57
          57
          57
          57
          57
          57
          57
          57
          58
          58
          58
          58
          58
          58
          58
          58
          58
          58
          58
          58
          58
          58
          58
          58
          58
          58
          58
          58
          58
          58
          58
          58
          58
          58
          58
          58
          58
          58
          59
          59
          59
          59
          59
          59
          59
          59
          59
          59
          59
          59
          59
          59
          59
          59
          59
          59
          59
          59
          59
          59
          59
          59
          59
          59
          59
          59
          59
          59
          59
          59
          59
          59
          59
          59
          59
          59
          59
          59
          59
          59
          59
          59
          59
          59
          59
          59
          59
          59
          59
          59
          59
          59
          59
          59
          59
          59
          59
          59
          59
          59
          59
          59
          59
          59
          59
          59
          59
          59
          59
          59
          60
          60
          60
          60
          60
          60
          60
          60
          60
          60
          60
          60
          60
          60
          60
          60
          60
          60
          60
          60
          60
          60
          60
          60
          60
          60
          60
          60
          60
          60
          60
          60
          60
          60
          60
          60
          60
          60
          60
          60
          60
          60
          60
          60
          60
          60
          60
          60
          60
          60
          60
          60
          60
          60
          60
          60
          60
          60
          60
          60
          60
          60
          60
          60
          60
          60
          60
          60
          60
          60
          60
          60
          61
          61
          61
          61
          61
          61
          61
          61
          61
          61
          61
          61
          61
          61
          61
          61
          61
          61
          61
          61
          61
          61
          61
          61
          62
          62
          62
          62
          62
          62
          62
          62
          62
          62
          62
          62
          63
          63
          63
          63
          63
          63
          63
          63
          63
          63
          63
          63
          64
          64
          64
          64
          64
          64
          64
          64
          64
          64
          64
          64
          64
          64
          64
          64
          64
          64
          64
          64
          64
          64
          64
          64
          65
          65
          65
          65
          65
          65
          65
          65
          65
          65
          65
          65
          66
          66
          66
          66
          66
          66
          66
          66
          66
          66
          66
          66
          67
          67
          67
          67
          67
          67
          67
          67
          67
          67
          67
          67
          67
          67
          67
          67
          67
          67
          67
          67
          67
          67
          67
          67
          67
          67
          67
          67
          67
          67
          67
          67
          67
          67
          67
          67
          67
          67
          67
          67
          67
          67
          67
          67
          67
          67
          67
          67
          67
          67
          67
          67
          67
          67
          67
          67
          67
          67
          67
          67
          67
          67
          67
          67
          67
          67
          67
          67
          67
          67
          67
          67
          68
          68
          68
          68
          68
          68
          68
          68
          68
          68
          68
          68
          68
          68
          68
          68
          68
          68
          68
          68
          68
          68
          68
          68
          68
          68
          68
          68
          68
          68
          68
          68
          68
          68
          68
          68
          68
          68
          68
          68
          68
          68
          68
          68
          68
          68
          68
          68
          68
          68
          68
          68
          68
          68
          68
          68
          68
          68
          68
          68
          68
          68
          68
          68
          68
          68
          68
          68
          68
          68
          68
          68
          69
          69
          69
          69
          69
          69
          69
          69
          69
          69
          69
          69
          69
          69
          69
          69
          69
          69
          69
          69
          69
          69
          69
          69
          70
          70
          70
          70
          70
          70
          70
          70
          70
          70
          70
          70
          71
          71
          71
          71
          71
          71
          71
          71
          71
          71
          71
          71
          72
          72
          72
          72
          72
          72
          72
          72
          72
          72
          72
          72
          72
          72
          72
          72
          72
          72
          72
          72
          72
          72
          72
          72
          73
          73
          73
          73
          73
          73
          73
          73
          73
          73
          73
          73
          74
          74
          74
          74
          74
          74
          74
          74
          74
          74
          74
          74
        </DataArray>
        <DataArray type="Float64" Name="scaled_jacobian" NumberOfComponents="1" format="ascii">
          0.7071067856212817
          0.7375424291557622
          0.783815717152458
          0.8501848857881968
          0.9240698867626549
          0.9792762068434568
          0.9792762039534422
          0.924069881906095
          0.8501848800794767
          0.7838157114510274
          0.7375424240011139
          0.7071067811865476
          0.8533489645401702
          0.8312371790403972
          0.8225827846778926
          0.8515692461714671
          0.924069886762654
          0.9792762068434562
          0.9792762039534445
          0.9240698819060963
          0.8515692403081965
          0.8225827786691775
          0.8312371740370212
          0.8533489605762521
          0.7071067811865477
          0.7386243928096111
          0.7852740909542973
          0.8506887635519972
          0.924070161372302
          0.9792762878274917
          0.8527901398268092
          0.8339099762322852
          0.828172074868805
          0.8537432909217175
          0.9240701613723045
          0.9792762878274902
          0.9792706786419804
          0.9240513097225987
          0.8497004781199005
          0.7704742559629456
          0.7013227883992394
          0.7013227883992394
          0.9792706786419794
          0.9240513097225996
          0.8497004781199022
          0.7704742559629528
          0.7097611130480991
          0.8330745260018346
          0.7071067767518149
          0.7375424195577096
          0.7838157074232172
          0.8501848770388692
          0.9240698801868145
          0.9792762034419142
          0.9792762063318335
          0.924069885043207
          0.8501848827474185
          0.7838157131245543
          0.737542424712325
          0.7071067811865466
          0.8533489560286004
          0.8312371693089093
          0.8225827741986953
          0.8515692371485315
          0.9240698801868108
          0.9792762034419163
          0.9792762063318331
          0.9240698850432045
          0.8515692430116721
          0.8225827802075422
          0.83123717431245
          0.8533489599927085
          0.7013227832578418
          0.7013227832578418
          0.7704742515670097
          0.8497004748032742
          0.9240513078267437
          0.9792706780778682
          0.8330745211131836
          0.7097611076766877
          0.7704742515670147
          0.8497004748032719
          0.9240513078267428
          0.9792706780778669
          0.9792762872635005
          0.924070159476769
          0.8506887602208943
          0.7852740867011825
          0.738624388263824
          0.7071067767518132
          0.979276287263502
          0.9240701594767737
          0.8537432874899065
          0.8281720704990522
          0.8339099717984437
          0.8527901356958144
          0.707106784501433
          0.7371541433565565
          0.7682212825493354
          0.8000000027002647
          0.8320502967382221
          0.8637789029545878
          0.8944271926771351
          0.9230769243572016
          0.9486832989399908
          0.97014250068039
          0.9863939240820991
          0.9965457583093177
          0.7071067845014298
          0.7371541433565656
          0.7682212825493301
          0.8000000027002651
          0.8320502967382194
          0.8637789029545819
          0.8944271926771287
          0.9230769243572029
          0.9486832989399918
          0.9701425006803893
          0.986393924082099
          0.9965457583093169
          0.7071067845014315
          0.7371541433565609
          0.7682212825493331
          0.8000000027002674
          0.8320502967382313
          0.8637789029545875
          0.8944271926771309
          0.9230769243572036
          0.9486832989399904
          0.9701425006803904
          0.9863939240820991
          0.9965457583093181
          0.7071067845014399
          0.7371541433565556
          0.768221282549335
          0.8000000027002608
          0.8320502967382248
          0.86377890295458
          0.8944271926771291
          0.9230769243572046
          0.9486832989399903
          0.9701425006803885
          0.9863939240820998
          0.9965457583093176
          0.707106784501437
          0.7371541433565539
          0.768221282549334
          0.8000000027002667
          0.8320502967382203
          0.8637789029545817
          0.8944271926771319
          0.9230769243572031
          0.9486832989399915
          0.9701425006803895
          0.9863939240820986
          0.9965457583093177
          0.9376822511898485
          0.8869013729909953
          0.9112841649527396
          0.9488175131146903
          0.9772197200702796
          0.9945415811049755
          0.9937589783001772
          0.9756776459292062
          0.9466423117512656
          0.9087292007983816
          0.8658607315526737
          0.8483350437820187
          0.9558388877244111
          0.9113025383794444
          0.9296936300513587
          0.9592506717636556
          0.9814992413070984
          0.9952211777591053
          0.994619156345534
          0.9803467481952716
          0.9576264132414581
          0.9277733456188668
          0.8936023350483463
          0.880887860323259
          0.9743422751555932
          0.9379314783649728
          0.9495488013424751
          0.9703349741797028
          0.9860466557851434
          0.9959721465950904
          0.9955613415244214
          0.9852965573938058
          0.969292603322583
          0.9483305216068867
          0.9243135752028075
          0.9174886480375655
          0.9836491951482564
          0.9652573577803067
          0.9699036766462427
          0.9816102040130688
          0.9907271218262507
          0.996796309771861
          0.9965820747071356
          0.990368182738207
          0.981138173528251
          0.9693971692568586
          0.9564253701034926
          0.9559126688282855
          0.9436642328944698
          0.9890726805442729
          0.988352762674329
          0.9919892637487607
          0.995219564758081
          0.997685290772463
          0.9976605663335839
          0.9951887268360406
          0.9919769541999329
          0.9884098128542066
          0.9853108947790848
          0.9721557707621137
          0.8582394116379513
          0.940910355101223
          0.9699326732605286
          0.9839495485888132
          0.992336969275695
          0.9972559052865082
          0.9967620941852102
          0.9914731425534067
          0.9825604507673704
          0.967679744882732
          0.9413271699732891
          0.8813720735770313
          0.7071067811866661
          0.832155982448876
          0.9025688420123198
          0.9481750720617246
          0.9780059248041468
          0.9948758968341541
          0.9936448922684804
          0.9754648979373371
          0.9441264714885771
          0.8965784603281881
          0.825632753669156
          0.7071067811865657
          0.789458456859368
          0.7768722164486482
          0.7626667317482041
          0.7465524095332288
          0.7281762581026007
          0.7071067811865296
          0.8218438303835808
          0.8101434385898617
          0.7968961740757845
          0.7818195753911429
          0.7645681125006002
          0.7447177817485165
          0.8524379370288859
          0.8416803013427521
          0.8294546447886539
          0.8154866791560529
          0.7994395806431371
          0.780898326639424
          0.8808157472941391
          0.8710516187804701
          0.8599043931384451
          0.8471089774239995
          0.8323384863008008
          0.8151883665757463
          0.906594667369203
          0.8978668329511239
          0.8878462896250984
          0.8762781113984885
          0.8628465346210298
          0.8471589203111776
          0.929456987255276
          0.9217987410473129
          0.9129428492212994
          0.902645443577207
          0.8906029796137575
          0.876436089434136
          0.9491682027396747
          0.9426022371209392
          0.9349374257114207
          0.9259417405293466
          0.9153248341297295
          0.9027218370838138
          0.8907297495584898
          0.8755510375621209
          0.8660259153377192
          0.8595095624744336
          0.8060704458325897
          0.7443384261789434
          0.7044244453646402
          0.6769187044263912
          0.8011651212175658
          0.691242950522948
          0.6189326238221164
          0.5696331917853452
          0.8347863270518122
          0.6810278215248475
          0.5784190239787189
          0.5101106512763487
          0.9462029122699451
          0.9061509337003556
          0.8790348960047134
          0.8601087858256183
          0.9663454451308889
          0.9493169355836424
          0.9381195658559247
          0.930336447893855
          0.9878725553692542
          0.9858237856338952
          0.9845805357503856
          0.9837480250082301
          0.983736228201805
          0.9770528914157715
          0.9727273239039512
          0.9697355091152369
          0.9627703840713487
          0.9376746525687544
          0.9207085544396004
          0.9088051563841651
          0.9385553297411213
          0.9001263626232416
          0.8762660635118552
          0.8604000016887076
          0.9675089953434267
          0.972492861912009
          0.9660971048651179
          0.9617857068817512
          0.9366930738350112
          0.9365124475094088
          0.936415186352267
          0.9363543978951288
          0.8712087708458016
          0.8457652065564967
          0.8312777011078358
          0.8219656358875003
          0.8296211510031343
          0.7701087471750626
          0.7355447231979961
          0.7132651344437084
          0.816257718508024
          0.7204909673346591
          0.6644886213989268
          0.6287124883081529
          0.8228729004574928
          0.6912666799234729
          0.6144390473775014
          0.5662412127810003
          0.8887931385048223
          0.7961723063986942
          0.7330892555944115
          0.6896176887127098
          0.8685218617780441
          0.8102200606489922
          0.7720825837529172
          0.7457573110644586
          0.8609186371503856
          0.8376209234830498
          0.8231638022495135
          0.8133578210294771
          0.8516322152712074
          0.8544517012520738
          0.8558071432769868
          0.8566037919899125
          0.807684294237195
          0.8132869559643936
          0.8159733638483659
          0.8175500347199707
          0.7657055911078968
          0.770886121922978
          0.7733766787691837
          0.7748404555935974
          0.7303597376601397
          0.7348668992182958
          0.737037923011601
          0.7383152114174429
          0.7100283800194901
          0.7136457236682513
          0.7153906175821193
          0.7164179743527256
          0.7181444777421723
          0.7206997096846743
          0.7219335686781678
          0.7226604430769481
          0.7742556720470749
          0.7756507355760737
          0.776324931209818
          0.7767222765161035
          0.8885302802542202
          0.8888676252004316
          0.889030809920109
          0.8891270326861272
          0.79063413628095
          0.6037293095197585
          0.4890435078244755
          0.41671450486029854
          0.7386509650714879
          0.592989712010397
          0.5037182826531397
          0.44583412332213673
          0.6988057845739926
          0.5977033329372473
          0.5361713644848427
          0.4956035777368142
          0.6951510447353789
          0.6411590261687685
          0.6087275668578355
          0.5872321409833967
          0.7703019458617518
          0.7615503380302954
          0.756440003401428
          0.7530907354343598
          0.8969353009935631
          0.9356324940573076
          0.9506029020651753
          0.9536314596350095
          0.9465423264397043
          0.8934401119403745
          0.8484110528012103
          0.8123149777138092
          0.9622421469113712
          0.9564236271335952
          0.9402023820575283
          0.9270010819353369
          0.8969206659325099
          0.9076725409482667
          0.9140808438541299
          0.9183258380114144
          0.8340218860671227
          0.8088472402657482
          0.7907983812688058
          0.7772903384809235
          0.8213875674193759
          0.7571613463260624
          0.7090784000968382
          0.6725790457330192
          0.8496749500433228
          0.7494934570503557
          0.6712111477136382
          0.61177024856714
          0.8929297344319248
          0.7632897536900641
          0.6566593892216199
          0.5765448263052488
          0.8994305929173981
          0.79465176414534
          0.7132278144951201
          0.6531076684036582
          0.8868189168847346
          0.8183323071399462
          0.7671622692899408
          0.7290032852895225
          0.9095090199962301
          0.87952558605338
          0.8580011359074668
          0.8420245463911661
          0.968637146656615
          0.9675705479798479
          0.9668675256134729
          0.9663693369168778
          0.9338296273468399
          0.9112695356936372
          0.8949804014785872
          0.8828330314016305
          0.9013717913638697
          0.8414510309569897
          0.7964291140535523
          0.7626568233888806
          0.9056955069982195
          0.8090390457929687
          0.733602569114095
          0.6775284108303611
          0.9433288773823523
          0.9040636312641079
          0.8777708958542065
          0.859502897717716
          0.9352727645270769
          0.9675397434509182
          0.9779115886855587
          0.9740650675343113
          0.8776018092626031
          0.8747036765180454
          0.8730359946969857
          0.8719524634128664
          0.8074085444929103
          0.7703331887663025
          0.74804090281671
          0.733244169343919
          0.7838723284709457
          0.706900885624504
          0.6596913699188792
          0.6283379149775074
          0.7940804324571735
          0.6774963509410505
          0.6052042345522889
          0.5577314154799143
          0.821962603242308
          0.667842939781288
          0.5718153582254306
          0.5100984850175905
          0.8091529553487584
          0.84854895048384
          0.8916887302962491
          0.9361264012508309
          0.9758067851776597
          0.9803161706817379
          0.8327951700957544
          0.869735250355435
          0.9096709532826539
          0.9498879895263638
          0.9840246715602282
          0.9691160554696234
          0.8596446668779992
          0.8935097472703348
          0.9294528176403957
          0.9644391723216194
          0.9917487616817245
          0.9518594399625256
          0.8898191269458374
          0.91976305180027
          0.9506430604975628
          0.9790389447056908
          0.9830098737286195
          0.9249228684938124
          0.9228292836653147
          0.9476804835616096
          0.972027621732301
          0.9919849138349129
          0.9597468973173429
          0.8823041489239147
          0.9567040610197172
          0.9748365971844756
          0.9906323584333185
          0.9709907081301996
          0.9155921333494306
          0.8143530980322031
          0.9862179745878074
          0.9874883104116814
          0.9641063589462868
          0.9180462535152158
          0.8364441181495795
          0.7071067811864289
          0.9799622037771847
          0.9843615462588442
          0.9869790172663107
          0.9879422111376146
          0.9869308226807684
          0.948813246203451
          0.9385072134731092
          0.9306271721687622
          0.9244456755425944
          0.9194827450941859
          0.9241531355382808
          0.8913749120634855
          0.8648139291651102
          0.8433892312899016
          0.8259446717260995
          0.9230381698526733
          0.8668063087816766
          0.818712557989392
          0.7793281287094699
          0.7472522467919688
          0.9388525691233732
          0.862924938528732
          0.7934783763643519
          0.736005903886302
          0.6895658210540958
          0.9483162407047052
          0.8843401502740799
          0.8186993940782442
          0.7589481358427081
          0.7071067797576538
          0.9197186242416138
          0.8742314199013353
          0.8324284133023546
          0.7956141497900463
          0.7637048671093709
          0.9189252933892518
          0.8994342925095662
          0.8828997856017231
          0.8688568049452305
          0.856859500887453
          0.9583395012035822
          0.9615469913287746
          0.9638729996391607
          0.9656344066504999
          0.9670132289290809
          0.9681182216442896
          0.9500270378479141
          0.9332400535454771
          0.9182033118544293
          0.9049101344164583
          0.9625668366375343
          0.9225891110796107
          0.8821595017343533
          0.8448897181853826
          0.8118118517070467
          0.952528734016736
          0.8940562719750862
          0.8348297937079289
          0.7812834944291006
          0.7349460950631078
          0.9386742160132249
          0.8995664670623972
          0.863458055014637
          0.8316394321683267
          0.804066901864368
          0.9539463980928663
          0.9387632297341706
          0.9256742732590068
          0.9144639466676088
          0.9048415825418114
          0.9697786334640444
          0.9686080138936797
          0.9676927022821067
          0.9669576215526656
          0.9663544276892077
          0.9296608032928723
          0.9072832121173011
          0.8880999417383871
          0.8717565485990029
          0.8577967051666714
          0.9261930499167607
          0.8792440077832988
          0.8360367935030815
          0.7981661596007256
          0.7655465845161391
          0.948761637349356
          0.8836924555004708
          0.8176451723922267
          0.7582019707592345
          0.7071067826153511
          0.989275043996793
          0.9836548123239526
          0.979230370898207
          0.9757381496498665
          0.9729380855500336
          0.972555526509194
          0.9566525536384058
          0.9440341641469095
          0.9340677817611219
          0.9260903377546257
          0.9478396139277349
          0.9164554098286251
          0.8916113367914784
          0.8721195502782033
          0.8566323896421424
          0.9143404386416211
          0.8621793472530119
          0.82123342847373
          0.7894874688178501
          0.7645557238426562
          0.8962976367965924
          0.8447666825101267
          0.8053021127509922
          0.7750336677423294
          0.7513882072579141
          0.9121188635162903
          0.8855204334165546
          0.8659073546587595
          0.8510376353120983
          0.8394430383449413
          0.9492614636446575
          0.943665044999764
          0.9397551582109147
          0.9368746635857346
          0.9346663344326178
          0.9804009549548471
          0.9874760680094516
          0.9845941029885544
          0.9823477205065183
          0.9805601873136949
          0.9882861331889279
          0.9842753469298212
          0.9814278617348006
          0.9793244770974646
          0.9777142786219577
          0.9732243991623206
          0.9572062472579649
          0.9451916889004208
          0.9360949783807996
          0.9290402940834377
          0.9658509337784386
          0.9405617303155109
          0.9211442357367604
          0.9063344613641922
          0.8948258688742398
          0.979684058383442
          0.9667305409319574
          0.9569080095510536
          0.9494224160275672
          0.943591261091937
          0.9909381405084878
          0.9872010502046391
          0.9844952871610797
          0.9824749307291911
          0.9809176931699828
          0.9969756841157223
          0.9965891146629011
          0.9962847441821818
          0.9960666061218945
          0.9959027910484171
          0.9952821544584515
          0.9952821544584514
          0.9952821544584511
          0.9952821544584514
          0.9952821544584517
          0.9931151052585588
          0.993115105258559
          0.9931151052585593
          0.9931151052585594
          0.9931151052585597
          0.9931151052585596
          0.9940295252152992
          0.9940295252152994
          0.9940295252152991
          0.9940295252152989
          0.994029525215299
          0.9940295252152991
          0.9940295252152993
          0.9959619176525727
          0.9959619176525728
          0.995961917652573
          0.9959619176525727
          0.9959619176525726
          0.9959619176525728
          0.9959619176525726
          0.9959619176525725
          0.9969756847187426
          0.9969756847187423
          0.9969756847187426
          0.9969756847187429
          0.9969756847187429
          0.9969756847187431
          1
          1
          1
          1
          1
          1
          1
          1
          1
          1
          1
          1
          1
          1
          1
          1
          1
          1
          1
          1
          1
          1
          1
          1
          1
          1
          1
          1
          1
          1
          1
          1
          1
          1
          1
          1
          1
          1
          1
          1
          1
          1
          1
          1
          1
          1
          1
          1
          1
          1
          1
          1
          1
          1
          1
          1
          1
          1
          1
          1
          1
          1
          1
          1
          1
          1
          1
          1
          1
          1
          1
          1
          1
          1
          1
          1
          1
          1
          1
          1
          1
          1
          1
          1
          1
          1
          1
          1
          1
          1
          1
          1
          1
          1
          1
          1
          1
          1
          1
          1
          1
          1
          1
          1
          1
          1
          1
          1
          1
          1
          1
          1
          1
          1
          1
          1
          1
          1
          1
          1
          1
          1
          1
          1
          1
          1
          1
          1
          1
          1
          1
          1
          1
          1
          1
          1
          1
          1
          1
          1
          1
          1
          1
          1
          0.7071067811865462
          0.9472133927437019
          0.8062079168853215
          0.9418128478151012
          0.8785995177356897
          0.9307706124803187
          0.9305971611808977
          0.9324110774692231
          0.9673995715679192
          0.9673995715679188
          0.99154182330131
          0.9915418233013088
          0.9915418235044997
          0.9915418235045
          0.9673995719453293
          0.9673995719453283
          0.930597161660218
          0.9324110781758851
          0.8785995181778474
          0.9307706137831465
          0.8062079171941587
          0.9418128488848979
          0.7071067811865489
          0.9472133936107546
          0.9915450582613515
          0.9915450582613522
          0.967411589026088
          0.9674115890260885
          0.930830388351739
          0.9308303883517389
          0.8859524592386656
          0.885952459238668
          0.8329309433633332
          0.8413539802570232
          0.7071067811865489
          0.870140666629704
          0.7071067811865462
          0.9504641039856462
          0.8052211390804351
          0.9459354869867156
          0.8777481245776872
          0.9365724880830862
          0.9303660480159283
          0.9344633607258753
          0.9673993919431293
          0.9673993919431298
          0.991541774999285
          0.9915417749992844
          0.7071067811865475
          0.9472133949862154
          0.8062079172156869
          0.941812850023463
          0.8785995182323197
          0.930770614723391
          0.9305971617433739
          0.9324110784278578
          0.9673995719956623
          0.9673995719956626
          0.9915418235180326
          0.9915418235180326
          0.9915418233149002
          0.9915418233148996
          0.9673995716183543
          0.9673995716183532
          0.9305971612641849
          0.9324110777213898
          0.8785995177902853
          0.9307706134209203
          0.8062079169069405
          0.9418128489539616
          0.7071067811865488
          0.9472133941193978
          0.7071067811865475
          0.8052211390630295
          0.8777481245407813
          0.9303660479644098
          0.9673993919094136
          0.9915417749902116
          0.9504641030797929
          0.9459354862369126
          0.9365724874671103
          0.9344633605039544
          0.9673993919094126
          0.9915417749902107
          0.9915450582522906
          0.9674115889924292
          0.9308303882842798
          0.8859524591352589
          0.8329309433336414
          0.7071067811865462
          0.9915450582522922
          0.9674115889924306
          0.9308303882842804
          0.8859524591352621
          0.8413539799407088
          0.8701406655944735
          0.7071067856212817
          0.7375424291557622
          0.7838157171524579
          0.8501848857881967
          0.9240698867626548
          0.9792762068434567
          0.979276203953442
          0.9240698819060951
          0.8501848800794767
          0.7838157114510272
          0.7375424240011138
          0.7071067811865476
          0.8533489645401702
          0.8312371790403972
          0.8225827846778927
          0.8515692461714671
          0.924069886762654
          0.9792762068434563
          0.9792762039534443
          0.9240698819060962
          0.8515692403081966
          0.8225827786691775
          0.8312371740370211
          0.8533489605762522
          0.7071067811865477
          0.7386243928096112
          0.7852740909542973
          0.8506887635519972
          0.9240701613723019
          0.9792762878274915
          0.8527901398268092
          0.8339099762322851
          0.8281720748688048
          0.8537432909217174
          0.9240701613723044
          0.9792762878274903
          0.9792706786419805
          0.9240513097225987
          0.8497004781199006
          0.7704742559629455
          0.7013227883992394
          0.7013227883992394
          0.9792706786419793
          0.9240513097225996
          0.8497004781199023
          0.7704742559629528
          0.709761113048099
          0.8330745260018345
          0.7071067767518148
          0.7375424195577097
          0.783815707423217
          0.8501848770388692
          0.9240698801868142
          0.9792762034419141
          0.9792762063318335
          0.9240698850432069
          0.8501848827474184
          0.7838157131245542
          0.7375424247123251
          0.7071067811865466
          0.8533489560286004
          0.8312371693089093
          0.8225827741986954
          0.8515692371485316
          0.924069880186811
          0.9792762034419162
          0.9792762063318331
          0.9240698850432045
          0.8515692430116722
          0.8225827802075422
          0.8312371743124499
          0.8533489599927087
          0.7013227832578418
          0.7013227832578418
          0.7704742515670097
          0.8497004748032743
          0.9240513078267437
          0.9792706780778683
          0.8330745211131835
          0.7097611076766878
          0.7704742515670147
          0.8497004748032719
          0.9240513078267427
          0.9792706780778672
          0.9792762872635005
          0.9240701594767688
          0.8506887602208942
          0.7852740867011826
          0.7386243882638239
          0.7071067767518133
          0.9792762872635019
          0.9240701594767737
          0.8537432874899064
          0.8281720704990521
          0.8339099717984436
          0.8527901356958144
          0.707106784501433
          0.7371541433565565
          0.7682212825493354
          0.8000000027002647
          0.832050296738222
          0.8637789029545878
          0.8944271926771353
          0.9230769243572017
          0.9486832989399909
          0.9701425006803901
          0.9863939240820992
          0.9965457583093176
          0.7071067845014299
          0.7371541433565657
          0.7682212825493302
          0.8000000027002651
          0.8320502967382193
          0.8637789029545819
          0.8944271926771288
          0.9230769243572028
          0.9486832989399919
          0.9701425006803892
          0.9863939240820991
          0.9965457583093169
          0.7071067845014316
          0.737154143356561
          0.7682212825493333
          0.8000000027002674
          0.8320502967382314
          0.8637789029545875
          0.8944271926771309
          0.9230769243572038
          0.9486832989399904
          0.9701425006803905
          0.9863939240820992
          0.9965457583093181
          0.70710678450144
          0.7371541433565557
          0.7682212825493349
          0.800000002700261
          0.8320502967382248
          0.8637789029545802
          0.8944271926771292
          0.9230769243572047
          0.9486832989399903
          0.9701425006803887
          0.9863939240820998
          0.9965457583093177
          0.707106784501437
          0.7371541433565539
          0.768221282549334
          0.8000000027002668
          0.8320502967382203
          0.8637789029545817
          0.894427192677132
          0.9230769243572031
          0.9486832989399916
          0.9701425006803895
          0.9863939240820987
          0.9965457583093177
          0.9376822511898485
          0.8869013729909953
          0.9112841649527396
          0.9488175131146902
          0.9772197200702795
          0.9945415811049754
          0.9937589783001773
          0.9756776459292062
          0.9466423117512657
          0.9087292007983816
          0.8658607315526736
          0.8483350437820186
          0.9558388877244111
          0.9113025383794444
          0.9296936300513587
          0.9592506717636555
          0.9814992413070984
          0.9952211777591055
          0.9946191563455341
          0.9803467481952716
          0.9576264132414583
          0.9277733456188668
          0.8936023350483462
          0.8808878603232588
          0.9743422751555931
          0.9379314783649728
          0.9495488013424751
          0.9703349741797027
          0.9860466557851434
          0.9959721465950904
          0.9955613415244213
          0.9852965573938061
          0.969292603322583
          0.9483305216068867
          0.9243135752028073
          0.9174886480375654
          0.9836491951482563
          0.9652573577803067
          0.9699036766462426
          0.9816102040130686
          0.9907271218262507
          0.9967963097718608
          0.9965820747071356
          0.990368182738207
          0.9811381735282511
          0.9693971692568586
          0.9564253701034926
          0.9559126688282855
          0.9436642328944698
          0.989072680544273
          0.988352762674329
          0.9919892637487607
          0.9952195647580812
          0.997685290772463
          0.9976605663335838
          0.9951887268360405
          0.991976954199933
          0.9884098128542067
          0.9853108947790848
          0.9721557707621138
          0.8582394116379514
          0.940910355101223
          0.9699326732605285
          0.9839495485888132
          0.9923369692756951
          0.9972559052865081
          0.9967620941852102
          0.9914731425534068
          0.9825604507673705
          0.967679744882732
          0.941327169973289
          0.8813720735770313
          0.7071067811866661
          0.8321559824488761
          0.9025688420123198
          0.9481750720617247
          0.9780059248041468
          0.9948758968341541
          0.9936448922684804
          0.9754648979373371
          0.9441264714885771
          0.8965784603281879
          0.825632753669156
          0.7071067811865657
          0.789458456859368
          0.7768722164486482
          0.7626667317482041
          0.7465524095332288
          0.7281762581026008
          0.7071067811865295
          0.8218438303835807
          0.8101434385898618
          0.7968961740757846
          0.7818195753911428
          0.7645681125006002
          0.7447177817485167
          0.8524379370288859
          0.8416803013427522
          0.8294546447886539
          0.8154866791560529
          0.7994395806431371
          0.780898326639424
          0.8808157472941391
          0.87105161878047
          0.8599043931384451
          0.8471089774239994
          0.8323384863008009
          0.8151883665757462
          0.906594667369203
          0.8978668329511238
          0.8878462896250985
          0.8762781113984885
          0.8628465346210298
          0.8471589203111776
          0.9294569872552759
          0.921798741047313
          0.9129428492212993
          0.902645443577207
          0.8906029796137576
          0.8764360894341361
          0.9491682027396748
          0.9426022371209392
          0.9349374257114207
          0.9259417405293466
          0.9153248341297295
          0.9027218370838137
          0.8907297495584898
          0.8755510375621209
          0.8660259153377193
          0.8595095624744336
          0.8060704458325898
          0.7443384261789434
          0.7044244453646402
          0.6769187044263911
          0.8011651212175659
          0.6912429505229482
          0.6189326238221164
          0.5696331917853453
          0.8347863270518123
          0.6810278215248475
          0.5784190239787189
          0.5101106512763488
          0.9462029122699451
          0.9061509337003555
          0.8790348960047134
          0.8601087858256184
          0.9663454451308889
          0.9493169355836425
          0.9381195658559245
          0.930336447893855
          0.9878725553692543
          0.9858237856338951
          0.9845805357503856
          0.9837480250082301
          0.983736228201805
          0.9770528914157715
          0.9727273239039513
          0.9697355091152368
          0.9627703840713486
          0.9376746525687543
          0.9207085544396004
          0.9088051563841651
          0.9385553297411212
          0.9001263626232417
          0.8762660635118552
          0.8604000016887074
          0.9675089953434268
          0.9724928619120091
          0.9660971048651178
          0.9617857068817511
          0.9366930738350112
          0.9365124475094088
          0.936415186352267
          0.9363543978951285
          0.8712087708458015
          0.8457652065564968
          0.8312777011078357
          0.8219656358875002
          0.8296211510031343
          0.7701087471750626
          0.735544723197996
          0.7132651344437084
          0.816257718508024
          0.7204909673346591
          0.6644886213989267
          0.6287124883081529
          0.8228729004574928
          0.691266679923473
          0.6144390473775013
          0.5662412127810003
          0.8887931385048224
          0.7961723063986941
          0.7330892555944115
          0.6896176887127096
          0.8685218617780442
          0.8102200606489922
          0.772082583752917
          0.7457573110644586
          0.8609186371503856
          0.8376209234830498
          0.8231638022495136
          0.8133578210294771
          0.8516322152712074
          0.8544517012520739
          0.8558071432769868
          0.8566037919899125
          0.807684294237195
          0.8132869559643937
          0.8159733638483658
          0.8175500347199708
          0.7657055911078968
          0.770886121922978
          0.7733766787691837
          0.7748404555935974
          0.7303597376601398
          0.7348668992182958
          0.737037923011601
          0.7383152114174429
          0.7100283800194901
          0.7136457236682513
          0.7153906175821193
          0.7164179743527256
          0.7181444777421723
          0.7206997096846742
          0.7219335686781678
          0.7226604430769481
          0.7742556720470749
          0.7756507355760737
          0.776324931209818
          0.7767222765161035
          0.8885302802542201
          0.8888676252004313
          0.8890308099201091
          0.8891270326861274
          0.7906341362809499
          0.6037293095197583
          0.48904350782447553
          0.41671450486029854
          0.738650965071488
          0.592989712010397
          0.5037182826531397
          0.44583412332213673
          0.6988057845739927
          0.5977033329372473
          0.5361713644848427
          0.4956035777368141
          0.6951510447353788
          0.6411590261687685
          0.6087275668578355
          0.5872321409833967
          0.7703019458617519
          0.7615503380302954
          0.756440003401428
          0.7530907354343597
          0.896935300993563
          0.9356324940573078
          0.9506029020651753
          0.9536314596350096
          0.9465423264397043
          0.8934401119403745
          0.8484110528012101
          0.8123149777138093
          0.9622421469113712
          0.9564236271335952
          0.940202382057528
          0.9270010819353368
          0.8969206659325097
          0.9076725409482667
          0.9140808438541299
          0.9183258380114143
          0.8340218860671228
          0.8088472402657482
          0.7907983812688055
          0.7772903384809235
          0.8213875674193759
          0.7571613463260622
          0.7090784000968381
          0.6725790457330193
          0.8496749500433226
          0.7494934570503556
          0.6712111477136381
          0.6117702485671401
          0.8929297344319246
          0.7632897536900642
          0.6566593892216201
          0.5765448263052488
          0.899430592917398
          0.7946517641453399
          0.7132278144951202
          0.6531076684036583
          0.8868189168847347
          0.8183323071399461
          0.7671622692899408
          0.7290032852895224
          0.90950901999623
          0.87952558605338
          0.8580011359074668
          0.842024546391166
          0.968637146656615
          0.9675705479798479
          0.9668675256134727
          0.9663693369168777
          0.9338296273468398
          0.9112695356936372
          0.8949804014785872
          0.8828330314016306
          0.9013717913638697
          0.8414510309569896
          0.7964291140535522
          0.7626568233888806
          0.9056955069982195
          0.8090390457929687
          0.7336025691140953
          0.6775284108303611
          0.9433288773823522
          0.904063631264108
          0.8777708958542066
          0.8595028977177159
          0.9352727645270769
          0.9675397434509182
          0.9779115886855588
          0.9740650675343113
          0.877601809262603
          0.8747036765180454
          0.8730359946969857
          0.8719524634128663
          0.8074085444929102
          0.7703331887663026
          0.74804090281671
          0.7332441693439189
          0.7838723284709457
          0.706900885624504
          0.6596913699188791
          0.6283379149775072
          0.7940804324571735
          0.6774963509410505
          0.6052042345522891
          0.5577314154799143
          0.8219626032423081
          0.667842939781288
          0.5718153582254307
          0.5100984850175905
          0.8091529553487584
          0.8485489504838402
          0.8916887302962492
          0.9361264012508306
          0.9758067851776596
          0.980316170681738
          0.8327951700957544
          0.8697352503554349
          0.909670953282654
          0.9498879895263637
          0.9840246715602283
          0.9691160554696234
          0.8596446668779995
          0.8935097472703348
          0.9294528176403957
          0.9644391723216194
          0.9917487616817247
          0.9518594399625255
          0.8898191269458374
          0.91976305180027
          0.9506430604975626
          0.979038944705691
          0.9830098737286195
          0.9249228684938124
          0.9228292836653145
          0.9476804835616095
          0.9720276217323008
          0.9919849138349128
          0.9597468973173429
          0.8823041489239147
          0.9567040610197171
          0.9748365971844755
          0.9906323584333186
          0.9709907081301996
          0.9155921333494306
          0.8143530980322031
          0.9862179745878072
          0.9874883104116814
          0.9641063589462867
          0.9180462535152158
          0.8364441181495795
          0.7071067811864288
          0.9799622037771848
          0.9843615462588441
          0.9869790172663108
          0.9879422111376146
          0.9869308226807684
          0.948813246203451
          0.9385072134731091
          0.9306271721687622
          0.9244456755425946
          0.919482745094186
          0.9241531355382808
          0.8913749120634856
          0.8648139291651102
          0.8433892312899017
          0.8259446717260995
          0.9230381698526733
          0.8668063087816766
          0.818712557989392
          0.7793281287094698
          0.7472522467919688
          0.9388525691233733
          0.8629249385287322
          0.793478376364352
          0.7360059038863023
          0.6895658210540958
          0.9483162407047051
          0.8843401502740799
          0.8186993940782442
          0.758948135842708
          0.7071067797576538
          0.919718624241614
          0.8742314199013352
          0.8324284133023547
          0.7956141497900463
          0.7637048671093708
          0.9189252933892518
          0.8994342925095662
          0.882899785601723
          0.8688568049452305
          0.8568595008874529
          0.9583395012035826
          0.9615469913287745
          0.9638729996391607
          0.9656344066505
          0.9670132289290808
          0.9681182216442894
          0.9500270378479142
          0.933240053545477
          0.9182033118544292
          0.9049101344164583
          0.9625668366375343
          0.9225891110796107
          0.8821595017343533
          0.8448897181853826
          0.8118118517070468
          0.952528734016736
          0.8940562719750861
          0.834829793707929
          0.7812834944291005
          0.7349460950631078
          0.938674216013225
          0.8995664670623971
          0.863458055014637
          0.8316394321683267
          0.8040669018643679
          0.9539463980928662
          0.9387632297341706
          0.9256742732590068
          0.9144639466676089
          0.9048415825418115
          0.9697786334640444
          0.9686080138936797
          0.9676927022821067
          0.9669576215526656
          0.9663544276892078
          0.9296608032928722
          0.9072832121173012
          0.8880999417383872
          0.8717565485990029
          0.8577967051666714
          0.9261930499167605
          0.8792440077832986
          0.8360367935030815
          0.7981661596007257
          0.7655465845161391
          0.9487616373493561
          0.8836924555004707
          0.8176451723922267
          0.7582019707592346
          0.7071067826153511
          0.9892750439967929
          0.9836548123239527
          0.979230370898207
          0.9757381496498666
          0.9729380855500335
          0.9725555265091937
          0.9566525536384057
          0.9440341641469095
          0.9340677817611219
          0.9260903377546256
          0.947839613927735
          0.9164554098286251
          0.8916113367914784
          0.8721195502782033
          0.8566323896421425
          0.9143404386416212
          0.8621793472530119
          0.82123342847373
          0.7894874688178503
          0.7645557238426562
          0.8962976367965925
          0.8447666825101264
          0.8053021127509921
          0.7750336677423295
          0.7513882072579141
          0.9121188635162902
          0.8855204334165547
          0.8659073546587593
          0.8510376353120984
          0.8394430383449413
          0.9492614636446575
          0.9436650449997642
          0.9397551582109147
          0.9368746635857347
          0.9346663344326178
          0.9804009549548471
          0.9874760680094518
          0.9845941029885544
          0.9823477205065183
          0.9805601873136949
          0.9882861331889279
          0.984275346929821
          0.9814278617348007
          0.9793244770974645
          0.9777142786219577
          0.9732243991623206
          0.9572062472579649
          0.9451916889004208
          0.9360949783807996
          0.9290402940834377
          0.9658509337784388
          0.9405617303155109
          0.9211442357367605
          0.9063344613641922
          0.8948258688742396
          0.979684058383442
          0.9667305409319575
          0.9569080095510538
          0.9494224160275672
          0.943591261091937
          0.9909381405084878
          0.987201050204639
          0.9844952871610797
          0.982474930729191
          0.9809176931699829
          0.9969756841157225
          0.996589114662901
          0.9962847441821818
          0.9960666061218946
          0.9959027910484172
          1
          1
          1
          1
          1
          1
          1
          1
          1
          1
          1
          1
          1
          1
          1
          1
          1
          1
          1
          1
          1
          1
          1
          1
          1
          1
          1
          1
          1
          1
          1
          1
          1
          1
          1
          1
          1
          1
          1
          1
          1
          1
          1
          1
          1
          1
          1
          1
          1
          1
          1
          1
          1
          1
          1
          1
          1
          1
          1
          1
          1
          1
          1
          1
          1
          1
          1
          1
          1
          1
          1
          1
          1
          1
          1
          1
          1
          1
          1
          1
          1
          1
          1
          1
          1
          1
          1
          1
          1
          1
          1
          1
          1
          1
          1
          1
          1
          1
          1
          1
          1
          1
          1
          1
          1
          1
          1
          1
          1
          1
          1
          1
          1
          1
          1
          1
          1
          1
          1
          1
          1
          1
          1
          1
          1
          1
          1
          1
          1
          1
          1
          1
          1
          1
          1
          1
          1
          1
          1
          1
          1
          1
          1
          1
          0.7071067811865461
          0.9472133927437019
          0.8062079168853213
          0.9418128478151011
          0.8785995177356897
          0.9307706124803186
          0.9305971611808977
          0.932411077469223
          0.9673995715679193
          0.9673995715679189
          0.9915418233013101
          0.9915418233013089
          0.9915418235044998
          0.9915418235045003
          0.9673995719453293
          0.9673995719453283
          0.9305971616602179
          0.9324110781758851
          0.8785995181778475
          0.9307706137831465
          0.8062079171941587
          0.941812848884898
          0.7071067811865489
          0.9472133936107546
          0.9915450582613514
          0.9915450582613522
          0.967411589026088
          0.9674115890260885
          0.9308303883517389
          0.9308303883517389
          0.8859524592386656
          0.885952459238668
          0.8329309433633333
          0.8413539802570232
          0.7071067811865489
          0.8701406666297041
          0.7071067811865461
          0.9504641039856462
          0.8052211390804351
          0.9459354869867155
          0.8777481245776872
          0.9365724880830864
          0.9303660480159283
          0.9344633607258753
          0.9673993919431292
          0.9673993919431297
          0.9915417749992849
          0.9915417749992844
          0.7071067811865475
          0.9472133949862153
          0.8062079172156869
          0.9418128500234632
          0.8785995182323197
          0.930770614723391
          0.9305971617433741
          0.9324110784278578
          0.9673995719956622
          0.9673995719956626
          0.9915418235180326
          0.9915418235180327
          0.9915418233149
          0.9915418233148996
          0.9673995716183543
          0.9673995716183532
          0.9305971612641849
          0.9324110777213896
          0.8785995177902852
          0.9307706134209203
          0.8062079169069405
          0.9418128489539617
          0.7071067811865488
          0.9472133941193978
          0.7071067811865475
          0.8052211390630294
          0.8777481245407814
          0.9303660479644096
          0.9673993919094136
          0.9915417749902115
          0.9504641030797929
          0.9459354862369125
          0.9365724874671103
          0.9344633605039545
          0.9673993919094127
          0.9915417749902107
          0.9915450582522904
          0.9674115889924292
          0.9308303882842798
          0.885952459135259
          0.8329309433336413
          0.7071067811865462
          0.9915450582522921
          0.9674115889924306
          0.9308303882842806
          0.8859524591352622
          0.8413539799407088
          0.8701406655944733
          1
          1
          1
          1
          1
          1
          1
          1
          1
          1
          1
          1
          1
          1
          1
          1
          1
          1
          1
          1
          1
          1
          1
          1
          1
          1
          1
          1
          1
          1
          1
          1
          1
          1
          1
          1
          1
          1
          1
          1
          1
          1
          1
          1
          1
          1
          1
          1
          1
          1
          1
          1
          1
          1
          1
          1
          1
          1
          1
          1
          1
          1
          1
          1
          1
          1
          1
          1
          1
          1
          1
          1
          1
          1
          1
          1
          1
          1
          1
          1
          1
          1
          1
          1
          1
          1
          1
          1
          1
          1
          1
          1
          1
          1
          1
          1
          1
          1
          1
          1
          1
          1
          1
          1
          1
          1
          1
          1
          1
          1
          1
          1
          1
          1
          1
          1
          1
          1
          1
          1
          1
          1
          1
          1
          1
          1
          1
          1
          1
          1
          1
          1
          1
          1
          1
          1
          1
          1
          1
          1
          1
          1
          1
          1
          0.7071067811865461
          0.947213392743702
          0.8062079168853213
          0.9418128478151013
          0.8785995177356898
          0.9307706124803187
          0.9305971611808976
          0.932411077469223
          0.9673995715679192
          0.9673995715679188
          0.99154182330131
          0.9915418233013088
          0.9915418235044997
          0.9915418235045
          0.9673995719453293
          0.9673995719453282
          0.930597161660218
          0.9324110781758852
          0.8785995181778475
          0.9307706137831464
          0.8062079171941587
          0.9418128488848979
          0.7071067811865489
          0.9472133936107545
          0.9915450582613514
          0.9915450582613522
          0.9674115890260881
          0.9674115890260884
          0.930830388351739
          0.9308303883517388
          0.8859524592386656
          0.8859524592386679
          0.8329309433633333
          0.8413539802570233
          0.7071067811865489
          0.870140666629704
          0.7071067811865462
          0.9504641039856462
          0.8052211390804351
          0.9459354869867156
          0.8777481245776872
          0.9365724880830862
          0.9303660480159285
          0.9344633607258752
          0.9673993919431292
          0.9673993919431297
          0.9915417749992849
          0.9915417749992845
          0.7071067811865475
          0.9472133949862155
          0.8062079172156867
          0.941812850023463
          0.8785995182323196
          0.9307706147233911
          0.9305971617433739
          0.9324110784278578
          0.9673995719956623
          0.9673995719956627
          0.9915418235180327
          0.9915418235180326
          0.9915418233149002
          0.9915418233148996
          0.9673995716183542
          0.9673995716183532
          0.9305971612641849
          0.9324110777213898
          0.8785995177902852
          0.9307706134209202
          0.8062079169069406
          0.9418128489539616
          0.7071067811865488
          0.9472133941193979
          0.7071067811865475
          0.8052211390630296
          0.8777481245407814
          0.9303660479644097
          0.9673993919094138
          0.9915417749902113
          0.950464103079793
          0.9459354862369126
          0.9365724874671103
          0.9344633605039544
          0.9673993919094128
          0.9915417749902106
          0.9915450582522907
          0.9674115889924291
          0.9308303882842799
          0.8859524591352589
          0.8329309433336413
          0.7071067811865462
          0.9915450582522921
          0.9674115889924306
          0.9308303882842806
          0.8859524591352621
          0.8413539799407088
          0.8701406655944733
        </DataArray>
        <DataArray type="Float64" Name="skew" NumberOfComponents="1" format="ascii">
          0.616530699391092
          0.599310852433506
          0.5541962711338881
          0.4579064317944347
          0.29629301257648055
          0.10285915533191567
          0.10285916997635713
          0.2962930255406363
          0.457906442403205
          0.5541962799168353
          0.5993108595629373
          0.6165307052266339
          0.33726785201308096
          0.4276641439925904
          0.4814895576126244
          0.45485719561096694
          0.2962930125764831
          0.10285915533192001
          0.1028591699763484
          0.2962930255406289
          0.4548572066335732
          0.48148956845432855
          0.42766415372600824
          0.33726786081957527
          0.6165835653609717
          0.5968407401183901
          0.5501859457246622
          0.4562783108709681
          0.2962924644119788
          0.10285895380944478
          0.33629913430453345
          0.41947136041545335
          0.46791849308393935
          0.4494586071554447
          0.2962924644119782
          0.10285895380944969
          0.1028731645216204
          0.2963302044054698
          0.45933039692358574
          0.5864115924330182
          0.674045909676026
          0.6392753272582883
          0.10287316452162332
          0.29633020440547114
          0.4593303969235838
          0.5864115924330124
          0.6639722436655714
          0.4366022188798108
          0.6165307111210239
          0.5993108654989722
          0.5541962855790774
          0.4579064471488226
          0.29629302898268234
          0.10285917127225382
          0.10285915662830235
          0.2962930160189683
          0.45790643654035545
          0.5541962767961829
          0.5993108583695004
          0.6165307052853864
          0.33726787064767544
          0.42766416247543737
          0.48148957587181795
          0.4548572116740415
          0.29629302898268123
          0.10285917127224907
          0.1028591566283044
          0.29629301601897323
          0.454857200651635
          0.4814895650297453
          0.4276641527415286
          0.3372678618405706
          0.6392753329719071
          0.674045915059491
          0.5864115978350712
          0.4593304020120002
          0.2963302082006516
          0.10287316595069154
          0.43660222721825565
          0.6639722494615433
          0.5864115978350708
          0.45933040201200276
          0.2963302082006565
          0.10287316595069573
          0.10285895523839098
          0.29629246820695315
          0.45627831608559194
          0.5501859516362868
          0.5968407460563873
          0.6165835710370532
          0.10285895523838835
          0.29629246820694277
          0.4494586126796629
          0.4679185003266364
          0.4194713685136762
          0.3362991429586651
          0.6919053598540281
          0.6585046043716846
          0.6207029407880537
          0.5780173371715501
          0.5299989364298028
          0.47628314508815167
          0.41665470726486437
          0.3511234387021657
          0.27999999758055955
          0.2039542522792854
          0.12403473344415743
          0.041630544322533734
          0.6919053598540305
          0.6585046043716825
          0.6207029407880585
          0.578017337171552
          0.5299989364298051
          0.4762831450881639
          0.41665470726486764
          0.3511234387021603
          0.27999999758056
          0.20395425227928507
          0.12403473344416305
          0.04163054432253824
          0.6919053598540229
          0.6585046043716842
          0.6207029407880491
          0.5780173371715479
          0.5299989364297915
          0.47628314508815695
          0.41665470726486714
          0.35112343870216134
          0.2799999975805624
          0.20395425227928257
          0.12403473344415744
          0.041630544322530716
          0.6919053598540215
          0.6585046043716918
          0.6207029407880527
          0.5780173371715479
          0.5299989364298014
          0.4762831450881654
          0.41665470726486753
          0.35112343870216084
          0.27999999758056665
          0.20395425227928463
          0.12403473344415798
          0.0416305443225332
          0.6919053598540245
          0.6585046043716916
          0.6207029407880529
          0.578017337171548
          0.5299989364298056
          0.47628314508816266
          0.41665470726486675
          0.3511234387021609
          0.27999999758056227
          0.20395425227928607
          0.12403473344416135
          0.0416305443225332
          0.23543615520233452
          0.3786160397380982
          0.33799766860291697
          0.2477116654102562
          0.14994195249512862
          0.04816384007725941
          0.05481095007202021
          0.1563401323147444
          0.2535736455097524
          0.34293324985637236
          0.4189797660154945
          0.4312893560776294
          0.17341457033603772
          0.3201050587553115
          0.2883323485100085
          0.21041512227021825
          0.12700084503289416
          0.040839616724212977
          0.046108967204047585
          0.13209057287655776
          0.21510024432546976
          0.2922685048912112
          0.35858231396895374
          0.36375538676719565
          0.09361515163210489
          0.24413220633680957
          0.22546201042524397
          0.1644173221153816
          0.09919765544127424
          0.03203907144098994
          0.03564910861151947
          0.10266934578773901
          0.167565120007574
          0.2279743952133725
          0.279251431369317
          0.2724813134844914
          0.010423063647091613
          0.14389323024371425
          0.14457093553887976
          0.10671836936498702
          0.06489599694622479
          0.021268649745541754
          0.022843644635816226
          0.06633453670744449
          0.10783574038909038
          0.14505207364257544
          0.1733098348237508
          0.14693077451824443
          0.1463010889293628
          0.01079603178729854
          0.03923729221674258
          0.03309216257731279
          0.021694677262615484
          0.007789017710499977
          0.006813038980659094
          0.02053762285574619
          0.031519750939213796
          0.036873289725749284
          0.03113483863119291
          0.025424793349812562
          0.31932934436461996
          0.162872919160158
          0.0979419940493345
          0.062241435324008276
          0.03401594867489281
          0.00955797348338677
          0.013817927378350308
          0.03852937855207158
          0.0673195832021536
          0.10404508501616594
          0.1552386375120235
          0.25063592424591136
          0.5228970209724645
          0.3750826913015353
          0.2719072247094372
          0.18641327341929098
          0.10775556362940847
          0.03269011298947719
          0.04131874004810642
          0.11661900393072852
          0.1957850928747595
          0.28215914576505186
          0.38088601909620234
          0.507294566272608
          0.5844855476509532
          0.6000608885635932
          0.616896893442672
          0.6351196947709553
          0.6548631012334543
          0.6762646249096212
          0.5386691896427764
          0.5548545141686636
          0.5723794272944193
          0.5913842248165297
          0.6120200080852766
          0.6344454792265195
          0.4902211972254185
          0.5069777077322976
          0.5251500969044224
          0.5448926674921462
          0.5663736864348304
          0.5897729738130619
          0.4394995512145726
          0.45678058530802945
          0.4755502360685392
          0.49597650547249544
          0.5182445168384806
          0.5425549164373337
          0.3869445379917914
          0.40469661214616476
          0.4240056373250883
          0.4450528582949797
          0.4680397648083423
          0.49318731717903225
          0.33306089702811836
          0.3512251507880501
          0.3710095471861239
          0.3926079789531273
          0.41623764220269815
          0.44213908915277855
          0.27839401385626056
          0.29690795059571373
          0.3170994912548153
          0.33917446072343876
          0.36336495055974644
          0.3899301938009816
          0.20232593599787882
          0.24563094151933917
          0.26943465093849017
          0.2844625212983046
          0.42086131004464283
          0.5388110425430468
          0.5997263809872765
          0.6362375404130589
          0.43526640592197197
          0.628212168437842
          0.719813833784675
          0.770325430206951
          0.352375189331902
          0.6370518985593705
          0.7617686849166394
          0.824123656417696
          0.16256820650796006
          0.3111905510466207
          0.3850683066973932
          0.4284422637495331
          0.11585733092254404
          0.19966229677969963
          0.24262833942281464
          0.2686116990943269
          0.038316941820021336
          0.056354411742611576
          0.06574186769931752
          0.0714967150434906
          0.04845490117724489
          0.09680270429452241
          0.12187468399247448
          0.13719024080243025
          0.11717166113509261
          0.231155441884315
          0.28900677900176047
          0.32363186797491755
          0.1430837996357437
          0.28764037937594555
          0.3537280125195864
          0.3910419041168252
          0.013141217877923803
          0.0597876733724488
          0.09440882682549692
          0.11455593332886492
          0.20320023960591094
          0.2039566240630917
          0.20431778384594226
          0.204529321176944
          0.34643521639511726
          0.415319456121183
          0.44731220087423645
          0.4657154161778389
          0.4112719480736314
          0.5426956843406125
          0.6005359838402627
          0.6325109146677933
          0.41239847874672725
          0.607793847477933
          0.6880234630734741
          0.7299374358850579
          0.3695483045611003
          0.6366243419207938
          0.7381032366971892
          0.7875941554939829
          0.29146621369653886
          0.5132454326278307
          0.6189739935499327
          0.6775600237890042
          0.37070379785832835
          0.505432460379892
          0.5732624880408488
          0.6132452952160229
          0.4166287362063161
          0.47165443202646157
          0.5007188213679247
          0.5186239520435315
          0.4486356772531676
          0.4453851295155267
          0.44361798582572604
          0.44250747511871963
          0.5118509313706717
          0.5063115808876376
          0.5032941324020643
          0.5013957860223117
          0.5651394565670875
          0.5606385076212468
          0.5581868712203439
          0.5566445339623828
          0.6014379975938003
          0.5978724854427158
          0.5959309143044772
          0.5947096452837417
          0.6123588466397459
          0.6096155458911238
          0.6081224584208588
          0.6071835553376952
          0.5796836044916275
          0.5776649062690613
          0.576566968089123
          0.5758768220105677
          0.46163471101961545
          0.46031678146594407
          0.45960052224643433
          0.45915048667090236
          0.19047270932281568
          0.18998670387330727
          0.1897227102205005
          0.1895568884466259
          0.4070852968542052
          0.7171378500442316
          0.8341977036332093
          0.8869426917220838
          0.5216576310492321
          0.7375978919952166
          0.8259072354636691
          0.8696923046909004
          0.5958154246214955
          0.7362323904339798
          0.7988629679898868
          0.8328180692322017
          0.6025903797704182
          0.681362103552772
          0.7198061842148491
          0.7423124609741051
          0.4677847595073906
          0.48471674771068135
          0.4935608038140005
          0.49899292775686865
          0.10064043409838613
          0.036934379380233646
          0.0033730542977504978
          0.017279627254891367
          0.13007716359251148
          0.29718299381597124
          0.4017137587748893
          0.47076217068975723
          0.003822671323388361
          0.09044586133444661
          0.15171008796884533
          0.19427036819620877
          0.24381073755687607
          0.22494273203321807
          0.21254033805092246
          0.20377028649484225
          0.4160222878940397
          0.4655461985440112
          0.4972053379379474
          0.5190994045196251
          0.4509159192753693
          0.5635540646712398
          0.6320254095283214
          0.6769231296222759
          0.39357601631434125
          0.5759843746016491
          0.6815636973486996
          0.7461797942733371
          0.2822989422575686
          0.5466452462914931
          0.6940103295952186
          0.7775426182319216
          0.25783591971929304
          0.4959635817126118
          0.625254613258548
          0.7003466380799929
          0.2992459025879471
          0.4566868680153025
          0.5468203094259267
          0.6032616540915468
          0.23833686337071922
          0.3217006252324444
          0.37185264855863304
          0.40506452703628165
          0.04861100472044477
          0.05410491184616336
          0.05749281737491147
          0.05979083208584157
          0.16503962859804808
          0.23919345413312287
          0.28420888867048566
          0.3142535988879176
          0.2614938329783168
          0.4108529952577882
          0.49749774891974424
          0.5524719110753347
          0.24301924818024068
          0.4718335336485706
          0.5977418061020043
          0.6720442806161369
          0.11065015313846877
          0.2559415474308972
          0.32852181249658946
          0.3713160744678265
          0.09660142261834591
          0.027843332625486016
          0.007822706718825118
          0.029573664796619673
          0.3253612192117196
          0.3334611038600564
          0.3376545740252203
          0.34021839822036853
          0.45676115121406136
          0.5316993861613065
          0.5689224817594088
          0.5910279986895846
          0.48602812721853283
          0.6236673186001819
          0.6876921014572874
          0.723713294223751
          0.449079391252631
          0.6557224594761273
          0.745006064603021
          0.7918202433460663
          0.3697358114531092
          0.6577396788528904
          0.7732413275682152
          0.8290845779907188
          0.5438056546468495
          0.47624190761561674
          0.3875696483405357
          0.27066235016334805
          0.11856138570779766
          0.07057297290277222
          0.5049644883931563
          0.43564200073818915
          0.3451224570001516
          0.2264744351161369
          0.07315106735014433
          0.11599444575216829
          0.45588471570596567
          0.3846019364677536
          0.2920737450290422
          0.1716277470674007
          0.017240768339931777
          0.1713807532269779
          0.39270640984658767
          0.3192928136591148
          0.2246667289731863
          0.10250791275275342
          0.05252759753439539
          0.239668507429884
          0.30994192903451884
          0.2343428340362094
          0.13772126450184605
          0.014247186166158323
          0.140525741016113
          0.324482916975165
          0.20017024274480624
          0.12263277361223646
          0.024557641202425363
          0.09918923776478314
          0.25185123994840775
          0.4296140137665034
          0.05478667060386099
          0.023773074395355098
          0.12185386346903355
          0.24359439700275443
          0.3906248210233417
          0.5570113562366188
          0.03719166701339346
          0.018318374337819868
          0.005316169617892321
          0.004181328814502913
          0.011421048043811634
          0.17258798620092286
          0.20976958825064088
          0.23521046319982689
          0.25367789910970195
          0.2676790502582648
          0.24831511628707742
          0.3391792437185566
          0.4001340384753944
          0.44331309150653003
          0.47528303093687474
          0.2505521516601621
          0.3956109527731819
          0.49075760599708357
          0.5557423311852172
          0.6020775842516318
          0.19635173713349488
          0.3998871581753998
          0.5312184408383657
          0.617134180859506
          0.675562260988568
          0.18844053947650213
          0.3648104089978737
          0.49408199383862306
          0.5870809342953608
          0.6544949224311561
          0.26831672666467915
          0.37989996658228614
          0.4624255945982264
          0.5243804049388487
          0.5718379897021854
          0.2451690406411403
          0.29689000750360983
          0.33597075252654257
          0.36639022544740446
          0.3906646112773321
          0.0934335232467035
          0.08360062182019452
          0.07606758653663019
          0.07011295628909181
          0.06528816811296449
          0.07429128341694202
          0.14743097435906896
          0.20306070129575698
          0.2464073620739293
          0.2809401682443214
          0.12190750263407615
          0.2575698585667142
          0.35925318401284423
          0.43576675287618005
          0.4942059839491786
          0.1676739900928892
          0.33848325771850674
          0.4625792220978961
          0.5518994322005741
          0.6170320549178713
          0.20382193128732498
          0.31476253395485715
          0.3963705335535463
          0.45754902994091445
          0.5044612378941292
          0.127756329504385
          0.18150006118424947
          0.22178997259540084
          0.25296730664929434
          0.2777367506418291
          0.0586125591493186
          0.06409918454227595
          0.0682406729851912
          0.07147752656128548
          0.07407688676066107
          0.21579618407271237
          0.27920961534477634
          0.32640987442249364
          0.3626531499511594
          0.39123240052787356
          0.2478121997924952
          0.3677798828330115
          0.45525112776876847
          0.5200558263498325
          0.5691392002754743
          0.18290124172706332
          0.36380498012008033
          0.4943898444437532
          0.587177368913789
          0.653847362650677
          0.05616396095952316
          0.09956492501646391
          0.12733092115641995
          0.14657933579041532
          0.16069347828354247
          0.1273783338691578
          0.2029182376783474
          0.25081698581809936
          0.2836751617823855
          0.3075366857044656
          0.20004530562679482
          0.30641135372136424
          0.37284320475411264
          0.4176246769461638
          0.44962979856692953
          0.2758179096199647
          0.41080715069975415
          0.49321222650086155
          0.5473336333474573
          0.5851124866572158
          0.313330981993532
          0.4361827567461688
          0.5110513695977181
          0.5603484538570094
          0.5948808135325632
          0.2780080329073192
          0.35092216627559325
          0.396592310923273
          0.42766130198111313
          0.4500876581152848
          0.17554136235183435
          0.19709184565966612
          0.210852259696227
          0.22039465492037258
          0.22739884084799805
          0.02737383824132022
          0.005329013604912616
          0.02628473779152989
          0.040841456719331114
          0.05153567725742252
          0.04287422020504336
          0.07484717152723035
          0.09393243432755098
          0.10660220501023424
          0.11562181531208607
          0.10482180166460574
          0.18498859567262574
          0.23235195548019452
          0.2634199892641872
          0.2853041375184308
          0.128842109931193
          0.2377207360466101
          0.30150321821221593
          0.34287889956329604
          0.37173125768374465
          0.0891670034365204
          0.16306945219011365
          0.20690861741387162
          0.23576643040630882
          0.256151363120001
          0.04433971477014066
          0.0776890913289319
          0.0976263203043177
          0.11087298613282308
          0.12030839817458486
          0.0005876855052173789
          0.00804805950532653
          0.012517180104294524
          0.015493474604958871
          0.01761782165507241
          0.00000000000000013638345956178777
          0.00000000000000143202632539877
          0.000000000000003750545137949163
          0.0000000000000022162312178790444
          0.0000000000000014235023591761775
          0.0000000000000013018631921337524
          0.0000000000000011320549496815278
          0.0000000000000005094247273566871
          0.0000000000000010825275456329943
          0.000000000000002603726384267611
          0.000000000000002603726384267609
          0.0000000000000018213930980334747
          0.0000000000000022463848209079536
          0.0000000000000011839055137217583
          0.000000000000000034151120588127507
          0.0000000000000014874710300606509
          0.00000000000000030356551633891033
          0.0000000000000016999668914978927
          0.0000000000000014729075710322067
          0.00000000000000018411344637902635
          0.0000000000000028721697635127983
          0.0000000000000009159643957356412
          0.0000000000000009205672318950977
          0.00000000000000007364537855160796
          0.0000000000000018411344637902013
          0.0000000000000019884252208934224
          0.0000000000000008498992691457663
          0.0000000000000032296172227539315
          0.00000000000000008498992691457697
          0.0000000000000019547683190352743
          0.0000000000000023797179536081598
          0.000000000000001189858976804076
          0.000000000000011870354188730033
          0.000000000000004538657329081202
          0.000000000000004538657329081269
          0.000000000000004538657329081339
          0.000000000000003142137563797459
          0.000000000000007331696859648759
          0.000000000000005935177094365016
          0
          0
          0.000000000000007331696859648764
          0.00000000000000733169685964883
          0.000000000000011870354188730033
          0.0000000000000013965197652837962
          0.0000000000000013965197652838001
          0.0000000000000013965197652837922
          0
          0.000000000000014663393719297345
          0.0000000000000010474217320539895
          0.000000000000004538657329081332
          0.0000000000000027930395305675766
          0.0000000000000027930395305675766
          0.0000000000000045386573290811206
          0.000000000000005935177094365086
          0.000000000000011870354188730032
          0.000000000000013266873954013746
          0.0000000000000027930395305675687
          0.000000000000003142137563797436
          0.0000000000000013965197652837883
          0.000000000000007331696859648627
          0.000000000000004189559295851365
          0.000000000000007331696859648912
          0.000000000000008728216624932598
          0.0000000000000027930395305675766
          0.0000000000000013965197652837883
          0.00000000000000018547428419890897
          0
          0.000000000000010473834423446173
          0.0000000000000027930395305675766
          0.0000000000000013965197652837845
          0.000000000000004538657329081336
          0.0000000000000013965197652837883
          0.000000000000005935177094365087
          0.000000000000020598570813662835
          0.0000000000000031421375637973652
          0
          0
          0.000000000000005935177094365087
          0.000000000000005935177094365016
          0.000000000000007331696859648759
          0.0000000000000027930395305675533
          0.00000000000000037094856839781355
          0.000000000000002793039530567561
          0.000000000000001745617798513716
          0.0000000000000055860790611351216
          0.00000000000000768079489287876
          0.0000000000000041895592958513295
          0
          0.00000000000000018547428419890458
          0.000000000000011870354188730174
          0
          0.000000000000005935177094365017
          0.000000000000005935177094365017
          0.0000000000000013965197652837883
          0.0000000000000013965197652837883
          0.000000000000010124736390216493
          0.00000000000000174561779851354
          0.0000000000000013965197652837883
          0.0000000000000013965197652837883
          0
          0.0000000000000013965197652837883
          0.000000000000004538657329081261
          0.000000000000005935177094365017
          0.000000000000011870354188730033
          0.000000000000005395777000482831
          0.000000000000006474577188247214
          0.000000000000006474577188247215
          0.00000000000000701397728212933
          0.000000000000012409754282612154
          0
          0
          0
          0.000000000000006474577188247215
          0.000000000000006474577188247214
          0.0000000000000002023305371327255
          0.000000000000006474577188247382
          0.000000000000006474577188247382
          0.000000000000006474577188247214
          0
          0.00000000000001888433147085939
          0.0000000000000264377088468713
          0.000000000000006474577188247215
          0.00000000000001294915437649443
          0.000000000000012949154376494432
          0.000000000000006474577188247215
          0.0000000000000005564228525967269
          0.0000000000000002023305371327255
          0.000000000000018344931376977176
          0.0000000000000010788001877643976
          0.000000000000012949154376494597
          0.0000000000000064745771882472995
          0.000000000000006474577188247299
          0.000000000000019423731564741898
          0.000000000000006474577188247299
          0.000000000000012949154376494597
          0.000000000000012949154376494597
          0.0000000000000064745771882472995
          0.0000000000000002023305371327281
          0
          0.000000000000006474577188247215
          0.000000000000007013977282129498
          0.000000000000012409754282612309
          0.0000000000000005394000938820512
          0.000000000000012409754282612085
          0.0000000000000005564228525967269
          0.0000000000000188843314708596
          0.000000000000012949154376494599
          0
          0
          0.000000000000005935177094365087
          0
          0.0000000000000005394000938821921
          0.000000000000012949154376494094
          0.000000000000005935177094365016
          0.000000000000012949154376494597
          0.000000000000019423731564741898
          0.00000000000002589830875298886
          0.000000000000013488554470376468
          0.000000000000019423731564741396
          0
          0.00000000000000020233053713272283
          0.000000000000005935177094365086
          0
          0.000000000000005935177094365017
          0.000000000000005935177094365016
          0.00000000000001834493137697726
          0.000000000000012409754282612295
          0.00000000000002535890865910664
          0.000000000000019423731564741645
          0.000000000000006474577188247215
          0.000000000000006474577188247214
          0
          0.000000000000006474577188247215
          0.000000000000006474577188247214
          0
          0.41675243090285974
          0.12642285800792566
          0.3781212498427531
          0.1961417238506735
          0.3532086657689275
          0.27661103741549387
          0.30833153657483486
          0.30523795804146936
          0.19266355362271861
          0.1926635536227255
          0.06530763088073353
          0.06530763088074203
          0.06530762929852213
          0.06530762929852266
          0.19266355211818478
          0.19266355211818195
          0.3083315348577231
          0.3052379559216389
          0.35320866318858285
          0.27661103310642843
          0.37812124765668625
          0.19614171980827222
          0.4167524291834573
          0.12642285431979666
          0.06529503427681102
          0.06529503427680822
          0.1926276197646559
          0.1926276197646529
          0.3109537535403571
          0.3109537535403564
          0.4164363376320609
          0.4164363376320593
          0.5032107165539478
          0.49142443505806804
          0.5109812964011287
          0.289152436096509
          0.40851679190806744
          0.11983868100311579
          0.36953769214796284
          0.18361221100978956
          0.3428975414479938
          0.2572413980510684
          0.3047921673362129
          0.29794668163439114
          0.19266409048623453
          0.19266409048623476
          0.06530781854464533
          0.0653078185446436
          0.4167524265663403
          0.12642284934004228
          0.37812124551968995
          0.1961417158222779
          0.35320866153121805
          0.27661103004354637
          0.308331534371941
          0.30523795515099034
          0.19266355196774518
          0.19266355196774657
          0.06530762924595673
          0.06530762924595268
          0.06530763082771562
          0.06530763082772069
          0.19266355347187875
          0.19266355347188321
          0.30833153608858554
          0.30523795727024156
          0.3532086641108562
          0.2766110343514305
          0.37812124770514777
          0.19614171986356851
          0.4167524282852677
          0.12642285302717146
          0.40851679372873356
          0.36953769363605676
          0.342897542598442
          0.304792167761984
          0.1926640905870385
          0.06530781857996987
          0.1198386843527268
          0.1836122137008952
          0.25724140012151653
          0.29794668234150257
          0.19266409058704118
          0.0653078185799725
          0.06529503431209537
          0.19262761986531013
          0.3109537536927802
          0.4164363378188533
          0.5032107169275448
          0.5109812974251224
          0.06529503431208883
          0.1926276198653012
          0.3109537536927753
          0.41643633781884953
          0.4914244358367394
          0.2891524389589107
          0.616530699391092
          0.599310852433506
          0.5541962711338881
          0.4579064317944347
          0.29629301257648055
          0.10285915533191567
          0.10285916997635713
          0.2962930255406363
          0.457906442403205
          0.5541962799168353
          0.5993108595629373
          0.6165307052266339
          0.33726785201308096
          0.4276641439925904
          0.4814895576126244
          0.45485719561096694
          0.2962930125764831
          0.10285915533192001
          0.1028591699763484
          0.2962930255406289
          0.4548572066335732
          0.48148956845432855
          0.42766415372600824
          0.33726786081957527
          0.6165835653609717
          0.5968407401183901
          0.5501859457246622
          0.4562783108709681
          0.2962924644119788
          0.10285895380944478
          0.33629913430453345
          0.41947136041545335
          0.46791849308393935
          0.4494586071554447
          0.2962924644119782
          0.10285895380944969
          0.1028731645216204
          0.2963302044054698
          0.45933039692358574
          0.5864115924330182
          0.674045909676026
          0.6392753272582883
          0.10287316452162332
          0.29633020440547114
          0.4593303969235838
          0.5864115924330124
          0.6639722436655714
          0.4366022188798108
          0.6165307111210239
          0.5993108654989722
          0.5541962855790774
          0.4579064471488226
          0.29629302898268234
          0.10285917127225382
          0.10285915662830235
          0.2962930160189683
          0.45790643654035545
          0.5541962767961829
          0.5993108583695004
          0.6165307052853864
          0.33726787064767544
          0.42766416247543737
          0.48148957587181795
          0.4548572116740415
          0.29629302898268123
          0.10285917127224907
          0.1028591566283044
          0.29629301601897323
          0.454857200651635
          0.4814895650297453
          0.4276641527415286
          0.3372678618405706
          0.6392753329719071
          0.674045915059491
          0.5864115978350712
          0.4593304020120002
          0.2963302082006516
          0.10287316595069154
          0.43660222721825565
          0.6639722494615433
          0.5864115978350708
          0.45933040201200276
          0.2963302082006565
          0.10287316595069573
          0.10285895523839098
          0.29629246820695315
          0.45627831608559194
          0.5501859516362868
          0.5968407460563873
          0.6165835710370532
          0.10285895523838835
          0.29629246820694277
          0.4494586126796629
          0.4679185003266364
          0.4194713685136762
          0.3362991429586651
          0.6919053598540281
          0.6585046043716846
          0.6207029407880537
          0.5780173371715501
          0.5299989364298028
          0.47628314508815167
          0.41665470726486437
          0.3511234387021657
          0.27999999758055955
          0.2039542522792854
          0.12403473344415743
          0.041630544322533734
          0.6919053598540305
          0.6585046043716825
          0.6207029407880585
          0.578017337171552
          0.5299989364298051
          0.4762831450881639
          0.41665470726486764
          0.3511234387021603
          0.27999999758056
          0.20395425227928507
          0.12403473344416305
          0.04163054432253824
          0.6919053598540229
          0.6585046043716842
          0.6207029407880491
          0.5780173371715479
          0.5299989364297915
          0.47628314508815695
          0.41665470726486714
          0.35112343870216134
          0.2799999975805624
          0.20395425227928257
          0.12403473344415744
          0.041630544322530716
          0.6919053598540215
          0.6585046043716918
          0.6207029407880527
          0.5780173371715479
          0.5299989364298014
          0.4762831450881654
          0.41665470726486753
          0.35112343870216084
          0.27999999758056665
          0.20395425227928463
          0.12403473344415798
          0.0416305443225332
          0.6919053598540245
          0.6585046043716916
          0.6207029407880529
          0.578017337171548
          0.5299989364298056
          0.47628314508816266
          0.41665470726486675
          0.3511234387021609
          0.27999999758056227
          0.20395425227928607
          0.12403473344416135
          0.0416305443225332
          0.23543615520233452
          0.3786160397380982
          0.33799766860291697
          0.2477116654102562
          0.14994195249512862
          0.04816384007725941
          0.05481095007202021
          0.1563401323147444
          0.2535736455097524
          0.34293324985637236
          0.4189797660154945
          0.4312893560776294
          0.17341457033603772
          0.3201050587553115
          0.2883323485100085
          0.21041512227021825
          0.12700084503289416
          0.040839616724212977
          0.046108967204047585
          0.13209057287655776
          0.21510024432546976
          0.2922685048912112
          0.35858231396895374
          0.36375538676719565
          0.09361515163210489
          0.24413220633680957
          0.22546201042524397
          0.1644173221153816
          0.09919765544127424
          0.03203907144098994
          0.03564910861151947
          0.10266934578773901
          0.167565120007574
          0.2279743952133725
          0.279251431369317
          0.2724813134844914
          0.010423063647091613
          0.14389323024371425
          0.14457093553887976
          0.10671836936498702
          0.06489599694622479
          0.021268649745541754
          0.022843644635816226
          0.06633453670744449
          0.10783574038909038
          0.14505207364257544
          0.1733098348237508
          0.14693077451824443
          0.1463010889293628
          0.01079603178729854
          0.03923729221674258
          0.03309216257731279
          0.021694677262615484
          0.007789017710499977
          0.006813038980659094
          0.02053762285574619
          0.031519750939213796
          0.036873289725749284
          0.03113483863119291
          0.025424793349812562
          0.31932934436461996
          0.162872919160158
          0.0979419940493345
          0.062241435324008276
          0.03401594867489281
          0.00955797348338677
          0.013817927378350308
          0.03852937855207158
          0.0673195832021536
          0.10404508501616594
          0.1552386375120235
          0.25063592424591136
          0.5228970209724645
          0.3750826913015353
          0.2719072247094372
          0.18641327341929098
          0.10775556362940847
          0.03269011298947719
          0.04131874004810642
          0.11661900393072852
          0.1957850928747595
          0.28215914576505186
          0.38088601909620234
          0.507294566272608
          0.5844855476509532
          0.6000608885635932
          0.616896893442672
          0.6351196947709553
          0.6548631012334543
          0.6762646249096212
          0.5386691896427764
          0.5548545141686636
          0.5723794272944193
          0.5913842248165297
          0.6120200080852766
          0.6344454792265195
          0.4902211972254185
          0.5069777077322976
          0.5251500969044224
          0.5448926674921462
          0.5663736864348304
          0.5897729738130619
          0.4394995512145726
          0.45678058530802945
          0.4755502360685392
          0.49597650547249544
          0.5182445168384806
          0.5425549164373337
          0.3869445379917914
          0.40469661214616476
          0.4240056373250883
          0.4450528582949797
          0.4680397648083423
          0.49318731717903225
          0.33306089702811836
          0.3512251507880501
          0.3710095471861239
          0.3926079789531273
          0.41623764220269815
          0.44213908915277855
          0.27839401385626056
          0.29690795059571373
          0.3170994912548153
          0.33917446072343876
          0.36336495055974644
          0.3899301938009816
          0.20232593599787882
          0.24563094151933917
          0.26943465093849017
          0.2844625212983046
          0.42086131004464283
          0.5388110425430468
          0.5997263809872765
          0.6362375404130589
          0.43526640592197197
          0.628212168437842
          0.719813833784675
          0.770325430206951
          0.352375189331902
          0.6370518985593705
          0.7617686849166394
          0.824123656417696
          0.16256820650796006
          0.3111905510466207
          0.3850683066973932
          0.4284422637495331
          0.11585733092254404
          0.19966229677969963
          0.24262833942281464
          0.2686116990943269
          0.038316941820021336
          0.056354411742611576
          0.06574186769931752
          0.0714967150434906
          0.04845490117724489
          0.09680270429452241
          0.12187468399247448
          0.13719024080243025
          0.11717166113509261
          0.231155441884315
          0.28900677900176047
          0.32363186797491755
          0.1430837996357437
          0.28764037937594555
          0.3537280125195864
          0.3910419041168252
          0.013141217877923803
          0.0597876733724488
          0.09440882682549692
          0.11455593332886492
          0.20320023960591094
          0.2039566240630917
          0.20431778384594226
          0.204529321176944
          0.34643521639511726
          0.415319456121183
          0.44731220087423645
          0.4657154161778389
          0.4112719480736314
          0.5426956843406125
          0.6005359838402627
          0.6325109146677933
          0.41239847874672725
          0.607793847477933
          0.6880234630734741
          0.7299374358850579
          0.3695483045611003
          0.6366243419207938
          0.7381032366971892
          0.7875941554939829
          0.29146621369653886
          0.5132454326278307
          0.6189739935499327
          0.6775600237890042
          0.37070379785832835
          0.505432460379892
          0.5732624880408488
          0.6132452952160229
          0.4166287362063161
          0.47165443202646157
          0.5007188213679247
          0.5186239520435315
          0.4486356772531676
          0.4453851295155267
          0.44361798582572604
          0.44250747511871963
          0.5118509313706717
          0.5063115808876376
          0.5032941324020643
          0.5013957860223117
          0.5651394565670875
          0.5606385076212468
          0.5581868712203439
          0.5566445339623828
          0.6014379975938003
          0.5978724854427158
          0.5959309143044772
          0.5947096452837417
          0.6123588466397459
          0.6096155458911238
          0.6081224584208588
          0.6071835553376952
          0.5796836044916275
          0.5776649062690613
          0.576566968089123
          0.5758768220105677
          0.46163471101961545
          0.46031678146594407
          0.45960052224643433
          0.45915048667090236
          0.19047270932281568
          0.18998670387330727
          0.1897227102205005
          0.1895568884466259
          0.4070852968542052
          0.7171378500442316
          0.8341977036332093
          0.8869426917220838
          0.5216576310492321
          0.7375978919952166
          0.8259072354636691
          0.8696923046909004
          0.5958154246214955
          0.7362323904339798
          0.7988629679898868
          0.8328180692322017
          0.6025903797704182
          0.681362103552772
          0.7198061842148491
          0.7423124609741051
          0.4677847595073906
          0.48471674771068135
          0.4935608038140005
          0.49899292775686865
          0.10064043409838613
          0.036934379380233646
          0.0033730542977504978
          0.017279627254891367
          0.13007716359251148
          0.29718299381597124
          0.4017137587748893
          0.47076217068975723
          0.003822671323388361
          0.09044586133444661
          0.15171008796884533
          0.19427036819620877
          0.24381073755687607
          0.22494273203321807
          0.21254033805092246
          0.20377028649484225
          0.4160222878940397
          0.4655461985440112
          0.4972053379379474
          0.5190994045196251
          0.4509159192753693
          0.5635540646712398
          0.6320254095283214
          0.6769231296222759
          0.39357601631434125
          0.5759843746016491
          0.6815636973486996
          0.7461797942733371
          0.2822989422575686
          0.5466452462914931
          0.6940103295952186
          0.7775426182319216
          0.25783591971929304
          0.4959635817126118
          0.625254613258548
          0.7003466380799929
          0.2992459025879471
          0.4566868680153025
          0.5468203094259267
          0.6032616540915468
          0.23833686337071922
          0.3217006252324444
          0.37185264855863304
          0.40506452703628165
          0.04861100472044477
          0.05410491184616336
          0.05749281737491147
          0.05979083208584157
          0.16503962859804808
          0.23919345413312287
          0.28420888867048566
          0.3142535988879176
          0.2614938329783168
          0.4108529952577882
          0.49749774891974424
          0.5524719110753347
          0.24301924818024068
          0.4718335336485706
          0.5977418061020043
          0.6720442806161369
          0.11065015313846877
          0.2559415474308972
          0.32852181249658946
          0.3713160744678265
          0.09660142261834591
          0.027843332625486016
          0.007822706718825118
          0.029573664796619673
          0.3253612192117196
          0.3334611038600564
          0.3376545740252203
          0.34021839822036853
          0.45676115121406136
          0.5316993861613065
          0.5689224817594088
          0.5910279986895846
          0.48602812721853283
          0.6236673186001819
          0.6876921014572874
          0.723713294223751
          0.449079391252631
          0.6557224594761273
          0.745006064603021
          0.7918202433460663
          0.3697358114531092
          0.6577396788528904
          0.7732413275682152
          0.8290845779907188
          0.5438056546468495
          0.47624190761561674
          0.3875696483405357
          0.27066235016334805
          0.11856138570779766
          0.07057297290277222
          0.5049644883931563
          0.43564200073818915
          0.3451224570001516
          0.2264744351161369
          0.07315106735014433
          0.11599444575216829
          0.45588471570596567
          0.3846019364677536
          0.2920737450290422
          0.1716277470674007
          0.017240768339931777
          0.1713807532269779
          0.39270640984658767
          0.3192928136591148
          0.2246667289731863
          0.10250791275275342
          0.05252759753439539
          0.239668507429884
          0.30994192903451884
          0.2343428340362094
          0.13772126450184605
          0.014247186166158323
          0.140525741016113
          0.324482916975165
          0.20017024274480624
          0.12263277361223646
          0.024557641202425363
          0.09918923776478314
          0.25185123994840775
          0.4296140137665034
          0.05478667060386099
          0.023773074395355098
          0.12185386346903355
          0.24359439700275443
          0.3906248210233417
          0.5570113562366188
          0.03719166701339346
          0.018318374337819868
          0.005316169617892321
          0.004181328814502913
          0.011421048043811634
          0.17258798620092286
          0.20976958825064088
          0.23521046319982689
          0.25367789910970195
          0.2676790502582648
          0.24831511628707742
          0.3391792437185566
          0.4001340384753944
          0.44331309150653003
          0.47528303093687474
          0.2505521516601621
          0.3956109527731819
          0.49075760599708357
          0.5557423311852172
          0.6020775842516318
          0.19635173713349488
          0.3998871581753998
          0.5312184408383657
          0.617134180859506
          0.675562260988568
          0.18844053947650213
          0.3648104089978737
          0.49408199383862306
          0.5870809342953608
          0.6544949224311561
          0.26831672666467915
          0.37989996658228614
          0.4624255945982264
          0.5243804049388487
          0.5718379897021854
          0.2451690406411403
          0.29689000750360983
          0.33597075252654257
          0.36639022544740446
          0.3906646112773321
          0.0934335232467035
          0.08360062182019452
          0.07606758653663019
          0.07011295628909181
          0.06528816811296449
          0.07429128341694202
          0.14743097435906896
          0.20306070129575698
          0.2464073620739293
          0.2809401682443214
          0.12190750263407615
          0.2575698585667142
          0.35925318401284423
          0.43576675287618005
          0.4942059839491786
          0.1676739900928892
          0.33848325771850674
          0.4625792220978961
          0.5518994322005741
          0.6170320549178713
          0.20382193128732498
          0.31476253395485715
          0.3963705335535463
          0.45754902994091445
          0.5044612378941292
          0.127756329504385
          0.18150006118424947
          0.22178997259540084
          0.25296730664929434
          0.2777367506418291
          0.0586125591493186
          0.06409918454227595
          0.0682406729851912
          0.07147752656128548
          0.07407688676066107
          0.21579618407271237
          0.27920961534477634
          0.32640987442249364
          0.3626531499511594
          0.39123240052787356
          0.2478121997924952
          0.3677798828330115
          0.45525112776876847
          0.5200558263498325
          0.5691392002754743
          0.18290124172706332
          0.36380498012008033
          0.4943898444437532
          0.587177368913789
          0.653847362650677
          0.05616396095952316
          0.09956492501646391
          0.12733092115641995
          0.14657933579041532
          0.16069347828354247
          0.1273783338691578
          0.2029182376783474
          0.25081698581809936
          0.2836751617823855
          0.3075366857044656
          0.20004530562679482
          0.30641135372136424
          0.37284320475411264
          0.4176246769461638
          0.44962979856692953
          0.2758179096199647
          0.41080715069975415
          0.49321222650086155
          0.5473336333474573
          0.5851124866572158
          0.313330981993532
          0.4361827567461688
          0.5110513695977181
          0.5603484538570094
          0.5948808135325632
          0.2780080329073192
          0.35092216627559325
          0.396592310923273
          0.42766130198111313
          0.4500876581152848
          0.17554136235183435
          0.19709184565966612
          0.210852259696227
          0.22039465492037258
          0.22739884084799805
          0.02737383824132022
          0.005329013604912616
          0.02628473779152989
          0.040841456719331114
          0.05153567725742252
          0.04287422020504336
          0.07484717152723035
          0.09393243432755098
          0.10660220501023424
          0.11562181531208607
          0.10482180166460574
          0.18498859567262574
          0.23235195548019452
          0.2634199892641872
          0.2853041375184308
          0.128842109931193
          0.2377207360466101
          0.30150321821221593
          0.34287889956329604
          0.37173125768374465
          0.0891670034365204
          0.16306945219011365
          0.20690861741387162
          0.23576643040630882
          0.256151363120001
          0.04433971477014066
          0.0776890913289319
          0.0976263203043177
          0.11087298613282308
          0.12030839817458486
          0.0005876855052173789
          0.00804805950532653
          0.012517180104294524
          0.015493474604958871
          0.01761782165507241
          0.000000000000011870354188730033
          0.000000000000004538657329081202
          0.000000000000004538657329081269
          0.000000000000004538657329081339
          0.000000000000003142137563797459
          0.000000000000007331696859648759
          0.000000000000005935177094365016
          0.0000000000000005564228525967203
          0.00000000000000018547428419890897
          0.000000000000007331696859648764
          0.00000000000000733169685964883
          0.000000000000011870354188730033
          0.0000000000000013965197652837962
          0.0000000000000013965197652838001
          0.0000000000000016692685577901707
          0.0000000000000005564228525967401
          0.000000000000014663393719297345
          0.0000000000000010474217320539895
          0.000000000000004538657329081332
          0.0000000000000027930395305675766
          0.0000000000000027930395305675766
          0.0000000000000045386573290811206
          0.000000000000005935177094365086
          0.000000000000011870354188730032
          0.000000000000013266873954013746
          0.0000000000000027930395305675687
          0.000000000000003142137563797436
          0.0000000000000013965197652837883
          0.000000000000007331696859648627
          0.000000000000004189559295851365
          0.000000000000007331696859648912
          0.000000000000008728216624932598
          0.0000000000000027930395305675766
          0.0000000000000013965197652837883
          0.0000000000000003709485683978179
          0.00000000000000018547428419890677
          0.000000000000010473834423446173
          0.0000000000000027930395305675766
          0.0000000000000013965197652837845
          0.000000000000004538657329081336
          0.0000000000000013965197652837883
          0.000000000000005935177094365087
          0.000000000000020598570813662835
          0.0000000000000031421375637973652
          0.0000000000000007418971367956358
          0.00000000000000018547428419890458
          0.000000000000005935177094365087
          0.000000000000005935177094365016
          0.000000000000007331696859648759
          0.0000000000000027930395305675533
          0.0000000000000018547428419890675
          0.000000000000002793039530567561
          0.000000000000001745617798513716
          0.0000000000000055860790611351216
          0.00000000000000768079489287876
          0.0000000000000041895592958513295
          0.00000000000000018547428419890897
          0.0000000000000009273714209945227
          0.000000000000011870354188730174
          0.00000000000000037094856839781355
          0.000000000000005935177094365017
          0.000000000000005935177094365017
          0.0000000000000013965197652837883
          0.0000000000000013965197652837883
          0.000000000000010124736390216493
          0.00000000000000174561779851354
          0.0000000000000013965197652837883
          0.0000000000000013965197652837883
          0.0000000000000007418971367956359
          0.0000000000000013965197652837883
          0.000000000000004538657329081261
          0.000000000000005935177094365017
          0.000000000000011870354188730033
          0.00000000000000539577700048283
          0.000000000000006474577188247214
          0.000000000000006474577188247215
          0.00000000000000701397728212933
          0.000000000000012409754282612154
          0.0000000000000005564228525967203
          0.0000000000000005564228525967203
          0.00000000000000020233053713272547
          0.000000000000006474577188247215
          0.000000000000006474577188247214
          0.00000000000000040466107426545094
          0.000000000000006474577188247382
          0.000000000000006474577188247382
          0.000000000000006474577188247214
          0.0000000000000006069916113981764
          0.00000000000001888433147085939
          0.0000000000000264377088468713
          0.000000000000006474577188247215
          0.00000000000001294915437649443
          0.000000000000012949154376494432
          0.000000000000006474577188247215
          0.0000000000000012983199893923627
          0.0000000000000005564228525967203
          0.000000000000018344931376977176
          0.0000000000000010788001877643978
          0.000000000000012949154376494597
          0.0000000000000064745771882472995
          0.000000000000006474577188247299
          0.000000000000019423731564741898
          0.000000000000006474577188247299
          0.000000000000012949154376494597
          0.000000000000012949154376494597
          0.0000000000000064745771882472995
          0.00000000000000040466107426545617
          0.00000000000000020233053713272808
          0.000000000000006474577188247215
          0.000000000000007013977282129498
          0.000000000000012409754282612309
          0.0000000000000009273714209945503
          0.000000000000012409754282612085
          0.0000000000000006069916113981764
          0.0000000000000188843314708596
          0.000000000000012949154376494599
          0.0000000000000007418971367956358
          0.0000000000000006069916113981843
          0.000000000000005935177094365087
          0
          0.0000000000000005394000938821921
          0.000000000000012949154376494094
          0.000000000000005935177094365017
          0.000000000000012949154376494597
          0.000000000000019423731564741898
          0.00000000000002589830875298886
          0.000000000000013488554470376468
          0.000000000000019423731564741396
          0.0000000000000006069916113981685
          0.0000000000000009273714209945227
          0.000000000000005935177094365086
          0.00000000000000040466107426545094
          0.000000000000005935177094365017
          0.000000000000005935177094365016
          0.00000000000001834493137697726
          0.000000000000012409754282612295
          0.00000000000002535890865910664
          0.000000000000019423731564741645
          0.000000000000006474577188247215
          0.000000000000006474577188247214
          0.0000000000000007418971367956359
          0.000000000000006474577188247215
          0.000000000000006474577188247214
          0.00000000000000040466107426545094
          0.41675243090285974
          0.12642285800792566
          0.3781212498427531
          0.1961417238506735
          0.3532086657689275
          0.27661103741549387
          0.30833153657483486
          0.30523795804146936
          0.19266355362271861
          0.1926635536227255
          0.06530763088073353
          0.06530763088074203
          0.06530762929852213
          0.06530762929852266
          0.19266355211818478
          0.19266355211818195
          0.3083315348577231
          0.3052379559216389
          0.35320866318858285
          0.27661103310642843
          0.37812124765668625
          0.19614171980827222
          0.4167524291834573
          0.12642285431979666
          0.06529503427681102
          0.06529503427680822
          0.1926276197646559
          0.1926276197646529
          0.3109537535403571
          0.3109537535403564
          0.4164363376320609
          0.4164363376320593
          0.5032107165539478
          0.49142443505806804
          0.5109812964011287
          0.289152436096509
          0.40851679190806744
          0.11983868100311579
          0.36953769214796284
          0.18361221100978956
          0.3428975414479938
          0.2572413980510684
          0.3047921673362129
          0.29794668163439114
          0.19266409048623453
          0.19266409048623476
          0.06530781854464533
          0.0653078185446436
          0.4167524265663403
          0.12642284934004228
          0.37812124551968995
          0.1961417158222779
          0.35320866153121805
          0.27661103004354637
          0.308331534371941
          0.30523795515099034
          0.19266355196774518
          0.19266355196774657
          0.06530762924595673
          0.06530762924595268
          0.06530763082771562
          0.06530763082772069
          0.19266355347187875
          0.19266355347188321
          0.30833153608858554
          0.30523795727024156
          0.3532086641108562
          0.2766110343514305
          0.37812124770514777
          0.19614171986356851
          0.4167524282852677
          0.12642285302717146
          0.40851679372873356
          0.36953769363605676
          0.342897542598442
          0.304792167761984
          0.1926640905870385
          0.06530781857996987
          0.1198386843527268
          0.1836122137008952
          0.25724140012151653
          0.29794668234150257
          0.19266409058704118
          0.0653078185799725
          0.06529503431209537
          0.19262761986531013
          0.3109537536927802
          0.4164363378188533
          0.5032107169275448
          0.5109812974251224
          0.06529503431208883
          0.1926276198653012
          0.3109537536927753
          0.41643633781884953
          0.4914244358367394
          0.2891524389589107
          0.000000000000011870354188730033
          0.000000000000004538657329081202
          0.000000000000004538657329081269
          0.000000000000004538657329081339
          0.000000000000003142137563797459
          0.000000000000007331696859648759
          0.000000000000005935177094365016
          0.0000000000000005564228525967203
          0.00000000000000018547428419890897
          0.000000000000007331696859648764
          0.00000000000000733169685964883
          0.000000000000011870354188730033
          0.0000000000000013965197652837962
          0.0000000000000013965197652838001
          0.0000000000000014837942735912629
          0.00000000000000055642285259674
          0.000000000000014663393719297345
          0.0000000000000010474217320539895
          0.000000000000004538657329081332
          0.0000000000000027930395305675766
          0.0000000000000027930395305675766
          0.0000000000000045386573290811206
          0.000000000000005935177094365086
          0.000000000000011870354188730032
          0.000000000000013266873954013746
          0.0000000000000027930395305675687
          0.000000000000003142137563797436
          0.0000000000000013965197652837883
          0.000000000000007331696859648627
          0.000000000000004189559295851365
          0.000000000000007331696859648912
          0.000000000000008728216624932598
          0.0000000000000027930395305675766
          0.0000000000000013965197652837883
          0.00000000000000018547428419890897
          0.00000000000000018547428419890675
          0.000000000000010473834423446173
          0.0000000000000027930395305675766
          0.0000000000000013965197652837845
          0.000000000000004538657329081336
          0.0000000000000013965197652837883
          0.000000000000005935177094365087
          0.000000000000020598570813662835
          0.0000000000000031421375637973652
          0.0000000000000007418971367956359
          0.00000000000000018547428419890455
          0.000000000000005935177094365087
          0.000000000000005935177094365016
          0.000000000000007331696859648759
          0.0000000000000027930395305675533
          0.000000000000001483794273591254
          0.000000000000002793039530567561
          0.000000000000001745617798513716
          0.0000000000000055860790611351216
          0.00000000000000768079489287876
          0.0000000000000041895592958513295
          0.00000000000000018547428419890897
          0.0000000000000007418971367956182
          0.000000000000011870354188730174
          0.00000000000000037094856839781355
          0.000000000000005935177094365017
          0.000000000000005935177094365017
          0.0000000000000013965197652837883
          0.0000000000000013965197652837883
          0.000000000000010124736390216493
          0.00000000000000174561779851354
          0.0000000000000013965197652837883
          0.0000000000000013965197652837883
          0.0000000000000007418971367956359
          0.0000000000000013965197652837883
          0.000000000000004538657329081261
          0.000000000000005935177094365017
          0.000000000000011870354188730033
          0.000000000000005395777000482831
          0.000000000000006474577188247214
          0.000000000000006474577188247215
          0.00000000000000701397728212933
          0.000000000000012409754282612154
          0.0000000000000005564228525967203
          0.0000000000000005564228525967203
          0.00000000000000020233053713272547
          0.000000000000006474577188247215
          0.000000000000006474577188247214
          0.00000000000000020233053713272547
          0.000000000000006474577188247382
          0.000000000000006474577188247382
          0.000000000000006474577188247214
          0.0000000000000006069916113981764
          0.00000000000001888433147085939
          0.0000000000000264377088468713
          0.000000000000006474577188247215
          0.00000000000001294915437649443
          0.000000000000012949154376494432
          0.000000000000006474577188247215
          0.0000000000000007418971367956359
          0.0000000000000003709485683978135
          0.000000000000018344931376977176
          0.0000000000000010788001877643976
          0.000000000000012949154376494597
          0.0000000000000064745771882472995
          0.000000000000006474577188247299
          0.000000000000019423731564741898
          0.000000000000006474577188247299
          0.000000000000012949154376494597
          0.000000000000012949154376494597
          0.0000000000000064745771882472995
          0.00000000000000020233053713272808
          0.00000000000000020233053713272808
          0.000000000000006474577188247215
          0.000000000000007013977282129498
          0.000000000000012409754282612309
          0.0000000000000007418971367956402
          0.000000000000012409754282612085
          0.00000000000000040466107426545094
          0.0000000000000188843314708596
          0.000000000000012949154376494599
          0.0000000000000007418971367956359
          0.0000000000000006069916113981843
          0.000000000000005935177094365087
          0
          0.0000000000000005394000938821921
          0.000000000000012949154376494094
          0.000000000000005935177094365016
          0.000000000000012949154376494597
          0.000000000000019423731564741898
          0.00000000000002589830875298886
          0.000000000000013488554470376468
          0.000000000000019423731564741396
          0.0000000000000006069916113981686
          0.0000000000000007418971367956182
          0.000000000000005935177094365086
          0.00000000000000040466107426545094
          0.000000000000005935177094365017
          0.000000000000005935177094365016
          0.00000000000001834493137697726
          0.000000000000012409754282612295
          0.00000000000002535890865910664
          0.000000000000019423731564741645
          0.000000000000006474577188247215
          0.000000000000006474577188247214
          0.0000000000000007418971367956359
          0.000000000000006474577188247215
          0.000000000000006474577188247214
          0.00000000000000040466107426545094
          0.41675243090285974
          0.12642285800792566
          0.3781212498427531
          0.1961417238506735
          0.3532086657689275
          0.27661103741549387
          0.30833153657483486
          0.30523795804146936
          0.19266355362271861
          0.1926635536227255
          0.06530763088073353
          0.06530763088074203
          0.06530762929852213
          0.06530762929852266
          0.19266355211818478
          0.19266355211818195
          0.3083315348577231
          0.3052379559216389
          0.35320866318858285
          0.27661103310642843
          0.37812124765668625
          0.19614171980827222
          0.4167524291834573
          0.12642285431979666
          0.06529503427681102
          0.06529503427680822
          0.1926276197646559
          0.1926276197646529
          0.3109537535403571
          0.3109537535403564
          0.4164363376320609
          0.4164363376320593
          0.5032107165539478
          0.49142443505806804
          0.5109812964011287
          0.289152436096509
          0.40851679190806744
          0.11983868100311579
          0.36953769214796284
          0.18361221100978956
          0.3428975414479938
          0.2572413980510684
          0.3047921673362129
          0.29794668163439114
          0.19266409048623453
          0.19266409048623476
          0.06530781854464533
          0.0653078185446436
          0.4167524265663403
          0.12642284934004228
          0.37812124551968995
          0.1961417158222779
          0.35320866153121805
          0.27661103004354637
          0.308331534371941
          0.30523795515099034
          0.19266355196774518
          0.19266355196774657
          0.06530762924595673
          0.06530762924595268
          0.06530763082771562
          0.06530763082772069
          0.19266355347187875
          0.19266355347188321
          0.30833153608858554
          0.30523795727024156
          0.3532086641108562
          0.2766110343514305
          0.37812124770514777
          0.19614171986356851
          0.4167524282852677
          0.12642285302717146
          0.40851679372873356
          0.36953769363605676
          0.342897542598442
          0.304792167761984
          0.1926640905870385
          0.06530781857996987
          0.1198386843527268
          0.1836122137008952
          0.25724140012151653
          0.29794668234150257
          0.19266409058704118
          0.0653078185799725
          0.06529503431209537
          0.19262761986531013
          0.3109537536927802
          0.4164363378188533
          0.5032107169275448
          0.5109812974251224
          0.06529503431208883
          0.1926276198653012
          0.3109537536927753
          0.41643633781884953
          0.4914244358367394
          0.2891524389589107
        </DataArray>
        <DataArray type="Float64" Name="aspect_ratio" NumberOfComponents="1" format="ascii">
          2.08399903941579
          1.745539743456157
          1.5065885480814267
          1.349973290778957
          1.2545595770143803
          1.2046155654989787
          1.2046155673329122
          1.2545595822971554
          1.3499732988233077
          1.506588557561091
          1.7455397531437575
          2.0839990480723216
          2.8176891186229196
          2.303969274388869
          1.9547969967816639
          1.7424396816782934
          1.6191669560373636
          1.554707926287546
          1.5547079286544694
          1.6191669628554357
          1.742439692035617
          1.954797008764816
          2.3039692862929724
          2.8176891295439757
          2.13911485021041
          1.778604852843454
          1.5192922959868755
          1.354374319449043
          1.257410790277563
          1.207353461646648
          2.91792250411628
          2.3924064524359396
          2.027754166444311
          1.8022276192169129
          1.6729213352299546
          1.6063225962189687
          1.9938699071174233
          1.993869907117418
          1.9938699071174233
          1.9938699071174233
          1.9932510090166846
          1.9959064461966154
          1.7460243158496815
          1.7460243158496744
          1.7460243158496815
          1.7460243158496798
          1.7443938318713523
          1.9959064461966227
          2.083999042329859
          1.7455397478443044
          1.5065885520168651
          1.3499732921833973
          1.2545595742529216
          1.204615558424442
          1.204615556590574
          1.2545595689703264
          1.349973284139351
          1.506588542537763
          1.7455397381576065
          2.0839990336747687
          2.817689126323454
          2.3039692840779464
          1.9547970061563247
          1.7424396877982546
          1.6191669565172055
          1.5547079210398498
          1.5547079186730044
          1.6191669496993575
          1.7424396774413269
          1.95479699417399
          2.3039692721752854
          2.817689115404569
          1.9959064385144278
          1.9932510086188322
          1.993869906686767
          1.9938699066867687
          1.9938699066867704
          1.9938699066867722
          1.9959064385144316
          1.7443938306621292
          1.7460243145577206
          1.7460243145577223
          1.7460243145577206
          1.7460243145577259
          1.2073534495914764
          1.2574107790857167
          1.3543743096376792
          1.5192922872936172
          1.778604844488758
          2.1391148413300685
          1.6063225822542897
          1.6729213224998718
          1.802227608470149
          2.027754157369015
          2.392406444047497
          2.917922495261995
          2.1357869421458218
          2.048977854837158
          1.9667383386406507
          1.8896651003387606
          1.818415174235796
          1.753698479225294
          1.6962629577623463
          1.6468705909723471
          1.6062635277674584
          1.5751213774042103
          1.5540132696244628
          1.543350960240571
          2.1357869421458178
          2.0489778548371533
          1.9667383386406436
          1.8896651003387461
          1.8184151742357901
          1.7536984792252928
          1.6962629577623316
          1.646870590972336
          1.6062635277674462
          1.575121377404193
          1.55401326962445
          1.5433509602405642
          2.135786942145837
          2.0489778548371747
          1.9667383386406603
          1.889665100338767
          1.8184151742358026
          1.7536984792253112
          1.6962629577623565
          1.6468705909723498
          1.6062635277674648
          1.5751213774042139
          1.5540132696244628
          1.5433509602405746
          2.135786942145823
          2.0489778548371573
          1.9667383386406403
          1.8896651003387548
          1.8184151742358017
          1.75369847922529
          1.6962629577623334
          1.646870590972342
          1.6062635277674522
          1.596288951807032
          1.5962889518070338
          1.5962889518070302
          2.135786942145821
          2.048977854837156
          1.9667383386406507
          1.8896651003387528
          1.8184151742357835
          1.7536984792252952
          1.7247900329180756
          1.724790032918065
          1.724790032918072
          1.7247900329180739
          1.7247900329180703
          1.7247900329180685
          2.4786316983727725
          2.478927884767746
          2.485634777108105
          2.4959090116701335
          2.5029550976452573
          2.506472789447859
          2.506313096894612
          2.5024827707226454
          2.495144101243961
          2.484610023814537
          2.4713343847993374
          2.4629488655302727
          2.2091633807947164
          2.211663875516792
          2.23827697011568
          2.267114066273916
          2.286748119914185
          2.296507952786807
          2.2960654884242526
          2.2854355220356117
          2.26497573566323
          2.235386926897534
          2.1977126468039407
          2.165640240348091
          1.950995288193141
          1.9553656532022454
          1.998547561551065
          2.0423905741646244
          2.072023899658387
          2.08669139260176
          2.0860273225862334
          2.070048130096542
          2.0391527928059943
          1.9941318385227604
          1.9361858512919563
          1.8837364280959765
          1.7092555135791698
          1.714956756379106
          1.769549639785134
          1.8232446348075524
          1.895632012936107
          1.9514697765069036
          1.9491854295431505
          1.8888267014472648
          1.819294141629777
          1.7641168328194496
          1.6923705149745014
          1.6252731936445004
          1.4919511491638087
          1.49810634263654
          1.614868317613069
          1.782705572169898
          1.8956320129360984
          1.9514697765069007
          1.9491854295431519
          1.8888267014472628
          1.7715257061267948
          1.599571878938616
          1.4750755253741061
          1.4032632400749794
          1.3112871832375612
          1.402087827394561
          1.614868317613066
          1.7827055721698981
          1.8956320129361062
          1.9514697765069065
          1.949185429543154
          1.8888267014472644
          1.7715257061268004
          1.5995718789386268
          1.376643432157238
          1.237484234822739
          1.1851239977608425
          1.40208782739456
          1.6148683176130623
          1.7827055721698941
          1.8956320129361013
          1.9514697765069022
          1.9491854295431525
          1.888826701447266
          1.771525706126798
          1.5995718789386153
          1.3766434321572265
          1.152463225203608
          1.2931322064975228
          1.2354330958029112
          1.1782407794285212
          1.1216327847342422
          1.113982532038546
          1.1139825320385341
          1.2931322064975157
          1.2354330958029016
          1.1782407794285235
          1.121632784734249
          1.1011892961298104
          1.1011892961297882
          1.2931322064975297
          1.2354330958029167
          1.1782407794285241
          1.1216327847342396
          1.0918475257626001
          1.0918475257625775
          1.2931322064975168
          1.2354330958029016
          1.1782407794285175
          1.1216327847342509
          1.0860462892971696
          1.086046289297149
          1.293132206497536
          1.2354330958029234
          1.178240779428523
          1.1216327847342313
          1.0838424400518707
          1.0838424400518516
          1.293132206497515
          1.2354330958029027
          1.1782407794285223
          1.121632784734249
          1.0852578940501763
          1.0852578940501674
          1.2931322064975213
          1.235433095802905
          1.1782407794285175
          1.12163278473424
          1.0902785551032605
          1.0902785551032612
          1.8898943540262847
          2.013985942289172
          2.592584819655738
          3.172182769438578
          1.3951644502160128
          1.4639682193661407
          1.8962470610242195
          2.3350658171483194
          1.3799838571909429
          1.0169710655226514
          1.3343437194963683
          1.6643414433032466
          1.9392054456362846
          1.3963064370970402
          1.3534706712991995
          1.6510193363628334
          2.508669049806081
          1.7186403620268615
          1.4512437197847432
          1.4512437197847352
          2.238831177104195
          1.5336532961726188
          1.31422316201831
          1.4045041863967849
          2.114214454414629
          1.448237198999377
          1.248961291447567
          1.406067970656958
          2.1428629945035
          1.4678765579988862
          1.263515970624756
          1.4056037932216014
          2.3232456753807487
          1.5915294109061477
          1.356102070901558
          1.4031269362764665
          1.925390025129476
          1.312563359430593
          1.4433320440088064
          1.8336894695595465
          1.6885941866304364
          1.1697433082281385
          1.4545312643199932
          1.837814512384311
          1.6839469363869861
          1.1726504244044693
          1.458249164391993
          1.839188928394156
          1.902779676303307
          1.3178195103924688
          1.454372004565333
          1.8377556934189971
          2.3042753348995775
          1.5701402616185285
          1.5701402616185127
          1.8335742747317725
          2.8584797187758673
          1.8952020116940014
          1.8952020116939947
          1.8952020116939905
          3.5632072660014282
          2.2803813305154805
          2.2721316141893966
          2.2721316141894006
          3.2322382625923995
          2.3151447307482558
          2.3151447307482527
          2.3151447307482558
          2.748982563362591
          2.0300809292096123
          2.030080929209616
          2.030080929209607
          2.4046321625782996
          1.8053850472229869
          1.8053850472229864
          1.8053850472229789
          2.177712252148597
          1.639669825845572
          1.6396698258455542
          1.703896791608925
          1.9830953545559853
          1.4926799022731865
          1.4926799022731676
          1.7024110632102962
          1.7644390776220404
          1.3281110096370392
          1.385835599108756
          1.7024146042767685
          1.525453596447013
          1.1482344194910814
          1.3858433670265005
          1.7024175552048022
          1.328511626164345
          1.1142039178086602
          1.444070465784379
          1.7739402269935902
          1.3285045584691473
          1.3832310295824457
          1.7927405197347397
          2.2022520451300664
          1.6452543748583899
          1.7592579963231487
          2.2800878670951934
          2.8009186697335977
          1.9940755839547375
          2.1322538787800225
          2.7635074013945737
          3.394761049502563
          2.947047996377874
          2.15871596457254
          2.158715964572543
          2.1587159645725364
          2.232143229036201
          1.7178193695606776
          1.7178193695606838
          1.910644444554762
          1.654561873925945
          1.319287748333101
          1.534029611843836
          1.9220024225148755
          1.226617419955811
          1.2154114659909485
          1.5988334406819007
          1.985100830964438
          1.4079482008488164
          1.6791688511693748
          2.200102734564523
          2.7211762098475503
          1.5997205307432223
          1.901273903003591
          2.494731215030172
          3.0899187325354407
          1.7070548017584926
          1.707054801758479
          1.754256455349808
          2.087017780236504
          2.1673822752337997
          2.1673822752338014
          2.2610379540113774
          2.663102725986781
          2.3016048071898734
          2.301604807189856
          2.416699040294852
          2.834233988056113
          1.9586505375107721
          1.9586505375107708
          2.0523946429195794
          2.410244205306285
          1.5171711393267342
          1.5171711393267495
          1.5730521598461016
          1.860349487660666
          1.5055024614091148
          1.2066125204414822
          1.1892244819966111
          1.4245636686186427
          1.6911973431312581
          1.3716722340350116
          1.101381952672448
          1.2078040671631596
          1.506251944677811
          1.1655070286598834
          1.1720618683646324
          1.4378623271794277
          1.357495863494304
          1.2040471062683464
          1.4444751451632514
          1.744007189753715
          1.5381499566251187
          1.5381499566251435
          1.871809417514978
          2.2382388770125945
          1.7538643522884947
          1.7538643522885438
          2.1453906900781776
          2.5564648583818843
          1.614632336441944
          1.614632336441963
          1.9673160316663358
          2.3504823132506067
          1.3533536427550341
          1.282684503041376
          1.5426215502837044
          1.85938235288768
          1.4114815023012282
          1.0907583045320548
          1.1763950788700062
          1.4395127783856612
          1.3670523730587603
          1.110398574637897
          1.474609718681408
          1.8439432942299063
          1.2976982295256063
          1.2368104026016218
          1.631571433663037
          2.027598996586342
          1.2920946659358854
          1.185240004106643
          1.5606714230374188
          1.9361217747634873
          1.4922608300423665
          1.1470878861152332
          1.4856314272496978
          1.848067305618635
          1.9004100565444024
          1.4347105053641944
          1.4704520683218434
          1.8423932139954615
          2.4343732389405415
          1.7842647636723672
          1.7842647636723685
          1.8334875798100072
          3.1011527211878254
          2.180359931260109
          2.1803599312601034
          2.180359931260105
          2.3854634481444186
          2.385463448144411
          2.3854634481444137
          2.385463448144415
          2.3854634481444137
          2.3854634481444146
          2.1623202026959496
          2.1623202026959474
          2.1623202026959465
          2.1623202026959505
          2.162320202695949
          2.162320202695947
          1.9447050694952501
          1.9447050694952555
          1.9447050694952477
          1.9447050694952563
          1.9447050694952492
          1.9447050694952535
          1.9262159353315744
          1.7346997744374981
          1.7346997744374928
          1.734699774437497
          1.7346997744374928
          1.7346997744374992
          1.9262159353315726
          1.7262103903077968
          1.5395951238775025
          1.5354299591078517
          1.5354299591078568
          1.5354299591078544
          1.926215935331577
          1.7262103903077972
          1.539595123877502
          1.3718455930270135
          1.351652086521479
          1.3516520865214796
          1.9262159353315718
          1.7262103903077923
          1.5395951238774985
          1.3718455930270166
          1.2307005600581271
          1.1905620178929235
          1.325071241537783
          1.6243178010908257
          1.923963191318037
          2.2238462003854966
          2.5238821294202967
          1.2637814881272502
          1.548314533946787
          1.8343788649255022
          2.1213550909493337
          2.4089173297280726
          1.0819416978259815
          1.320270003363029
          1.5668596612457408
          1.818352767279065
          2.0729654233674104
          1.2019596746557646
          1.281142929956538
          1.525410482677654
          1.7820838229338676
          2.0465004375462073
          1.470134058808021
          1.4701340588080207
          1.4865182149027696
          1.7542589696294815
          2.0361712539479098
          1.257264824352491
          1.4142665215336383
          1.6089609507186864
          1.82935274880877
          2.0672392725180218
          1.6986312098191072
          1.939029981217834
          2.200361952258148
          2.476007743449622
          2.761684656526393
          2.219829225770313
          2.554483523030269
          2.894799192064959
          3.2389922306829577
          3.5859463177196806
          2.515467436815282
          2.9005511876308687
          3.285851332486602
          3.6712997408397325
          4.056854152631645
          2.2370989003608597
          2.5696288294325695
          2.9128669994534153
          3.2634363784754457
          3.619207211615251
          1.6992501482528395
          1.932354008115366
          2.1942212074866276
          2.4757413335101868
          2.77093077175879
          1.2696086182529212
          1.4434003734403609
          1.6521567372688668
          1.8842923825424482
          2.132184873143402
          1.7018707434639693
          1.9597339026803837
          2.2373586363372526
          2.528243287797369
          2.828299548034776
          2.1753142281622093
          2.522953599044635
          2.87624501869751
          3.2333362994274943
          3.5930946989706563
          2.3591639288525865
          2.7417715036950203
          3.124441634677725
          3.5071538451143582
          3.8898957149069444
          2.0422149539652943
          2.3663948168838638
          2.698258380167985
          3.0352863931621865
          3.375932469182523
          1.5650861381956531
          1.7987860727254399
          2.0543984766167824
          2.324706414981333
          2.605139493543589
          1.1697979659534798
          1.32591325740681
          1.518619770205259
          1.7357728543856916
          1.9693019455784377
          2.091472071377006
          2.091472071377006
          2.0914720713770096
          2.0914720713770074
          2.180642839191462
          1.9880305448898334
          1.988030544889833
          1.9880305448898357
          1.9880305448898332
          2.1788364391856834
          1.8246932132368026
          1.8246932132368034
          1.8246932132368012
          1.8792012147062813
          2.176062262515956
          1.6050909211525086
          1.6050909211525068
          1.6050909211525066
          1.8691502619219067
          2.1723491494904823
          1.3586769635378073
          1.358676963537806
          1.5804673273272174
          1.8783229587759462
          2.1808246456118257
          1.146974013810003
          1.3106009873315558
          1.6000580213971767
          1.892204123423063
          2.1859614055558785
          1.0313591301094658
          1.3201775787891514
          1.6094031191298876
          1.898849740301329
          2.1884297221226423
          1.035843600776811
          1.325604418234784
          1.616274184164954
          1.9074374064524129
          2.198898073365599
          1.7748501605766294
          1.6367693733669217
          1.6367693733669255
          1.8526103581159
          2.1634634928088095
          1.8846937951755733
          1.7289232260255452
          1.7289232260255467
          1.846981306000195
          2.1613998245238792
          2.061465643544471
          1.88006241388839
          1.8800624138883915
          1.880062413888396
          2.1552719586206335
          2.2056936434051564
          2.0236352332232044
          2.023635233223201
          2.0236352332232075
          2.1547662059930417
          2.289335466979466
          2.109266108593435
          2.109266108593429
          2.1092661085934283
          2.156423008124309
          2.3114214629371115
          2.1317823739216486
          2.1317823739216455
          2.1317823739216437
          2.156823819864717
          2.9090487357974677
          2.909048735797468
          2.909048735797474
          2.9090487357974673
          2.9090487357975086
          2.404160973540726
          2.40416097354073
          2.4041609735407303
          2.404160973540808
          2.4041609735408276
          2.404160973540823
          2.5834963718086765
          2.583496371808677
          2.5834963718086774
          2.5834963718086703
          2.583496371808651
          2.583496371808662
          2.583496371808654
          3.1459934928977735
          3.145993492897781
          3.1459934928977686
          3.1459934928977287
          3.1459934928976674
          3.1459934928976763
          3.145993492897679
          3.145993492897689
          3.63800627883365
          3.6380062788336693
          3.638006278833663
          3.638006278833677
          3.638006278833675
          3.6380062788336676
          4.2499771517082365
          4.249977151708217
          4.249977151708256
          4.249977151708306
          4.249977151708243
          4.249977151708217
          4.24997715170823
          4.249977151708225
          4.249977151708275
          4.2499771517082054
          4.249977151708268
          4.2499771517082365
          4.249977151708164
          4.249977151708152
          4.249977151708226
          4.249977151708352
          4.249977151708088
          4.24997715170817
          4.249977151708283
          4.2499771517082126
          4.249977151708263
          4.249977151708131
          4.249977151708245
          4.249977151708201
          4.249977151708199
          4.249977151708225
          4.249977151708207
          4.249977151708339
          4.249977151708093
          4.249977151708238
          4.249977151708283
          4.249977151708207
          4.249977151708263
          4.249977151708137
          4.249977151708263
          4.2499771517082126
          4.249977151708188
          4.2499771517082126
          4.24997715170825
          4.249977151708294
          4.249977151708137
          4.249977151708269
          4.249977151708269
          4.249977151708157
          4.249977151708252
          4.24997715170815
          4.249977151708257
          4.249977151708219
          4.249977151708217
          4.249977151708248
          4.2499771517082365
          4.249977151708338
          4.249977151708268
          4.249977151708186
          4.249977151708261
          4.249977151708223
          4.249977151708299
          4.2499771517081975
          4.249977151708299
          4.2499771517082365
          4.249977151708207
          4.249977151708207
          4.249977151708188
          4.249977151708288
          4.249977151708283
          4.249977151708131
          4.249977151708188
          4.249977151708238
          4.249977151708263
          4.249977151708188
          4.249977151708232
          4.249977151708207
          3.650258627182739
          3.650258627182739
          3.6502586271827866
          3.6502586271827866
          3.650258627182762
          3.650258627182763
          3.6502586271827866
          3.6502586271827866
          3.6502586271827866
          3.6502586271827866
          3.6502586271827866
          3.6502586271827866
          3.650258627182881
          3.650258627182881
          3.6502586271827866
          3.6502586271827866
          3.6502586271828084
          3.6502586271828092
          3.6502586271827866
          3.6502586271827866
          3.6502586271827866
          3.6502586271827866
          3.6502586271827866
          3.6502586271827866
          3.6502586271827866
          3.6502586271827866
          3.6502586271828337
          3.6502586271828337
          3.650258627182833
          3.650258627182833
          3.6502586271828337
          3.6502586271828337
          3.6502586271828337
          3.6502586271828337
          3.6502586271828337
          3.6502586271828337
          3.6502586271827866
          3.65025862718281
          3.65025862718281
          3.650258627182763
          3.650258627182762
          3.6502586271827866
          3.65025862718281
          3.6502586271828337
          3.6502586271828337
          3.6502586271828337
          3.65025862718281
          3.6502586271827866
          3.650258627182763
          3.650258627182692
          3.6502586271827155
          3.6502586271828337
          3.6502586271828323
          3.6502586271827857
          3.650258627182763
          3.650258627182739
          3.650258627182739
          3.650258627182739
          3.650258627182763
          3.6502586271827866
          3.65025862718281
          3.650258627182857
          3.6502586271828337
          3.650258627182763
          3.650258627182762
          3.6502586271827866
          3.6502586271827866
          3.6502586271827866
          3.6502586271827866
          3.6502586271827866
          3.6502586271827866
          3.6502586271827866
          3.7778231670963116
          2.523510667121063
          3.812230264099703
          2.5925137755500236
          3.765137138284253
          2.5850555971135813
          3.654864427134433
          2.5120166867888707
          3.542581253367276
          2.4347344190871563
          3.483647518683897
          2.394230621992133
          3.4836475183223814
          2.3942306217436826
          3.5425812523008235
          2.434734418354205
          3.654864425069327
          2.512016685390675
          3.7651371342688718
          2.585055594125298
          3.812230257205977
          2.5925137703030265
          3.77782315714841
          2.5235106595758037
          1.358106464379486
          1.534103168270369
          1.3704943048087497
          1.5341031682703619
          1.4149749109560386
          1.5341031682703672
          1.4791899936511799
          1.5341031682703672
          1.5507969573587705
          1.5507969573587765
          1.4591408560420016
          1.4869391534145011
          4.033374768043652
          2.632576200632896
          4.061815212734517
          2.7001743063666366
          4.014648016812625
          2.696193682719232
          3.9031028789360533
          2.6263563393075415
          3.7862493372964927
          2.5474050292252843
          3.7232616307431603
          2.5050266261780423
          3.777823177722728
          2.5235106673535763
          3.8122302790769393
          2.5925137798635993
          3.765137157123967
          2.5850556050366653
          3.6548644482084915
          2.512016696862365
          3.542581275126483
          2.434734429731238
          3.4836475408611682
          2.394230632995259
          3.4836475412225543
          2.3942306332436427
          3.5425812761926623
          2.4347344304640064
          3.654864450272965
          2.512016698260123
          3.765137161138304
          2.5850556080241183
          3.8122302859688375
          2.5925137851091766
          3.777823187667859
          2.5235106748967318
          4.0333747536806355
          4.061815197495078
          4.014648000907207
          3.903102862788298
          3.786249321293783
          3.723261614940191
          2.6325761955354916
          2.7001743000503673
          2.696193675476097
          2.6263563316067535
          2.547405021545341
          2.505026618581121
          1.3581064639488365
          1.3704942973856382
          1.4149749033377523
          1.4791899857487425
          1.5507969494467462
          1.4591408496001195
          1.534103166978415
          1.5341031669784082
          1.5341031669784064
          1.5341031669784115
          1.5507969494467473
          1.4869391526055633
          3.157834223861039
          2.664244871597137
          2.299529889182232
          2.060485549088436
          1.9148540912369032
          1.838623757871114
          1.8386237606702756
          1.9148540993000862
          2.0604855613666553
          2.299529903651193
          2.664244886383475
          3.157834238037928
          3.157834223861035
          2.6642448715971354
          2.2995298891822267
          2.0604855490884324
          1.9148540912369048
          1.8386237578711149
          1.838623760670274
          1.914854099300076
          2.060485561366653
          2.2995299036511962
          2.6642448863834693
          3.1578342380379243
          3.1623682525627386
          2.673914510993796
          2.306544169369351
          2.062372962065715
          1.9148537485650845
          1.838623717684806
          3.1623682525627426
          2.6739145109937943
          2.306544169369348
          2.062372962065727
          1.914853748565107
          1.8386237176848177
          3.043275121396789
          3.043275121396781
          3.043275121396789
          3.043275121396789
          3.0423304874535537
          3.046383523149247
          2.6649844820925184
          2.6649844820925077
          2.6649844820925184
          2.6649844820925157
          2.662495848651905
          3.046383523149258
          3.1578342290697856
          2.664244878294836
          2.299529895188954
          2.0604855512320555
          1.9148540870220454
          1.838623747073137
          1.8386237442740752
          1.9148540789591368
          2.0604855389543006
          2.2995298807208506
          2.664244863509876
          3.157834214894781
          3.1578342290697705
          2.6642448782948285
          2.2995298951889698
          2.060485551232063
          1.9148540870220454
          1.838623747073136
          1.8386237442740647
          1.914854078959139
          2.060485538954326
          2.2995298807208666
          2.664244863509881
          3.1578342148947898
          3.046383511423803
          3.0423304868463057
          3.043275120739471
          3.0432751207394735
          3.0432751207394766
          3.0432751207394793
          3.0463835114238087
          2.6624958468062485
          2.6649844801205784
          2.664984480120581
          2.6649844801205784
          2.6649844801205864
          1.838623698532879
          1.9148537306949776
          2.0623729462447153
          2.306544155332801
          2.673914497791384
          3.1623682392251697
          1.8386236985328837
          1.9148537306949769
          2.0623729462447127
          2.306544155332805
          2.673914497791384
          3.1623682392251697
          3.259885332756424
          3.1273872521271047
          3.0018637800374086
          2.884225679471094
          2.7754757922610525
          2.6766976788237433
          2.5890329355379893
          2.513644586226764
          2.4516653844928427
          2.4041326286751437
          2.3719149904849286
          2.3556409393200033
          3.259885332756418
          3.127387252127097
          3.0018637800373975
          2.8842256794710712
          2.7754757922610427
          2.67669767882374
          2.5890329355379667
          2.5136445862267465
          2.451665384492824
          2.4041326286751175
          2.371914990484908
          2.355640939319992
          3.259885332756447
          3.1273872521271304
          3.0018637800374233
          2.884225679471103
          2.7754757922610613
          2.676697678823768
          2.589032935538005
          2.513644586226768
          2.4516653844928524
          2.404132628675149
          2.3719149904849286
          2.3556409393200086
          3.259885332756426
          3.1273872521271033
          3.0018637800373926
          2.8842256794710845
          2.7754757922610613
          2.676697678823736
          2.5890329355379693
          2.513644586226756
          2.4516653844928333
          2.4364410317111043
          2.436441031711107
          2.4364410317111016
          3.2598853327564226
          3.127387252127101
          3.0018637800374086
          2.884225679471082
          2.7754757922610347
          2.6766976788237455
          2.6325742607757823
          2.632574260775766
          2.632574260775777
          2.6325742607757796
          2.632574260775774
          2.632574260775771
          3.783174697525085
          3.7836267714963614
          3.7938636071737757
          3.8095453336105924
          3.820299885888436
          3.8256689944292623
          3.82542525316378
          3.8195789658486596
          3.808377838749589
          3.7922995100414836
          3.772036692597185
          3.759237742133846
          3.371880949641838
          3.3756974942176465
          3.416317480710781
          3.4603319958997685
          3.4902997619823517
          3.5051963489984934
          3.5045210086556478
          3.488296323115053
          3.457068228125556
          3.411906362114652
          3.354403513550614
          3.3054508931705193
          2.9778349135648385
          2.9845054706840135
          3.0504146992165744
          3.117332981626899
          3.1625627942227457
          3.1849500202942616
          3.183936439744245
          3.1595471459441336
          3.1123911048163464
          3.0436749114365145
          2.955231036189294
          2.8751766534162972
          2.608863678626871
          2.617565575532057
          2.700891555467766
          2.7828470741863836
          2.893333072382853
          2.978559132570055
          2.9750724977306358
          2.8829460180051236
          2.776817374072923
          2.69259937641486
          2.583091838651265
          2.4806801376736582
          2.2771885960973948
          2.2865833650821115
          2.4647990110993314
          2.720971662791926
          2.8933330723828394
          2.9785591325700502
          2.9750724977306375
          2.8829460180051205
          2.7039076567260976
          2.441451815227744
          2.2514310650498945
          2.141822840119395
          2.00143833231459
          2.140028789186121
          2.464799011099327
          2.7209716627919263
          2.8933330723828514
          2.9785591325700596
          2.975072497730641
          2.8829460180051227
          2.703907656726106
          2.4414518152277602
          2.101192606981696
          1.8887917268390748
          1.808873470270732
          2.1400287891861196
          2.464799011099321
          2.72097166279192
          2.893333072382844
          2.978559132570054
          2.975072497730639
          2.8829460180051254
          2.7039076567261024
          2.4414518152277425
          2.1011926069816784
          1.7590228174201008
          1.9737281046586779
          1.885661040966698
          1.7983675054476909
          1.7119658293351707
          1.7002891278522387
          1.7002891278522207
          1.973728104658667
          1.8856610409666836
          1.7983675054476944
          1.7119658293351812
          1.680762609886229
          1.680762609886195
          1.9737281046586883
          1.885661040966707
          1.7983675054476953
          1.7119658293351667
          1.6665041182730858
          1.666504118273051
          1.9737281046586688
          1.8856610409666839
          1.798367505447685
          1.7119658293351838
          1.6576495994574079
          1.6576495994573763
          1.9737281046586979
          1.8856610409667172
          1.7983675054476937
          1.711965829335154
          1.6542858295566807
          1.6542858295566516
          1.9737281046586659
          1.8856610409666856
          1.7983675054476926
          1.7119658293351812
          1.6564462593435731
          1.6564462593435596
          1.9737281046586754
          1.885661040966689
          1.798367505447685
          1.7119658293351674
          1.6641093735825088
          1.6641093735825099
          1.437592956511056
          2.013985942289172
          2.592584819655738
          3.172182769438578
          1.1447291581678627
          1.6015874029512362
          2.0745022778805113
          2.554571846802855
          1.5352874512612322
          1.5522189947486889
          2.036629887657061
          2.54031062399504
          2.065823656198289
          2.0658236561983196
          2.065823656198292
          2.519976881822784
          2.508669049806081
          2.2150562038870887
          2.2150562038870985
          2.2150562038870865
          2.238831177104195
          2.0059195630851963
          2.005919563085217
          2.1437169160842604
          2.114214454414629
          1.9063093395822786
          1.9063093395822737
          2.146103744691899
          2.1428629945035
          1.9285243762212065
          1.9285243762211925
          2.145395263343195
          2.3232456753807487
          2.069840002959794
          2.069840002959796
          2.141614797479559
          2.003386180188176
          2.003386180188169
          2.2029804882290622
          2.7987891903868323
          1.7853976809838998
          1.785397680983919
          2.2200740350198602
          2.8050853083825404
          1.7898348583056658
          1.7898348583056973
          2.225748724603452
          2.807183101239677
          2.011408726393131
          2.0114087263931566
          2.219830954341694
          2.804995532067061
          2.3965298730022164
          2.3965298730022435
          2.3965298730022195
          2.798613366702335
          2.8926767546975207
          2.8926767546975336
          2.8926767546975234
          2.8926767546975167
          3.5632072660014282
          3.4679903585076324
          3.467990358507625
          3.467990358507631
          3.53364195746603
          3.533641957466035
          3.5336419574660307
          3.533641957466035
          3.0985445761691994
          3.0985445761692048
          3.09854457616921
          3.0985445761691968
          2.7555877036625014
          2.7555877036625103
          2.75558770366251
          2.7555877036624983
          2.5026539447174154
          2.5026539447174496
          2.5026539447174225
          2.600684576672268
          2.2783009034748063
          2.278300903474869
          2.27830090347484
          2.598416885958566
          2.0271168041874685
          2.027116804187537
          2.1152227565393082
          2.5984222907442343
          1.7525683244903734
          1.75256832449044
          2.115234612834813
          2.598426794792286
          1.4647790035595876
          1.6320625044899886
          2.115244097941496
          2.598430398069959
          1.179898143946393
          1.6320717244533998
          2.1152512118125384
          2.598433100551132
          1.2384302331251174
          1.7592579963231487
          2.2800878670951934
          2.8009186697335977
          1.5010006399892002
          2.1322538787800225
          2.7635074013945737
          3.394761049502563
          3.294882261723597
          3.2948822617236013
          3.294882261723606
          3.294882261723596
          2.621934827230255
          2.621934827230255
          2.6219348272302647
          2.916246783800854
          2.0136497211446596
          2.0136497211446525
          2.341413618082848
          2.933582644897909
          1.4835584840409868
          1.8031339919715508
          2.3719629154920634
          2.94501317945408
          1.2559643914475598
          1.8203382263587533
          2.38506753317581
          2.9499481675079426
          1.3118969588592435
          1.901273903003591
          2.494731215030172
          3.0899187325354407
          1.1466180419165444
          1.4365858661463509
          1.754256455349808
          2.087017780236504
          1.4798796582694584
          1.8650116677240849
          2.2610379540113774
          2.663102725986781
          1.5826733201430678
          1.9994395292453604
          2.416699040294852
          2.834233988056113
          1.3438512042996107
          1.6964305900861207
          2.0523946429195794
          2.410244205306285
          1.0352181400420448
          1.3015590662221868
          1.5825336292053271
          1.8715626229367737
          1.3055328997937932
          1.3055328997937947
          1.5525716864868089
          1.8598147372325848
          1.6911973431312581
          1.663391131145804
          1.663391131145807
          1.8434904183059275
          1.6451740921651083
          1.6451740921651155
          1.7889365359291023
          2.1946319730684123
          1.2676545473437986
          1.4646148168246609
          1.8310954862912792
          2.2107986446915846
          1.1531977067666832
          1.5089911825250044
          1.871809417514978
          2.2382388770125945
          1.3233082433833874
          1.7343332795906696
          2.1453906900781776
          2.5564648583818843
          1.2123818906249837
          1.5870412564649785
          1.9673160316663358
          2.3504823132506067
          1.1899385904001614
          1.4702736830987504
          1.835624913065532
          2.2125508160101233
          1.5487950070566494
          1.5487950070566645
          1.7955503835425826
          2.1971510828042478
          1.5831159460054154
          1.6948188770828148
          2.250720096939985
          2.814439764883734
          1.3917664501532767
          1.721351223541524
          2.2707663824007254
          2.82194425781333
          1.458624193589912
          1.7288197452005625
          2.27643309588678
          2.824074062406248
          1.7508183524957046
          1.7508183524957204
          2.2675427047547823
          2.820734308582334
          2.1898212976662004
          2.189821297666203
          2.244374209549056
          2.812073852946944
          2.7233514814009605
          2.723351481400963
          2.7233514814009654
          2.798481042874377
          3.327917789825748
          3.327917789825757
          3.327917789825748
          3.327917789825751
          3.6409705261235845
          3.6409705261235725
          3.640970526123577
          3.640970526123579
          3.640970526123577
          3.6409705261235783
          3.300383467280397
          3.300383467280393
          3.3003834672803922
          3.3003834672803984
          3.300383467280396
          3.300383467280393
          2.968234053446982
          2.9682340534469907
          2.9682340534469787
          2.968234053446992
          2.9682340534469818
          2.9682340534469875
          2.9400137960392017
          2.6476996557265147
          2.6476996557265067
          2.647699655726513
          2.6476996557265067
          2.6476996557265164
          2.940013796039199
          2.6347421746864144
          2.349908346976359
          2.3435509902226666
          2.3435509902226745
          2.3435509902226705
          2.9400137960392057
          2.634742174686415
          2.3499083469763584
          2.0938695893618626
          2.0630479215375543
          2.0630479215375552
          2.9400137960391977
          2.6347421746864073
          2.3499083469763526
          2.0938695893618675
          1.8784376969351693
          1.8171736062618222
          1.6494333637503042
          2.0219320218160304
          2.394927139694494
          2.7682180427584138
          3.141699298830001
          1.6477565198471738
          2.0187393090126675
          2.391718634073357
          2.7658869154687227
          3.140819258014554
          1.6361034272485226
          1.9965015506252481
          2.369392423762521
          2.74969825127361
          3.134721436981386
          1.8345700297419885
          1.955428682569764
          2.328258105144961
          2.7200226771158773
          3.1236059309988025
          2.2438888266069053
          2.243888826606905
          2.268896222751579
          2.6775531641775054
          3.1078403349803123
          1.8548821573131118
          2.0865116765110097
          2.3737504633032716
          2.698901382964133
          3.0498628190488266
          1.888545253380275
          2.1558216086121154
          2.446371582386155
          2.752835721017141
          3.070452502736877
          2.219829225770313
          2.554483523030269
          2.894799192064959
          3.2389922306829577
          3.5859463177196806
          2.515467436815282
          2.9005511876308687
          3.285851332486602
          3.6712997408397325
          4.056854152631645
          2.2370989003608597
          2.5696288294325695
          2.9128669994534153
          3.2634363784754457
          3.619207211615251
          1.8795363575056518
          2.137371956423811
          2.427022613546021
          2.738411323898593
          3.0649196264639245
          1.7402897887329336
          1.9785112473544655
          2.2646597210499935
          2.5828548618694183
          2.9226483729516444
          1.7689757005313964
          2.037006433457475
          2.3255779419528193
          2.627932208319227
          2.9398197210406196
          2.1753142281622093
          2.522953599044635
          2.87624501869751
          3.2333362994274943
          3.5930946989706563
          2.3591639288525865
          2.7417715036950203
          3.124441634677725
          3.5071538451143582
          3.8898957149069444
          2.0422149539652943
          2.3663948168838638
          2.698258380167985
          3.0352863931621865
          3.375932469182523
          1.7645545589066365
          2.028039280179653
          2.316229189726455
          2.6209875626423758
          2.937161513180202
          1.7338136191811806
          1.9651995733049987
          2.2508191299457225
          2.57267212145126
          2.9187967776477506
          3.1922468457933384
          3.1922468457933384
          3.1922468457933437
          3.1922468457933406
          3.328349596668349
          3.0343624106283418
          3.034362410628341
          3.034362410628345
          3.0343624106283413
          3.3255924598174174
          2.7850580623152443
          2.7850580623152457
          2.785058062315242
          2.868254485610957
          3.3213581901636133
          2.4498756165015996
          2.449875616501597
          2.4498756165015965
          2.852913557676876
          3.3156908071247195
          2.073770102246712
          2.07377010224671
          2.4122922364523838
          2.866913989717285
          3.3286270906783786
          1.7506445473982637
          2.0003909806685796
          2.4421938221381803
          2.888101030494512
          3.336467408487741
          1.5741797249075615
          2.01500788341968
          2.4564573923618247
          2.898244340466625
          3.34023483903702
          1.5733030287009704
          2.013409596298256
          2.4548967307911482
          2.8971333571772537
          3.3398217607720038
          2.4982269383026634
          2.4982269383026576
          2.4982269383026634
          2.8276684413413338
          3.3021284890316083
          2.6388828186766893
          2.638882818676671
          2.6388828186766737
          2.819076730217342
          3.298978679544076
          2.869568947520516
          2.869568947520494
          2.8695689475204964
          2.8695689475205026
          3.289625621060153
          3.0887064086109772
          3.088706408610981
          3.0887064086109755
          3.088706408610985
          3.2888536828390897
          3.2194061657553057
          3.219406165755319
          3.2194061657553097
          3.219406165755309
          3.2913824860920826
          3.253773097045822
          3.2537730970458303
          3.2537730970458254
          3.2537730970458227
          3.2919942513800753
          4.2499771517082365
          4.249977151708217
          4.249977151708256
          4.249977151708306
          4.249977151708243
          4.249977151708217
          4.24997715170823
          4.249977151708225
          4.249977151708275
          4.2499771517082054
          4.249977151708268
          4.2499771517082365
          4.249977151708164
          4.249977151708152
          4.249977151708226
          4.249977151708352
          4.249977151708088
          4.24997715170817
          4.249977151708283
          4.2499771517082126
          4.249977151708263
          4.249977151708131
          4.249977151708245
          4.249977151708201
          4.249977151708199
          4.249977151708225
          4.249977151708207
          4.249977151708339
          4.249977151708093
          4.249977151708238
          4.249977151708283
          4.249977151708207
          4.249977151708263
          4.249977151708137
          4.249977151708263
          4.2499771517082126
          4.249977151708188
          4.2499771517082126
          4.24997715170825
          4.249977151708294
          4.249977151708137
          4.249977151708269
          4.249977151708269
          4.249977151708157
          4.249977151708252
          4.24997715170815
          4.249977151708257
          4.249977151708219
          4.249977151708217
          4.249977151708248
          4.2499771517082365
          4.249977151708338
          4.249977151708268
          4.249977151708186
          4.249977151708261
          4.249977151708223
          4.249977151708299
          4.2499771517081975
          4.249977151708299
          4.2499771517082365
          4.249977151708207
          4.249977151708207
          4.249977151708188
          4.249977151708288
          4.249977151708283
          4.249977151708131
          4.249977151708188
          4.249977151708238
          4.249977151708263
          4.249977151708188
          4.249977151708232
          4.249977151708207
          2.391548755734885
          2.391548755734885
          2.3915487557349158
          2.391548755734916
          2.391548755734901
          2.391548755734901
          2.3915487557349158
          2.3915487557349158
          2.3915487557349158
          2.3915487557349158
          2.3915487557349158
          2.3915487557349158
          2.391548755734978
          2.391548755734978
          2.3915487557349167
          2.3915487557349175
          2.391548755734932
          2.391548755734932
          2.3915487557349158
          2.3915487557349167
          2.391548755734917
          2.391548755734916
          2.3915487557349158
          2.3915487557349158
          2.3915487557349158
          2.3915487557349158
          2.3915487557349477
          2.3915487557349477
          2.3915487557349477
          2.3915487557349473
          2.391548755734947
          2.3915487557349477
          2.391548755734948
          2.3915487557349477
          2.3915487557349473
          2.391548755734947
          2.3915487557349158
          2.3915487557349313
          2.3915487557349313
          2.391548755734901
          2.391548755734901
          2.3915487557349167
          2.391548755734931
          2.391548755734947
          2.3915487557349473
          2.391548755734947
          2.3915487557349313
          2.3915487557349158
          2.3915487557349002
          2.391548755734853
          2.3915487557348696
          2.3915487557349477
          2.3915487557349477
          2.3915487557349158
          2.391548755734899
          2.391548755734884
          2.391548755734885
          2.3915487557348842
          2.3915487557349
          2.3915487557349158
          2.391548755734931
          2.3915487557349615
          2.391548755734947
          2.3915487557349007
          2.3915487557349007
          2.3915487557349158
          2.3915487557349153
          2.3915487557349153
          2.3915487557349158
          2.3915487557349158
          2.3915487557349153
          2.3915487557349158
          3.7778231670963116
          2.523510667121063
          3.812230264099703
          2.5925137755500236
          3.765137138284253
          2.5850555971135813
          3.654864427134433
          2.5120166867888707
          3.542581253367276
          2.4347344190871563
          3.483647518683897
          2.394230621992133
          3.4836475183223814
          2.3942306217436826
          3.5425812523008235
          2.434734418354205
          3.654864425069327
          2.512016685390675
          3.7651371342688718
          2.585055594125298
          3.812230257205977
          2.5925137703030265
          3.77782315714841
          2.5235106595758037
          2.072899340373483
          2.341525888418083
          2.091807096818192
          2.3415258884180723
          2.1596985483063165
          2.3415258884180803
          2.2577110429464953
          2.3415258884180803
          2.3670058822899134
          2.3670058822899227
          2.2271097276482053
          2.269538707848434
          4.033374768043652
          2.632576200632896
          4.061815212734517
          2.7001743063666366
          4.014648016812625
          2.696193682719232
          3.9031028789360533
          2.6263563393075415
          3.7862493372964927
          2.5474050292252843
          3.7232616307431603
          2.5050266261780423
          3.777823177722728
          2.5235106673535763
          3.8122302790769393
          2.5925137798635993
          3.765137157123967
          2.5850556050366653
          3.6548644482084915
          2.512016696862365
          3.542581275126483
          2.434734429731238
          3.4836475408611682
          2.394230632995259
          3.4836475412225543
          2.3942306332436427
          3.5425812761926623
          2.4347344304640064
          3.654864450272965
          2.512016698260123
          3.765137161138304
          2.5850556080241183
          3.8122302859688375
          2.5925137851091766
          3.777823187667859
          2.5235106748967318
          4.0333747536806355
          4.061815197495078
          4.014648000907207
          3.903102862788298
          3.786249321293783
          3.723261614940191
          2.6325761955354916
          2.7001743000503673
          2.696193675476097
          2.6263563316067535
          2.547405021545341
          2.505026618581121
          2.0728993397161757
          2.09180708548818
          2.1596985366784054
          2.2577110308848805
          2.367005870213665
          2.2271097178158588
          2.3415258864461537
          2.341525886446143
          2.34152588644614
          2.3415258864461483
          2.3670058702136667
          2.2695387066137394
          5.538461546622298
          5.538461546622267
          5.538461546622332
          5.538461546622398
          5.5384615466223
          5.5384615466222655
          5.538461546622299
          5.538461546622299
          5.538461546622365
          5.538461546622266
          5.538461546622331
          5.538461546622299
          5.5384615466222655
          5.538461546622267
          5.538461546622333
          5.538461546622496
          5.538461546622169
          5.5384615466222655
          5.538461546622399
          5.538461546622299
          5.538461546622364
          5.538461546622202
          5.538461546622364
          5.538461546622298
          5.5384615466222655
          5.5384615466223
          5.538461546622298
          5.538461546622463
          5.538461546622134
          5.538461546622332
          5.538461546622398
          5.538461546622298
          5.538461546622364
          5.5384615466222
          5.538461546622365
          5.538461546622298
          5.5384615466222655
          5.538461546622299
          5.538461546622332
          5.538461546622398
          5.538461546622201
          5.538461546622364
          5.538461546622366
          5.5384615466222336
          5.538461546622364
          5.538461546622233
          5.538461546622364
          5.538461546622299
          5.538461546622266
          5.5384615466223
          5.538461546622299
          5.53846154662243
          5.538461546622333
          5.538461546622234
          5.538461546622333
          5.538461546622267
          5.538461546622365
          5.538461546622234
          5.538461546622366
          5.5384615466223
          5.538461546622299
          5.5384615466223
          5.538461546622266
          5.538461546622398
          5.538461546622398
          5.538461546622201
          5.538461546622266
          5.538461546622333
          5.538461546622365
          5.538461546622266
          5.538461546622333
          5.538461546622299
          6.041807382932204
          6.0418073829322045
          6.041807382932283
          6.041807382932283
          6.0418073829322445
          6.041807382932243
          6.041807382932283
          6.041807382932283
          6.041807382932283
          6.041807382932283
          6.041807382932282
          6.041807382932283
          6.041807382932438
          6.04180738293244
          6.041807382932284
          6.041807382932282
          6.041807382932323
          6.041807382932321
          6.041807382932284
          6.041807382932283
          6.041807382932282
          6.041807382932284
          6.041807382932282
          6.041807382932282
          6.041807382932282
          6.041807382932284
          6.04180738293236
          6.04180738293236
          6.04180738293236
          6.041807382932361
          6.041807382932361
          6.04180738293236
          6.04180738293236
          6.04180738293236
          6.041807382932361
          6.04180738293236
          6.041807382932282
          6.041807382932322
          6.041807382932322
          6.041807382932244
          6.041807382932244
          6.041807382932282
          6.041807382932323
          6.041807382932361
          6.04180738293236
          6.04180738293236
          6.041807382932321
          6.041807382932283
          6.041807382932244
          6.041807382932126
          6.0418073829321655
          6.04180738293236
          6.041807382932362
          6.041807382932284
          6.0418073829322445
          6.041807382932205
          6.0418073829322045
          6.0418073829322045
          6.0418073829322445
          6.041807382932284
          6.041807382932322
          6.041807382932401
          6.041807382932361
          6.041807382932244
          6.041807382932244
          6.041807382932283
          6.041807382932283
          6.041807382932284
          6.041807382932283
          6.041807382932283
          6.041807382932284
          6.041807382932283
          4.523544016762402
          3.0216373489671495
          4.377479388847584
          2.9769124191279004
          4.299762029255845
          2.952116614017764
          4.278634993276106
          2.9407390380866305
          4.278413008451915
          2.9404546193109335
          4.278413008451954
          2.940454619310961
          4.278413008451953
          2.940454619310961
          4.278413008451953
          2.9404546193109513
          4.278634993320744
          2.9407390381421252
          4.299762029983942
          2.9521166142534163
          4.377479390603233
          2.9769124196800703
          4.523544019676306
          3.0216373498356295
          1.2281427674897598
          1.228142767489757
          1.2187353916703676
          1.2077192936796302
          1.2187353916703647
          1.1697538952667772
          1.218735391670363
          1.118972154286966
          1.2192779683992003
          1.0800353783600005
          1.2545026047077652
          1.134347247520245
          4.84024392958117
          3.159218199912969
          4.686040514612881
          3.1151407765870283
          4.600438765854131
          3.0896043404772295
          4.573489419135067
          3.077452299175793
          4.572693009493875
          3.0765277539290383
          4.572693009493919
          3.0765277539290583
          4.523544016345469
          3.0216373404676777
          4.377479385383097
          2.976912410029533
          4.29976202350594
          2.952116604346535
          4.278634986219841
          2.9407390280731347
          4.2784130013183885
          2.9404546092023596
          4.278413001318408
          2.9404546092023685
          4.278413001318388
          2.9404546092023596
          4.278413001318388
          2.940454609202359
          4.278634986175121
          2.9407390280176076
          4.299762022778078
          2.952116604110954
          4.377479383627978
          2.97691240947754
          4.523544013432292
          3.021637339599387
          4.840243932298588
          4.686040518646749
          4.6004387707711265
          4.573489424525656
          4.572693014934534
          4.572693014934557
          3.1592182068195953
          3.1151407836692804
          3.0896043477199395
          3.0774523065114985
          3.0765277613174185
          3.0765277613174185
          1.2281427741637323
          1.2187353920568251
          1.2187353920568251
          1.21873539205682
          1.2192779687574533
          1.254502604626816
          1.228142774163736
          1.2077193002211024
          1.1697539015647886
          1.1189721602649765
          1.0800353792143338
          1.1343472525282159
        </DataArray>
      </CellData>
    </Piece>
  </UnstructuredGrid>
</VTKFile>
