<?xml version="1.0"?>
<VTKFile type="UnstructuredGrid" version="0.1" byte_order="LittleEndian">
  <UnstructuredGrid>
    <Piece NumberOfPoints="3933" NumberOfCells="2332">
      <Points>
        <DataArray type="Float64" NumberOfComponents="3" format="ascii">
          3.422829935 1.33543413 0.0000001
          3.177083433334 1.3354341299999994 0.0000001
          3.177083433334 1.0683473239999994 0.0000001
          3.435972291 1.068347324 0.0000001
          3.422829935 1.33543413 0.387688988889
          3.177083433334 1.3354341299999994 0.387688988889
          3.177083433334 1.0683473239999994 0.387688988889
          3.435972291 1.068347324 0.387688988889
          3.177083433334 0.8012605179999996 0.0000001
          3.449114647 0.8012605180000001 0.0000001
          3.177083433334 0.8012605179999996 0.387688988889
          3.449114647 0.8012605180000001 0.387688988889
          3.1770834333339995 0.5341737119999997 0.0000001
          3.4622570030000004 0.5341737120000001 0.0000001
          3.1770834333339995 0.5341737119999997 0.387688988889
          3.4622570030000004 0.5341737120000001 0.387688988889
          3.1770834333339995 0.26708690599999985 0.0000001
          3.4753993590000003 0.26708690600000007 0.0000001
          3.1770834333339995 0.26708690599999985 0.387688988889
          3.4753993590000003 0.26708690600000007 0.387688988889
          3.1770834333339995 0.0000001 0.0000001
          3.488541715 0.0000001 0.0000001
          3.1770834333339995 0.0000001 0.387688988889
          3.488541715 0.0000001 0.387688988889
          3.694861152 1.068347324 0.0000001
          3.66857644 1.33543413 0.0000001
          3.694861152 1.068347324 0.387688988889
          3.66857644 1.33543413 0.387688988889
          3.7211458640000004 0.8012605180000001 0.0000001
          3.7211458640000004 0.8012605180000001 0.387688988889
          3.747430576 0.5341737120000001 0.0000001
          3.747430576 0.5341737120000001 0.387688988889
          3.7737152880000004 0.26708690600000007 0.0000001
          3.7737152880000004 0.26708690600000007 0.387688988889
          3.8000000000000007 0.0000001 0.0000001
          3.8000000000000007 0.0000001 0.387688988889
          3.6357205494444997 1.6692926363887501 0.0000001
          3.40640199 1.6692926363887501 0.0000001
          3.6357205494444997 1.6692926363887501 0.387688988889
          3.40640199 1.6692926363887501 0.387688988889
          3.6028646588889996 2.0031511427775 0.0000001
          3.389974045 2.0031511427775 0.0000001
          3.6028646588889996 2.0031511427775 0.387688988889
          3.389974045 2.0031511427775 0.387688988889
          3.5700087683335 2.3370096491662498 0.0000001
          3.3735461000000004 2.3370096491662498 0.0000001
          3.5700087683335 2.3370096491662498 0.387688988889
          3.3735461000000004 2.3370096491662498 0.387688988889
          3.537152877778 2.670868155555 0.0000001
          3.357118155 2.670868155555 0.0000001
          3.537152877778 2.670868155555 0.387688988889
          3.357118155 2.670868155555 0.387688988889
          3.177083433334 1.6692926363887497 0.0000001
          3.177083433334 1.6692926363887497 0.387688988889
          3.177083433334 2.0031511427775 0.0000001
          3.177083433334 2.0031511427775 0.387688988889
          3.177083433334 2.3370096491662498 0.0000001
          3.177083433334 2.3370096491662498 0.387688988889
          3.177083433334 2.670868155555 0.0000001
          3.177083433334 2.670868155555 0.387688988889
          4.08428822 1.33543413 0.0000001
          4.097430576000001 1.068347324 0.0000001
          4.08428822 1.33543413 0.387688988889
          4.097430576000001 1.068347324 0.387688988889
          4.110572932 0.8012605180000001 0.0000001
          4.110572932 0.8012605180000001 0.387688988889
          4.1237152880000005 0.5341737120000001 0.0000001
          4.1237152880000005 0.5341737120000001 0.387688988889
          4.136857644 0.26708690600000007 0.0000001
          4.136857644 0.26708690600000007 0.387688988889
          4.15 0.0000001 0.0000001
          4.15 0.0000001 0.387688988889
          4.5 1.068347324 0.0000001
          4.5 1.33543413 0.0000001
          4.5 1.068347324 0.387688988889
          4.5 1.33543413 0.387688988889
          4.5 0.8012605180000001 0.0000001
          4.5 0.8012605180000001 0.387688988889
          4.5 0.5341737120000001 0.0000001
          4.5 0.5341737120000001 0.387688988889
          4.5 0.26708690600000007 0.0000001
          4.5 0.26708690600000007 0.387688988889
          4.5 0.0000001 0.0000001
          4.5 0.0000001 0.387688988889
          4.5 1.6692926375000001 0.0000001
          4.067860275 1.6692926375000001 0.0000001
          4.5 1.6692926375000001 0.387688988889
          4.067860275 1.6692926375000001 0.387688988889
          4.5 2.003151145 0.0000001
          4.051432330000001 2.003151145 0.0000001
          4.5 2.003151145 0.387688988889
          4.051432330000001 2.003151145 0.387688988889
          4.5 2.3370096525 0.0000001
          4.035004385000001 2.3370096525 0.0000001
          4.5 2.3370096525 0.387688988889
          4.035004385000001 2.3370096525 0.387688988889
          4.5 2.67086816 0.0000001
          4.01857644 2.67086816 0.0000001
          4.5 2.67086816 0.387688988889
          4.01857644 2.67086816 0.387688988889
          4.01857644 3.30416677 0.0000001
          3.537152877778 3.3041667699999997 0.0000001
          3.537152877778 2.9875174627775 0.0000001
          4.01857644 2.987517465 0.0000001
          4.01857644 3.30416677 0.387688988889
          3.537152877778 3.3041667699999997 0.387688988889
          3.537152877778 2.9875174627775 0.387688988889
          4.01857644 2.987517465 0.387688988889
          4.5 2.987517465 0.0000001
          4.5 3.30416677 0.0000001
          4.5 2.987517465 0.387688988889
          4.5 3.30416677 0.387688988889
          4.5 3.620816075 0.0000001
          4.01857644 3.620816075 0.0000001
          4.5 3.620816075 0.387688988889
          4.01857644 3.620816075 0.387688988889
          4.5 3.93746538 0.0000001
          4.01857644 3.93746538 0.0000001
          4.5 3.93746538 0.387688988889
          4.01857644 3.93746538 0.387688988889
          3.537152877778 3.6208160738885 0.0000001
          3.537152877778 3.6208160738885 0.387688988889
          3.537152877778 3.937465377777 0.0000001
          3.537152877778 3.937465377777 0.387688988889
          3.422829935 4.51873269 0.0000001
          3.177083433334 4.51873269 0.0000001
          3.177083433334 4.2280990338885 0.0000001
          3.3899740449999998 4.2280990338885 0.0000001
          3.422829935 4.51873269 0.387688988889
          3.177083433334 4.51873269 0.387688988889
          3.177083433334 4.2280990338885 0.387688988889
          3.3899740449999998 4.2280990338885 0.387688988889
          3.177083433334 3.937465377777 0.0000001
          3.3571181549999993 3.937465377777 0.0000001
          3.177083433334 3.937465377777 0.387688988889
          3.3571181549999993 3.937465377777 0.387688988889
          3.6028646588889996 4.2280990338885 0.0000001
          3.66857644 4.51873269 0.0000001
          3.6028646588889996 4.2280990338885 0.387688988889
          3.66857644 4.51873269 0.387688988889
          3.73428822 4.809366345 0.0000001
          3.455685825 4.809366345 0.0000001
          3.73428822 4.809366345 0.387688988889
          3.455685825 4.809366345 0.387688988889
          3.8 5.1 0.0000001
          3.488541715 5.1 0.0000001
          3.8 5.1 0.387688988889
          3.488541715 5.1 0.387688988889
          3.177083433334 4.809366345 0.0000001
          3.177083433334 4.809366345 0.387688988889
          3.177083433334 5.1 0.0000001
          3.177083433334 5.1 0.387688988889
          4.08428822 4.51873269 0.0000001
          4.051432330000001 4.228099035 0.0000001
          4.08428822 4.51873269 0.387688988889
          4.051432330000001 4.228099035 0.387688988889
          4.5 4.228099035 0.0000001
          4.5 4.51873269 0.0000001
          4.5 4.228099035 0.387688988889
          4.5 4.51873269 0.387688988889
          4.5 4.809366345 0.0000001
          4.11714411 4.809366345 0.0000001
          4.5 4.809366345 0.387688988889
          4.11714411 4.809366345 0.387688988889
          4.5 5.1 0.0000001
          4.15 5.1 0.0000001
          4.5 5.1 0.387688988889
          4.15 5.1 0.387688988889
          3.488541715 5.854166715 0.0000001
          3.177083433334 5.854166715 0.0000001
          3.177083433334 5.60277781 0.0000001
          3.488541715 5.60277781 0.0000001
          3.488541715 5.854166715 0.387688988889
          3.177083433334 5.854166715 0.387688988889
          3.177083433334 5.60277781 0.387688988889
          3.488541715 5.60277781 0.387688988889
          3.177083433334 5.351388904999999 0.0000001
          3.488541715 5.351388904999999 0.0000001
          3.177083433334 5.351388904999999 0.387688988889
          3.488541715 5.351388904999999 0.387688988889
          3.8 5.60277781 0.0000001
          3.8 5.854166715 0.0000001
          3.8 5.60277781 0.387688988889
          3.8 5.854166715 0.387688988889
          3.8 5.351388904999999 0.0000001
          3.8 5.351388904999999 0.387688988889
          3.8 6.105555621111 0.0000001
          3.488541715 6.105555621111 0.0000001
          3.8 6.105555621111 0.387688988889
          3.488541715 6.105555621111 0.387688988889
          3.8 6.356944527222 0.0000001
          3.488541715 6.356944527222 0.0000001
          3.8 6.356944527222 0.387688988889
          3.488541715 6.356944527222 0.387688988889
          3.8 6.608333433333 0.0000001
          3.488541715 6.608333433333 0.0000001
          3.8 6.608333433333 0.387688988889
          3.488541715 6.608333433333 0.387688988889
          3.177083433334 6.105555621111 0.0000001
          3.177083433334 6.105555621111 0.387688988889
          3.1770834333339995 6.356944527222 0.0000001
          3.1770834333339995 6.356944527222 0.387688988889
          3.1770834333339995 6.608333433333 0.0000001
          3.1770834333339995 6.608333433333 0.387688988889
          4.15 5.854166715 0.0000001
          4.15 5.60277781 0.0000001
          4.15 5.854166715 0.387688988889
          4.15 5.60277781 0.387688988889
          4.15 5.351388904999999 0.0000001
          4.15 5.351388904999999 0.387688988889
          4.5 5.60277781 0.0000001
          4.5 5.854166715 0.0000001
          4.5 5.60277781 0.387688988889
          4.5 5.854166715 0.387688988889
          4.5 5.351388904999999 0.0000001
          4.5 5.351388904999999 0.387688988889
          4.5 6.105555621111 0.0000001
          4.15 6.105555621111 0.0000001
          4.5 6.105555621111 0.387688988889
          4.15 6.105555621111 0.387688988889
          4.5 6.356944527222 0.0000001
          4.15 6.356944527222 0.0000001
          4.5 6.356944527222 0.387688988889
          4.15 6.356944527222 0.387688988889
          4.5 6.608333433333 0.0000001
          4.15 6.608333433333 0.0000001
          4.5 6.608333433333 0.387688988889
          4.15 6.608333433333 0.387688988889
          4.79 0.0000001 0.0000001
          4.862936025748915 0.14907633778391371 0.0000001
          4.6133314563141665 0.15889633479924717 0.0000001
          4.79 0.0000001 0.387688988889
          4.862936025748915 0.14907633778391371 0.38768898888900005
          4.6133314563141665 0.15889633479924717 0.387688988889
          5.08 0.0000001 0.0000001
          5.114267756136938 0.14336342201620672 0.0000001
          5.08 0.0000001 0.387688988889
          5.114267756136938 0.14336342201620672 0.38768898888900005
          5.370000000000001 0.0000001 0.0000001
          5.366382252144225 0.14203667534218672 0.0000001
          5.370000000000001 0.0000001 0.387688988889
          5.366382252144225 0.14203667534218672 0.38768898888900005
          5.660000000000001 0.0000001 0.0000001
          5.618296878704278 0.14516091210300186 0.0000001
          5.660000000000001 0.0000001 0.387688988889
          5.618296878704278 0.14516091210300186 0.38768898888900005
          5.950000000000001 0.0000001 0.0000001
          5.869038764789817 0.15258350681919247 0.0000001
          5.950000000000001 0.0000001 0.387688988889
          5.869038764789817 0.15258350681919247 0.387688988889
          4.9358720514978325 0.2981525755678274 0.0000001
          4.726662912628332 0.31779256959849433 0.0000001
          4.9358720514978325 0.2981525755678274 0.3876889888890001
          4.726662912628332 0.31779256959849433 0.387688988889
          5.1485355122738765 0.28672674403241355 0.0000001
          5.1485355122738765 0.28672674403241355 0.387688988889
          5.362764504288447 0.28407325068437345 0.0000001
          5.362764504288447 0.28407325068437345 0.3876889888890001
          5.57659375740856 0.2903217242060037 0.0000001
          5.57659375740856 0.2903217242060037 0.387688988889
          5.788077529579634 0.30516691363838494 0.0000001
          5.788077529579634 0.30516691363838494 0.387688988889
          5.0088080772467505 0.4472288133517412 0.0000001
          4.839994368942499 0.47668880439774153 0.0000001
          5.0088080772467505 0.4472288133517412 0.38768898888900005
          4.839994368942499 0.47668880439774153 0.387688988889
          5.182803268410816 0.4300900660486202 0.0000001
          5.182803268410816 0.4300900660486202 0.387688988889
          5.359146756432671 0.4261098260265601 0.0000001
          5.359146756432671 0.4261098260265601 0.38768898888900005
          5.534890636112837 0.4354825363090055 0.0000001
          5.534890636112837 0.4354825363090055 0.387688988889
          5.70711629436945 0.4577503204575774 0.0000001
          5.70711629436945 0.4577503204575774 0.387688988889
          5.081744102995666 0.5963050511356548 0.0000001
          4.953325825256664 0.6355850391969886 0.0000001
          5.081744102995666 0.5963050511356548 0.38768898888900005
          4.953325825256664 0.6355850391969886 0.387688988889
          5.217071024547755 0.573453388064827 0.0000001
          5.217071024547755 0.573453388064827 0.38768898888900005
          5.355529008576896 0.5681464013687467 0.0000001
          5.355529008576896 0.5681464013687467 0.3876889888890001
          5.493187514817115 0.5806433484120074 0.0000001
          5.493187514817115 0.5806433484120074 0.38768898888900005
          5.626155059159267 0.6103337272767698 0.0000001
          5.626155059159267 0.6103337272767698 0.387688988889
          5.154680128744582 0.7453812889195685 0.0000001
          5.066657281570831 0.7944812739962357 0.0000001
          5.154680128744582 0.7453812889195685 0.387688988889
          5.066657281570831 0.7944812739962357 0.387688988889
          5.251338780684694 0.7168167100810336 0.0000001
          5.251338780684694 0.7168167100810336 0.387688988889
          5.351911260721119 0.7101829767109334 0.0000001
          5.351911260721119 0.7101829767109334 0.387688988889
          5.451484393521395 0.7258041605150092 0.0000001
          5.451484393521395 0.7258041605150092 0.387688988889
          5.545193823949083 0.7629171340959623 0.0000001
          5.545193823949083 0.7629171340959623 0.387688988889
          6.433333333333334 0.0000001 0.0000001
          6.270146190986061 0.1621023683703803 0.0000001
          6.433333333333334 0.0000001 0.387688988889
          6.270146190986061 0.1621023683703803 0.38768898888899994
          6.916666666666666 0.0000001 0.0000001
          6.669196924119832 0.17417627241008837 0.0000001
          6.916666666666666 0.0000001 0.387688988889
          6.669196924119832 0.17417627241008837 0.38768898888899994
          7.399999999999999 0.0000001 0.0000001
          7.065745591727681 0.18837100095346593 0.0000001
          7.399999999999999 0.0000001 0.387688988889
          7.065745591727681 0.18837100095346593 0.387688988889
          6.106959048638788 0.3242046367407607 0.0000001
          6.106959048638788 0.3242046367407607 0.38768898888899994
          6.421727181572995 0.34835244482017685 0.0000001
          6.421727181572995 0.34835244482017685 0.387688988889
          6.731491183455364 0.37674190190693185 0.0000001
          6.731491183455364 0.37674190190693185 0.387688988889
          5.943771906291513 0.486306905111141 0.0000001
          5.943771906291513 0.486306905111141 0.38768898888899994
          6.174257439026161 0.522528617230265 0.0000001
          6.174257439026161 0.522528617230265 0.38768898888899994
          6.397236775183046 0.5651128028603978 0.0000001
          6.397236775183046 0.5651128028603978 0.387688988889
          5.780584763944239 0.6484091734815214 0.0000001
          5.780584763944239 0.6484091734815214 0.38768898888899994
          5.926787696479326 0.6967047896403536 0.0000001
          5.926787696479326 0.6967047896403536 0.387688988889
          6.062982366910729 0.7534837038138636 0.0000001
          6.062982366910729 0.7534837038138636 0.387688988889
          5.617397621596966 0.8105114418519017 0.0000001
          5.617397621596966 0.8105114418519017 0.387688988889
          5.6793179539324905 0.870880962050442 0.0000001
          5.6793179539324905 0.870880962050442 0.387688988889
          5.728727958638411 0.9418546047673296 0.0000001
          5.728727958638411 0.9418546047673296 0.387688988889
          7.3999999999999995 0.45000007500000005 0.0000001
          7.072850529551335 0.5644171229044646 0.0000001
          7.3999999999999995 0.45000007500000005 0.387688988889
          7.072850529551335 0.5644171229044646 0.38768898888900005
          7.4 0.90000005 0.0000001
          7.076750768186707 0.9415269524530947 0.0000001
          7.4 0.90000005 0.387688988889
          7.076750768186707 0.9415269524530947 0.387688988889
          6.745701059102673 0.6788341708089287 0.0000001
          6.745701059102673 0.6788341708089287 0.387688988889
          6.753501536373414 0.9830538549061892 0.0000001
          6.753501536373414 0.9830538549061892 0.387688988889
          6.418551588654012 0.793251218713393 0.0000001
          6.418551588654012 0.793251218713393 0.38768898888899994
          6.4302523045601205 1.0245807573592838 0.0000001
          6.4302523045601205 1.0245807573592838 0.387688988889
          6.09140211820535 0.907668266617857 0.0000001
          6.09140211820535 0.907668266617857 0.38768898888900005
          6.107003072746828 1.0661076598123784 0.0000001
          6.107003072746828 1.0661076598123784 0.387688988889
          5.7642526477566856 1.0220853145223217 0.0000001
          5.7642526477566856 1.0220853145223217 0.387688988889
          5.783753840933534 1.107634562265473 0.0000001
          5.783753840933534 1.107634562265473 0.387688988889
          7.4 1.350000025 0.0000001
          7.077165861855334 1.3208797624418454 0.0000001
          7.4 1.350000025 0.387688988889
          7.077165861855334 1.3208797624418454 0.38768898888900005
          7.4 1.8 0.0000001
          7.073487291398377 1.6998842800768537 0.0000001
          7.4 1.8 0.387688988889
          7.073487291398377 1.6998842800768537 0.387688988889
          6.754331723710667 1.2917594998836908 0.0000001
          6.754331723710667 1.2917594998836908 0.387688988889
          6.746974582796753 1.599768560153707 0.0000001
          6.746974582796753 1.599768560153707 0.387688988889
          6.431497585565998 1.2626392373255366 0.0000001
          6.431497585565998 1.2626392373255366 0.38768898888899994
          6.420461874195128 1.4996528402305607 0.0000001
          6.420461874195128 1.4996528402305607 0.387688988889
          6.108663447421334 1.233518974767382 0.0000001
          6.108663447421334 1.233518974767382 0.38768898888900005
          6.0939491655935045 1.3995371203074143 0.0000001
          6.0939491655935045 1.3995371203074143 0.387688988889
          5.785829309276667 1.2043987122092277 0.0000001
          5.785829309276667 1.2043987122092277 0.387688988889
          5.767436456991881 1.299421400384268 0.0000001
          5.767436456991881 1.299421400384268 0.387688988889
          7.4 2.23543408 0.0000001
          7.067303153355117 2.0633886355699405 0.0000001
          7.4 2.23543408 0.387688988889
          7.067303153355117 2.0633886355699405 0.387688988889
          6.734606306710233 1.8913431911398804 0.0000001
          6.734606306710233 1.8913431911398804 0.387688988889
          6.401909460065349 1.7192977467098203 0.0000001
          6.401909460065349 1.7192977467098203 0.387688988889
          6.069212613420465 1.5472523022797606 0.0000001
          6.069212613420465 1.5472523022797606 0.387688988889
          5.7365157667755815 1.3752068578497008 0.0000001
          5.7365157667755815 1.3752068578497008 0.387688988889
          7.4 2.67086816 0.0000001
          7.060037883591027 2.4235027773024203 0.0000001
          7.4 2.67086816 0.387688988889
          7.060037883591027 2.4235027773024203 0.387688988889
          6.7200757671820535 2.1761373946048406 0.0000001
          6.7200757671820535 2.1761373946048406 0.387688988889
          6.3801136507730805 1.9287720119072609 0.0000001
          6.3801136507730805 1.9287720119072609 0.387688988889
          6.040151534364107 1.681406629209681 0.0000001
          6.040151534364107 1.681406629209681 0.387688988889
          5.700189417955134 1.4340412465121013 0.0000001
          5.700189417955134 1.4340412465121013 0.387688988889
          7.158333333333333 2.67086816 0.0000001
          6.86146438724141 2.430049300811919 0.0000001
          7.158333333333333 2.67086816 0.387688988889
          6.86146438724141 2.430049300811919 0.38768898888900005
          6.916666666666667 2.67086816 0.0000001
          6.662311770456874 2.4360868680879126 0.0000001
          6.916666666666667 2.67086816 0.387688988889
          6.662311770456874 2.4360868680879126 0.38768898888899994
          6.675000000000001 2.67086816 0.0000001
          6.462629226406516 2.4415644407043615 0.0000001
          6.675000000000001 2.67086816 0.387688988889
          6.462629226406516 2.4415644407043615 0.38768898888900005
          6.433333333333334 2.67086816 0.0000001
          6.262470427986523 2.4464357141362707 0.0000001
          6.433333333333334 2.67086816 0.387688988889
          6.262470427986523 2.4464357141362707 0.38768898888899994
          6.191666666666666 2.67086816 0.0000001
          6.061893074097636 2.4506595091938412 0.0000001
          6.191666666666666 2.67086816 0.387688988889
          6.061893074097636 2.4506595091938412 0.3876889888890001
          5.95 2.67086816 0.0000001
          5.860958401888937 2.4542001201297463 0.0000001
          5.95 2.67086816 0.387688988889
          5.860958401888937 2.4542001201297463 0.387688988889
          6.56459544114949 2.18923044162384 0.0000001
          6.56459544114949 2.18923044162384 0.3876889888890001
          6.4079568742470805 2.2013055761758262 0.0000001
          6.4079568742470805 2.2013055761758262 0.38768898888899994
          6.250258452813034 2.2122607214087235 0.0000001
          6.250258452813034 2.2122607214087235 0.387688988889
          6.091607522639714 2.22200326827254 0.0000001
          6.091607522639714 2.22200326827254 0.387688988889
          5.932119481528608 2.230450858387683 0.0000001
          5.932119481528608 2.230450858387683 0.38768898888900005
          5.7719168037778745 2.2375320802594927 0.0000001
          5.7719168037778745 2.2375320802594927 0.387688988889
          6.267726495057571 1.9484115824357595 0.0000001
          6.267726495057571 1.9484115824357595 0.38768898888900005
          6.153601978037285 1.9665242842637385 0.0000001
          6.153601978037285 1.9665242842637385 0.38768898888899994
          6.037887679219551 1.982957002113086 0.0000001
          6.037887679219551 1.982957002113086 0.38768898888899994
          5.920744617292904 1.9975708224088107 0.0000001
          5.920744617292904 1.9975708224088107 0.38768898888899994
          5.802345888959579 2.0102422075815256 0.0000001
          5.802345888959579 2.0102422075815256 0.38768898888900005
          5.682875205666811 2.020864040389239 0.0000001
          5.682875205666811 2.020864040389239 0.387688988889
          5.9708575489656495 1.7075927232476789 0.0000001
          5.9708575489656495 1.7075927232476789 0.38768898888900016
          5.8992470818274905 1.7317429923516519 0.0000001
          5.8992470818274905 1.7317429923516519 0.38768898888899994
          5.825516905626067 1.7536532828174476 0.0000001
          5.825516905626067 1.7536532828174476 0.38768898888900005
          5.749881711946095 1.7731383765450803 0.0000001
          5.749881711946095 1.7731383765450803 0.387688988889
          5.672572296390554 1.7900335567753662 0.0000001
          5.672572296390554 1.7900335567753662 0.3876889888890001
          5.593833607555748 1.804196000518985 0.0000001
          5.593833607555748 1.804196000518985 0.387688988889
          5.673988602873729 1.4667738640595993 0.0000001
          5.673988602873729 1.4667738640595993 0.387688988889
          5.644892185617698 1.4969617004395646 0.0000001
          5.644892185617698 1.4969617004395646 0.387688988889
          5.613146132032584 1.5243495635218096 0.0000001
          5.613146132032584 1.5243495635218096 0.387688988889
          5.579018806599286 1.5487059306813507 0.0000001
          5.579018806599286 1.5487059306813507 0.387688988889
          5.542798703821524 1.5698249059692078 0.0000001
          5.542798703821524 1.5698249059692078 0.387688988889
          5.504792009444685 1.5875279606487314 0.0000001
          5.504792009444685 1.5875279606487314 0.387688988889
          5.708333333333334 2.67086816 0.0000001
          5.654709088326475 2.458414022921715 0.0000001
          5.708333333333334 2.67086816 0.387688988889
          5.654709088326475 2.458414022921715 0.38768898888900005
          5.466666666666667 2.67086816 0.0000001
          5.447977102987344 2.4606624993941186 0.0000001
          5.466666666666667 2.67086816 0.387688988889
          5.447977102987344 2.4606624993941186 0.38768898888899994
          5.225 2.67086816 0.0000001
          5.2410597658117695 2.460895655207581 0.0000001
          5.225 2.67086816 0.387688988889
          5.2410597658117695 2.460895655207581 0.38768898888900005
          4.983333333333333 2.67086816 0.0000001
          5.0342585097505115 2.459108316567565 0.0000001
          4.983333333333333 2.67086816 0.387688988889
          5.0342585097505115 2.459108316567565 0.38768898888899994
          4.741666666666667 2.67086816 0.0000001
          4.827872191881038 2.455340145032367 0.0000001
          4.741666666666667 2.67086816 0.387688988889
          4.827872191881038 2.455340145032367 0.3876889888890001
          4.622190461683036 2.449674757411733 0.0000001
          4.622190461683036 2.449674757411733 0.387688988889
          5.601084843319616 2.245959885843431 0.0000001
          5.601084843319616 2.245959885843431 0.3876889888890001
          5.429287539308024 2.2504568387882387 0.0000001
          5.429287539308024 2.2504568387882387 0.38768898888899994
          5.257119531623537 2.2509231504151614 0.0000001
          5.257119531623537 2.2509231504151614 0.387688988889
          5.08518368616769 2.24734847313513 0.0000001
          5.08518368616769 2.24734847313513 0.387688988889
          4.91407771709541 2.2398121300647356 0.0000001
          4.91407771709541 2.2398121300647356 0.38768898888900005
          4.744380923366071 2.2284813548234657 0.0000001
          4.744380923366071 2.2284813548234657 0.387688988889
          5.5474605983127585 2.0335057487651467 0.0000001
          5.5474605983127585 2.0335057487651467 0.38768898888900005
          5.410597975628701 2.040251178182358 0.0000001
          5.410597975628701 2.040251178182358 0.38768898888899994
          5.273179297435305 2.0409506456227424 0.0000001
          5.273179297435305 2.0409506456227424 0.38768898888899994
          5.1361088625848685 2.035588629702695 0.0000001
          5.1361088625848685 2.035588629702695 0.38768898888899994
          5.00028324230978 2.0242841150971027 0.0000001
          5.00028324230978 2.0242841150971027 0.38768898888900005
          4.866571385049107 2.0072879522351985 0.0000001
          4.866571385049107 2.0072879522351985 0.387688988889
          5.493836353305903 1.8210516116868618 0.0000001
          5.493836353305903 1.8210516116868618 0.38768898888900016
          5.391908411949378 1.8300455175764772 0.0000001
          5.391908411949378 1.8300455175764772 0.38768898888899994
          5.289239063247075 1.8309781408303225 0.0000001
          5.289239063247075 1.8309781408303225 0.38768898888900005
          5.187034039002048 1.8238287862702598 0.0000001
          5.187034039002048 1.8238287862702598 0.387688988889
          5.08648876752415 1.8087561001294707 0.0000001
          5.08648876752415 1.8087561001294707 0.3876889888890001
          4.988761846732142 1.7860945496469314 0.0000001
          4.988761846732142 1.7860945496469314 0.387688988889
          5.4402121082990424 1.6085974746085774 0.0000001
          5.4402121082990424 1.6085974746085774 0.387688988889
          5.3732188482700565 1.619839856970596 0.0000001
          5.3732188482700565 1.619839856970596 0.387688988889
          5.305298829058844 1.6210056360379035 0.0000001
          5.305298829058844 1.6210056360379035 0.387688988889
          5.237959215419227 1.612068942837825 0.0000001
          5.237959215419227 1.612068942837825 0.387688988889
          5.172694292738522 1.5932280851618381 0.0000001
          5.172694292738522 1.5932280851618381 0.387688988889
          5.110952308415178 1.564901147058664 0.0000001
          5.110952308415178 1.564901147058664 0.387688988889
          4.60609201704935 2.1712694162247277 0.0000001
          4.60609201704935 2.1712694162247277 0.38768898888899994
          4.592796300710401 1.889674230389698 0.0000001
          4.592796300710401 1.889674230389698 0.38768898888900005
          4.582922331788096 1.6055646779566268 0.0000001
          4.582922331788096 1.6055646779566268 0.38768898888900005
          4.576929820418856 1.3197333003186076 0.0000001
          4.576929820418856 1.3197333003186076 0.387688988889
          4.712184034098698 2.0055291799494563 0.0000001
          4.712184034098698 2.0055291799494563 0.3876889888889999
          4.685592601420803 1.7761973157793962 0.0000001
          4.685592601420803 1.7761973157793962 0.387688988889
          4.665844663576191 1.541836718413254 0.0000001
          4.665844663576191 1.541836718413254 0.387688988889
          4.6538596408377115 1.304032470637215 0.0000001
          4.6538596408377115 1.304032470637215 0.387688988889
          4.818276051148053 1.8397889436741834 0.0000001
          4.818276051148053 1.8397889436741834 0.3876889888889999
          4.778388902131202 1.662720401169094 0.0000001
          4.778388902131202 1.662720401169094 0.38768898888899994
          4.748766995364287 1.47810875886988 0.0000001
          4.748766995364287 1.47810875886988 0.387688988889
          4.730789461256568 1.2883316409558223 0.0000001
          4.730789461256568 1.2883316409558223 0.387688988889
          4.9243680681974 1.6740487073989119 0.0000001
          4.9243680681974 1.6740487073989119 0.38768898888899994
          4.871185202841604 1.5492434865587923 0.0000001
          4.871185202841604 1.5492434865587923 0.38768898888900005
          4.831689327152381 1.414380799326507 0.0000001
          4.831689327152381 1.414380799326507 0.38768898888900005
          4.807719281675423 1.2726308112744298 0.0000001
          4.807719281675423 1.2726308112744298 0.387688988889
          5.030460085246751 1.5083084711236392 0.0000001
          5.030460085246751 1.5083084711236392 0.387688988889
          4.963981503552006 1.4357665719484896 0.0000001
          4.963981503552006 1.4357665719484896 0.387688988889
          4.914611658940477 1.3506528397831337 0.0000001
          4.914611658940477 1.3506528397831337 0.387688988889
          4.884649102094279 1.2569299815930373 0.0000001
          4.884649102094279 1.2569299815930373 0.387688988889
          4.5751265277573205 1.0851644680359633 0.0000001
          4.5751265277573205 1.0851644680359633 0.38768898888900005
          4.578145967706336 0.8507364287756622 0.0000001
          4.578145967706336 0.8507364287756622 0.38768898888900005
          4.58582840740312 0.6175473430497072 0.0000001
          4.58582840740312 0.6175473430497072 0.38768898888900005
          4.597767434365033 0.3866298288859874 0.0000001
          4.597767434365033 0.3866298288859874 0.38768898888900005
          4.650253055514644 1.101981612071927 0.0000001
          4.650253055514644 1.101981612071927 0.3876889888890001
          4.656291935412669 0.9002123395513241 0.0000001
          4.656291935412669 0.9002123395513241 0.387688988889
          4.6716568148062425 0.7009209740994147 0.0000001
          4.6716568148062425 0.7009209740994147 0.3876889888890001
          4.695534868730066 0.5061727517719746 0.0000001
          4.695534868730066 0.5061727517719746 0.387688988889
          4.725379583271963 1.1187987561078898 0.0000001
          4.725379583271963 1.1187987561078898 0.38768898888900005
          4.734437903119005 0.9496882503269857 0.0000001
          4.734437903119005 0.9496882503269857 0.387688988889
          4.757485222209364 0.7842946051491215 0.0000001
          4.757485222209364 0.7842946051491215 0.38768898888900005
          4.793302303095098 0.625715674657962 0.0000001
          4.793302303095098 0.625715674657962 0.387688988889
          4.800506111029286 1.1356159001438533 0.0000001
          4.800506111029286 1.1356159001438533 0.38768898888900005
          4.812583870825342 0.999164161102648 0.0000001
          4.812583870825342 0.999164161102648 0.38768898888900005
          4.8433136296124815 0.8676682361988286 0.0000001
          4.8433136296124815 0.8676682361988286 0.3876889888890001
          4.89106973746013 0.7452585975439491 0.0000001
          4.89106973746013 0.7452585975439491 0.38768898888900005
          4.875632638786608 1.1524330441798167 0.0000001
          4.875632638786608 1.1524330441798167 0.387688988889
          4.890729838531676 1.0486400718783098 0.0000001
          4.890729838531676 1.0486400718783098 0.387688988889
          4.9291420370156045 0.9510418672485359 0.0000001
          4.9291420370156045 0.9510418672485359 0.387688988889
          4.988837171825164 0.8648015204299362 0.0000001
          4.988837171825164 0.8648015204299362 0.387688988889
          4.929653356569126 2.86191891684145 0.0000001
          4.768542245458334 2.9170169633333334 0.0000001
          4.929653356569126 2.86191891684145 0.38768898888900005
          4.768542245458334 2.9170169633333334 0.387688988889
          5.097953399256781 2.807859286846636 0.0000001
          5.097953399256781 2.807859286846636 0.387688988889
          5.2974913340276215 2.7699911056256945 0.0000001
          5.2974913340276215 2.7699911056256945 0.387688988889
          5.512763326460677 2.7632707184476337 0.0000001
          5.512763326460677 2.7632707184476337 0.387688988889
          5.728972484063672 2.7632707184475542 0.0000001
          5.728972484063672 2.7632707184475542 0.38768898888899994
          5.945181641666667 2.7632707184476666 0.0000001
          5.945181641666667 2.7632707184476666 0.387688988889
          5.117640046471584 3.052969673682899 0.0000001
          5.0370844909166665 3.1631657666666664 0.0000001
          5.117640046471584 3.052969673682899 0.38768898888899983
          5.0370844909166665 3.1631657666666664 0.387688988889
          5.212573465180227 2.94485041369327 0.0000001
          5.212573465180227 2.94485041369327 0.387688988889
          5.369982668055242 2.8691140512513895 0.0000001
          5.369982668055242 2.8691140512513895 0.38768898888900005
          5.558859986254686 2.855673276895268 0.0000001
          5.558859986254686 2.855673276895268 0.38768898888899983
          5.749611634794008 2.8556732768951085 0.0000001
          5.749611634794008 2.8556732768951085 0.38768898888899983
          5.940363283333333 2.8556732768953332 0.0000001
          5.940363283333333 2.8556732768953332 0.387688988889
          5.305626736374042 3.2440204305243476 0.0000001
          5.305626736375 3.40931457 0.0000001
          5.305626736374042 3.2440204305243476 0.387688988889
          5.305626736375 3.40931457 0.387688988889
          5.327193531103675 3.081841540539905 0.0000001
          5.327193531103675 3.081841540539905 0.387688988889
          5.4424740020828635 2.968236996877086 0.0000001
          5.4424740020828635 2.968236996877086 0.387688988889
          5.604956646048696 2.9480758353429017 0.0000001
          5.604956646048696 2.9480758353429017 0.387688988889
          5.770250785524348 2.9480758353426637 0.0000001
          5.770250785524348 2.9480758353426637 0.387688988889
          5.935544925 2.948075835343 0.0000001
          5.935544925 2.948075835343 0.387688988889
          6.158217478711671 2.7632707184474 0.0000001
          6.158217478711671 2.7632707184474 0.38768898888900005
          6.371250491495201 2.7634622081857714 0.0000001
          6.371250491495201 2.7634622081857714 0.387688988889
          6.579154994275797 2.783652421377877 0.0000001
          6.579154994275797 2.783652421377877 0.387688988889
          6.764239900029262 2.828624895397871 0.0000001
          6.764239900029262 2.828624895397871 0.387688988889
          6.926250578791556 2.8805072700661074 0.0000001
          6.926250578791556 2.8805072700661074 0.38768898888899994
          7.087361689902667 2.932431996 0.0000001
          7.087361689902667 2.932431996 0.387688988889
          6.124768290756674 2.8556732768948 0.0000001
          6.124768290756674 2.8556732768948 0.38768898888899983
          6.309167649657068 2.8560562563715424 0.0000001
          6.309167649657068 2.8560562563715424 0.387688988889
          6.483309988551592 2.8964366827557537 0.0000001
          6.483309988551592 2.8964366827557537 0.38768898888900005
          6.611813133391856 2.9863816307957416 0.0000001
          6.611813133391856 2.9863816307957416 0.38768898888899983
          6.694167824249778 3.0901463801322144 0.0000001
          6.694167824249778 3.0901463801322144 0.38768898888899983
          6.774723379805334 3.1939958319999997 0.0000001
          6.774723379805334 3.1939958319999997 0.387688988889
          6.091319102801679 2.948075835342201 0.0000001
          6.091319102801679 2.948075835342201 0.387688988889
          6.247084807818937 2.9486503045573143 0.0000001
          6.247084807818937 2.9486503045573143 0.387688988889
          6.387464982827387 3.0092209441336304 0.0000001
          6.387464982827387 3.0092209441336304 0.387688988889
          6.459386366754453 3.1441383661936126 0.0000001
          6.459386366754453 3.1441383661936126 0.387688988889
          6.462085069708 3.299785490198322 0.0000001
          6.462085069708 3.299785490198322 0.387688988889
          6.462085069708 3.455559668 0.0000001
          6.462085069708 3.455559668 0.387688988889
          7.4 3.0757234666666666 0.0000001
          7.087361689902668 3.253803628999999 0.0000001
          7.4 3.0757234666666666 0.387688988889
          7.087361689902668 3.253803628999999 0.387688988889
          7.4 3.4805787733333333 0.0000001
          7.08736168990267 3.5751752619999997 0.0000001
          7.4 3.4805787733333333 0.387688988889
          7.08736168990267 3.5751752619999997 0.387688988889
          7.4 3.88543408 0.0000001
          7.087361689902667 3.896546895 0.0000001
          7.4 3.88543408 0.387688988889
          7.087361689902667 3.896546895 0.387688988889
          6.774723379805334 3.4318837913333327 0.0000001
          6.774723379805334 3.4318837913333327 0.387688988889
          6.774723379805334 3.6697717506666665 0.0000001
          6.774723379805334 3.6697717506666665 0.38768898888899983
          6.774723379805334 3.907659710000001 0.0000001
          6.774723379805334 3.907659710000001 0.387688988889
          6.462085069708 3.609963953666667 0.0000001
          6.462085069708 3.609963953666667 0.387688988889
          6.462085069708 3.7643682393333338 0.0000001
          6.462085069708 3.7643682393333338 0.387688988889
          6.462085069708 3.918772525000001 0.0000001
          6.462085069708 3.918772525000001 0.387688988889
          7.4 4.290289386666666 0.0000001
          7.087361689902668 4.217918527999999 0.0000001
          7.4 4.290289386666666 0.387688988889
          7.087361689902668 4.217918527999999 0.387688988889
          7.4 4.695144693333333 0.0000001
          7.08736168990267 4.539290161 0.0000001
          7.4 4.695144693333333 0.387688988889
          7.08736168990267 4.539290161 0.387688988889
          7.4 5.1 0.0000001
          7.087361689902667 4.860661793999999 0.0000001
          7.4 5.1 0.387688988889
          7.087361689902667 4.860661793999999 0.387688988889
          6.774723379805334 4.145547669333332 0.0000001
          6.774723379805334 4.145547669333332 0.387688988889
          6.774723379805334 4.383435628666667 0.0000001
          6.774723379805334 4.383435628666667 0.38768898888899983
          6.774723379805334 4.621323588 0.0000001
          6.774723379805334 4.621323588 0.387688988889
          6.462085069708 4.073176810666667 0.0000001
          6.462085069708 4.073176810666667 0.387688988889
          6.462085069708 4.227581096333333 0.0000001
          6.462085069708 4.227581096333333 0.387688988889
          6.462085069708 4.381985382 0.0000001
          6.462085069708 4.381985382 0.387688988889
          7.158333333333333 5.1 0.0000001
          6.926250578791556 4.914603215411313 0.0000001
          7.158333333333333 5.1 0.387688988889
          6.926250578791556 4.914603215411313 0.38768898888900005
          6.916666666666667 5.1 0.0000001
          6.765110410182145 4.968544577065957 0.0000001
          6.916666666666667 5.1 0.387688988889
          6.765110410182145 4.968544577065957 0.387688988889
          6.675000000000001 5.1 0.0000001
          6.58451889407862 5.017688485442158 0.0000001
          6.675000000000001 5.1 0.387688988889
          6.58451889407862 5.017688485442158 0.387688988889
          6.433333333333334 5.1 0.0000001
          6.376852034561645 5.042731898857983 0.0000001
          6.433333333333334 5.1 0.387688988889
          6.376852034561645 5.042731898857983 0.387688988889
          6.191666666666666 5.1 0.0000001
          6.161834170855758 5.043525278447667 0.0000001
          6.191666666666666 5.1 0.387688988889
          6.161834170855758 5.043525278447667 0.38768898888899994
          5.95 5.1 0.0000001
          5.946781638333333 5.0435252784476665 0.0000001
          5.95 5.1 0.387688988889
          5.946781638333333 5.0435252784476665 0.387688988889
          6.694167824249777 4.729206430822629 0.0000001
          6.694167824249777 4.729206430822629 0.38768898888899983
          6.613554153697629 4.8370891541319185 0.0000001
          6.613554153697629 4.8370891541319185 0.387688988889
          6.494037788157239 4.935376970884317 0.0000001
          6.494037788157239 4.935376970884317 0.38768898888900005
          6.320370735789954 4.985463797715966 0.0000001
          6.320370735789954 4.985463797715966 0.38768898888899983
          6.132001675044849 4.987050556895333 0.0000001
          6.132001675044849 4.987050556895333 0.38768898888899983
          5.943563276666667 4.987050556895333 0.0000001
          5.943563276666667 4.987050556895333 0.387688988889
          6.462085069708 4.543809646233942 0.0000001
          6.462085069708 4.543809646233942 0.387688988889
          6.461997897213107 4.705633731197878 0.0000001
          6.461997897213107 4.705633731197878 0.387688988889
          6.403556682235859 4.853065456326474 0.0000001
          6.403556682235859 4.853065456326474 0.387688988889
          6.263889437018264 4.928195696573951 0.0000001
          6.263889437018264 4.928195696573951 0.387688988889
          6.102169179233942 4.930575835343 0.0000001
          6.102169179233942 4.930575835343 0.387688988889
          5.940344915 4.930575835343 0.0000001
          5.940344915 4.930575835343 0.387688988889
          5.708333333333334 5.1 0.0000001
          5.727804300228519 5.043525278447666 0.0000001
          5.708333333333334 5.1 0.387688988889
          5.727804300228519 5.043525278447666 0.38768898888900005
          5.466666666666667 5.1 0.0000001
          5.5088269621237025 5.043525278447667 0.0000001
          5.466666666666667 5.1 0.387688988889
          5.5088269621237025 5.043525278447667 0.387688988889
          5.225 5.1 0.0000001
          5.2914951872036555 5.0338032010304286 0.0000001
          5.225 5.1 0.387688988889
          5.2914951872036555 5.0338032010304286 0.387688988889
          4.983333333333333 5.1 0.0000001
          5.094494368408036 4.990118092340118 0.0000001
          4.983333333333333 5.1 0.387688988889
          5.094494368408036 4.990118092340118 0.387688988889
          4.741666666666667 5.1 0.0000001
          4.929653356569423 4.93263320566037 0.0000001
          4.741666666666667 5.1 0.387688988889
          4.929653356569423 4.93263320566037 0.38768898888899994
          4.768542245458334 4.874766978666666 0.0000001
          4.768542245458334 4.874766978666666 0.387688988889
          5.747275267123703 4.987050556895334 0.0000001
          5.747275267123703 4.987050556895334 0.38768898888899983
          5.550987257580739 4.987050556895335 0.0000001
          5.550987257580739 4.987050556895335 0.387688988889
          5.35799037440731 4.9676064020608575 0.0000001
          5.35799037440731 4.9676064020608575 0.38768898888900005
          5.20565540348274 4.8802361846802365 0.0000001
          5.20565540348274 4.8802361846802365 0.38768898888899983
          5.117640046472177 4.765266411320743 0.0000001
          5.117640046472177 4.765266411320743 0.38768898888899983
          5.0370844909166665 4.649533957333333 0.0000001
          5.0370844909166665 4.649533957333333 0.387688988889
          5.766746234018886 4.930575835343 0.0000001
          5.766746234018886 4.930575835343 0.387688988889
          5.593147553037774 4.930575835343 0.0000001
          5.593147553037774 4.930575835343 0.387688988889
          5.424485561610966 4.9014096030912855 0.0000001
          5.424485561610966 4.9014096030912855 0.387688988889
          5.316816438557443 4.7703542770203535 0.0000001
          5.316816438557443 4.7703542770203535 0.387688988889
          5.305626736374934 4.597899616981113 0.0000001
          5.305626736374934 4.597899616981113 0.387688988889
          5.305626736375 4.424300936 0.0000001
          5.305626736375 4.424300936 0.387688988889
          4.768542245458247 4.640531836166665 0.0000001
          4.768542245458247 4.640531836166665 0.387688988889
          4.768542245458334 4.4062966936666665 0.0000001
          4.768542245458334 4.4062966936666665 0.387688988889
          5.037084490916492 4.471697327333332 0.0000001
          5.037084490916492 4.471697327333332 0.38768898888900005
          5.0370844909166665 4.293860697333334 0.0000001
          5.0370844909166665 4.293860697333334 0.387688988889
          5.305626736374739 4.3028628184999995 0.0000001
          5.305626736374739 4.3028628184999995 0.387688988889
          5.305626736375 4.181424701 0.0000001
          5.305626736375 4.181424701 0.387688988889
          4.768542245458193 4.172061551333332 0.0000001
          4.768542245458193 4.172061551333332 0.387688988889
          4.768542245458334 3.937826409 0.0000001
          4.768542245458334 3.937826409 0.387688988889
          5.037084490916385 4.116024067666666 0.0000001
          5.037084490916385 4.116024067666666 0.38768898888900005
          5.0370844909166665 3.938187438 0.0000001
          5.0370844909166665 3.938187438 0.387688988889
          5.305626736374579 4.059986584 0.0000001
          5.305626736374579 4.059986584 0.387688988889
          5.305626736375 3.938548467 0.0000001
          5.305626736375 3.938548467 0.387688988889
          4.768542245458138 3.682624047666667 0.0000001
          4.768542245458138 3.682624047666667 0.387688988889
          4.768542245458334 3.4274216863333336 0.0000001
          4.768542245458334 3.4274216863333336 0.387688988889
          5.037084490916273 3.744432020333334 0.0000001
          5.037084490916273 3.744432020333334 0.38768898888900005
          5.0370844909166665 3.5506766026666665 0.0000001
          5.0370844909166665 3.5506766026666665 0.387688988889
          5.305626736374412 3.806239993 0.0000001
          5.305626736374412 3.806239993 0.387688988889
          5.305626736375 3.673931519 0.0000001
          5.305626736375 3.673931519 0.387688988889
          4.76854224545808 3.172219324833333 0.0000001
          4.76854224545808 3.172219324833333 0.387688988889
          5.037084490916158 3.3569211846666667 0.0000001
          5.037084490916158 3.3569211846666667 0.38768898888900005
          5.305626736374238 3.5416230444999997 0.0000001
          5.305626736374238 3.5416230444999997 0.387688988889
          8.7833334 0.90000005 0.0000001
          8.552777833333334 0.90000005 0.0000001
          8.552777833333334 0.45000007499999994 0.0000001
          8.7833334 0.450000075 0.0000001
          8.7833334 0.90000005 0.387688988889
          8.552777833333334 0.90000005 0.387688988889
          8.552777833333334 0.45000007499999994 0.38768898888900005
          8.7833334 0.450000075 0.387688988889
          8.322222266666667 0.90000005 0.0000001
          8.322222266666667 0.450000075 0.0000001
          8.322222266666667 0.90000005 0.387688988889
          8.322222266666667 0.450000075 0.387688988889
          8.091666700000001 0.90000005 0.0000001
          8.091666700000001 0.45000007499999994 0.0000001
          8.091666700000001 0.90000005 0.387688988889
          8.091666700000001 0.45000007499999994 0.387688988889
          7.861111133333333 0.90000005 0.0000001
          7.861111133333333 0.450000075 0.0000001
          7.861111133333333 0.90000005 0.387688988889
          7.861111133333333 0.450000075 0.38768898888900005
          7.630555566666667 0.90000005 0.0000001
          7.630555566666666 0.45000007499999983 0.0000001
          7.630555566666667 0.90000005 0.387688988889
          7.630555566666666 0.45000007499999983 0.387688988889
          8.552777833333334 0.0000001 0.0000001
          8.7833334 0.0000001 0.0000001
          8.552777833333334 0.0000001 0.387688988889
          8.7833334 0.0000001 0.387688988889
          8.322222266666666 0.0000001 0.0000001
          8.322222266666666 0.0000001 0.387688988889
          8.0916667 0.0000001 0.0000001
          8.0916667 0.0000001 0.387688988889
          7.861111133333332 0.0000001 0.0000001
          7.861111133333332 0.0000001 0.387688988889
          7.630555566666666 0.0000001 0.0000001
          7.630555566666666 0.0000001 0.387688988889
          9.013888961111167 0.45000007500000005 0.0000001
          9.013888961111167 0.9000000500000003 0.0000001
          9.013888961111167 0.45000007500000005 0.38768898888899994
          9.013888961111167 0.9000000500000003 0.387688988889
          9.013888961111167 0.0000001 0.0000001
          9.013888961111167 0.0000001 0.387688988889
          9.244444522222333 0.4500000750000002 0.0000001
          9.244444522222333 0.9000000500000005 0.0000001
          9.244444522222333 0.4500000750000002 0.387688988889
          9.244444522222333 0.9000000500000005 0.387688988889
          9.244444522222333 0.0000001 0.0000001
          9.244444522222333 0.0000001 0.387688988889
          9.4750000833335 0.45000007500000033 0.0000001
          9.4750000833335 0.9000000500000007 0.0000001
          9.4750000833335 0.45000007500000033 0.387688988889
          9.4750000833335 0.9000000500000007 0.387688988889
          9.4750000833335 0.0000001 0.0000001
          9.4750000833335 0.0000001 0.387688988889
          9.705555644444665 0.4500000750000005 0.0000001
          9.705555644444667 0.9000000500000009 0.0000001
          9.705555644444665 0.4500000750000005 0.38768898888900005
          9.705555644444667 0.9000000500000009 0.387688988889
          9.705555644444667 0.0000001 0.0000001
          9.705555644444667 0.0000001 0.387688988889
          9.936111205555832 0.4500000750000005 0.0000001
          9.936111205555832 0.9000000500000012 0.0000001
          9.936111205555832 0.4500000750000005 0.387688988889
          9.936111205555832 0.9000000500000012 0.387688988889
          9.936111205555832 0.0000001 0.0000001
          9.936111205555832 0.0000001 0.387688988889
          10.166666766667 0.45000007500000067 0.0000001
          10.166666766667 0.9000000500000014 0.0000001
          10.166666766667 0.45000007500000067 0.387688988889
          10.166666766667 0.9000000500000014 0.387688988889
          10.166666766667 0.0000001 0.0000001
          10.166666766667 0.0000001 0.387688988889
          9.013888961111167 1.350000025 0.0000001
          8.7833334 1.350000025 0.0000001
          9.013888961111167 1.350000025 0.38768898888900005
          8.7833334 1.350000025 0.387688988889
          9.24444452222233 1.3500000250000002 0.0000001
          9.24444452222233 1.3500000250000002 0.387688988889
          9.4750000833335 1.3500000250000004 0.0000001
          9.4750000833335 1.3500000250000004 0.387688988889
          9.705555644444665 1.3500000250000004 0.0000001
          9.705555644444665 1.3500000250000004 0.38768898888900005
          9.936111205555832 1.3500000250000004 0.0000001
          9.936111205555832 1.3500000250000004 0.387688988889
          10.166666766667 1.3500000250000004 0.0000001
          10.166666766667 1.3500000250000004 0.387688988889
          9.013888961111167 1.7999999999999998 0.0000001
          8.7833334 1.8 0.0000001
          9.013888961111167 1.7999999999999998 0.387688988889
          8.7833334 1.8 0.387688988889
          9.244444522222333 1.7999999999999998 0.0000001
          9.244444522222333 1.7999999999999998 0.387688988889
          9.4750000833335 1.7999999999999998 0.0000001
          9.4750000833335 1.7999999999999998 0.387688988889
          9.705555644444667 1.7999999999999996 0.0000001
          9.705555644444667 1.7999999999999996 0.387688988889
          9.936111205555832 1.7999999999999994 0.0000001
          9.936111205555832 1.7999999999999994 0.387688988889
          10.166666766667 1.7999999999999994 0.0000001
          10.166666766667 1.7999999999999994 0.387688988889
          8.552777833333334 1.350000025 0.0000001
          8.552777833333334 1.350000025 0.38768898888899994
          8.552777833333334 1.8 0.0000001
          8.552777833333334 1.8 0.387688988889
          8.322222266666667 1.3500000249999997 0.0000001
          8.322222266666667 1.3500000249999997 0.387688988889
          8.322222266666667 1.8 0.0000001
          8.322222266666667 1.8 0.387688988889
          8.091666700000003 1.350000025 0.0000001
          8.091666700000003 1.350000025 0.387688988889
          8.091666700000001 1.8 0.0000001
          8.091666700000001 1.8 0.387688988889
          7.861111133333332 1.350000025 0.0000001
          7.861111133333332 1.350000025 0.38768898888900005
          7.861111133333333 1.8 0.0000001
          7.861111133333333 1.8 0.387688988889
          7.630555566666667 1.350000025 0.0000001
          7.630555566666667 1.350000025 0.387688988889
          7.630555566666667 1.8 0.0000001
          7.630555566666667 1.8 0.387688988889
          7.873923353760778 2.085950471690246 0.0000001
          7.720219642649667 2.1294545113333334 0.0000001
          7.873923353760778 2.085950471690246 0.38768898888900005
          7.720219642649667 2.1294545113333334 0.387688988889
          8.032681177737654 2.0431353159674437 0.0000001
          8.032681177737654 2.0431353159674437 0.387688988889
          8.216050614072275 2.0125779558220325 0.0000001
          8.216050614072275 2.0125779558220325 0.387688988889
          8.412409914824934 2.0067823817459995 0.0000001
          8.412409914824934 2.0067823817459995 0.387688988889
          8.609617665579137 2.0067823817460004 0.0000001
          8.609617665579137 2.0067823817460004 0.38768898888899994
          8.806825416333334 2.0067823817463335 0.0000001
          8.806825416333334 2.0067823817463335 0.387688988889
          8.11729114085489 2.3719009433804907 0.0000001
          8.040439285299334 2.458909022666667 0.0000001
          8.11729114085489 2.3719009433804907 0.38768898888899983
          8.040439285299334 2.458909022666667 0.387688988889
          8.204251222141973 2.2862706319348867 0.0000001
          8.204251222141973 2.2862706319348867 0.387688988889
          8.340434528144552 2.2251559116440642 0.0000001
          8.340434528144552 2.2251559116440642 0.38768898888900005
          8.502597562983203 2.213564763492 0.0000001
          8.502597562983203 2.213564763492 0.38768898888899983
          8.666457497824933 2.2135647634919997 0.0000001
          8.666457497824933 2.2135647634919997 0.38768898888899983
          8.830317432666666 2.2135647634926667 0.0000001
          8.830317432666666 2.2135647634926667 0.387688988889
          8.360658927949 2.657851415070737 0.0000001
          8.360658927949 2.788363534 0.0000001
          8.360658927949 2.657851415070737 0.387688988889
          8.360658927949 2.788363534 0.387688988889
          8.375821266546296 2.5294059479023305 0.0000001
          8.375821266546296 2.5294059479023305 0.387688988889
          8.464818442216828 2.4377338674660964 0.0000001
          8.464818442216828 2.4377338674660964 0.387688988889
          8.592785211141473 2.420347145238 0.0000001
          8.592785211141473 2.420347145238 0.387688988889
          8.723297330070736 2.420347145238 0.0000001
          8.723297330070736 2.420347145238 0.387688988889
          8.853809449 2.420347145239 0.0000001
          8.853809449 2.420347145239 0.387688988889
          9.005984970804423 2.006782381746 0.0000001
          9.005984970804423 2.006782381746 0.38768898888900005
          9.205144525275514 2.006782381746 0.0000001
          9.205144525275514 2.006782381746 0.387688988889
          9.404304079746606 2.006782381746 0.0000001
          9.404304079746606 2.006782381746 0.387688988889
          9.603463195366649 2.006853780718512 0.0000001
          9.603463195366649 2.006853780718512 0.387688988889
          9.79764860169619 2.0251209557445105 0.0000001
          9.79764860169619 2.0251209557445105 0.38768898888899994
          9.96849350241237 2.066092135361894 0.0000001
          9.96849350241237 2.066092135361894 0.387688988889
          8.99808098049768 2.2135647634919993 0.0000001
          8.99808098049768 2.2135647634919993 0.38768898888899983
          9.165844528328693 2.2135647634919997 0.0000001
          9.165844528328693 2.2135647634919997 0.387688988889
          9.333608076159708 2.213564763492 0.0000001
          9.333608076159708 2.213564763492 0.38768898888900005
          9.501370746288632 2.213707561437025 0.0000001
          9.501370746288632 2.213707561437025 0.38768898888899983
          9.659185997836552 2.2502419114890233 0.0000001
          9.659185997836552 2.2502419114890233 0.38768898888899983
          9.770320238157742 2.332184270723789 0.0000001
          9.770320238157742 2.332184270723789 0.387688988889
          8.990176990190935 2.420347145238 0.0000001
          8.990176990190935 2.420347145238 0.387688988889
          9.126544531381873 2.420347145238 0.0000001
          9.126544531381873 2.420347145238 0.387688988889
          9.26291207257281 2.420347145238 0.0000001
          9.26291207257281 2.420347145238 0.387688988889
          9.399278297210616 2.420561342155538 0.0000001
          9.399278297210616 2.420561342155538 0.387688988889
          9.520723393976912 2.4753628672335344 0.0000001
          9.520723393976912 2.4753628672335344 0.387688988889
          9.572146973903113 2.5982764060856836 0.0000001
          9.572146973903113 2.5982764060856836 0.387688988889
          10.166666766667 2.2124999999999995 0.0000001
          9.96850674635371 2.4104840182715757 0.0000001
          10.166666766667 2.2124999999999995 0.387688988889
          9.96850674635371 2.4104840182715757 0.38768898888899983
          10.166666766667 2.625 0.0000001
          9.96850674635375 2.754875911292161 0.0000001
          10.166666766667 2.625 0.387688988889
          9.96850674635375 2.754875911292161 0.387688988889
          10.166666766667 3.0375000000000005 0.0000001
          9.968506746353794 3.099267804312748 0.0000001
          10.166666766667 3.0375000000000005 0.387688988889
          9.968506746353794 3.099267804312748 0.387688988889
          10.166666766667 3.4500000000000006 0.0000001
          9.968506746353667 3.4436596973333335 0.0000001
          10.166666766667 3.4500000000000006 0.387688988889
          9.968506746353667 3.4436596973333335 0.387688988889
          9.770346726040417 2.6084680365431527 0.0000001
          9.770346726040417 2.6084680365431527 0.3876889888889999
          9.770346726040504 2.884751822584323 0.0000001
          9.770346726040504 2.884751822584323 0.38768898888900005
          9.77034672604059 3.161035608625496 0.0000001
          9.77034672604059 3.161035608625496 0.3876889888889999
          9.770346726040334 3.4373193946666665 0.0000001
          9.770346726040334 3.4373193946666665 0.387688988889
          9.572186705727127 2.8064520548147285 0.0000001
          9.572186705727127 2.8064520548147285 0.387688988889
          9.572186705727255 3.0146277338764853 0.0000001
          9.572186705727255 3.0146277338764853 0.387688988889
          9.572186705727384 3.2228034129382426 0.0000001
          9.572186705727384 3.2228034129382426 0.387688988889
          9.572186705727 3.4309790919999994 0.0000001
          9.572186705727 3.4309790919999994 0.387688988889
          10.166666766667 3.8625000000000003 0.0000001
          9.96850674635388 3.787624672924067 0.0000001
          10.166666766667 3.8625000000000003 0.387688988889
          9.96850674635388 3.787624672924067 0.38768898888899983
          10.166666766667 4.275 0.0000001
          9.968506746353924 4.131589648514799 0.0000001
          10.166666766667 4.275 0.387688988889
          9.968506746353924 4.131589648514799 0.387688988889
          10.166666766667 4.6875 0.0000001
          9.968506746353965 4.4755546241055315 0.0000001
          10.166666766667 4.6875 0.387688988889
          9.968506746353965 4.4755546241055315 0.387688988889
          10.166666766667 5.1 0.0000001
          9.967223815526733 4.8194403230019205 0.0000001
          10.166666766667 5.1 0.387688988889
          9.967223815526733 4.8194403230019205 0.387688988889
          9.77034672604076 3.7127493458481324 0.0000001
          9.77034672604076 3.7127493458481324 0.3876889888889999
          9.770346726040845 3.988179297029599 0.0000001
          9.770346726040845 3.988179297029599 0.38768898888900005
          9.770346726040932 4.263609248211064 0.0000001
          9.770346726040932 4.263609248211064 0.3876889888889999
          9.767780864386468 4.5388806460038404 0.0000001
          9.767780864386468 4.5388806460038404 0.387688988889
          9.57218670572764 3.637874018772199 0.0000001
          9.57218670572764 3.637874018772199 0.387688988889
          9.572186705727768 3.8447689455443976 0.0000001
          9.572186705727768 3.8447689455443976 0.387688988889
          9.572186705727896 4.051663872316596 0.0000001
          9.572186705727896 4.051663872316596 0.387688988889
          9.568337913246202 4.258320969005761 0.0000001
          9.568337913246202 4.258320969005761 0.387688988889
          9.936111205555832 5.1 0.0000001
          9.790865031262797 4.855279640384198 0.0000001
          9.936111205555832 5.1 0.387688988889
          9.790865031262797 4.855279640384198 0.38768898888900005
          9.705555644444667 5.1 0.0000001
          9.596555742712034 4.867615715079667 0.0000001
          9.705555644444667 5.1 0.387688988889
          9.596555742712034 4.867615715079667 0.387688988889
          9.4750000833335 5.1 0.0000001
          9.399550061034027 4.867615715079666 0.0000001
          9.4750000833335 5.1 0.387688988889
          9.399550061034027 4.867615715079666 0.387688988889
          9.244444522222333 5.1 0.0000001
          9.202544379356016 4.867615715079667 0.0000001
          9.244444522222333 5.1 0.387688988889
          9.202544379356016 4.867615715079667 0.387688988889
          9.013888961111167 5.1 0.0000001
          9.005538697678006 4.867615715079666 0.0000001
          9.013888961111167 5.1 0.387688988889
          9.005538697678006 4.867615715079666 0.38768898888899994
          8.7833334 5.1 0.0000001
          8.808533016 4.867615715079666 0.0000001
          8.7833334 5.1 0.387688988889
          8.808533016 4.867615715079666 0.387688988889
          9.645618856969769 4.610559280768392 0.0000001
          9.645618856969769 4.610559280768392 0.38768898888899983
          9.487555840979404 4.635231430159334 0.0000001
          9.487555840979404 4.635231430159334 0.387688988889
          9.324100038734553 4.635231430159333 0.0000001
          9.324100038734553 4.635231430159333 0.38768898888900005
          9.160644236489702 4.635231430159333 0.0000001
          9.160644236489702 4.635231430159333 0.38768898888899983
          8.99718843424485 4.635231430159333 0.0000001
          8.99718843424485 4.635231430159333 0.38768898888899983
          8.833732632 4.635231430159333 0.0000001
          8.833732632 4.635231430159333 0.387688988889
          9.500372682676735 4.36583892115259 0.0000001
          9.500372682676735 4.36583892115259 0.387688988889
          9.378555939246771 4.402847145239 0.0000001
          9.378555939246771 4.402847145239 0.387688988889
          9.248650016435079 4.402847145239 0.0000001
          9.248650016435079 4.402847145239 0.387688988889
          9.118744093623386 4.402847145239 0.0000001
          9.118744093623386 4.402847145239 0.387688988889
          8.988838170811693 4.402847145239 0.0000001
          8.988838170811693 4.402847145239 0.387688988889
          8.858932248 4.402847145239 0.0000001
          8.858932248 4.402847145239 0.387688988889
          8.552777833333334 5.1 0.0000001
          8.612690465710607 4.867615715079666 0.0000001
          8.552777833333334 5.1 0.387688988889
          8.612690465710607 4.867615715079666 0.38768898888900005
          8.322222266666667 5.1 0.0000001
          8.416847915421215 4.867615715079667 0.0000001
          8.322222266666667 5.1 0.387688988889
          8.416847915421215 4.867615715079667 0.387688988889
          8.091666700000001 5.1 0.0000001
          8.221411421726389 4.86404304013757 0.0000001
          8.091666700000001 5.1 0.387688988889
          8.221411421726389 4.86404304013757 0.387688988889
          7.861111133333333 5.1 0.0000001
          8.03593121413844 4.837651608949142 0.0000001
          7.861111133333333 5.1 0.387688988889
          8.03593121413844 4.837651608949142 0.387688988889
          7.630555566666667 5.1 0.0000001
          7.873923353760777 4.796983143178283 0.0000001
          7.630555566666667 5.1 0.387688988889
          7.873923353760777 4.796983143178283 0.38768898888899994
          7.720219642649667 4.754844304 0.0000001
          7.720219642649667 4.754844304 0.387688988889
          8.67260309808788 4.635231430159334 0.0000001
          8.67260309808788 4.635231430159334 0.38768898888899983
          8.51147356417576 4.635231430159333 0.0000001
          8.51147356417576 4.635231430159333 0.387688988889
          8.35115614345278 4.628086080275143 0.0000001
          8.35115614345278 4.628086080275143 0.38768898888900005
          8.210751294943554 4.575303217898285 0.0000001
          8.210751294943554 4.575303217898285 0.38768898888899983
          8.117291140854888 4.4939662863565655 0.0000001
          8.117291140854888 4.4939662863565655 0.38768898888899983
          8.040439285299334 4.409688608 0.0000001
          8.040439285299334 4.409688608 0.387688988889
          8.732515730465153 4.402847145239 0.0000001
          8.732515730465153 4.402847145239 0.387688988889
          8.606099212930307 4.402847145239 0.0000001
          8.606099212930307 4.402847145239 0.387688988889
          8.480900865179171 4.392129120412714 0.0000001
          8.480900865179171 4.392129120412714 0.387688988889
          8.385571375748661 4.312954826847428 0.0000001
          8.385571375748661 4.312954826847428 0.387688988889
          8.360658927949 4.1909494295348475 0.0000001
          8.360658927949 4.1909494295348475 0.387688988889
          8.360658927949 4.064532912 0.0000001
          8.360658927949 4.064532912 0.387688988889
          7.720219642649668 4.432752489 0.0000001
          7.720219642649668 4.432752489 0.387688988889
          7.720219642649667 4.110660674 0.0000001
          7.720219642649667 4.110660674 0.387688988889
          7.720219642649667 3.788568859 0.0000001
          7.720219642649667 3.788568859 0.387688988889
          8.040439285299332 4.170360284666667 0.0000001
          8.040439285299332 4.170360284666667 0.387688988889
          8.040439285299334 3.931031961333332 0.0000001
          8.040439285299334 3.931031961333332 0.38768898888899983
          8.040439285299334 3.691703638 0.0000001
          8.040439285299334 3.691703638 0.387688988889
          8.360658927949 3.907968080333333 0.0000001
          8.360658927949 3.907968080333333 0.387688988889
          8.360658927949 3.7514032486666666 0.0000001
          8.360658927949 3.7514032486666666 0.387688988889
          8.360658927949 3.594838417 0.0000001
          8.360658927949 3.594838417 0.387688988889
          7.720219642649668 3.466477043888889 0.0000001
          7.720219642649668 3.466477043888889 0.387688988889
          7.720219642649667 3.144385228777778 0.0000001
          7.720219642649667 3.144385228777778 0.387688988889
          7.720219642649667 2.8222934136666664 0.0000001
          7.720219642649667 2.8222934136666664 0.387688988889
          8.040439285299332 3.4523753144444447 0.0000001
          8.040439285299332 3.4523753144444447 0.387688988889
          8.040439285299334 3.2130469908888886 0.0000001
          8.040439285299334 3.2130469908888886 0.38768898888899983
          8.040439285299334 2.9737186673333333 0.0000001
          8.040439285299334 2.9737186673333333 0.387688988889
          8.360658927949 3.438273585 0.0000001
          8.360658927949 3.438273585 0.387688988889
          8.360658927949 3.2817087529999998 0.0000001
          8.360658927949 3.2817087529999998 0.387688988889
          8.360658927949 3.125143921 0.0000001
          8.360658927949 3.125143921 0.387688988889
          7.720219642649667 2.4758739623333335 0.0000001
          7.720219642649667 2.4758739623333335 0.387688988889
          8.040439285299334 2.716313844666667 0.0000001
          8.040439285299334 2.716313844666667 0.387688988889
          8.360658927949 2.956753727 0.0000001
          8.360658927949 2.956753727 0.387688988889
          5.95 5.854166715 0.0000001
          5.708333333333334 5.854166715 0.0000001
          5.708333333333334 5.602777809999999 0.0000001
          5.95 5.60277781 0.0000001
          5.95 5.854166715 0.387688988889
          5.708333333333334 5.854166715 0.387688988889
          5.708333333333334 5.602777809999999 0.38768898888900005
          5.95 5.60277781 0.387688988889
          5.466666666666667 5.854166715 0.0000001
          5.466666666666667 5.60277781 0.0000001
          5.466666666666667 5.854166715 0.387688988889
          5.466666666666667 5.60277781 0.387688988889
          5.225 5.854166715 0.0000001
          5.224999999999999 5.60277781 0.0000001
          5.225 5.854166715 0.387688988889
          5.224999999999999 5.60277781 0.387688988889
          4.983333333333333 5.854166715 0.0000001
          4.983333333333333 5.60277781 0.0000001
          4.983333333333333 5.854166715 0.387688988889
          4.983333333333333 5.60277781 0.387688988889
          4.741666666666667 5.854166715 0.0000001
          4.741666666666667 5.60277781 0.0000001
          4.741666666666667 5.854166715 0.387688988889
          4.741666666666667 5.60277781 0.38768898888899994
          5.708333333333334 5.3513889049999985 0.0000001
          5.95 5.351388904999999 0.0000001
          5.708333333333334 5.3513889049999985 0.38768898888899983
          5.95 5.351388904999999 0.387688988889
          5.466666666666667 5.351388905000001 0.0000001
          5.466666666666667 5.351388905000001 0.387688988889
          5.224999999999999 5.3513889049999985 0.0000001
          5.224999999999999 5.3513889049999985 0.38768898888900005
          4.983333333333333 5.3513889049999985 0.0000001
          4.983333333333333 5.3513889049999985 0.38768898888899983
          4.741666666666667 5.3513889049999985 0.0000001
          4.741666666666667 5.3513889049999985 0.38768898888899983
          6.191666666666667 5.602777809999999 0.0000001
          6.191666666666666 5.854166715 0.0000001
          6.191666666666667 5.602777809999999 0.38768898888899994
          6.191666666666666 5.854166715 0.387688988889
          6.1916666666666655 5.351388905 0.0000001
          6.1916666666666655 5.351388905 0.387688988889
          6.433333333333334 5.60277781 0.0000001
          6.433333333333334 5.854166715 0.0000001
          6.433333333333334 5.60277781 0.387688988889
          6.433333333333334 5.854166715 0.387688988889
          6.433333333333334 5.351388905000001 0.0000001
          6.433333333333334 5.351388905000001 0.387688988889
          6.675 5.60277781 0.0000001
          6.675000000000001 5.854166715 0.0000001
          6.675 5.60277781 0.387688988889
          6.675000000000001 5.854166715 0.387688988889
          6.675000000000001 5.351388904999999 0.0000001
          6.675000000000001 5.351388904999999 0.38768898888900005
          6.916666666666666 5.60277781 0.0000001
          6.916666666666667 5.854166715 0.0000001
          6.916666666666666 5.60277781 0.387688988889
          6.916666666666667 5.854166715 0.387688988889
          6.916666666666667 5.3513889049999985 0.0000001
          6.916666666666667 5.3513889049999985 0.38768898888899983
          7.158333333333333 5.602777809999999 0.0000001
          7.158333333333333 5.854166715 0.0000001
          7.158333333333333 5.602777809999999 0.387688988889
          7.158333333333333 5.854166715 0.387688988889
          7.158333333333332 5.3513889049999985 0.0000001
          7.158333333333332 5.3513889049999985 0.38768898888899994
          7.4 5.60277781 0.0000001
          7.4 5.854166715 0.0000001
          7.4 5.60277781 0.387688988889
          7.4 5.854166715 0.387688988889
          7.4 5.351388904999999 0.0000001
          7.4 5.351388904999999 0.387688988889
          6.1916666666666655 6.105555621110998 0.0000001
          5.95 6.105555621111 0.0000001
          6.1916666666666655 6.105555621110998 0.38768898888900005
          5.95 6.105555621111 0.387688988889
          6.433333333333333 6.105555621111 0.0000001
          6.433333333333333 6.105555621111 0.387688988889
          6.675 6.105555621110999 0.0000001
          6.675 6.105555621110999 0.387688988889
          6.916666666666666 6.105555621111 0.0000001
          6.916666666666666 6.105555621111 0.387688988889
          7.158333333333331 6.105555621111 0.0000001
          7.158333333333331 6.105555621111 0.38768898888899994
          7.4 6.105555621111 0.0000001
          7.4 6.105555621111 0.387688988889
          6.1916666666666655 6.356944527222001 0.0000001
          5.95 6.356944527222 0.0000001
          6.1916666666666655 6.356944527222001 0.38768898888899983
          5.95 6.356944527222 0.387688988889
          6.433333333333334 6.356944527222 0.0000001
          6.433333333333334 6.356944527222 0.387688988889
          6.675000000000001 6.356944527222 0.0000001
          6.675000000000001 6.356944527222 0.38768898888900005
          6.916666666666667 6.356944527222 0.0000001
          6.916666666666667 6.356944527222 0.38768898888899983
          7.158333333333331 6.356944527222 0.0000001
          7.158333333333331 6.356944527222 0.38768898888899983
          7.4 6.356944527222 0.0000001
          7.4 6.356944527222 0.387688988889
          6.191666666666666 6.608333433333 0.0000001
          5.95 6.608333433333 0.0000001
          6.191666666666666 6.608333433333 0.387688988889
          5.95 6.608333433333 0.387688988889
          6.433333333333334 6.608333433333 0.0000001
          6.433333333333334 6.608333433333 0.387688988889
          6.675000000000001 6.608333433333 0.0000001
          6.675000000000001 6.608333433333 0.387688988889
          6.916666666666667 6.608333433333 0.0000001
          6.916666666666667 6.608333433333 0.387688988889
          7.158333333333333 6.608333433333 0.0000001
          7.158333333333333 6.608333433333 0.387688988889
          7.4 6.608333433333 0.0000001
          7.4 6.608333433333 0.387688988889
          5.708333333333334 6.105555621110999 0.0000001
          5.708333333333334 6.105555621110999 0.38768898888899994
          5.708333333333334 6.356944527222 0.0000001
          5.708333333333334 6.356944527222 0.387688988889
          5.708333333333334 6.608333433333 0.0000001
          5.708333333333334 6.608333433333 0.387688988889
          5.466666666666667 6.105555621110999 0.0000001
          5.466666666666667 6.105555621110999 0.387688988889
          5.466666666666667 6.356944527222 0.0000001
          5.466666666666667 6.356944527222 0.387688988889
          5.466666666666667 6.608333433333 0.0000001
          5.466666666666667 6.608333433333 0.387688988889
          5.224999999999999 6.105555621111 0.0000001
          5.224999999999999 6.105555621111 0.387688988889
          5.225 6.356944527222 0.0000001
          5.225 6.356944527222 0.38768898888900005
          5.225 6.608333433333 0.0000001
          5.225 6.608333433333 0.387688988889
          4.983333333333333 6.105555621111 0.0000001
          4.983333333333333 6.105555621111 0.387688988889
          4.983333333333333 6.356944527222 0.0000001
          4.983333333333333 6.356944527222 0.38768898888899983
          4.983333333333333 6.608333433333 0.0000001
          4.983333333333333 6.608333433333 0.387688988889
          4.741666666666667 6.105555621111 0.0000001
          4.741666666666667 6.105555621111 0.387688988889
          4.741666666666667 6.356944527222 0.0000001
          4.741666666666667 6.356944527222 0.38768898888899994
          4.741666666666667 6.608333433333 0.0000001
          4.741666666666667 6.608333433333 0.387688988889
          8.7833334 5.854166715 0.0000001
          8.552777833333334 5.854166715 0.0000001
          8.552777833333332 5.602777809999999 0.0000001
          8.7833334 5.60277781 0.0000001
          8.7833334 5.854166715 0.387688988889
          8.552777833333334 5.854166715 0.387688988889
          8.552777833333332 5.602777809999999 0.38768898888900005
          8.7833334 5.60277781 0.387688988889
          8.322222266666667 5.854166715 0.0000001
          8.322222266666667 5.60277781 0.0000001
          8.322222266666667 5.854166715 0.387688988889
          8.322222266666667 5.60277781 0.387688988889
          8.091666700000001 5.854166715 0.0000001
          8.091666700000001 5.60277781 0.0000001
          8.091666700000001 5.854166715 0.387688988889
          8.091666700000001 5.60277781 0.387688988889
          7.861111133333333 5.854166715 0.0000001
          7.861111133333331 5.60277781 0.0000001
          7.861111133333333 5.854166715 0.387688988889
          7.861111133333331 5.60277781 0.387688988889
          7.630555566666667 5.854166715 0.0000001
          7.630555566666665 5.60277781 0.0000001
          7.630555566666667 5.854166715 0.387688988889
          7.630555566666665 5.60277781 0.38768898888899994
          8.552777833333332 5.3513889049999985 0.0000001
          8.7833334 5.351388904999999 0.0000001
          8.552777833333332 5.3513889049999985 0.38768898888899983
          8.7833334 5.351388904999999 0.387688988889
          8.322222266666667 5.351388905000001 0.0000001
          8.322222266666667 5.351388905000001 0.387688988889
          8.091666700000001 5.3513889049999985 0.0000001
          8.091666700000001 5.3513889049999985 0.38768898888900005
          7.861111133333332 5.3513889049999985 0.0000001
          7.861111133333332 5.3513889049999985 0.38768898888899983
          7.630555566666666 5.3513889049999985 0.0000001
          7.630555566666666 5.3513889049999985 0.38768898888899983
          9.013888961111167 5.602777809999999 0.0000001
          9.013888961111167 5.854166715 0.0000001
          9.013888961111167 5.602777809999999 0.38768898888899994
          9.013888961111167 5.854166715 0.387688988889
          9.013888961111167 5.351388905 0.0000001
          9.013888961111167 5.351388905 0.387688988889
          9.244444522222334 5.60277781 0.0000001
          9.244444522222333 5.854166715 0.0000001
          9.244444522222334 5.60277781 0.387688988889
          9.244444522222333 5.854166715 0.387688988889
          9.244444522222336 5.351388905000001 0.0000001
          9.244444522222336 5.351388905000001 0.387688988889
          9.475000083333503 5.60277781 0.0000001
          9.4750000833335 5.854166715 0.0000001
          9.475000083333503 5.60277781 0.387688988889
          9.4750000833335 5.854166715 0.387688988889
          9.4750000833335 5.351388904999999 0.0000001
          9.4750000833335 5.351388904999999 0.38768898888900005
          9.705555644444663 5.60277781 0.0000001
          9.705555644444667 5.854166715 0.0000001
          9.705555644444663 5.60277781 0.387688988889
          9.705555644444667 5.854166715 0.387688988889
          9.705555644444665 5.3513889049999985 0.0000001
          9.705555644444665 5.3513889049999985 0.38768898888899983
          9.93611120555583 5.602777809999999 0.0000001
          9.936111205555832 5.854166715 0.0000001
          9.93611120555583 5.602777809999999 0.387688988889
          9.936111205555832 5.854166715 0.387688988889
          9.93611120555583 5.3513889049999985 0.0000001
          9.93611120555583 5.3513889049999985 0.38768898888899994
          10.166666766667 5.60277781 0.0000001
          10.166666766667 5.854166715 0.0000001
          10.166666766667 5.60277781 0.387688988889
          10.166666766667 5.854166715 0.387688988889
          10.166666766667 5.351388904999999 0.0000001
          10.166666766667 5.351388904999999 0.387688988889
          9.013888961111167 6.105555621110998 0.0000001
          8.7833334 6.105555621111 0.0000001
          9.013888961111167 6.105555621110998 0.38768898888900005
          8.7833334 6.105555621111 0.387688988889
          9.244444522222334 6.105555621111 0.0000001
          9.244444522222334 6.105555621111 0.387688988889
          9.475000083333503 6.105555621110999 0.0000001
          9.475000083333503 6.105555621110999 0.387688988889
          9.70555564444467 6.105555621111 0.0000001
          9.70555564444467 6.105555621111 0.387688988889
          9.93611120555583 6.105555621111 0.0000001
          9.93611120555583 6.105555621111 0.38768898888899994
          10.166666766667 6.105555621111 0.0000001
          10.166666766667 6.105555621111 0.387688988889
          9.013888961111167 6.356944527222001 0.0000001
          8.7833334 6.356944527222 0.0000001
          9.013888961111167 6.356944527222001 0.38768898888899983
          8.7833334 6.356944527222 0.387688988889
          9.24444452222233 6.356944527222 0.0000001
          9.24444452222233 6.356944527222 0.387688988889
          9.4750000833335 6.356944527222 0.0000001
          9.4750000833335 6.356944527222 0.38768898888900005
          9.705555644444665 6.356944527222 0.0000001
          9.705555644444665 6.356944527222 0.38768898888899983
          9.93611120555583 6.356944527222 0.0000001
          9.93611120555583 6.356944527222 0.38768898888899983
          10.166666766667 6.356944527222 0.0000001
          10.166666766667 6.356944527222 0.387688988889
          9.013888961111167 6.608333433333 0.0000001
          8.7833334 6.608333433333 0.0000001
          9.013888961111167 6.608333433333 0.387688988889
          8.7833334 6.608333433333 0.387688988889
          9.244444522222333 6.608333433333 0.0000001
          9.244444522222333 6.608333433333 0.387688988889
          9.4750000833335 6.608333433333 0.0000001
          9.4750000833335 6.608333433333 0.387688988889
          9.705555644444667 6.608333433333 0.0000001
          9.705555644444667 6.608333433333 0.387688988889
          9.936111205555832 6.608333433333 0.0000001
          9.936111205555832 6.608333433333 0.387688988889
          10.166666766667 6.608333433333 0.0000001
          10.166666766667 6.608333433333 0.387688988889
          8.552777833333332 6.105555621110999 0.0000001
          8.552777833333332 6.105555621110999 0.38768898888899994
          8.552777833333332 6.356944527222 0.0000001
          8.552777833333332 6.356944527222 0.387688988889
          8.552777833333334 6.608333433333 0.0000001
          8.552777833333334 6.608333433333 0.387688988889
          8.322222266666667 6.105555621110999 0.0000001
          8.322222266666667 6.105555621110999 0.387688988889
          8.322222266666667 6.356944527222 0.0000001
          8.322222266666667 6.356944527222 0.387688988889
          8.322222266666667 6.608333433333 0.0000001
          8.322222266666667 6.608333433333 0.387688988889
          8.091666700000001 6.105555621111 0.0000001
          8.091666700000001 6.105555621111 0.387688988889
          8.091666700000001 6.356944527222 0.0000001
          8.091666700000001 6.356944527222 0.38768898888900005
          8.091666700000001 6.608333433333 0.0000001
          8.091666700000001 6.608333433333 0.387688988889
          7.861111133333333 6.105555621111 0.0000001
          7.861111133333333 6.105555621111 0.387688988889
          7.861111133333332 6.356944527222 0.0000001
          7.861111133333332 6.356944527222 0.38768898888899983
          7.861111133333333 6.608333433333 0.0000001
          7.861111133333333 6.608333433333 0.387688988889
          7.630555566666665 6.105555621111 0.0000001
          7.630555566666665 6.105555621111 0.387688988889
          7.630555566666666 6.356944527222 0.0000001
          7.630555566666666 6.356944527222 0.38768898888899994
          7.630555566666667 6.608333433333 0.0000001
          7.630555566666667 6.608333433333 0.387688988889
          0.80000005 4.51873269 0.0000001
          0.6000000624999999 4.51873269 0.0000001
          0.6000000625 4.2280990338885 0.0000001
          0.80000005 4.2280990338885 0.0000001
          0.80000005 4.51873269 0.387688988889
          0.6000000624999999 4.51873269 0.387688988889
          0.6000000625 4.2280990338885 0.38768898888899994
          0.80000005 4.2280990338885 0.387688988889
          0.40000007499999995 4.51873269 0.0000001
          0.400000075 4.2280990338885 0.0000001
          0.40000007499999995 4.51873269 0.387688988889
          0.400000075 4.2280990338885 0.387688988889
          0.20000008749999998 4.51873269 0.0000001
          0.20000008749999998 4.228099033888501 0.0000001
          0.20000008749999998 4.51873269 0.387688988889
          0.20000008749999998 4.228099033888501 0.387688988889
          0.0000001 4.51873269 0.0000001
          0.00000010000000000880403 4.2280990338885 0.0000001
          0.0000001 4.51873269 0.387688988889
          0.00000010000000000880403 4.2280990338885 0.387688988889
          0.6000000625 3.937465377777 0.0000001
          0.8000000500000001 3.937465377777 0.0000001
          0.6000000625 3.937465377777 0.387688988889
          0.8000000500000001 3.937465377777 0.387688988889
          0.400000075 3.937465377777 0.0000001
          0.400000075 3.937465377777 0.387688988889
          0.20000008749999998 3.937465377777 0.0000001
          0.20000008749999998 3.937465377777 0.387688988889
          0.0000001 3.937465377777 0.0000001
          0.0000001 3.937465377777 0.387688988889
          1.0666666999999999 4.2280990338885 0.0000001
          1.0666667 4.51873269 0.0000001
          1.0666666999999999 4.2280990338885 0.387688988889
          1.0666667 4.51873269 0.387688988889
          1.0666667 3.937465377777 0.0000001
          1.0666667 3.937465377777 0.387688988889
          1.3333333500000002 4.2280990338885 0.0000001
          1.3333333500000002 4.51873269 0.0000001
          1.3333333500000002 4.2280990338885 0.38768898888900005
          1.3333333500000002 4.51873269 0.387688988889
          1.3333333500000002 3.937465377777 0.0000001
          1.3333333500000002 3.937465377777 0.387688988889
          1.6 4.2280990338885 0.0000001
          1.6 4.51873269 0.0000001
          1.6 4.2280990338885 0.387688988889
          1.6 4.51873269 0.387688988889
          1.6000000000000003 3.937465377777 0.0000001
          1.6000000000000003 3.937465377777 0.387688988889
          1.0666667 4.809366345 0.0000001
          0.80000005 4.809366345 0.0000001
          1.0666667 4.809366345 0.387688988889
          0.80000005 4.809366345 0.387688988889
          1.3333333500000004 4.809366345 0.0000001
          1.3333333500000004 4.809366345 0.38768898888900005
          1.6 4.809366345 0.0000001
          1.6 4.809366345 0.387688988889
          1.0666667 5.1 0.0000001
          0.80000005 5.1 0.0000001
          1.0666667 5.1 0.387688988889
          0.80000005 5.1 0.387688988889
          1.3333333500000002 5.1 0.0000001
          1.3333333500000002 5.1 0.387688988889
          1.6 5.1 0.0000001
          1.6 5.1 0.387688988889
          0.6000000624999998 4.809366345 0.0000001
          0.6000000624999998 4.809366345 0.38768898888900005
          0.6000000624999999 5.1 0.0000001
          0.6000000624999999 5.1 0.387688988889
          0.4000000749999999 4.809366345 0.0000001
          0.4000000749999999 4.809366345 0.387688988889
          0.40000007499999995 5.1 0.0000001
          0.40000007499999995 5.1 0.387688988889
          0.20000008750000003 4.809366345 0.0000001
          0.20000008750000003 4.809366345 0.387688988889
          0.20000008749999998 5.1 0.0000001
          0.20000008749999998 5.1 0.387688988889
          0.00000010000000002641207 4.809366345 0.0000001
          0.00000010000000002641207 4.809366345 0.387688988889
          0.0000001 5.1 0.0000001
          0.0000001 5.1 0.387688988889
          2.388541715 4.51873269 0.0000001
          1.9942708575 4.51873269 0.0000001
          1.9942708574999999 4.2280990338885 0.0000001
          2.388541715 4.2280990338885 0.0000001
          2.388541715 4.51873269 0.387688988889
          1.9942708575 4.51873269 0.387688988889
          1.9942708574999999 4.2280990338885 0.387688988889
          2.388541715 4.2280990338885 0.387688988889
          1.9942708575 3.937465377777 0.0000001
          2.388541715 3.937465377777 0.0000001
          1.9942708575 3.937465377777 0.387688988889
          2.388541715 3.937465377777 0.387688988889
          2.782812574167 4.2280990338885 0.0000001
          2.782812574167 4.51873269 0.0000001
          2.782812574167 4.2280990338885 0.387688988889
          2.782812574167 4.51873269 0.387688988889
          2.782812574167 3.937465377777 0.0000001
          2.782812574167 3.937465377777 0.387688988889
          2.782812574167 4.809366345 0.0000001
          2.388541715 4.809366345 0.0000001
          2.782812574167 4.809366345 0.387688988889
          2.388541715 4.809366345 0.387688988889
          2.782812574167 5.1 0.0000001
          2.388541715 5.1 0.0000001
          2.782812574167 5.1 0.387688988889
          2.388541715 5.1 0.387688988889
          1.9942708575 4.809366345 0.0000001
          1.9942708575 4.809366345 0.387688988889
          1.9942708575 5.1 0.0000001
          1.9942708575 5.1 0.387688988889
          2.388541715 5.854166715 0.0000001
          1.9942708575 5.854166715 0.0000001
          1.9942708575 5.60277781 0.0000001
          2.388541715 5.60277781 0.0000001
          2.388541715 5.854166715 0.387688988889
          1.9942708575 5.854166715 0.387688988889
          1.9942708575 5.60277781 0.387688988889
          2.388541715 5.60277781 0.387688988889
          1.6 5.854166715 0.0000001
          1.6 5.60277781 0.0000001
          1.6 5.854166715 0.387688988889
          1.6 5.60277781 0.387688988889
          1.9942708575 5.3513889049999985 0.0000001
          2.388541715 5.351388904999999 0.0000001
          1.9942708575 5.3513889049999985 0.38768898888900005
          2.388541715 5.351388904999999 0.387688988889
          1.6 5.351388904999999 0.0000001
          1.6 5.351388904999999 0.387688988889
          2.782812574167001 5.60277781 0.0000001
          2.782812574167 5.854166715 0.0000001
          2.782812574167001 5.60277781 0.387688988889
          2.782812574167 5.854166715 0.387688988889
          2.782812574167 5.351388904999999 0.0000001
          2.782812574167 5.351388904999999 0.38768898888900005
          2.782812574167 6.105555621110999 0.0000001
          2.388541715 6.105555621111 0.0000001
          2.782812574167 6.105555621110999 0.387688988889
          2.388541715 6.105555621111 0.387688988889
          2.782812574167 6.356944527222 0.0000001
          2.388541715 6.356944527222 0.0000001
          2.782812574167 6.356944527222 0.38768898888900005
          2.388541715 6.356944527222 0.387688988889
          2.782812574167 6.608333433333 0.0000001
          2.388541715 6.608333433333 0.0000001
          2.782812574167 6.608333433333 0.387688988889
          2.388541715 6.608333433333 0.387688988889
          1.9942708575 6.105555621111 0.0000001
          1.9942708575 6.105555621111 0.387688988889
          1.9942708575 6.356944527222 0.0000001
          1.9942708575 6.356944527222 0.38768898888900005
          1.9942708575 6.608333433333 0.0000001
          1.9942708575 6.608333433333 0.387688988889
          1.6 6.105555621111 0.0000001
          1.6 6.105555621111 0.387688988889
          1.6 6.356944527222 0.0000001
          1.6 6.356944527222 0.387688988889
          1.6 6.608333433333 0.0000001
          1.6 6.608333433333 0.387688988889
          0.3575993341067774 5.3053975305179355 0.0000001
          0.22264709883117517 5.332387118867537 0.0000001
          0.3575993341067774 5.3053975305179355 0.38768898888899994
          0.22264709883117517 5.332387118867537 0.387688988889
          0.4974650995074421 5.286402338556758 0.0000001
          0.4974650995074421 5.286402338556758 0.387688988889
          0.6404443272793778 5.276259236968358 0.0000001
          0.6404443272793778 5.276259236968358 0.387688988889
          0.7845963668333131 5.275426219398328 0.0000001
          0.7845963668333131 5.275426219398328 0.387688988889
          0.5151985807135547 5.510795061035873 0.0000001
          0.44529409766235034 5.564774237735074 0.0000001
          0.5151985807135547 5.510795061035873 0.387688988889
          0.44529409766235034 5.564774237735074 0.387688988889
          0.5949301240148841 5.472804677113518 0.0000001
          0.5949301240148841 5.472804677113518 0.387688988889
          0.6808885920587555 5.452518473936717 0.0000001
          0.6808885920587555 5.452518473936717 0.387688988889
          0.7691926836666263 5.450852438796657 0.0000001
          0.7691926836666263 5.450852438796657 0.387688988889
          0.9692616366497959 5.286599016327952 0.0000001
          0.9692616366497959 5.286599016327952 0.387688988889
          1.1494851271335993 5.310286826078424 0.0000001
          1.1494851271335993 5.310286826078424 0.38768898888900005
          1.322270493289321 5.344975965567899 0.0000001
          1.322270493289321 5.344975965567899 0.387688988889
          0.871856573299592 5.473198032655903 0.0000001
          0.871856573299592 5.473198032655903 0.387688988889
          0.9656369042671982 5.520573652156848 0.0000001
          0.9656369042671982 5.520573652156848 0.387688988889
          1.044540986578642 5.589951931135799 0.0000001
          1.044540986578642 5.589951931135799 0.387688988889
          1.3501727133089667 5.511071438437882 0.0000001
          1.3501727133089667 5.511071438437882 0.387688988889
          1.367817775442263 5.682585407644983 0.0000001
          1.367817775442263 5.682585407644983 0.38768898888900005
          1.3742207333765237 5.856960230507714 0.0000001
          1.3742207333765237 5.856960230507714 0.387688988889
          1.1003454266179322 5.670753971875763 0.0000001
          1.1003454266179322 5.670753971875763 0.387688988889
          1.1356355508845255 5.76239300528997 0.0000001
          1.1356355508845255 5.76239300528997 0.387688988889
          1.1484414667530471 5.8597537460154285 0.0000001
          1.1484414667530471 5.8597537460154285 0.387688988889
          1.3688586231907611 6.032197863734781 0.0000001
          1.3688586231907611 6.032197863734781 0.387688988889
          1.3518564621344231 6.204734663513845 0.0000001
          1.3518564621344231 6.204734663513845 0.38768898888900005
          1.3241918521979337 6.371877256264853 0.0000001
          1.3241918521979337 6.371877256264853 0.387688988889
          1.1377172463815213 5.958840106358559 0.0000001
          1.1377172463815213 5.958840106358559 0.387688988889
          1.1037129242688462 6.052524799805691 0.0000001
          1.1037129242688462 6.052524799805691 0.387688988889
          1.0483837043958673 6.135421079196707 0.0000001
          1.0483837043958673 6.135421079196707 0.387688988889
          1.3858594000000002 6.608333433333 0.0000001
          1.1851358804951038 6.402040992296325 0.0000001
          1.3858594000000002 6.608333433333 0.387688988889
          1.1851358804951038 6.402040992296325 0.38768898888899994
          1.1717188 6.608333433333 0.0000001
          1.040450171138038 6.424800938354213 0.0000001
          1.1717188 6.608333433333 0.387688988889
          1.040450171138038 6.424800938354213 0.387688988889
          0.9575782 6.608333433333 0.0000001
          0.8918182325867603 6.439138454407926 0.0000001
          0.9575782 6.608333433333 0.387688988889
          0.8918182325867603 6.439138454407926 0.387688988889
          0.7434376 6.608333433333 0.0000001
          0.7411001900216 6.4444118531813 0.0000001
          0.7434376 6.608333433333 0.387688988889
          0.7411001900216 6.4444118531813 0.387688988889
          0.9844123609902069 6.19574855125965 0.0000001
          0.9844123609902069 6.19574855125965 0.387688988889
          0.9091815422760762 6.241268443375425 0.0000001
          0.9091815422760762 6.241268443375425 0.387688988889
          0.8260582651735205 6.269943475482851 0.0000001
          0.8260582651735205 6.269943475482851 0.387688988889
          0.7387627800432 6.2804902730296 0.0000001
          0.7387627800432 6.2804902730296 0.387688988889
          0.5984001381482593 6.59404849011783 0.0000001
          0.6277772077303124 6.433816251506387 0.0000001
          0.5984001381482593 6.59404849011783 0.387688988889
          0.6277772077303124 6.433816251506387 0.38768898888899994
          0.45893638466238507 6.551742622833408 0.0000001
          0.5187103693278101 6.401275964001464 0.0000001
          0.45893638466238507 6.551742622833408 0.387688988889
          0.5187103693278101 6.401275964001464 0.387688988889
          0.33040585341979223 6.4830416222471525 0.0000001
          0.41810672067751997 6.34804603163022 0.0000001
          0.33040585341979223 6.4830416222471525 0.387688988889
          0.41810672067751997 6.34804603163022 0.387688988889
          0.2177479006951264 6.390585629304874 0.0000001
          0.32984687836950016 6.276179571150629 0.0000001
          0.2177479006951264 6.390585629304874 0.387688988889
          0.32984687836950016 6.276179571150629 0.387688988889
          0.6571542773123655 6.273584012894941 0.0000001
          0.6571542773123655 6.273584012894941 0.387688988889
          0.5784843539932354 6.2508093051695175 0.0000001
          0.5784843539932354 6.2508093051695175 0.387688988889
          0.5058075879352478 6.213050441013286 0.0000001
          0.5058075879352478 6.213050441013286 0.387688988889
          0.44194585604387393 6.161773512996384 0.0000001
          0.44194585604387393 6.161773512996384 0.387688988889
          0.12529190912179544 6.277927676973797 0.0000001
          0.25715670488676035 6.18818604280068 0.0000001
          0.12529190912179544 6.277927676973797 0.387688988889
          0.25715670488676035 6.18818604280068 0.38768898888899994
          0.05659090959767421 6.149397146493192 0.0000001
          0.20312222599332513 6.087651897249386 0.0000001
          0.05659090959767421 6.149397146493192 0.387688988889
          0.20312222599332513 6.087651897249386 0.387688988889
          0.014285042985265672 6.009933394028933 0.0000001
          0.16983963792168205 5.978476869663327 0.0000001
          0.014285042985265672 6.009933394028933 0.387688988889
          0.16983963792168205 5.978476869663327 0.387688988889
          0.00000010000000005838673 5.864895933332924 0.0000001
          0.1586001000005 5.864895933332962 0.0000001
          0.00000010000000005838673 5.864895933332924 0.387688988889
          0.1586001000005 5.864895933332962 0.387688988889
          0.3890215006517253 6.098444408627568 0.0000001
          0.3890215006517253 6.098444408627568 0.387688988889
          0.349653542388976 6.025906648005578 0.0000001
          0.349653542388976 6.025906648005578 0.387688988889
          0.3253942328580984 5.9470203452977195 0.0000001
          0.3253942328580984 5.9470203452977195 0.387688988889
          0.31720010000099996 5.864895933333 0.0000001
          0.31720010000099996 5.864895933333 0.387688988889
          0.00000010000000005259407 5.673671949999693 0.0000001
          0.16281311375317686 5.727650623532546 0.0000001
          0.00000010000000005259407 5.673671949999693 0.387688988889
          0.16281311375317686 5.727650623532546 0.38768898888899994
          0.00000010000000004680141 5.482447966666461 0.0000001
          0.1752813376638531 5.592093343580277 0.0000001
          0.00000010000000004680141 5.482447966666461 0.387688988889
          0.1752813376638531 5.592093343580277 0.387688988889
          0.00000010000000004100876 5.29122398333323 0.0000001
          0.19549924550838743 5.459843681871744 0.0000001
          0.00000010000000004100876 5.29122398333323 0.387688988889
          0.19549924550838743 5.459843681871744 0.387688988889
          0.32562612750635367 5.781629297065398 0.0000001
          0.32562612750635367 5.781629297065398 0.387688988889
          0.3505625753277061 5.701738720494094 0.0000001
          0.3505625753277061 5.701738720494094 0.387688988889
          0.3909983910167749 5.628463380410257 0.0000001
          0.3909983910167749 5.628463380410257 0.387688988889
          0.0000001 0.00000009999999983634213 0.0000001
          0.39713551625 0.00000009999999985679936 0.0000001
          0.5037916479799397 0.1392432865522873 0.0000001
          0.16213274021368215 0.1650010012240017 0.0000001
          0.0000001 0.00000009999999983634213 0.387688988889
          0.39713551625 0.00000009999999985679936 0.387688988889
          0.5037916479799397 0.1392432865522873 0.38768898888899994
          0.16213274021368215 0.1650010012240017 0.387688988889
          0.7942709324999999 0.00000009999999987725658 0.0000001
          0.8539362780957317 0.13884010676249992 0.0000001
          0.7942709324999999 0.00000009999999987725658 0.387688988889
          0.8539362780957317 0.13884010676249992 0.38768898888900005
          1.19140634875 0.00000009999999989771382 0.0000001
          1.2040932032978657 0.13884010676249994 0.0000001
          1.19140634875 0.00000009999999989771382 0.387688988889
          1.2040932032978657 0.13884010676249994 0.38768898888900005
          1.588541765 0.0000001 0.0000001
          1.5542501284999999 0.13884010676250003 0.0000001
          1.588541765 0.0000001 0.387688988889
          1.5542501284999999 0.13884010676250003 0.387688988889
          0.6104477797098796 0.27848647310457475 0.0000001
          0.3242653804273643 0.33000190244800354 0.0000001
          0.6104477797098796 0.27848647310457475 0.38768898888899994
          0.3242653804273643 0.33000190244800354 0.387688988889
          0.9136016236914635 0.27768011352499994 0.0000001
          0.9136016236914635 0.27768011352499994 0.387688988889
          1.2167800578457322 0.277680113525 0.0000001
          1.2167800578457322 0.277680113525 0.387688988889
          1.5199584919999998 0.27768011352500005 0.0000001
          1.5199584919999998 0.27768011352500005 0.387688988889
          0.7171039114398198 0.41772965965686215 0.0000001
          0.4863980206410465 0.4950028036720054 0.0000001
          0.7171039114398198 0.41772965965686215 0.38768898888899994
          0.4863980206410465 0.4950028036720054 0.387688988889
          0.9732669692871952 0.4165201202875 0.0000001
          0.9732669692871952 0.4165201202875 0.387688988889
          1.229466912393598 0.41652012028749996 0.0000001
          1.229466912393598 0.41652012028749996 0.38768898888900005
          1.4856668554999999 0.4165201202875001 0.0000001
          1.4856668554999999 0.4165201202875001 0.387688988889
          0.8237600431697595 0.5569728462091496 0.0000001
          0.6485306608547285 0.6600037048960072 0.0000001
          0.8237600431697595 0.5569728462091496 0.387688988889
          0.6485306608547285 0.6600037048960072 0.387688988889
          1.0329323148829268 0.5553601270499999 0.0000001
          1.0329323148829268 0.5553601270499999 0.387688988889
          1.2421537669414633 0.5553601270499999 0.0000001
          1.2421537669414633 0.5553601270499999 0.387688988889
          1.4513752189999998 0.55536012705 0.0000001
          1.4513752189999998 0.55536012705 0.387688988889
          1.8532987097223332 0.00000009999999993180921 0.0000001
          1.7804274309258836 0.13884010676249997 0.0000001
          1.8532987097223332 0.00000009999999993180921 0.387688988889
          1.7804274309258836 0.13884010676249997 0.3876889888890001
          2.1180556544446665 0.00000009999999994544737 0.0000001
          2.006604733351767 0.13884010676249992 0.0000001
          2.1180556544446665 0.00000009999999994544737 0.387688988889
          2.006604733351767 0.13884010676249992 0.38768898888900005
          2.382812599167 0.00000009999999995908552 0.0000001
          2.232202818228912 0.14337759905122843 0.0000001
          2.382812599167 0.00000009999999995908552 0.387688988889
          2.232202818228912 0.14337759905122843 0.38768898888900005
          2.647569543889333 0.00000009999999997272368 0.0000001
          2.453319725877072 0.15892535027258511 0.0000001
          2.647569543889333 0.00000009999999997272368 0.387688988889
          2.453319725877072 0.15892535027258511 0.387688988889
          2.912326488611666 0.00000009999999998636184 0.0000001
          2.665640069116557 0.18261213957067904 0.0000001
          2.912326488611666 0.00000009999999998636184 0.387688988889
          2.665640069116557 0.18261213957067904 0.387688988889
          2.8671058816012494 0.20992806000000003 0.0000001
          2.8671058816012494 0.20992806000000003 0.387688988889
          1.7075561521294336 0.27768011352499994 0.0000001
          1.7075561521294336 0.27768011352499994 0.38768898888900005
          1.8951538122588674 0.2776801135249999 0.0000001
          1.8951538122588674 0.2776801135249999 0.387688988889
          2.0815930372908245 0.2867550981024569 0.0000001
          2.0815930372908245 0.2867550981024569 0.387688988889
          2.25906990786481 0.3178506005451702 0.0000001
          2.25906990786481 0.3178506005451702 0.38768898888900005
          2.418953649621451 0.3652241791413581 0.0000001
          2.418953649621451 0.3652241791413581 0.387688988889
          2.5571283298684997 0.41985602000000005 0.0000001
          2.5571283298684997 0.41985602000000005 0.387688988889
          1.6346848733329833 0.41652012028749996 0.0000001
          1.6346848733329833 0.41652012028749996 0.3876889888890001
          1.7837028911659678 0.41652012028749996 0.0000001
          1.7837028911659678 0.41652012028749996 0.387688988889
          1.9309832563527372 0.43013259715368546 0.0000001
          1.9309832563527372 0.43013259715368546 0.387688988889
          2.0648200898525486 0.4767758508177553 0.0000001
          2.0648200898525486 0.4767758508177553 0.38768898888900005
          2.1722672301263426 0.5478362187120371 0.0000001
          2.1722672301263426 0.5478362187120371 0.387688988889
          2.24715077813575 0.62978398 0.0000001
          2.24715077813575 0.62978398 0.387688988889
          1.5618135945365337 0.5553601270499999 0.0000001
          1.5618135945365337 0.5553601270499999 0.387688988889
          1.672251970073068 0.5553601270499999 0.0000001
          1.672251970073068 0.5553601270499999 0.387688988889
          1.7803734754146494 0.5735100962049138 0.0000001
          1.7803734754146494 0.5735100962049138 0.387688988889
          1.870570271840287 0.6357011010903405 0.0000001
          1.870570271840287 0.6357011010903405 0.387688988889
          1.9255808106312338 0.7304482582827161 0.0000001
          1.9255808106312338 0.7304482582827161 0.387688988889
          1.937173226403 0.83971194 0.0000001
          1.937173226403 0.83971194 0.387688988889
          2.867105881601249 0.43361492225000003 0.0000001
          2.867105881601249 0.43361492225000003 0.38768898888900005
          2.8671058816012494 0.6573017844999997 0.0000001
          2.8671058816012494 0.6573017844999997 0.387688988889
          2.8671058816012507 0.8809886467499997 0.0000001
          2.8671058816012507 0.8809886467499997 0.3876889888890001
          2.8671058816012507 1.1046755089999998 0.0000001
          2.8671058816012507 1.1046755089999998 0.38768898888899994
          2.86710588160125 1.3283623712499995 0.0000001
          2.86710588160125 1.3283623712499995 0.387688988889
          2.5571283298685 0.6001429385 0.0000001
          2.5571283298685 0.6001429385 0.38768898888900005
          2.5571283298685006 0.7804298569999999 0.0000001
          2.5571283298685006 0.7804298569999999 0.387688988889
          2.5571283298685006 0.9607167754999999 0.0000001
          2.5571283298685006 0.9607167754999999 0.38768898888900005
          2.5571283298685 1.1410036939999997 0.0000001
          2.5571283298685 1.1410036939999997 0.38768898888899994
          2.5571283298685 1.3212906124999997 0.0000001
          2.5571283298685 1.3212906124999997 0.387688988889
          2.24715077813575 0.76667095475 0.0000001
          2.24715077813575 0.76667095475 0.38768898888900005
          2.24715077813575 0.9035579294999999 0.0000001
          2.24715077813575 0.9035579294999999 0.387688988889
          2.24715077813575 1.04044490425 0.0000001
          2.24715077813575 1.04044490425 0.3876889888890001
          2.24715077813575 1.1773318789999996 0.0000001
          2.24715077813575 1.1773318789999996 0.38768898888899994
          2.24715077813575 1.31421885375 0.0000001
          2.24715077813575 1.31421885375 0.387688988889
          1.937173226403 0.933198971 0.0000001
          1.937173226403 0.933198971 0.387688988889
          1.937173226403 1.026686002 0.0000001
          1.937173226403 1.026686002 0.387688988889
          1.937173226403 1.120173033 0.0000001
          1.937173226403 1.120173033 0.387688988889
          1.937173226403 1.213660064 0.0000001
          1.937173226403 1.213660064 0.387688988889
          1.937173226403 1.307147095 0.0000001
          1.937173226403 1.307147095 0.387688988889
          2.8671058816012507 1.607970948291562 0.0000001
          2.8671058816012507 1.607970948291562 0.38768898888899994
          2.8671058816012494 1.8875795253331247 0.0000001
          2.8671058816012494 1.8875795253331247 0.38768898888900005
          2.8671058816012507 2.1671881023746873 0.0000001
          2.8671058816012507 2.1671881023746873 0.38768898888900005
          2.86710588160125 2.44679667941625 0.0000001
          2.86710588160125 2.44679667941625 0.387688988889
          2.5571283298685 1.5466492601943749 0.0000001
          2.5571283298685 1.5466492601943749 0.38768898888899994
          2.5571283298685 1.7720079078887498 0.0000001
          2.5571283298685 1.7720079078887498 0.387688988889
          2.5571283298685006 1.9973665555831253 0.0000001
          2.5571283298685006 1.9973665555831253 0.387688988889
          2.5571283298685 2.2227252032775002 0.0000001
          2.5571283298685 2.2227252032775002 0.387688988889
          2.24715077813575 1.4853275720971877 0.0000001
          2.24715077813575 1.4853275720971877 0.38768898888899994
          2.24715077813575 1.656436290444375 0.0000001
          2.24715077813575 1.656436290444375 0.387688988889
          2.24715077813575 1.8275450087915628 0.0000001
          2.24715077813575 1.8275450087915628 0.38768898888900005
          2.24715077813575 1.9986537271387501 0.0000001
          2.24715077813575 1.9986537271387501 0.387688988889
          1.937173226403 1.424005884 0.0000001
          1.937173226403 1.424005884 0.387688988889
          1.937173226403 1.540864673 0.0000001
          1.937173226403 1.540864673 0.387688988889
          1.937173226403 1.6577234619999999 0.0000001
          1.937173226403 1.6577234619999999 0.387688988889
          1.937173226403 1.774582251 0.0000001
          1.937173226403 1.774582251 0.387688988889
          2.9123264886116664 2.670868155555 0.0000001
          2.663236450676904 2.4728817113603845 0.0000001
          2.9123264886116664 2.670868155555 0.387688988889
          2.663236450676904 2.4728817113603845 0.3876889888890001
          2.6475695438893334 2.670868155555 0.0000001
          2.4490138579533944 2.494408476169901 0.0000001
          2.6475695438893334 2.670868155555 0.387688988889
          2.4490138579533944 2.494408476169901 0.38768898888900005
          2.382812599167 2.670868155555 0.0000001
          2.2272624181642806 2.5074848520959234 0.0000001
          2.382812599167 2.670868155555 0.387688988889
          2.2272624181642806 2.5074848520959234 0.38768898888900005
          2.1180556544446665 2.670868155555 0.0000001
          2.002152306234865 2.5102680581509906 0.0000001
          2.1180556544446665 2.670868155555 0.387688988889
          2.002152306234865 2.5102680581509906 0.387688988889
          1.8532987097223332 2.670868155555 0.0000001
          1.776765863742433 2.510268058150958 0.0000001
          1.8532987097223332 2.670868155555 0.387688988889
          1.776765863742433 2.510268058150958 0.387688988889
          1.588541765 2.670868155555 0.0000001
          1.55137942125 2.510268058151 0.0000001
          1.588541765 2.670868155555 0.387688988889
          1.55137942125 2.510268058151 0.387688988889
          2.4141464127421393 2.274895267165769 0.0000001
          2.4141464127421393 2.274895267165769 0.38768898888900005
          2.250458172017454 2.3179487967848025 0.0000001
          2.250458172017454 2.3179487967848025 0.387688988889
          2.0717122371615626 2.344101548636845 0.0000001
          2.0717122371615626 2.344101548636845 0.387688988889
          1.8862489580250654 2.349667960746981 0.0000001
          1.8862489580250654 2.349667960746981 0.38768898888900005
          1.7002330177625327 2.349667960746916 0.0000001
          1.7002330177625327 2.349667960746916 0.387688988889
          1.5142170775000001 2.349667960747 0.0000001
          1.5142170775000001 2.349667960747 0.387688988889
          2.165056374807377 2.076908822971154 0.0000001
          2.165056374807377 2.076908822971154 0.3876889888890001
          2.0519024860815143 2.141489117399704 0.0000001
          2.0519024860815143 2.141489117399704 0.387688988889
          1.916162056158844 2.180718245177767 0.0000001
          1.916162056158844 2.180718245177767 0.387688988889
          1.7703456098152648 2.189067863342971 0.0000001
          1.7703456098152648 2.189067863342971 0.38768898888900005
          1.623700171782632 2.1890678633428737 0.0000001
          1.623700171782632 2.1890678633428737 0.387688988889
          1.47705473375 2.189067863343 0.0000001
          1.47705473375 2.189067863343 0.387688988889
          1.9159663368726136 1.8789223787765386 0.0000001
          1.9159663368726136 1.8789223787765386 0.387688988889
          1.8533468001455746 1.9650294380146047 0.0000001
          1.8533468001455746 1.9650294380146047 0.387688988889
          1.7606118751561248 2.0173349417186897 0.0000001
          1.7606118751561248 2.0173349417186897 0.387688988889
          1.654442261605464 2.028467765938961 0.0000001
          1.654442261605464 2.028467765938961 0.387688988889
          1.547167325802732 2.0284677659388324 0.0000001
          1.547167325802732 2.0284677659388324 0.387688988889
          1.43989239 2.028467765939 0.0000001
          1.43989239 2.028467765939 0.387688988889
          1.19140634875 2.670868155555 0.0000001
          1.2037616184372497 2.5102680581508667 0.0000001
          1.19140634875 2.670868155555 0.387688988889
          1.2037616184372497 2.5102680581508667 0.38768898888899994
          0.7942709324999999 2.670868155555 0.0000001
          0.8561438156244996 2.510268058150807 0.0000001
          0.7942709324999999 2.670868155555 0.387688988889
          0.8561438156244996 2.510268058150807 0.38768898888900005
          0.3971355162499999 2.670868155555 0.0000001
          0.508526165888622 2.5102236031074714 0.0000001
          0.3971355162499999 2.670868155555 0.387688988889
          0.508526165888622 2.5102236031074714 0.38768898888900005
          0.00000009999999983634213 2.670868155555 0.0000001
          0.16671243211311737 2.4897759000861717 0.0000001
          0.00000009999999983634213 2.670868155555 0.387688988889
          0.16671243211311737 2.4897759000861717 0.387688988889
          1.2161168881245001 2.349667960746733 0.0000001
          1.2161168881245001 2.349667960746733 0.38768898888899994
          0.9180166987489993 2.3496679607466135 0.0000001
          0.9180166987489993 2.3496679607466135 0.387688988889
          0.619916815527244 2.349579050659941 0.0000001
          0.619916815527244 2.349579050659941 0.387688988889
          0.3334247642262349 2.308683644617343 0.0000001
          0.3334247642262349 2.308683644617343 0.387688988889
          1.2284721578117492 2.1890678633425997 0.0000001
          1.2284721578117492 2.1890678633425997 0.38768898888899994
          0.9798895818734988 2.1890678633424208 0.0000001
          0.9798895818734988 2.1890678633424208 0.387688988889
          0.731307465165866 2.1889344982124124 0.0000001
          0.731307465165866 2.1889344982124124 0.38768898888900005
          0.5001370963393525 2.1275913891485145 0.0000001
          0.5001370963393525 2.1275913891485145 0.387688988889
          1.2408274274989992 2.0284677659384656 0.0000001
          1.2408274274989992 2.0284677659384656 0.387688988889
          1.0417624649979986 2.028467765938227 0.0000001
          1.0417624649979986 2.028467765938227 0.387688988889
          0.8426981148044881 2.028289945764883 0.0000001
          0.8426981148044881 2.028289945764883 0.387688988889
          0.66684942845247 1.946499133679686 0.0000001
          0.66684942845247 1.946499133679686 0.387688988889
          0.00000009999999985679936 2.3370096491662498 0.0000001
          0.15069196806970514 2.202943266126131 0.0000001
          0.00000009999999985679936 2.3370096491662498 0.387688988889
          0.15069196806970514 2.202943266126131 0.38768898888899994
          0.00000009999999987725658 2.0031511427775 0.0000001
          0.15043487465628572 1.912058715407793 0.0000001
          0.00000009999999987725658 2.0031511427775 0.387688988889
          0.15043487465628572 1.912058715407793 0.38768898888900005
          0.00000009999999989771382 1.6692926363887497 0.0000001
          0.15043487465632738 1.6211677795788968 0.0000001
          0.00000009999999989771382 1.6692926363887497 0.387688988889
          0.15043487465632738 1.6211677795788968 0.38768898888900005
          0.0000001 1.3354341299999994 0.0000001
          0.15043487465625002 1.3302768437499997 0.0000001
          0.0000001 1.3354341299999994 0.387688988889
          0.15043487465625002 1.3302768437499997 0.387688988889
          0.30138383613941033 2.0688768830860127 0.0000001
          0.30138383613941033 2.0688768830860127 0.38768898888899994
          0.30086964931257154 1.820966288038086 0.0000001
          0.30086964931257154 1.820966288038086 0.387688988889
          0.3008696493126549 1.573042922769043 0.0000001
          0.3008696493126549 1.573042922769043 0.387688988889
          0.30086964931250004 1.3251195574999999 0.0000001
          0.30086964931250004 1.3251195574999999 0.387688988889
          0.45207570420911575 1.9348105000458935 0.0000001
          0.45207570420911575 1.9348105000458935 0.38768898888899994
          0.4513044239688575 1.7298738606683788 0.0000001
          0.4513044239688575 1.7298738606683788 0.387688988889
          0.4513044239689825 1.5249180659591897 0.0000001
          0.4513044239689825 1.5249180659591897 0.38768898888900005
          0.4513044239687501 1.3199622712499999 0.0000001
          0.4513044239687501 1.3199622712499999 0.387688988889
          0.6027675722788208 1.8007441170057747 0.0000001
          0.6027675722788208 1.8007441170057747 0.387688988889
          0.6017391986251432 1.6387814332986719 0.0000001
          0.6017391986251432 1.6387814332986719 0.387688988889
          0.6017391986253099 1.4767932091493363 0.0000001
          0.6017391986253099 1.4767932091493363 0.387688988889
          0.601739198625 1.314804985 0.0000001
          0.601739198625 1.314804985 0.387688988889
          0.00000009999999993453684 1.0683473239999994 0.0000001
          0.15043487465640323 1.0967322296098756 0.0000001
          0.00000009999999993453684 1.0683473239999994 0.387688988889
          0.15043487465640323 1.0967322296098756 0.38768898888900005
          0.00000009999999995090263 0.8012605179999996 0.0000001
          0.15043487465643743 0.8631876154697524 0.0000001
          0.00000009999999995090263 0.8012605179999996 0.387688988889
          0.15043487465643743 0.8631876154697524 0.387688988889
          0.00000009999999996726842 0.5341737119999997 0.0000001
          0.15043487465647165 0.6296430013296284 0.0000001
          0.00000009999999996726842 0.5341737119999997 0.387688988889
          0.15043487465647165 0.6296430013296284 0.3876889888890001
          0.00000009999999998363421 0.26708690599999985 0.0000001
          0.1506902355336428 0.3961052132688284 0.0000001
          0.00000009999999998363421 0.26708690599999985 0.387688988889
          0.1506902355336428 0.3961052132688284 0.38768898888899994
          0.3008696493128066 1.1251171352197522 0.0000001
          0.3008696493128066 1.1251171352197522 0.38768898888900005
          0.30086964931287496 0.9251147129395045 0.0000001
          0.30086964931287496 0.9251147129395045 0.387688988889
          0.3008696493129433 0.725112290659257 0.0000001
          0.3008696493129433 0.725112290659257 0.38768898888900005
          0.3013803710672855 0.5251235205376573 0.0000001
          0.3013803710672855 0.5251235205376573 0.38768898888899994
          0.4513044239692099 1.1535020408296282 0.0000001
          0.4513044239692099 1.1535020408296282 0.38768898888900005
          0.4513044239693124 0.9870418104092568 0.0000001
          0.4513044239693124 0.9870418104092568 0.387688988889
          0.45130442396941495 0.8205815799888856 0.0000001
          0.45130442396941495 0.8205815799888856 0.3876889888890001
          0.45207050660092835 0.6541418278064861 0.0000001
          0.45207050660092835 0.6541418278064861 0.38768898888899994
          0.6017391986256131 1.1818869464395048 0.0000001
          0.6017391986256131 1.1818869464395048 0.387688988889
          0.6017391986257499 1.0489689078790094 0.0000001
          0.6017391986257499 1.0489689078790094 0.387688988889
          0.6017391986258865 0.9160508693185142 0.0000001
          0.6017391986258865 0.9160508693185142 0.387688988889
          0.602760642134571 0.7831601350753147 0.0000001
          0.602760642134571 0.7831601350753147 0.387688988889
          1.03833828675 0.929974823 0.0000001
          0.92794716 0.944363315 0.0000001
          1.03833828675 0.929974823 0.387688988889
          0.92794716 0.944363315 0.387688988889
          1.1487294135 0.9155863310000001 0.0000001
          1.1487294135 0.9155863310000001 0.387688988889
          1.25912054025 0.9011978390000001 0.0000001
          1.25912054025 0.9011978390000001 0.387688988889
          1.369511667 0.886809347 0.0000001
          1.369511667 0.886809347 0.387688988889
          1.4140431513333334 0.9128749298333334 0.0000001
          1.4140431513333334 0.9128749298333334 0.387688988889
          1.4585746356666667 0.9389405126666667 0.0000001
          1.4585746356666667 0.9389405126666667 0.387688988889
          1.50310612 0.9650060955 0.0000001
          1.50310612 0.9650060955 0.387688988889
          1.5476376043333333 0.9910716783333334 0.0000001
          1.5476376043333333 0.9910716783333334 0.387688988889
          1.5921690886666666 1.0171372611666667 0.0000001
          1.5921690886666666 1.0171372611666667 0.387688988889
          1.636700573 1.043202844 0.0000001
          1.636700573 1.043202844 0.387688988889
          1.636700573 1.0946207110000001 0.0000001
          1.636700573 1.0946207110000001 0.387688988889
          1.636700573 1.146038578 0.0000001
          1.636700573 1.146038578 0.387688988889
          1.636700573 1.197456445 0.0000001
          1.636700573 1.197456445 0.387688988889
          1.636700573 1.2488743119999999 0.0000001
          1.636700573 1.2488743119999999 0.387688988889
          1.636700573 1.300292179 0.0000001
          1.636700573 1.300292179 0.387688988889
          1.636700573 1.364564513 0.0000001
          1.636700573 1.364564513 0.387688988889
          1.636700573 1.428836847 0.0000001
          1.636700573 1.428836847 0.387688988889
          1.636700573 1.4931091810000001 0.0000001
          1.636700573 1.4931091810000001 0.387688988889
          1.636700573 1.557381515 0.0000001
          1.636700573 1.557381515 0.387688988889
          1.591116496 1.5806543541666667 0.0000001
          1.591116496 1.5806543541666667 0.387688988889
          1.545532419 1.6039271933333334 0.0000001
          1.545532419 1.6039271933333334 0.387688988889
          1.499948342 1.6272000325 0.0000001
          1.499948342 1.6272000325 0.387688988889
          1.454364265 1.6504728716666666 0.0000001
          1.454364265 1.6504728716666666 0.387688988889
          1.408780188 1.6737457108333333 0.0000001
          1.408780188 1.6737457108333333 0.387688988889
          1.363196111 1.69701855 0.0000001
          1.363196111 1.69701855 0.387688988889
          1.2569027035 1.68574786275 0.0000001
          1.2569027035 1.68574786275 0.387688988889
          1.1506092959999998 1.6744771754999999 0.0000001
          1.1506092959999998 1.6744771754999999 0.387688988889
          1.0443158885 1.66320648825 0.0000001
          1.0443158885 1.66320648825 0.387688988889
          0.938022481 1.651935801 0.0000001
          0.938022481 1.651935801 0.387688988889
          0.92906982475 1.56507785525 0.0000001
          0.92906982475 1.56507785525 0.387688988889
          0.9201171685 1.4782199095 0.0000001
          0.9201171685 1.4782199095 0.387688988889
          0.91116451225 1.39136196375 0.0000001
          0.91116451225 1.39136196375 0.387688988889
          0.902211856 1.304504018 0.0000001
          0.902211856 1.304504018 0.387688988889
          0.9073589168 1.2324758774 0.0000001
          0.9073589168 1.2324758774 0.387688988889
          0.9125059776 1.1604477368000001 0.0000001
          0.9125059776 1.1604477368000001 0.387688988889
          0.9176530384 1.0884195962 0.0000001
          0.9176530384 1.0884195962 0.387688988889
          0.9228000992 1.0163914556 0.0000001
          0.9228000992 1.0163914556 0.387688988889
          1.269456214 1.291913948 0.0000001
          1.1776451245000001 1.2950614655 0.0000001
          1.1939402076499999 1.2162887402 0.0000001
          1.2894673046 1.2108930277999999 0.0000001
          1.269456214 1.291913948 0.387688988889
          1.1776451245000001 1.2950614655 0.387688988889
          1.1939402076499999 1.2162887402 0.387688988889
          1.2894673046 1.2108930277999999 0.387688988889
          1.085834035 1.2982089829999999 0.0000001
          1.0984131107000001 1.2216844526 0.0000001
          1.085834035 1.2982089829999999 0.387688988889
          1.0984131107000001 1.2216844526 0.387688988889
          0.9940229455 1.3013565005 0.0000001
          1.0028860137499997 1.2270801650000003 0.0000001
          0.9940229455 1.3013565005 0.387688988889
          1.0028860137499997 1.2270801650000003 0.387688988889
          1.2102352908 1.1375160149 0.0000001
          1.3094783952 1.1298721076 0.0000001
          1.2102352908 1.1375160149 0.387688988889
          1.3094783952 1.1298721076 0.387688988889
          1.1109921863999999 1.1451599222 0.0000001
          1.1109921863999999 1.1451599222 0.387688988889
          1.011749082 1.1528038295 0.0000001
          1.011749082 1.1528038295 0.387688988889
          1.2265303739499998 1.0587432896 0.0000001
          1.3294894858000001 1.0488511874 0.0000001
          1.2265303739499998 1.0587432896 0.387688988889
          1.3294894858000001 1.0488511874 0.387688988889
          1.1235712621 1.0686353918 0.0000001
          1.1235712621 1.0686353918 0.387688988889
          1.02061215025 1.078527494 0.0000001
          1.02061215025 1.078527494 0.387688988889
          1.2428254570999997 0.9799705642999998 0.0000001
          1.3495005764 0.9678302672 0.0000001
          1.2428254570999997 0.9799705642999998 0.387688988889
          1.3495005764 0.9678302672 0.387688988889
          1.1361503378 0.9921108614 0.0000001
          1.1361503378 0.9921108614 0.387688988889
          1.0294752185 1.0042511584999998 0.0000001
          1.0294752185 1.0042511584999998 0.387688988889
          1.3473395159999997 1.2172232418333333 0.0000001
          1.3306636071666667 1.2933103198333333 0.0000001
          1.3473395159999997 1.2172232418333333 0.387688988889
          1.3306636071666667 1.2933103198333333 0.387688988889
          1.364015424833333 1.1411361638333337 0.0000001
          1.364015424833333 1.1411361638333337 0.387688988889
          1.3806913336666669 1.065049085833333 0.0000001
          1.3806913336666669 1.065049085833333 0.387688988889
          1.3973672425 0.9889620078333335 0.0000001
          1.3973672425 0.9889620078333335 0.387688988889
          1.4052117274000004 1.2235534558666663 0.0000001
          1.3918710003333334 1.2947066916666665 0.0000001
          1.4052117274000004 1.2235534558666663 0.387688988889
          1.3918710003333334 1.2947066916666665 0.387688988889
          1.4185524544666663 1.1524002200666668 0.0000001
          1.4185524544666663 1.1524002200666668 0.387688988889
          1.4318931815333333 1.0812469842666663 0.0000001
          1.4318931815333333 1.0812469842666663 0.387688988889
          1.4452339086000001 1.0100937484666668 0.0000001
          1.4452339086000001 1.0100937484666668 0.387688988889
          1.4630839387999997 1.2298836699 0.0000001
          1.4530783935 1.2961030635 0.0000001
          1.4630839387999997 1.2298836699 0.387688988889
          1.4530783935 1.2961030635 0.387688988889
          1.4730894841 1.1636642763 0.0000001
          1.4730894841 1.1636642763 0.387688988889
          1.4830950293999998 1.0974448827 0.0000001
          1.4830950293999998 1.0974448827 0.387688988889
          1.4931005747000001 1.0312254891000001 0.0000001
          1.4931005747000001 1.0312254891000001 0.387688988889
          1.5209561502000004 1.236213883933333 0.0000001
          1.5142857866666666 1.2974994353333333 0.0000001
          1.5209561502000004 1.236213883933333 0.387688988889
          1.5142857866666666 1.2974994353333333 0.387688988889
          1.5276265137333334 1.1749283325333333 0.0000001
          1.5276265137333334 1.1749283325333333 0.387688988889
          1.5342968772666663 1.1136427811333334 0.0000001
          1.5342968772666663 1.1136427811333334 0.387688988889
          1.5409672407999997 1.0523572297333335 0.0000001
          1.5409672407999997 1.0523572297333335 0.387688988889
          1.5788283615999998 1.2425440979666666 0.0000001
          1.5754931798333334 1.2988958071666665 0.0000001
          1.5788283615999998 1.2425440979666666 0.387688988889
          1.5754931798333334 1.2988958071666665 0.387688988889
          1.5821635433666668 1.1861923887666666 0.0000001
          1.5821635433666668 1.1861923887666666 0.387688988889
          1.5854987251333332 1.1298406795666667 0.0000001
          1.5854987251333332 1.1298406795666667 0.387688988889
          1.5888339069 1.0734889703666668 0.0000001
          1.5888339069 1.0734889703666668 0.387688988889
          1.3501927523750004 1.3884191675833335 0.0000001
          1.29289118825 1.3931900984999999 0.0000001
          1.3501927523750004 1.3884191675833335 0.387688988889
          1.29289118825 1.3931900984999999 0.387688988889
          1.4074943165 1.3836482366666667 0.0000001
          1.4074943165 1.3836482366666667 0.387688988889
          1.4647958806249994 1.3788773057499994 0.0000001
          1.4647958806249994 1.3788773057499994 0.387688988889
          1.5220974447499995 1.3741063748333333 0.0000001
          1.5220974447499995 1.3741063748333333 0.387688988889
          1.5793990088749998 1.3693354439166665 0.0000001
          1.5793990088749998 1.3693354439166665 0.387688988889
          1.3697218975833334 1.4835280153333332 0.0000001
          1.3163261625 1.4944662489999998 0.0000001
          1.3697218975833334 1.4835280153333332 0.387688988889
          1.3163261625 1.4944662489999998 0.387688988889
          1.4231176326666666 1.4725897816666667 0.0000001
          1.4231176326666666 1.4725897816666667 0.387688988889
          1.47651336775 1.4616515479999996 0.0000001
          1.47651336775 1.4616515479999996 0.387688988889
          1.5299091028333336 1.450713314333333 0.0000001
          1.5299091028333336 1.450713314333333 0.387688988889
          1.5833048379166668 1.4397750806666667 0.0000001
          1.5833048379166668 1.4397750806666667 0.387688988889
          1.3892510427916667 1.5786368630833336 0.0000001
          1.33976113675 1.5957423995 0.0000001
          1.3892510427916667 1.5786368630833336 0.387688988889
          1.33976113675 1.5957423995 0.387688988889
          1.4387409488333336 1.5615313266666664 0.0000001
          1.4387409488333336 1.5615313266666664 0.387688988889
          1.488230854875 1.54442579025 0.0000001
          1.488230854875 1.54442579025 0.387688988889
          1.5377207609166668 1.5273202538333335 0.0000001
          1.5377207609166668 1.5273202538333335 0.387688988889
          1.5872106669583332 1.5102147174166667 0.0000001
          1.5872106669583332 1.5102147174166667 0.387688988889
          1.1974595192499997 1.3927330648125 0.0000001
          1.1974595192499997 1.3927330648125 0.387688988889
          1.2172739139999997 1.4904046641249995 0.0000001
          1.2172739139999997 1.4904046641249995 0.387688988889
          1.2370883087500004 1.5880762634374999 0.0000001
          1.2370883087500004 1.5880762634374999 0.387688988889
          1.1020278502499998 1.392276031125 0.0000001
          1.1020278502499998 1.392276031125 0.387688988889
          1.1182216655000001 1.4863430792499996 0.0000001
          1.1182216655000001 1.4863430792499996 0.387688988889
          1.13441548075 1.580410127375 0.0000001
          1.13441548075 1.580410127375 0.387688988889
          1.00659618125 1.3918189974375 0.0000001
          1.00659618125 1.3918189974375 0.387688988889
          1.019169417 1.482281494375 0.0000001
          1.019169417 1.482281494375 0.387688988889
          1.03174265275 1.5727439913124996 0.0000001
          1.03174265275 1.5727439913124996 0.387688988889
          3.422829935 1.33543413 0.4758001
          3.177083433334 1.3354341299999994 0.4758001
          3.177083433334 1.0683473239999994 0.4758001
          3.435972291 1.068347324 0.4758001
          3.177083433334 0.8012605179999996 0.4758001
          3.449114647 0.8012605180000001 0.4758001
          3.1770834333339995 0.5341737119999997 0.4758001
          3.4622570030000004 0.5341737120000001 0.4758001
          3.1770834333339995 0.26708690599999985 0.4758001
          3.4753993590000003 0.26708690600000007 0.4758001
          3.1770834333339995 0.0000001 0.4758001
          3.488541715 0.0000001 0.4758001
          3.694861152 1.068347324 0.4758001
          3.66857644 1.33543413 0.4758001
          3.7211458640000004 0.8012605180000001 0.4758001
          3.747430576 0.5341737120000001 0.4758001
          3.7737152880000004 0.26708690600000007 0.4758001
          3.8000000000000007 0.0000001 0.4758001
          3.6357205494444997 1.6692926363887501 0.4758001
          3.40640199 1.6692926363887501 0.4758001
          3.6028646588889996 2.0031511427775 0.4758001
          3.389974045 2.0031511427775 0.4758001
          3.5700087683335 2.3370096491662498 0.4758001
          3.3735461000000004 2.3370096491662498 0.4758001
          3.537152877778 2.670868155555 0.4758001
          3.357118155 2.670868155555 0.4758001
          3.177083433334 1.6692926363887497 0.4758001
          3.177083433334 2.0031511427775 0.4758001
          3.177083433334 2.3370096491662498 0.4758001
          3.177083433334 2.670868155555 0.4758001
          4.08428822 1.33543413 0.4758001
          4.097430576000001 1.068347324 0.4758001
          4.110572932 0.8012605180000001 0.4758001
          4.1237152880000005 0.5341737120000001 0.4758001
          4.136857644 0.26708690600000007 0.4758001
          4.15 0.0000001 0.4758001
          4.5 1.068347324 0.4758001
          4.5 1.33543413 0.4758001
          4.5 0.8012605180000001 0.4758001
          4.5 0.5341737120000001 0.4758001
          4.5 0.26708690600000007 0.4758001
          4.5 0.0000001 0.4758001
          4.5 1.6692926375000001 0.4758001
          4.067860275 1.6692926375000001 0.4758001
          4.5 2.003151145 0.4758001
          4.051432330000001 2.003151145 0.4758001
          4.5 2.3370096525 0.4758001
          4.035004385000001 2.3370096525 0.4758001
          4.5 2.67086816 0.4758001
          4.01857644 2.67086816 0.4758001
          4.01857644 3.30416677 0.4758001
          3.537152877778 3.3041667699999997 0.4758001
          3.537152877778 2.9875174627775 0.4758001
          4.01857644 2.987517465 0.4758001
          4.5 2.987517465 0.4758001
          4.5 3.30416677 0.4758001
          4.5 3.620816075 0.4758001
          4.01857644 3.620816075 0.4758001
          4.5 3.93746538 0.4758001
          4.01857644 3.93746538 0.4758001
          3.537152877778 3.6208160738885 0.4758001
          3.537152877778 3.937465377777 0.4758001
          3.422829935 4.51873269 0.4758001
          3.177083433334 4.51873269 0.4758001
          3.177083433334 4.2280990338885 0.4758001
          3.3899740449999998 4.2280990338885 0.4758001
          3.177083433334 3.937465377777 0.4758001
          3.3571181549999993 3.937465377777 0.4758001
          3.6028646588889996 4.2280990338885 0.4758001
          3.66857644 4.51873269 0.4758001
          3.73428822 4.809366345 0.4758001
          3.455685825 4.809366345 0.4758001
          3.8 5.1 0.4758001
          3.488541715 5.1 0.4758001
          3.177083433334 4.809366345 0.4758001
          3.177083433334 5.1 0.4758001
          4.08428822 4.51873269 0.4758001
          4.051432330000001 4.228099035 0.4758001
          4.5 4.228099035 0.4758001
          4.5 4.51873269 0.4758001
          4.5 4.809366345 0.4758001
          4.11714411 4.809366345 0.4758001
          4.5 5.1 0.4758001
          4.15 5.1 0.4758001
          3.488541715 5.854166715 0.4758001
          3.177083433334 5.854166715 0.4758001
          3.177083433334 5.60277781 0.4758001
          3.488541715 5.60277781 0.4758001
          3.177083433334 5.351388904999999 0.4758001
          3.488541715 5.351388904999999 0.4758001
          3.8 5.60277781 0.4758001
          3.8 5.854166715 0.4758001
          3.8 5.351388904999999 0.4758001
          3.8 6.105555621111 0.4758001
          3.488541715 6.105555621111 0.4758001
          3.8 6.356944527222 0.4758001
          3.488541715 6.356944527222 0.4758001
          3.8 6.608333433333 0.4758001
          3.488541715 6.608333433333 0.4758001
          3.177083433334 6.105555621111 0.4758001
          3.1770834333339995 6.356944527222 0.4758001
          3.1770834333339995 6.608333433333 0.4758001
          4.15 5.854166715 0.4758001
          4.15 5.60277781 0.4758001
          4.15 5.351388904999999 0.4758001
          4.5 5.60277781 0.4758001
          4.5 5.854166715 0.4758001
          4.5 5.351388904999999 0.4758001
          4.5 6.105555621111 0.4758001
          4.15 6.105555621111 0.4758001
          4.5 6.356944527222 0.4758001
          4.15 6.356944527222 0.4758001
          4.5 6.608333433333 0.4758001
          4.15 6.608333433333 0.4758001
          4.79 0.0000001 0.4758001
          4.862936025748915 0.14907633778391371 0.4758001
          4.6133314563141665 0.15889633479924717 0.4758001
          5.08 0.0000001 0.4758001
          5.114267756136938 0.14336342201620672 0.4758001
          5.370000000000001 0.0000001 0.4758001
          5.366382252144225 0.14203667534218672 0.4758001
          5.660000000000001 0.0000001 0.4758001
          5.618296878704278 0.14516091210300186 0.4758001
          5.950000000000001 0.0000001 0.4758001
          5.869038764789817 0.15258350681919247 0.4758001
          4.9358720514978325 0.2981525755678274 0.4758001
          4.726662912628332 0.31779256959849433 0.4758001
          5.1485355122738765 0.28672674403241355 0.4758001
          5.362764504288447 0.28407325068437345 0.4758001
          5.57659375740856 0.2903217242060037 0.4758001
          5.788077529579634 0.30516691363838494 0.4758001
          5.0088080772467505 0.4472288133517412 0.4758001
          4.839994368942499 0.47668880439774153 0.4758001
          5.182803268410816 0.4300900660486202 0.4758001
          5.359146756432671 0.4261098260265601 0.4758001
          5.534890636112837 0.4354825363090055 0.4758001
          5.70711629436945 0.4577503204575774 0.4758001
          5.081744102995666 0.5963050511356548 0.4758001
          4.953325825256664 0.6355850391969886 0.4758001
          5.217071024547755 0.573453388064827 0.4758001
          5.355529008576896 0.5681464013687467 0.4758001
          5.493187514817115 0.5806433484120074 0.4758001
          5.626155059159267 0.6103337272767698 0.4758001
          5.154680128744582 0.7453812889195685 0.4758001
          5.066657281570831 0.7944812739962357 0.4758001
          5.251338780684694 0.7168167100810336 0.4758001
          5.351911260721119 0.7101829767109334 0.4758001
          5.451484393521395 0.7258041605150092 0.4758001
          5.545193823949083 0.7629171340959623 0.4758001
          6.433333333333334 0.0000001 0.4758001
          6.270146190986061 0.1621023683703803 0.4758001
          6.916666666666666 0.0000001 0.4758001
          6.669196924119832 0.17417627241008837 0.4758001
          7.399999999999999 0.0000001 0.4758001
          7.065745591727681 0.18837100095346593 0.4758001
          6.106959048638788 0.3242046367407607 0.4758001
          6.421727181572995 0.34835244482017685 0.4758001
          6.731491183455364 0.37674190190693185 0.4758001
          5.943771906291513 0.486306905111141 0.4758001
          6.174257439026161 0.522528617230265 0.4758001
          6.397236775183046 0.5651128028603978 0.4758001
          5.780584763944239 0.6484091734815214 0.4758001
          5.926787696479326 0.6967047896403536 0.4758001
          6.062982366910729 0.7534837038138636 0.4758001
          5.617397621596966 0.8105114418519017 0.4758001
          5.6793179539324905 0.870880962050442 0.4758001
          5.728727958638411 0.9418546047673296 0.4758001
          7.3999999999999995 0.45000007500000005 0.4758001
          7.072850529551335 0.5644171229044646 0.4758001
          7.4 0.90000005 0.4758001
          7.076750768186707 0.9415269524530947 0.4758001
          6.745701059102673 0.6788341708089287 0.4758001
          6.753501536373414 0.9830538549061892 0.4758001
          6.418551588654012 0.793251218713393 0.4758001
          6.4302523045601205 1.0245807573592838 0.4758001
          6.09140211820535 0.907668266617857 0.4758001
          6.107003072746828 1.0661076598123784 0.4758001
          5.7642526477566856 1.0220853145223217 0.4758001
          5.783753840933534 1.107634562265473 0.4758001
          7.4 1.350000025 0.4758001
          7.077165861855334 1.3208797624418454 0.4758001
          7.4 1.8 0.4758001
          7.073487291398377 1.6998842800768537 0.4758001
          6.754331723710667 1.2917594998836908 0.4758001
          6.746974582796753 1.599768560153707 0.4758001
          6.431497585565998 1.2626392373255366 0.4758001
          6.420461874195128 1.4996528402305607 0.4758001
          6.108663447421334 1.233518974767382 0.4758001
          6.0939491655935045 1.3995371203074143 0.4758001
          5.785829309276667 1.2043987122092277 0.4758001
          5.767436456991881 1.299421400384268 0.4758001
          7.4 2.23543408 0.4758001
          7.067303153355117 2.0633886355699405 0.4758001
          6.734606306710233 1.8913431911398804 0.4758001
          6.401909460065349 1.7192977467098203 0.4758001
          6.069212613420465 1.5472523022797606 0.4758001
          5.7365157667755815 1.3752068578497008 0.4758001
          7.4 2.67086816 0.4758001
          7.060037883591027 2.4235027773024203 0.4758001
          6.7200757671820535 2.1761373946048406 0.4758001
          6.3801136507730805 1.9287720119072609 0.4758001
          6.040151534364107 1.681406629209681 0.4758001
          5.700189417955134 1.4340412465121013 0.4758001
          7.158333333333333 2.67086816 0.4758001
          6.86146438724141 2.430049300811919 0.4758001
          6.916666666666667 2.67086816 0.4758001
          6.662311770456874 2.4360868680879126 0.4758001
          6.675000000000001 2.67086816 0.4758001
          6.462629226406516 2.4415644407043615 0.4758001
          6.433333333333334 2.67086816 0.4758001
          6.262470427986523 2.4464357141362707 0.4758001
          6.191666666666666 2.67086816 0.4758001
          6.061893074097636 2.4506595091938412 0.4758001
          5.95 2.67086816 0.4758001
          5.860958401888937 2.4542001201297463 0.4758001
          6.56459544114949 2.18923044162384 0.4758001
          6.4079568742470805 2.2013055761758262 0.4758001
          6.250258452813034 2.2122607214087235 0.4758001
          6.091607522639714 2.22200326827254 0.4758001
          5.932119481528608 2.230450858387683 0.4758001
          5.7719168037778745 2.2375320802594927 0.4758001
          6.267726495057571 1.9484115824357595 0.4758001
          6.153601978037285 1.9665242842637385 0.4758001
          6.037887679219551 1.982957002113086 0.4758001
          5.920744617292904 1.9975708224088107 0.4758001
          5.802345888959579 2.0102422075815256 0.4758001
          5.682875205666811 2.020864040389239 0.4758001
          5.9708575489656495 1.7075927232476789 0.4758001
          5.8992470818274905 1.7317429923516519 0.4758001
          5.825516905626067 1.7536532828174476 0.4758001
          5.749881711946095 1.7731383765450803 0.4758001
          5.672572296390554 1.7900335567753662 0.4758001
          5.593833607555748 1.804196000518985 0.4758001
          5.673988602873729 1.4667738640595993 0.4758001
          5.644892185617698 1.4969617004395646 0.4758001
          5.613146132032584 1.5243495635218096 0.4758001
          5.579018806599286 1.5487059306813507 0.4758001
          5.542798703821524 1.5698249059692078 0.4758001
          5.504792009444685 1.5875279606487314 0.4758001
          5.708333333333334 2.67086816 0.4758001
          5.654709088326475 2.458414022921715 0.4758001
          5.466666666666667 2.67086816 0.4758001
          5.447977102987344 2.4606624993941186 0.4758001
          5.225 2.67086816 0.4758001
          5.2410597658117695 2.460895655207581 0.4758001
          4.983333333333333 2.67086816 0.4758001
          5.0342585097505115 2.459108316567565 0.4758001
          4.741666666666667 2.67086816 0.4758001
          4.827872191881038 2.455340145032367 0.4758001
          4.622190461683036 2.449674757411733 0.4758001
          5.601084843319616 2.245959885843431 0.4758001
          5.429287539308024 2.2504568387882387 0.4758001
          5.257119531623537 2.2509231504151614 0.4758001
          5.08518368616769 2.24734847313513 0.4758001
          4.91407771709541 2.2398121300647356 0.4758001
          4.744380923366071 2.2284813548234657 0.4758001
          5.5474605983127585 2.0335057487651467 0.4758001
          5.410597975628701 2.040251178182358 0.4758001
          5.273179297435305 2.0409506456227424 0.4758001
          5.1361088625848685 2.035588629702695 0.4758001
          5.00028324230978 2.0242841150971027 0.4758001
          4.866571385049107 2.0072879522351985 0.4758001
          5.493836353305903 1.8210516116868618 0.4758001
          5.391908411949378 1.8300455175764772 0.4758001
          5.289239063247075 1.8309781408303225 0.4758001
          5.187034039002048 1.8238287862702598 0.4758001
          5.08648876752415 1.8087561001294707 0.4758001
          4.988761846732142 1.7860945496469314 0.4758001
          5.4402121082990424 1.6085974746085774 0.4758001
          5.3732188482700565 1.619839856970596 0.4758001
          5.305298829058844 1.6210056360379035 0.4758001
          5.237959215419227 1.612068942837825 0.4758001
          5.172694292738522 1.5932280851618381 0.4758001
          5.110952308415178 1.564901147058664 0.4758001
          4.60609201704935 2.1712694162247277 0.4758001
          4.592796300710401 1.889674230389698 0.4758001
          4.582922331788096 1.6055646779566268 0.4758001
          4.576929820418856 1.3197333003186076 0.4758001
          4.712184034098698 2.0055291799494563 0.4758001
          4.685592601420803 1.7761973157793962 0.4758001
          4.665844663576191 1.541836718413254 0.4758001
          4.6538596408377115 1.304032470637215 0.4758001
          4.818276051148053 1.8397889436741834 0.4758001
          4.778388902131202 1.662720401169094 0.4758001
          4.748766995364287 1.47810875886988 0.4758001
          4.730789461256568 1.2883316409558223 0.4758001
          4.9243680681974 1.6740487073989119 0.4758001
          4.871185202841604 1.5492434865587923 0.4758001
          4.831689327152381 1.414380799326507 0.4758001
          4.807719281675423 1.2726308112744298 0.4758001
          5.030460085246751 1.5083084711236392 0.4758001
          4.963981503552006 1.4357665719484896 0.4758001
          4.914611658940477 1.3506528397831337 0.4758001
          4.884649102094279 1.2569299815930373 0.4758001
          4.5751265277573205 1.0851644680359633 0.4758001
          4.578145967706336 0.8507364287756622 0.4758001
          4.58582840740312 0.6175473430497072 0.4758001
          4.597767434365033 0.3866298288859874 0.4758001
          4.650253055514644 1.101981612071927 0.4758001
          4.656291935412669 0.9002123395513241 0.4758001
          4.6716568148062425 0.7009209740994147 0.4758001
          4.695534868730066 0.5061727517719746 0.4758001
          4.725379583271963 1.1187987561078898 0.4758001
          4.734437903119005 0.9496882503269857 0.4758001
          4.757485222209364 0.7842946051491215 0.4758001
          4.793302303095098 0.625715674657962 0.4758001
          4.800506111029286 1.1356159001438533 0.4758001
          4.812583870825342 0.999164161102648 0.4758001
          4.8433136296124815 0.8676682361988286 0.4758001
          4.89106973746013 0.7452585975439491 0.4758001
          4.875632638786608 1.1524330441798167 0.4758001
          4.890729838531676 1.0486400718783098 0.4758001
          4.9291420370156045 0.9510418672485359 0.4758001
          4.988837171825164 0.8648015204299362 0.4758001
          4.929653356569126 2.86191891684145 0.4758001
          4.768542245458334 2.9170169633333334 0.4758001
          5.097953399256781 2.807859286846636 0.4758001
          5.2974913340276215 2.7699911056256945 0.4758001
          5.512763326460677 2.7632707184476337 0.4758001
          5.728972484063672 2.7632707184475542 0.4758001
          5.945181641666667 2.7632707184476666 0.4758001
          5.117640046471584 3.052969673682899 0.4758001
          5.0370844909166665 3.1631657666666664 0.4758001
          5.212573465180227 2.94485041369327 0.4758001
          5.369982668055242 2.8691140512513895 0.4758001
          5.558859986254686 2.855673276895268 0.4758001
          5.749611634794008 2.8556732768951085 0.4758001
          5.940363283333333 2.8556732768953332 0.4758001
          5.305626736374042 3.2440204305243476 0.4758001
          5.305626736375 3.40931457 0.4758001
          5.327193531103675 3.081841540539905 0.4758001
          5.4424740020828635 2.968236996877086 0.4758001
          5.604956646048696 2.9480758353429017 0.4758001
          5.770250785524348 2.9480758353426637 0.4758001
          5.935544925 2.948075835343 0.4758001
          6.158217478711671 2.7632707184474 0.4758001
          6.371250491495201 2.7634622081857714 0.4758001
          6.579154994275797 2.783652421377877 0.4758001
          6.764239900029262 2.828624895397871 0.4758001
          6.926250578791556 2.8805072700661074 0.4758001
          7.087361689902667 2.932431996 0.4758001
          6.124768290756674 2.8556732768948 0.4758001
          6.309167649657068 2.8560562563715424 0.4758001
          6.483309988551592 2.8964366827557537 0.4758001
          6.611813133391856 2.9863816307957416 0.4758001
          6.694167824249778 3.0901463801322144 0.4758001
          6.774723379805334 3.1939958319999997 0.4758001
          6.091319102801679 2.948075835342201 0.4758001
          6.247084807818937 2.9486503045573143 0.4758001
          6.387464982827387 3.0092209441336304 0.4758001
          6.459386366754453 3.1441383661936126 0.4758001
          6.462085069708 3.299785490198322 0.4758001
          6.462085069708 3.455559668 0.4758001
          7.4 3.0757234666666666 0.4758001
          7.087361689902668 3.253803628999999 0.4758001
          7.4 3.4805787733333333 0.4758001
          7.08736168990267 3.5751752619999997 0.4758001
          7.4 3.88543408 0.4758001
          7.087361689902667 3.896546895 0.4758001
          6.774723379805334 3.4318837913333327 0.4758001
          6.774723379805334 3.6697717506666665 0.4758001
          6.774723379805334 3.907659710000001 0.4758001
          6.462085069708 3.609963953666667 0.4758001
          6.462085069708 3.7643682393333338 0.4758001
          6.462085069708 3.918772525000001 0.4758001
          7.4 4.290289386666666 0.4758001
          7.087361689902668 4.217918527999999 0.4758001
          7.4 4.695144693333333 0.4758001
          7.08736168990267 4.539290161 0.4758001
          7.4 5.1 0.4758001
          7.087361689902667 4.860661793999999 0.4758001
          6.774723379805334 4.145547669333332 0.4758001
          6.774723379805334 4.383435628666667 0.4758001
          6.774723379805334 4.621323588 0.4758001
          6.462085069708 4.073176810666667 0.4758001
          6.462085069708 4.227581096333333 0.4758001
          6.462085069708 4.381985382 0.4758001
          7.158333333333333 5.1 0.4758001
          6.926250578791556 4.914603215411313 0.4758001
          6.916666666666667 5.1 0.4758001
          6.765110410182145 4.968544577065957 0.4758001
          6.675000000000001 5.1 0.4758001
          6.58451889407862 5.017688485442158 0.4758001
          6.433333333333334 5.1 0.4758001
          6.376852034561645 5.042731898857983 0.4758001
          6.191666666666666 5.1 0.4758001
          6.161834170855758 5.043525278447667 0.4758001
          5.95 5.1 0.4758001
          5.946781638333333 5.0435252784476665 0.4758001
          6.694167824249777 4.729206430822629 0.4758001
          6.613554153697629 4.8370891541319185 0.4758001
          6.494037788157239 4.935376970884317 0.4758001
          6.320370735789954 4.985463797715966 0.4758001
          6.132001675044849 4.987050556895333 0.4758001
          5.943563276666667 4.987050556895333 0.4758001
          6.462085069708 4.543809646233942 0.4758001
          6.461997897213107 4.705633731197878 0.4758001
          6.403556682235859 4.853065456326474 0.4758001
          6.263889437018264 4.928195696573951 0.4758001
          6.102169179233942 4.930575835343 0.4758001
          5.940344915 4.930575835343 0.4758001
          5.708333333333334 5.1 0.4758001
          5.727804300228519 5.043525278447666 0.4758001
          5.466666666666667 5.1 0.4758001
          5.5088269621237025 5.043525278447667 0.4758001
          5.225 5.1 0.4758001
          5.2914951872036555 5.0338032010304286 0.4758001
          4.983333333333333 5.1 0.4758001
          5.094494368408036 4.990118092340118 0.4758001
          4.741666666666667 5.1 0.4758001
          4.929653356569423 4.93263320566037 0.4758001
          4.768542245458334 4.874766978666666 0.4758001
          5.747275267123703 4.987050556895334 0.4758001
          5.550987257580739 4.987050556895335 0.4758001
          5.35799037440731 4.9676064020608575 0.4758001
          5.20565540348274 4.8802361846802365 0.4758001
          5.117640046472177 4.765266411320743 0.4758001
          5.0370844909166665 4.649533957333333 0.4758001
          5.766746234018886 4.930575835343 0.4758001
          5.593147553037774 4.930575835343 0.4758001
          5.424485561610966 4.9014096030912855 0.4758001
          5.316816438557443 4.7703542770203535 0.4758001
          5.305626736374934 4.597899616981113 0.4758001
          5.305626736375 4.424300936 0.4758001
          4.768542245458247 4.640531836166665 0.4758001
          4.768542245458334 4.4062966936666665 0.4758001
          5.037084490916492 4.471697327333332 0.4758001
          5.0370844909166665 4.293860697333334 0.4758001
          5.305626736374739 4.3028628184999995 0.4758001
          5.305626736375 4.181424701 0.4758001
          4.768542245458193 4.172061551333332 0.4758001
          4.768542245458334 3.937826409 0.4758001
          5.037084490916385 4.116024067666666 0.4758001
          5.0370844909166665 3.938187438 0.4758001
          5.305626736374579 4.059986584 0.4758001
          5.305626736375 3.938548467 0.4758001
          4.768542245458138 3.682624047666667 0.4758001
          4.768542245458334 3.4274216863333336 0.4758001
          5.037084490916273 3.744432020333334 0.4758001
          5.0370844909166665 3.5506766026666665 0.4758001
          5.305626736374412 3.806239993 0.4758001
          5.305626736375 3.673931519 0.4758001
          4.76854224545808 3.172219324833333 0.4758001
          5.037084490916158 3.3569211846666667 0.4758001
          5.305626736374238 3.5416230444999997 0.4758001
          8.7833334 0.90000005 0.4758001
          8.552777833333334 0.90000005 0.4758001
          8.552777833333334 0.45000007499999994 0.4758001
          8.7833334 0.450000075 0.4758001
          8.322222266666667 0.90000005 0.4758001
          8.322222266666667 0.450000075 0.4758001
          8.091666700000001 0.90000005 0.4758001
          8.091666700000001 0.45000007499999994 0.4758001
          7.861111133333333 0.90000005 0.4758001
          7.861111133333333 0.450000075 0.4758001
          7.630555566666667 0.90000005 0.4758001
          7.630555566666666 0.45000007499999983 0.4758001
          8.552777833333334 0.0000001 0.4758001
          8.7833334 0.0000001 0.4758001
          8.322222266666666 0.0000001 0.4758001
          8.0916667 0.0000001 0.4758001
          7.861111133333332 0.0000001 0.4758001
          7.630555566666666 0.0000001 0.4758001
          9.013888961111167 0.45000007500000005 0.4758001
          9.013888961111167 0.9000000500000003 0.4758001
          9.013888961111167 0.0000001 0.4758001
          9.244444522222333 0.4500000750000002 0.4758001
          9.244444522222333 0.9000000500000005 0.4758001
          9.244444522222333 0.0000001 0.4758001
          9.4750000833335 0.45000007500000033 0.4758001
          9.4750000833335 0.9000000500000007 0.4758001
          9.4750000833335 0.0000001 0.4758001
          9.705555644444665 0.4500000750000005 0.4758001
          9.705555644444667 0.9000000500000009 0.4758001
          9.705555644444667 0.0000001 0.4758001
          9.936111205555832 0.4500000750000005 0.4758001
          9.936111205555832 0.9000000500000012 0.4758001
          9.936111205555832 0.0000001 0.4758001
          10.166666766667 0.45000007500000067 0.4758001
          10.166666766667 0.9000000500000014 0.4758001
          10.166666766667 0.0000001 0.4758001
          9.013888961111167 1.350000025 0.4758001
          8.7833334 1.350000025 0.4758001
          9.24444452222233 1.3500000250000002 0.4758001
          9.4750000833335 1.3500000250000004 0.4758001
          9.705555644444665 1.3500000250000004 0.4758001
          9.936111205555832 1.3500000250000004 0.4758001
          10.166666766667 1.3500000250000004 0.4758001
          9.013888961111167 1.7999999999999998 0.4758001
          8.7833334 1.8 0.4758001
          9.244444522222333 1.7999999999999998 0.4758001
          9.4750000833335 1.7999999999999998 0.4758001
          9.705555644444667 1.7999999999999996 0.4758001
          9.936111205555832 1.7999999999999994 0.4758001
          10.166666766667 1.7999999999999994 0.4758001
          8.552777833333334 1.350000025 0.4758001
          8.552777833333334 1.8 0.4758001
          8.322222266666667 1.3500000249999997 0.4758001
          8.322222266666667 1.8 0.4758001
          8.091666700000003 1.350000025 0.4758001
          8.091666700000001 1.8 0.4758001
          7.861111133333332 1.350000025 0.4758001
          7.861111133333333 1.8 0.4758001
          7.630555566666667 1.350000025 0.4758001
          7.630555566666667 1.8 0.4758001
          7.873923353760778 2.085950471690246 0.4758001
          7.720219642649667 2.1294545113333334 0.4758001
          8.032681177737654 2.0431353159674437 0.4758001
          8.216050614072275 2.0125779558220325 0.4758001
          8.412409914824934 2.0067823817459995 0.4758001
          8.609617665579137 2.0067823817460004 0.4758001
          8.806825416333334 2.0067823817463335 0.4758001
          8.11729114085489 2.3719009433804907 0.4758001
          8.040439285299334 2.458909022666667 0.4758001
          8.204251222141973 2.2862706319348867 0.4758001
          8.340434528144552 2.2251559116440642 0.4758001
          8.502597562983203 2.213564763492 0.4758001
          8.666457497824933 2.2135647634919997 0.4758001
          8.830317432666666 2.2135647634926667 0.4758001
          8.360658927949 2.657851415070737 0.4758001
          8.360658927949 2.788363534 0.4758001
          8.375821266546296 2.5294059479023305 0.4758001
          8.464818442216828 2.4377338674660964 0.4758001
          8.592785211141473 2.420347145238 0.4758001
          8.723297330070736 2.420347145238 0.4758001
          8.853809449 2.420347145239 0.4758001
          9.005984970804423 2.006782381746 0.4758001
          9.205144525275514 2.006782381746 0.4758001
          9.404304079746606 2.006782381746 0.4758001
          9.603463195366649 2.006853780718512 0.4758001
          9.79764860169619 2.0251209557445105 0.4758001
          9.96849350241237 2.066092135361894 0.4758001
          8.99808098049768 2.2135647634919993 0.4758001
          9.165844528328693 2.2135647634919997 0.4758001
          9.333608076159708 2.213564763492 0.4758001
          9.501370746288632 2.213707561437025 0.4758001
          9.659185997836552 2.2502419114890233 0.4758001
          9.770320238157742 2.332184270723789 0.4758001
          8.990176990190935 2.420347145238 0.4758001
          9.126544531381873 2.420347145238 0.4758001
          9.26291207257281 2.420347145238 0.4758001
          9.399278297210616 2.420561342155538 0.4758001
          9.520723393976912 2.4753628672335344 0.4758001
          9.572146973903113 2.5982764060856836 0.4758001
          10.166666766667 2.2124999999999995 0.4758001
          9.96850674635371 2.4104840182715757 0.4758001
          10.166666766667 2.625 0.4758001
          9.96850674635375 2.754875911292161 0.4758001
          10.166666766667 3.0375000000000005 0.4758001
          9.968506746353794 3.099267804312748 0.4758001
          10.166666766667 3.4500000000000006 0.4758001
          9.968506746353667 3.4436596973333335 0.4758001
          9.770346726040417 2.6084680365431527 0.4758001
          9.770346726040504 2.884751822584323 0.4758001
          9.77034672604059 3.161035608625496 0.4758001
          9.770346726040334 3.4373193946666665 0.4758001
          9.572186705727127 2.8064520548147285 0.4758001
          9.572186705727255 3.0146277338764853 0.4758001
          9.572186705727384 3.2228034129382426 0.4758001
          9.572186705727 3.4309790919999994 0.4758001
          10.166666766667 3.8625000000000003 0.4758001
          9.96850674635388 3.787624672924067 0.4758001
          10.166666766667 4.275 0.4758001
          9.968506746353924 4.131589648514799 0.4758001
          10.166666766667 4.6875 0.4758001
          9.968506746353965 4.4755546241055315 0.4758001
          10.166666766667 5.1 0.4758001
          9.967223815526733 4.8194403230019205 0.4758001
          9.77034672604076 3.7127493458481324 0.4758001
          9.770346726040845 3.988179297029599 0.4758001
          9.770346726040932 4.263609248211064 0.4758001
          9.767780864386468 4.5388806460038404 0.4758001
          9.57218670572764 3.637874018772199 0.4758001
          9.572186705727768 3.8447689455443976 0.4758001
          9.572186705727896 4.051663872316596 0.4758001
          9.568337913246202 4.258320969005761 0.4758001
          9.936111205555832 5.1 0.4758001
          9.790865031262797 4.855279640384198 0.4758001
          9.705555644444667 5.1 0.4758001
          9.596555742712034 4.867615715079667 0.4758001
          9.4750000833335 5.1 0.4758001
          9.399550061034027 4.867615715079666 0.4758001
          9.244444522222333 5.1 0.4758001
          9.202544379356016 4.867615715079667 0.4758001
          9.013888961111167 5.1 0.4758001
          9.005538697678006 4.867615715079666 0.4758001
          8.7833334 5.1 0.4758001
          8.808533016 4.867615715079666 0.4758001
          9.645618856969769 4.610559280768392 0.4758001
          9.487555840979404 4.635231430159334 0.4758001
          9.324100038734553 4.635231430159333 0.4758001
          9.160644236489702 4.635231430159333 0.4758001
          8.99718843424485 4.635231430159333 0.4758001
          8.833732632 4.635231430159333 0.4758001
          9.500372682676735 4.36583892115259 0.4758001
          9.378555939246771 4.402847145239 0.4758001
          9.248650016435079 4.402847145239 0.4758001
          9.118744093623386 4.402847145239 0.4758001
          8.988838170811693 4.402847145239 0.4758001
          8.858932248 4.402847145239 0.4758001
          8.552777833333334 5.1 0.4758001
          8.612690465710607 4.867615715079666 0.4758001
          8.322222266666667 5.1 0.4758001
          8.416847915421215 4.867615715079667 0.4758001
          8.091666700000001 5.1 0.4758001
          8.221411421726389 4.86404304013757 0.4758001
          7.861111133333333 5.1 0.4758001
          8.03593121413844 4.837651608949142 0.4758001
          7.630555566666667 5.1 0.4758001
          7.873923353760777 4.796983143178283 0.4758001
          7.720219642649667 4.754844304 0.4758001
          8.67260309808788 4.635231430159334 0.4758001
          8.51147356417576 4.635231430159333 0.4758001
          8.35115614345278 4.628086080275143 0.4758001
          8.210751294943554 4.575303217898285 0.4758001
          8.117291140854888 4.4939662863565655 0.4758001
          8.040439285299334 4.409688608 0.4758001
          8.732515730465153 4.402847145239 0.4758001
          8.606099212930307 4.402847145239 0.4758001
          8.480900865179171 4.392129120412714 0.4758001
          8.385571375748661 4.312954826847428 0.4758001
          8.360658927949 4.1909494295348475 0.4758001
          8.360658927949 4.064532912 0.4758001
          7.720219642649668 4.432752489 0.4758001
          7.720219642649667 4.110660674 0.4758001
          7.720219642649667 3.788568859 0.4758001
          8.040439285299332 4.170360284666667 0.4758001
          8.040439285299334 3.931031961333332 0.4758001
          8.040439285299334 3.691703638 0.4758001
          8.360658927949 3.907968080333333 0.4758001
          8.360658927949 3.7514032486666666 0.4758001
          8.360658927949 3.594838417 0.4758001
          7.720219642649668 3.466477043888889 0.4758001
          7.720219642649667 3.144385228777778 0.4758001
          7.720219642649667 2.8222934136666664 0.4758001
          8.040439285299332 3.4523753144444447 0.4758001
          8.040439285299334 3.2130469908888886 0.4758001
          8.040439285299334 2.9737186673333333 0.4758001
          8.360658927949 3.438273585 0.4758001
          8.360658927949 3.2817087529999998 0.4758001
          8.360658927949 3.125143921 0.4758001
          7.720219642649667 2.4758739623333335 0.4758001
          8.040439285299334 2.716313844666667 0.4758001
          8.360658927949 2.956753727 0.4758001
          5.95 5.854166715 0.4758001
          5.708333333333334 5.854166715 0.4758001
          5.708333333333334 5.602777809999999 0.4758001
          5.95 5.60277781 0.4758001
          5.466666666666667 5.854166715 0.4758001
          5.466666666666667 5.60277781 0.4758001
          5.225 5.854166715 0.4758001
          5.224999999999999 5.60277781 0.4758001
          4.983333333333333 5.854166715 0.4758001
          4.983333333333333 5.60277781 0.4758001
          4.741666666666667 5.854166715 0.4758001
          4.741666666666667 5.60277781 0.4758001
          5.708333333333334 5.3513889049999985 0.4758001
          5.95 5.351388904999999 0.4758001
          5.466666666666667 5.351388905000001 0.4758001
          5.224999999999999 5.3513889049999985 0.4758001
          4.983333333333333 5.3513889049999985 0.4758001
          4.741666666666667 5.3513889049999985 0.4758001
          6.191666666666667 5.602777809999999 0.4758001
          6.191666666666666 5.854166715 0.4758001
          6.1916666666666655 5.351388905 0.4758001
          6.433333333333334 5.60277781 0.4758001
          6.433333333333334 5.854166715 0.4758001
          6.433333333333334 5.351388905000001 0.4758001
          6.675 5.60277781 0.4758001
          6.675000000000001 5.854166715 0.4758001
          6.675000000000001 5.351388904999999 0.4758001
          6.916666666666666 5.60277781 0.4758001
          6.916666666666667 5.854166715 0.4758001
          6.916666666666667 5.3513889049999985 0.4758001
          7.158333333333333 5.602777809999999 0.4758001
          7.158333333333333 5.854166715 0.4758001
          7.158333333333332 5.3513889049999985 0.4758001
          7.4 5.60277781 0.4758001
          7.4 5.854166715 0.4758001
          7.4 5.351388904999999 0.4758001
          6.1916666666666655 6.105555621110998 0.4758001
          5.95 6.105555621111 0.4758001
          6.433333333333333 6.105555621111 0.4758001
          6.675 6.105555621110999 0.4758001
          6.916666666666666 6.105555621111 0.4758001
          7.158333333333331 6.105555621111 0.4758001
          7.4 6.105555621111 0.4758001
          6.1916666666666655 6.356944527222001 0.4758001
          5.95 6.356944527222 0.4758001
          6.433333333333334 6.356944527222 0.4758001
          6.675000000000001 6.356944527222 0.4758001
          6.916666666666667 6.356944527222 0.4758001
          7.158333333333331 6.356944527222 0.4758001
          7.4 6.356944527222 0.4758001
          6.191666666666666 6.608333433333 0.4758001
          5.95 6.608333433333 0.4758001
          6.433333333333334 6.608333433333 0.4758001
          6.675000000000001 6.608333433333 0.4758001
          6.916666666666667 6.608333433333 0.4758001
          7.158333333333333 6.608333433333 0.4758001
          7.4 6.608333433333 0.4758001
          5.708333333333334 6.105555621110999 0.4758001
          5.708333333333334 6.356944527222 0.4758001
          5.708333333333334 6.608333433333 0.4758001
          5.466666666666667 6.105555621110999 0.4758001
          5.466666666666667 6.356944527222 0.4758001
          5.466666666666667 6.608333433333 0.4758001
          5.224999999999999 6.105555621111 0.4758001
          5.225 6.356944527222 0.4758001
          5.225 6.608333433333 0.4758001
          4.983333333333333 6.105555621111 0.4758001
          4.983333333333333 6.356944527222 0.4758001
          4.983333333333333 6.608333433333 0.4758001
          4.741666666666667 6.105555621111 0.4758001
          4.741666666666667 6.356944527222 0.4758001
          4.741666666666667 6.608333433333 0.4758001
          8.7833334 5.854166715 0.4758001
          8.552777833333334 5.854166715 0.4758001
          8.552777833333332 5.602777809999999 0.4758001
          8.7833334 5.60277781 0.4758001
          8.322222266666667 5.854166715 0.4758001
          8.322222266666667 5.60277781 0.4758001
          8.091666700000001 5.854166715 0.4758001
          8.091666700000001 5.60277781 0.4758001
          7.861111133333333 5.854166715 0.4758001
          7.861111133333331 5.60277781 0.4758001
          7.630555566666667 5.854166715 0.4758001
          7.630555566666665 5.60277781 0.4758001
          8.552777833333332 5.3513889049999985 0.4758001
          8.7833334 5.351388904999999 0.4758001
          8.322222266666667 5.351388905000001 0.4758001
          8.091666700000001 5.3513889049999985 0.4758001
          7.861111133333332 5.3513889049999985 0.4758001
          7.630555566666666 5.3513889049999985 0.4758001
          9.013888961111167 5.602777809999999 0.4758001
          9.013888961111167 5.854166715 0.4758001
          9.013888961111167 5.351388905 0.4758001
          9.244444522222334 5.60277781 0.4758001
          9.244444522222333 5.854166715 0.4758001
          9.244444522222336 5.351388905000001 0.4758001
          9.475000083333503 5.60277781 0.4758001
          9.4750000833335 5.854166715 0.4758001
          9.4750000833335 5.351388904999999 0.4758001
          9.705555644444663 5.60277781 0.4758001
          9.705555644444667 5.854166715 0.4758001
          9.705555644444665 5.3513889049999985 0.4758001
          9.93611120555583 5.602777809999999 0.4758001
          9.936111205555832 5.854166715 0.4758001
          9.93611120555583 5.3513889049999985 0.4758001
          10.166666766667 5.60277781 0.4758001
          10.166666766667 5.854166715 0.4758001
          10.166666766667 5.351388904999999 0.4758001
          9.013888961111167 6.105555621110998 0.4758001
          8.7833334 6.105555621111 0.4758001
          9.244444522222334 6.105555621111 0.4758001
          9.475000083333503 6.105555621110999 0.4758001
          9.70555564444467 6.105555621111 0.4758001
          9.93611120555583 6.105555621111 0.4758001
          10.166666766667 6.105555621111 0.4758001
          9.013888961111167 6.356944527222001 0.4758001
          8.7833334 6.356944527222 0.4758001
          9.24444452222233 6.356944527222 0.4758001
          9.4750000833335 6.356944527222 0.4758001
          9.705555644444665 6.356944527222 0.4758001
          9.93611120555583 6.356944527222 0.4758001
          10.166666766667 6.356944527222 0.4758001
          9.013888961111167 6.608333433333 0.4758001
          8.7833334 6.608333433333 0.4758001
          9.244444522222333 6.608333433333 0.4758001
          9.4750000833335 6.608333433333 0.4758001
          9.705555644444667 6.608333433333 0.4758001
          9.936111205555832 6.608333433333 0.4758001
          10.166666766667 6.608333433333 0.4758001
          8.552777833333332 6.105555621110999 0.4758001
          8.552777833333332 6.356944527222 0.4758001
          8.552777833333334 6.608333433333 0.4758001
          8.322222266666667 6.105555621110999 0.4758001
          8.322222266666667 6.356944527222 0.4758001
          8.322222266666667 6.608333433333 0.4758001
          8.091666700000001 6.105555621111 0.4758001
          8.091666700000001 6.356944527222 0.4758001
          8.091666700000001 6.608333433333 0.4758001
          7.861111133333333 6.105555621111 0.4758001
          7.861111133333332 6.356944527222 0.4758001
          7.861111133333333 6.608333433333 0.4758001
          7.630555566666665 6.105555621111 0.4758001
          7.630555566666666 6.356944527222 0.4758001
          7.630555566666667 6.608333433333 0.4758001
          0.80000005 4.51873269 0.4758001
          0.6000000624999999 4.51873269 0.4758001
          0.6000000625 4.2280990338885 0.47580009999999995
          0.80000005 4.2280990338885 0.4758001
          0.40000007499999995 4.51873269 0.4758001
          0.400000075 4.2280990338885 0.4758001
          0.20000008749999998 4.51873269 0.4758001
          0.20000008749999998 4.228099033888501 0.4758001
          0.0000001 4.51873269 0.4758001
          0.00000010000000000880403 4.2280990338885 0.4758001
          0.6000000625 3.937465377777 0.4758001
          0.8000000500000001 3.937465377777 0.4758001
          0.400000075 3.937465377777 0.4758001
          0.20000008749999998 3.937465377777 0.4758001
          0.0000001 3.937465377777 0.4758001
          1.0666666999999999 4.2280990338885 0.47580010000000006
          1.0666667 4.51873269 0.4758001
          1.0666667 3.937465377777 0.4758001
          1.3333333500000002 4.2280990338885 0.4758001000000001
          1.3333333500000002 4.51873269 0.4758001
          1.3333333500000002 3.937465377777 0.4758001
          1.6 4.2280990338885 0.4758001
          1.6 4.51873269 0.4758001
          1.6000000000000003 3.937465377777 0.4758001
          1.0666667 4.809366345 0.47580010000000006
          0.80000005 4.809366345 0.4758001
          1.3333333500000004 4.809366345 0.47580009999999995
          1.6 4.809366345 0.4758001
          1.0666667 5.1 0.4758001
          0.80000005 5.1 0.4758001
          1.3333333500000002 5.1 0.4758001
          1.6 5.1 0.4758001
          0.6000000624999998 4.809366345 0.47580010000000006
          0.6000000624999999 5.1 0.4758001
          0.4000000749999999 4.809366345 0.4758001
          0.40000007499999995 5.1 0.4758001
          0.20000008750000003 4.809366345 0.4758001
          0.20000008749999998 5.1 0.4758001
          0.00000010000000002641207 4.809366345 0.4758001
          0.0000001 5.1 0.4758001
          2.388541715 4.51873269 0.4758001
          1.9942708575 4.51873269 0.4758001
          1.9942708574999999 4.2280990338885 0.4758001
          2.388541715 4.2280990338885 0.4758001
          1.9942708575 3.937465377777 0.4758001
          2.388541715 3.937465377777 0.4758001
          2.782812574167 4.2280990338885 0.4758001
          2.782812574167 4.51873269 0.4758001
          2.782812574167 3.937465377777 0.4758001
          2.782812574167 4.809366345 0.4758001
          2.388541715 4.809366345 0.4758001
          2.782812574167 5.1 0.4758001
          2.388541715 5.1 0.4758001
          1.9942708575 4.809366345 0.4758001
          1.9942708575 5.1 0.4758001
          2.388541715 5.854166715 0.4758001
          1.9942708575 5.854166715 0.4758001
          1.9942708575 5.60277781 0.47580010000000006
          2.388541715 5.60277781 0.4758001
          1.6 5.854166715 0.4758001
          1.6 5.60277781 0.4758001
          1.9942708575 5.3513889049999985 0.4758001000000001
          2.388541715 5.351388904999999 0.4758001
          1.6 5.351388904999999 0.4758001
          2.782812574167001 5.60277781 0.47580010000000006
          2.782812574167 5.854166715 0.4758001
          2.782812574167 5.351388904999999 0.47580009999999995
          2.782812574167 6.105555621110999 0.47580010000000006
          2.388541715 6.105555621111 0.4758001
          2.782812574167 6.356944527222 0.4758001000000001
          2.388541715 6.356944527222 0.4758001
          2.782812574167 6.608333433333 0.4758001
          2.388541715 6.608333433333 0.4758001
          1.9942708575 6.105555621111 0.47580010000000006
          1.9942708575 6.356944527222 0.47580009999999995
          1.9942708575 6.608333433333 0.4758001
          1.6 6.105555621111 0.4758001
          1.6 6.356944527222 0.4758001
          1.6 6.608333433333 0.4758001
          0.3575993341067774 5.3053975305179355 0.47580009999999995
          0.22264709883117517 5.332387118867537 0.4758001
          0.4974650995074421 5.286402338556758 0.4758001
          0.6404443272793778 5.276259236968358 0.4758001
          0.7845963668333131 5.275426219398328 0.4758001
          0.5151985807135547 5.510795061035873 0.4758001
          0.44529409766235034 5.564774237735074 0.4758001
          0.5949301240148841 5.472804677113518 0.4758001
          0.6808885920587555 5.452518473936717 0.4758001
          0.7691926836666263 5.450852438796657 0.4758001
          0.9692616366497959 5.286599016327952 0.47580010000000006
          1.1494851271335993 5.310286826078424 0.47580009999999995
          1.322270493289321 5.344975965567899 0.4758001
          0.871856573299592 5.473198032655903 0.4758001
          0.9656369042671982 5.520573652156848 0.4758001
          1.044540986578642 5.589951931135799 0.4758001
          1.3501727133089667 5.511071438437882 0.47580010000000006
          1.367817775442263 5.682585407644983 0.47580009999999995
          1.3742207333765237 5.856960230507714 0.4758001
          1.1003454266179322 5.670753971875763 0.4758001
          1.1356355508845255 5.76239300528997 0.4758001
          1.1484414667530471 5.8597537460154285 0.4758001
          1.3688586231907611 6.032197863734781 0.47580010000000006
          1.3518564621344231 6.204734663513845 0.47580009999999995
          1.3241918521979337 6.371877256264853 0.4758001
          1.1377172463815213 5.958840106358559 0.4758001
          1.1037129242688462 6.052524799805691 0.4758001
          1.0483837043958673 6.135421079196707 0.4758001
          1.3858594000000002 6.608333433333 0.4758001
          1.1851358804951038 6.402040992296325 0.47580009999999995
          1.1717188 6.608333433333 0.4758001
          1.040450171138038 6.424800938354213 0.4758001
          0.9575782 6.608333433333 0.4758001
          0.8918182325867603 6.439138454407926 0.4758001
          0.7434376 6.608333433333 0.4758001
          0.7411001900216 6.4444118531813 0.4758001
          0.9844123609902069 6.19574855125965 0.4758001
          0.9091815422760762 6.241268443375425 0.4758001
          0.8260582651735205 6.269943475482851 0.4758001
          0.7387627800432 6.2804902730296 0.4758001
          0.5984001381482593 6.59404849011783 0.4758001
          0.6277772077303124 6.433816251506387 0.47580009999999995
          0.45893638466238507 6.551742622833408 0.4758001
          0.5187103693278101 6.401275964001464 0.4758001
          0.33040585341979223 6.4830416222471525 0.4758001
          0.41810672067751997 6.34804603163022 0.4758001
          0.2177479006951264 6.390585629304874 0.4758001
          0.32984687836950016 6.276179571150629 0.4758001
          0.6571542773123655 6.273584012894941 0.4758001
          0.5784843539932354 6.2508093051695175 0.4758001
          0.5058075879352478 6.213050441013286 0.4758001
          0.44194585604387393 6.161773512996384 0.4758001
          0.12529190912179544 6.277927676973797 0.4758001
          0.25715670488676035 6.18818604280068 0.47580009999999995
          0.05659090959767421 6.149397146493192 0.4758001
          0.20312222599332513 6.087651897249386 0.4758001
          0.014285042985265672 6.009933394028933 0.4758001
          0.16983963792168205 5.978476869663327 0.4758001
          0.00000010000000005838673 5.864895933332924 0.4758001
          0.1586001000005 5.864895933332962 0.4758001
          0.3890215006517253 6.098444408627568 0.4758001
          0.349653542388976 6.025906648005578 0.4758001
          0.3253942328580984 5.9470203452977195 0.4758001
          0.31720010000099996 5.864895933333 0.4758001
          0.00000010000000005259407 5.673671949999693 0.4758001
          0.16281311375317686 5.727650623532546 0.47580009999999995
          0.00000010000000004680141 5.482447966666461 0.4758001
          0.1752813376638531 5.592093343580277 0.4758001
          0.00000010000000004100876 5.29122398333323 0.4758001
          0.19549924550838743 5.459843681871744 0.4758001
          0.32562612750635367 5.781629297065398 0.4758001
          0.3505625753277061 5.701738720494094 0.4758001
          0.3909983910167749 5.628463380410257 0.4758001
          0.0000001 0.00000009999999983634213 0.4758001
          0.39713551625 0.00000009999999985679936 0.4758001
          0.5037916479799397 0.1392432865522873 0.4758000999999999
          0.16213274021368215 0.1650010012240017 0.4758001
          0.7942709324999999 0.00000009999999987725658 0.4758001
          0.8539362780957317 0.13884010676249992 0.47580010000000006
          1.19140634875 0.00000009999999989771382 0.4758001
          1.2040932032978657 0.13884010676249994 0.47580010000000006
          1.588541765 0.0000001 0.4758001
          1.5542501284999999 0.13884010676250003 0.4758001
          0.6104477797098796 0.27848647310457475 0.47580009999999995
          0.3242653804273643 0.33000190244800354 0.4758001
          0.9136016236914635 0.27768011352499994 0.4758001
          1.2167800578457322 0.277680113525 0.4758001
          1.5199584919999998 0.27768011352500005 0.4758001
          0.7171039114398198 0.41772965965686215 0.47580009999999984
          0.4863980206410465 0.4950028036720054 0.4758001
          0.9732669692871952 0.4165201202875 0.4758001
          1.229466912393598 0.41652012028749996 0.4758001
          1.4856668554999999 0.4165201202875001 0.4758001
          0.8237600431697595 0.5569728462091496 0.4758001
          0.6485306608547285 0.6600037048960072 0.4758001
          1.0329323148829268 0.5553601270499999 0.4758001
          1.2421537669414633 0.5553601270499999 0.4758001
          1.4513752189999998 0.55536012705 0.4758001
          1.8532987097223332 0.00000009999999993180921 0.4758001
          1.7804274309258836 0.13884010676249997 0.4758001
          2.1180556544446665 0.00000009999999994544737 0.4758001
          2.006604733351767 0.13884010676249992 0.4758001000000001
          2.382812599167 0.00000009999999995908552 0.4758001
          2.232202818228912 0.14337759905122843 0.47580010000000006
          2.647569543889333 0.00000009999999997272368 0.4758001
          2.453319725877072 0.15892535027258511 0.47580010000000006
          2.912326488611666 0.00000009999999998636184 0.4758001
          2.665640069116557 0.18261213957067904 0.4758001000000001
          2.8671058816012494 0.20992806000000003 0.4758001
          1.7075561521294336 0.27768011352499994 0.47580009999999995
          1.8951538122588674 0.2776801135249999 0.47580010000000006
          2.0815930372908245 0.2867550981024569 0.4758001
          2.25906990786481 0.3178506005451702 0.47580009999999995
          2.418953649621451 0.3652241791413581 0.47580010000000006
          2.5571283298684997 0.41985602000000005 0.4758001
          1.6346848733329833 0.41652012028749996 0.4758001
          1.7837028911659678 0.41652012028749996 0.4758001000000001
          1.9309832563527372 0.43013259715368546 0.4758001
          2.0648200898525486 0.4767758508177553 0.47580009999999995
          2.1722672301263426 0.5478362187120371 0.4758001000000001
          2.24715077813575 0.62978398 0.4758001
          1.5618135945365337 0.5553601270499999 0.4758001
          1.672251970073068 0.5553601270499999 0.4758001
          1.7803734754146494 0.5735100962049138 0.4758001
          1.870570271840287 0.6357011010903405 0.4758001
          1.9255808106312338 0.7304482582827161 0.4758001
          1.937173226403 0.83971194 0.4758001
          2.867105881601249 0.43361492225000003 0.47580010000000006
          2.8671058816012494 0.6573017844999997 0.4758001
          2.8671058816012507 0.8809886467499997 0.4758001000000001
          2.8671058816012507 1.1046755089999998 0.4758001
          2.86710588160125 1.3283623712499995 0.4758001
          2.5571283298685 0.6001429385 0.47580010000000006
          2.5571283298685006 0.7804298569999999 0.4758001
          2.5571283298685006 0.9607167754999999 0.47580010000000006
          2.5571283298685 1.1410036939999997 0.47580009999999995
          2.5571283298685 1.3212906124999997 0.4758001
          2.24715077813575 0.76667095475 0.47580010000000006
          2.24715077813575 0.9035579294999999 0.4758001
          2.24715077813575 1.04044490425 0.4758001000000001
          2.24715077813575 1.1773318789999996 0.47580009999999995
          2.24715077813575 1.31421885375 0.4758001
          1.937173226403 0.933198971 0.4758001
          1.937173226403 1.026686002 0.4758001
          1.937173226403 1.120173033 0.4758001
          1.937173226403 1.213660064 0.4758001
          1.937173226403 1.307147095 0.4758001
          2.8671058816012507 1.607970948291562 0.4758000999999999
          2.8671058816012494 1.8875795253331247 0.47580010000000006
          2.8671058816012507 2.1671881023746873 0.47580010000000006
          2.86710588160125 2.44679667941625 0.4758001
          2.5571283298685 1.5466492601943749 0.47580009999999995
          2.5571283298685 1.7720079078887498 0.4758001
          2.5571283298685006 1.9973665555831253 0.4758001
          2.5571283298685 2.2227252032775002 0.4758001
          2.24715077813575 1.4853275720971877 0.47580009999999984
          2.24715077813575 1.656436290444375 0.4758001
          2.24715077813575 1.8275450087915628 0.4758001
          2.24715077813575 1.9986537271387501 0.4758001
          1.937173226403 1.424005884 0.4758001
          1.937173226403 1.540864673 0.4758001
          1.937173226403 1.6577234619999999 0.4758001
          1.937173226403 1.774582251 0.4758001
          2.9123264886116664 2.670868155555 0.4758001
          2.663236450676904 2.4728817113603845 0.4758001
          2.6475695438893334 2.670868155555 0.4758001
          2.4490138579533944 2.494408476169901 0.4758001000000001
          2.382812599167 2.670868155555 0.4758001
          2.2272624181642806 2.5074848520959234 0.47580010000000006
          2.1180556544446665 2.670868155555 0.4758001
          2.002152306234865 2.5102680581509906 0.47580010000000006
          1.8532987097223332 2.670868155555 0.4758001
          1.776765863742433 2.510268058150958 0.4758001000000001
          1.588541765 2.670868155555 0.4758001
          1.55137942125 2.510268058151 0.4758001
          2.4141464127421393 2.274895267165769 0.47580009999999995
          2.250458172017454 2.3179487967848025 0.47580010000000006
          2.0717122371615626 2.344101548636845 0.4758001
          1.8862489580250654 2.349667960746981 0.47580009999999995
          1.7002330177625327 2.349667960746916 0.47580010000000006
          1.5142170775000001 2.349667960747 0.4758001
          2.165056374807377 2.076908822971154 0.4758001
          2.0519024860815143 2.141489117399704 0.4758001000000001
          1.916162056158844 2.180718245177767 0.4758001
          1.7703456098152648 2.189067863342971 0.47580009999999995
          1.623700171782632 2.1890678633428737 0.4758001000000001
          1.47705473375 2.189067863343 0.4758001
          1.9159663368726136 1.8789223787765386 0.4758001
          1.8533468001455746 1.9650294380146047 0.4758001
          1.7606118751561248 2.0173349417186897 0.4758001
          1.654442261605464 2.028467765938961 0.4758001
          1.547167325802732 2.0284677659388324 0.4758001
          1.43989239 2.028467765939 0.4758001
          1.19140634875 2.670868155555 0.4758001
          1.2037616184372497 2.5102680581508667 0.4758000999999999
          0.7942709324999999 2.670868155555 0.4758001
          0.8561438156244996 2.510268058150807 0.47580010000000006
          0.3971355162499999 2.670868155555 0.4758001
          0.508526165888622 2.5102236031074714 0.47580010000000006
          0.00000009999999983634213 2.670868155555 0.4758001
          0.16671243211311737 2.4897759000861717 0.4758001
          1.2161168881245001 2.349667960746733 0.47580009999999995
          0.9180166987489993 2.3496679607466135 0.4758001
          0.619916815527244 2.349579050659941 0.4758001
          0.3334247642262349 2.308683644617343 0.4758001
          1.2284721578117492 2.1890678633425997 0.47580009999999984
          0.9798895818734988 2.1890678633424208 0.4758001
          0.731307465165866 2.1889344982124124 0.4758001
          0.5001370963393525 2.1275913891485145 0.4758001
          1.2408274274989992 2.0284677659384656 0.4758001
          1.0417624649979986 2.028467765938227 0.4758001
          0.8426981148044881 2.028289945764883 0.4758001
          0.66684942845247 1.946499133679686 0.4758001
          0.00000009999999985679936 2.3370096491662498 0.4758001
          0.15069196806970514 2.202943266126131 0.4758000999999999
          0.00000009999999987725658 2.0031511427775 0.4758001
          0.15043487465628572 1.912058715407793 0.47580010000000006
          0.00000009999999989771382 1.6692926363887497 0.4758001
          0.15043487465632738 1.6211677795788968 0.47580010000000006
          0.0000001 1.3354341299999994 0.4758001
          0.15043487465625002 1.3302768437499997 0.4758001
          0.30138383613941033 2.0688768830860127 0.47580009999999995
          0.30086964931257154 1.820966288038086 0.4758001
          0.3008696493126549 1.573042922769043 0.4758001
          0.30086964931250004 1.3251195574999999 0.4758001
          0.45207570420911575 1.9348105000458935 0.47580009999999984
          0.4513044239688575 1.7298738606683788 0.4758001
          0.4513044239689825 1.5249180659591897 0.4758001
          0.4513044239687501 1.3199622712499999 0.4758001
          0.6027675722788208 1.8007441170057747 0.4758001
          0.6017391986251432 1.6387814332986719 0.4758001
          0.6017391986253099 1.4767932091493363 0.4758001
          0.601739198625 1.314804985 0.4758001
          0.00000009999999993453684 1.0683473239999994 0.4758001
          0.15043487465640323 1.0967322296098756 0.47580010000000006
          0.00000009999999995090263 0.8012605179999996 0.4758001
          0.15043487465643743 0.8631876154697524 0.4758001
          0.00000009999999996726842 0.5341737119999997 0.4758001
          0.15043487465647165 0.6296430013296284 0.4758001000000001
          0.00000009999999998363421 0.26708690599999985 0.4758001
          0.1506902355336428 0.3961052132688284 0.4758001
          0.3008696493128066 1.1251171352197522 0.47580010000000006
          0.30086964931287496 0.9251147129395045 0.4758001
          0.3008696493129433 0.725112290659257 0.47580010000000006
          0.3013803710672855 0.5251235205376573 0.47580009999999995
          0.4513044239692099 1.1535020408296282 0.47580010000000006
          0.4513044239693124 0.9870418104092568 0.4758001
          0.45130442396941495 0.8205815799888856 0.4758001000000001
          0.45207050660092835 0.6541418278064861 0.47580009999999995
          0.6017391986256131 1.1818869464395048 0.4758001
          0.6017391986257499 1.0489689078790094 0.4758001
          0.6017391986258865 0.9160508693185142 0.4758001
          0.602760642134571 0.7831601350753147 0.4758001
          0.80000005 4.51873269 0.704888988889
          0.6000000624999999 4.51873269 0.704888988889
          0.6000000625 4.2280990338885 0.704888988889
          0.80000005 4.2280990338885 0.704888988889
          0.40000007499999995 4.51873269 0.704888988889
          0.400000075 4.2280990338885 0.704888988889
          0.20000008749999998 4.51873269 0.704888988889
          0.20000008749999998 4.228099033888501 0.704888988889
          0.0000001 4.51873269 0.704888988889
          0.00000010000000000880403 4.2280990338885 0.704888988889
          0.6000000625 3.937465377777 0.704888988889
          0.8000000500000001 3.937465377777 0.704888988889
          0.400000075 3.937465377777 0.704888988889
          0.20000008749999998 3.937465377777 0.704888988889
          0.0000001 3.937465377777 0.704888988889
          1.0666666999999999 4.2280990338885 0.704888988889
          1.0666667 4.51873269 0.704888988889
          1.0666667 3.937465377777 0.704888988889
          1.3333333500000002 4.2280990338885 0.704888988889
          1.3333333500000002 4.51873269 0.704888988889
          1.3333333500000002 3.937465377777 0.704888988889
          1.6 4.2280990338885 0.704888988889
          1.6 4.51873269 0.704888988889
          1.6000000000000003 3.937465377777 0.704888988889
          1.0666667 4.809366345 0.704888988889
          0.80000005 4.809366345 0.704888988889
          1.3333333500000004 4.809366345 0.704888988889
          1.6 4.809366345 0.704888988889
          1.0666667 5.1 0.704888988889
          0.80000005 5.1 0.704888988889
          1.3333333500000002 5.1 0.704888988889
          1.6 5.1 0.704888988889
          0.6000000624999998 4.809366345 0.704888988889
          0.6000000624999999 5.1 0.704888988889
          0.4000000749999999 4.809366345 0.704888988889
          0.40000007499999995 5.1 0.704888988889
          0.20000008750000003 4.809366345 0.704888988889
          0.20000008749999998 5.1 0.704888988889
          0.00000010000000002641207 4.809366345 0.704888988889
          0.0000001 5.1 0.704888988889
          2.388541715 4.51873269 0.704888988889
          1.9942708575 4.51873269 0.704888988889
          1.9942708574999999 4.2280990338885 0.704888988889
          2.388541715 4.2280990338885 0.704888988889
          1.9942708575 3.937465377777 0.704888988889
          2.388541715 3.937465377777 0.704888988889
          2.782812574167 4.2280990338885 0.704888988889
          2.782812574167 4.51873269 0.704888988889
          2.782812574167 3.937465377777 0.704888988889
          3.177083433334 4.2280990338885 0.704888988889
          3.177083433334 4.51873269 0.704888988889
          3.177083433334 3.937465377777 0.704888988889
          2.782812574167 4.809366345 0.704888988889
          2.388541715 4.809366345 0.704888988889
          3.177083433334 4.809366345 0.704888988889
          2.782812574167 5.1 0.704888988889
          2.388541715 5.1 0.704888988889
          3.177083433334 5.1 0.704888988889
          1.9942708575 4.809366345 0.704888988889
          1.9942708575 5.1 0.704888988889
          2.388541715 5.854166715 0.704888988889
          1.9942708575 5.854166715 0.704888988889
          1.9942708575 5.60277781 0.704888988889
          2.388541715 5.60277781 0.704888988889
          1.6 5.854166715 0.704888988889
          1.6 5.60277781 0.704888988889
          1.9942708575 5.3513889049999985 0.704888988889
          2.388541715 5.351388904999999 0.704888988889
          1.6 5.351388904999999 0.704888988889
          2.782812574167001 5.60277781 0.704888988889
          2.782812574167 5.854166715 0.704888988889
          2.782812574167 5.351388904999999 0.704888988889
          3.1770834333339995 5.60277781 0.704888988889
          3.177083433334 5.854166715 0.704888988889
          3.177083433334 5.351388904999999 0.704888988889
          2.782812574167 6.105555621110999 0.704888988889
          2.388541715 6.105555621111 0.704888988889
          3.1770834333339995 6.105555621111 0.704888988889
          2.782812574167 6.356944527222 0.704888988889
          2.388541715 6.356944527222 0.704888988889
          3.1770834333339995 6.356944527222 0.704888988889
          2.782812574167 6.608333433333 0.704888988889
          2.388541715 6.608333433333 0.704888988889
          3.1770834333339995 6.608333433333 0.704888988889
          1.9942708575 6.105555621111 0.704888988889
          1.9942708575 6.356944527222 0.704888988889
          1.9942708575 6.608333433333 0.704888988889
          1.6 6.105555621111 0.704888988889
          1.6 6.356944527222 0.704888988889
          1.6 6.608333433333 0.704888988889
          0.3575993341067774 5.3053975305179355 0.704888988889
          0.22264709883117517 5.332387118867537 0.704888988889
          0.4974650995074421 5.286402338556758 0.704888988889
          0.6404443272793778 5.276259236968358 0.704888988889
          0.7845963668333131 5.275426219398328 0.704888988889
          0.5151985807135547 5.510795061035873 0.704888988889
          0.44529409766235034 5.564774237735074 0.704888988889
          0.5949301240148841 5.472804677113518 0.704888988889
          0.6808885920587555 5.452518473936717 0.704888988889
          0.7691926836666263 5.450852438796657 0.704888988889
          0.9692616366497959 5.286599016327952 0.704888988889
          1.1494851271335993 5.310286826078424 0.704888988889
          1.322270493289321 5.344975965567899 0.704888988889
          0.871856573299592 5.473198032655903 0.704888988889
          0.9656369042671982 5.520573652156848 0.704888988889
          1.044540986578642 5.589951931135799 0.704888988889
          1.3501727133089667 5.511071438437882 0.704888988889
          1.367817775442263 5.682585407644983 0.704888988889
          1.3742207333765237 5.856960230507714 0.704888988889
          1.1003454266179322 5.670753971875763 0.704888988889
          1.1356355508845255 5.76239300528997 0.704888988889
          1.1484414667530471 5.8597537460154285 0.704888988889
          1.3688586231907611 6.032197863734781 0.704888988889
          1.3518564621344231 6.204734663513845 0.704888988889
          1.3241918521979337 6.371877256264853 0.704888988889
          1.1377172463815213 5.958840106358559 0.704888988889
          1.1037129242688462 6.052524799805691 0.704888988889
          1.0483837043958673 6.135421079196707 0.704888988889
          1.3858594000000002 6.608333433333 0.704888988889
          1.1851358804951038 6.402040992296325 0.704888988889
          1.1717188 6.608333433333 0.704888988889
          1.040450171138038 6.424800938354213 0.704888988889
          0.9575782 6.608333433333 0.704888988889
          0.8918182325867603 6.439138454407926 0.704888988889
          0.7434376 6.608333433333 0.704888988889
          0.7411001900216 6.4444118531813 0.704888988889
          0.9844123609902069 6.19574855125965 0.704888988889
          0.9091815422760762 6.241268443375425 0.704888988889
          0.8260582651735205 6.269943475482851 0.704888988889
          0.7387627800432 6.2804902730296 0.704888988889
          0.5984001381482593 6.59404849011783 0.704888988889
          0.6277772077303124 6.433816251506387 0.704888988889
          0.45893638466238507 6.551742622833408 0.704888988889
          0.5187103693278101 6.401275964001464 0.704888988889
          0.33040585341979223 6.4830416222471525 0.704888988889
          0.41810672067751997 6.34804603163022 0.704888988889
          0.2177479006951264 6.390585629304874 0.704888988889
          0.32984687836950016 6.276179571150629 0.704888988889
          0.6571542773123655 6.273584012894941 0.704888988889
          0.5784843539932354 6.2508093051695175 0.704888988889
          0.5058075879352478 6.213050441013286 0.704888988889
          0.44194585604387393 6.161773512996384 0.704888988889
          0.12529190912179544 6.277927676973797 0.704888988889
          0.25715670488676035 6.18818604280068 0.704888988889
          0.05659090959767421 6.149397146493192 0.704888988889
          0.20312222599332513 6.087651897249386 0.704888988889
          0.014285042985265672 6.009933394028933 0.704888988889
          0.16983963792168205 5.978476869663327 0.704888988889
          0.00000010000000005838673 5.864895933332924 0.704888988889
          0.1586001000005 5.864895933332962 0.704888988889
          0.3890215006517253 6.098444408627568 0.704888988889
          0.349653542388976 6.025906648005578 0.704888988889
          0.3253942328580984 5.9470203452977195 0.704888988889
          0.31720010000099996 5.864895933333 0.704888988889
          0.00000010000000005259407 5.673671949999693 0.704888988889
          0.16281311375317686 5.727650623532546 0.704888988889
          0.00000010000000004680141 5.482447966666461 0.704888988889
          0.1752813376638531 5.592093343580277 0.704888988889
          0.00000010000000004100876 5.29122398333323 0.704888988889
          0.19549924550838743 5.459843681871744 0.704888988889
          0.32562612750635367 5.781629297065398 0.704888988889
          0.3505625753277061 5.701738720494094 0.704888988889
          0.3909983910167749 5.628463380410257 0.704888988889
          0.0000001 0.00000009999999983634213 0.704888988889
          0.39713551625 0.00000009999999985679936 0.704888988889
          0.5037916479799397 0.1392432865522873 0.704888988889
          0.16213274021368215 0.1650010012240017 0.704888988889
          0.7942709324999999 0.00000009999999987725658 0.704888988889
          0.8539362780957317 0.13884010676249992 0.704888988889
          1.19140634875 0.00000009999999989771382 0.704888988889
          1.2040932032978657 0.13884010676249994 0.704888988889
          1.588541765 0.0000001 0.704888988889
          1.5542501284999999 0.13884010676250003 0.704888988889
          0.6104477797098796 0.27848647310457475 0.704888988889
          0.3242653804273643 0.33000190244800354 0.704888988889
          0.9136016236914635 0.27768011352499994 0.704888988889
          1.2167800578457322 0.277680113525 0.704888988889
          1.5199584919999998 0.27768011352500005 0.704888988889
          0.7171039114398198 0.41772965965686215 0.704888988889
          0.4863980206410465 0.4950028036720054 0.704888988889
          0.9732669692871952 0.4165201202875 0.704888988889
          1.229466912393598 0.41652012028749996 0.704888988889
          1.4856668554999999 0.4165201202875001 0.704888988889
          0.8237600431697595 0.5569728462091496 0.704888988889
          0.6485306608547285 0.6600037048960072 0.704888988889
          1.0329323148829268 0.5553601270499999 0.704888988889
          1.2421537669414633 0.5553601270499999 0.704888988889
          1.4513752189999998 0.55536012705 0.704888988889
          1.8532987097223332 0.00000009999999993180921 0.704888988889
          1.7804274309258836 0.13884010676249997 0.704888988889
          2.1180556544446665 0.00000009999999994544737 0.704888988889
          2.006604733351767 0.13884010676249992 0.704888988889
          2.382812599167 0.00000009999999995908552 0.704888988889
          2.232202818228912 0.14337759905122843 0.704888988889
          2.647569543889333 0.00000009999999997272368 0.704888988889
          2.453319725877072 0.15892535027258511 0.704888988889
          2.912326488611666 0.00000009999999998636184 0.704888988889
          2.665640069116557 0.18261213957067904 0.704888988889
          3.1770834333339995 0.0000001 0.704888988889
          2.8671058816012494 0.20992806000000003 0.704888988889
          1.7075561521294336 0.27768011352499994 0.704888988889
          1.8951538122588674 0.2776801135249999 0.704888988889
          2.0815930372908245 0.2867550981024569 0.704888988889
          2.25906990786481 0.3178506005451702 0.704888988889
          2.418953649621451 0.3652241791413581 0.704888988889
          2.5571283298684997 0.41985602000000005 0.704888988889
          1.6346848733329833 0.41652012028749996 0.704888988889
          1.7837028911659678 0.41652012028749996 0.704888988889
          1.9309832563527372 0.43013259715368546 0.704888988889
          2.0648200898525486 0.4767758508177553 0.704888988889
          2.1722672301263426 0.5478362187120371 0.704888988889
          2.24715077813575 0.62978398 0.704888988889
          1.5618135945365337 0.5553601270499999 0.704888988889
          1.672251970073068 0.5553601270499999 0.704888988889
          1.7803734754146494 0.5735100962049138 0.704888988889
          1.870570271840287 0.6357011010903405 0.704888988889
          1.9255808106312338 0.7304482582827161 0.704888988889
          1.937173226403 0.83971194 0.704888988889
          3.1770834333339995 0.2670869059999999 0.704888988889
          2.867105881601249 0.43361492225000003 0.704888988889
          3.1770834333339995 0.5341737119999997 0.704888988889
          2.8671058816012494 0.6573017844999997 0.704888988889
          3.177083433334 0.8012605179999996 0.704888988889
          2.8671058816012507 0.8809886467499997 0.704888988889
          3.177083433334 1.0683473239999997 0.704888988889
          2.8671058816012507 1.1046755089999998 0.704888988889
          3.177083433334 1.3354341299999994 0.704888988889
          2.86710588160125 1.3283623712499995 0.704888988889
          2.5571283298685 0.6001429385 0.704888988889
          2.5571283298685006 0.7804298569999999 0.704888988889
          2.5571283298685006 0.9607167754999999 0.704888988889
          2.5571283298685 1.1410036939999997 0.704888988889
          2.5571283298685 1.3212906124999997 0.704888988889
          2.24715077813575 0.76667095475 0.704888988889
          2.24715077813575 0.9035579294999999 0.704888988889
          2.24715077813575 1.04044490425 0.704888988889
          2.24715077813575 1.1773318789999996 0.704888988889
          2.24715077813575 1.31421885375 0.704888988889
          1.937173226403 0.933198971 0.704888988889
          1.937173226403 1.026686002 0.704888988889
          1.937173226403 1.120173033 0.704888988889
          1.937173226403 1.213660064 0.704888988889
          1.937173226403 1.307147095 0.704888988889
          3.177083433334 1.6692926363887497 0.704888988889
          2.8671058816012507 1.607970948291562 0.704888988889
          3.177083433334 2.0031511427775 0.704888988889
          2.8671058816012494 1.8875795253331247 0.704888988889
          3.177083433334 2.3370096491662498 0.704888988889
          2.8671058816012507 2.1671881023746873 0.704888988889
          3.177083433334 2.670868155555 0.704888988889
          2.86710588160125 2.44679667941625 0.704888988889
          2.5571283298685 1.5466492601943749 0.704888988889
          2.5571283298685 1.7720079078887498 0.704888988889
          2.5571283298685006 1.9973665555831253 0.704888988889
          2.5571283298685 2.2227252032775002 0.704888988889
          2.24715077813575 1.4853275720971877 0.704888988889
          2.24715077813575 1.656436290444375 0.704888988889
          2.24715077813575 1.8275450087915628 0.704888988889
          2.24715077813575 1.9986537271387501 0.704888988889
          1.937173226403 1.424005884 0.704888988889
          1.937173226403 1.540864673 0.704888988889
          1.937173226403 1.6577234619999999 0.704888988889
          1.937173226403 1.774582251 0.704888988889
          2.9123264886116664 2.670868155555 0.704888988889
          2.663236450676904 2.4728817113603845 0.704888988889
          2.6475695438893334 2.670868155555 0.704888988889
          2.4490138579533944 2.494408476169901 0.704888988889
          2.382812599167 2.670868155555 0.704888988889
          2.2272624181642806 2.5074848520959234 0.704888988889
          2.1180556544446665 2.670868155555 0.704888988889
          2.002152306234865 2.5102680581509906 0.704888988889
          1.8532987097223332 2.670868155555 0.704888988889
          1.776765863742433 2.510268058150958 0.704888988889
          1.588541765 2.670868155555 0.704888988889
          1.55137942125 2.510268058151 0.704888988889
          2.4141464127421393 2.274895267165769 0.704888988889
          2.250458172017454 2.3179487967848025 0.704888988889
          2.0717122371615626 2.344101548636845 0.704888988889
          1.8862489580250654 2.349667960746981 0.704888988889
          1.7002330177625327 2.349667960746916 0.704888988889
          1.5142170775000001 2.349667960747 0.704888988889
          2.165056374807377 2.076908822971154 0.704888988889
          2.0519024860815143 2.141489117399704 0.704888988889
          1.916162056158844 2.180718245177767 0.704888988889
          1.7703456098152648 2.189067863342971 0.704888988889
          1.623700171782632 2.1890678633428737 0.704888988889
          1.47705473375 2.189067863343 0.704888988889
          1.9159663368726136 1.8789223787765386 0.704888988889
          1.8533468001455746 1.9650294380146047 0.704888988889
          1.7606118751561248 2.0173349417186897 0.704888988889
          1.654442261605464 2.028467765938961 0.704888988889
          1.547167325802732 2.0284677659388324 0.704888988889
          1.43989239 2.028467765939 0.704888988889
          1.19140634875 2.670868155555 0.704888988889
          1.2037616184372497 2.5102680581508667 0.704888988889
          0.7942709324999999 2.670868155555 0.704888988889
          0.8561438156244996 2.510268058150807 0.704888988889
          0.3971355162499999 2.670868155555 0.704888988889
          0.508526165888622 2.5102236031074714 0.704888988889
          0.00000009999999983634213 2.670868155555 0.704888988889
          0.16671243211311737 2.4897759000861717 0.704888988889
          1.2161168881245001 2.349667960746733 0.704888988889
          0.9180166987489993 2.3496679607466135 0.704888988889
          0.619916815527244 2.349579050659941 0.704888988889
          0.3334247642262349 2.308683644617343 0.704888988889
          1.2284721578117492 2.1890678633425997 0.704888988889
          0.9798895818734988 2.1890678633424208 0.704888988889
          0.731307465165866 2.1889344982124124 0.704888988889
          0.5001370963393525 2.1275913891485145 0.704888988889
          1.2408274274989992 2.0284677659384656 0.704888988889
          1.0417624649979986 2.028467765938227 0.704888988889
          0.8426981148044881 2.028289945764883 0.704888988889
          0.66684942845247 1.946499133679686 0.704888988889
          0.00000009999999985679936 2.3370096491662498 0.704888988889
          0.15069196806970514 2.202943266126131 0.704888988889
          0.00000009999999987725658 2.0031511427775 0.704888988889
          0.15043487465628572 1.912058715407793 0.704888988889
          0.00000009999999989771382 1.6692926363887497 0.704888988889
          0.15043487465632738 1.6211677795788968 0.704888988889
          0.0000001 1.3354341299999994 0.704888988889
          0.15043487465625002 1.3302768437499997 0.704888988889
          0.30138383613941033 2.0688768830860127 0.704888988889
          0.30086964931257154 1.820966288038086 0.704888988889
          0.3008696493126549 1.573042922769043 0.704888988889
          0.30086964931250004 1.3251195574999999 0.704888988889
          0.45207570420911575 1.9348105000458935 0.704888988889
          0.4513044239688575 1.7298738606683788 0.704888988889
          0.4513044239689825 1.5249180659591897 0.704888988889
          0.4513044239687501 1.3199622712499999 0.704888988889
          0.6027675722788208 1.8007441170057747 0.704888988889
          0.6017391986251432 1.6387814332986719 0.704888988889
          0.6017391986253099 1.4767932091493363 0.704888988889
          0.601739198625 1.314804985 0.704888988889
          0.00000009999999993453684 1.0683473239999994 0.704888988889
          0.15043487465640323 1.0967322296098756 0.704888988889
          0.00000009999999995090263 0.8012605179999996 0.704888988889
          0.15043487465643743 0.8631876154697524 0.704888988889
          0.00000009999999996726842 0.5341737119999997 0.704888988889
          0.15043487465647165 0.6296430013296284 0.704888988889
          0.00000009999999998363421 0.26708690599999985 0.704888988889
          0.1506902355336428 0.3961052132688284 0.704888988889
          0.3008696493128066 1.1251171352197522 0.704888988889
          0.30086964931287496 0.9251147129395045 0.704888988889
          0.3008696493129433 0.725112290659257 0.704888988889
          0.3013803710672855 0.5251235205376573 0.704888988889
          0.4513044239692099 1.1535020408296282 0.704888988889
          0.4513044239693124 0.9870418104092568 0.704888988889
          0.45130442396941495 0.8205815799888856 0.704888988889
          0.45207050660092835 0.6541418278064861 0.704888988889
          0.6017391986256131 1.1818869464395048 0.704888988889
          0.6017391986257499 1.0489689078790094 0.704888988889
          0.6017391986258865 0.9160508693185142 0.704888988889
          0.602760642134571 0.7831601350753147 0.704888988889
        </DataArray>
      </Points>
      <Cells>
        <DataArray type="Int64" Name="connectivity" format="ascii">
          0 1 2 3 4 5 6 7
          3 2 8 9 7 6 10 11
          9 8 12 13 11 10 14 15
          13 12 16 17 15 14 18 19
          17 16 20 21 19 18 22 23
          0 3 24 25 4 7 26 27
          3 9 28 24 7 11 29 26
          9 13 30 28 11 15 31 29
          13 17 32 30 15 19 33 31
          17 21 34 32 19 23 35 33
          0 25 36 37 4 27 38 39
          37 36 40 41 39 38 42 43
          41 40 44 45 43 42 46 47
          45 44 48 49 47 46 50 51
          0 37 52 1 4 39 53 5
          37 41 54 52 39 43 55 53
          41 45 56 54 43 47 57 55
          45 49 58 56 47 51 59 57
          60 25 24 61 62 27 26 63
          61 24 28 64 63 26 29 65
          64 28 30 66 65 29 31 67
          66 30 32 68 67 31 33 69
          68 32 34 70 69 33 35 71
          60 61 72 73 62 63 74 75
          61 64 76 72 63 65 77 74
          64 66 78 76 65 67 79 77
          66 68 80 78 67 69 81 79
          68 70 82 80 69 71 83 81
          60 73 84 85 62 75 86 87
          85 84 88 89 87 86 90 91
          89 88 92 93 91 90 94 95
          93 92 96 97 95 94 98 99
          60 85 36 25 62 87 38 27
          85 89 40 36 87 91 42 38
          89 93 44 40 91 95 46 42
          93 97 48 44 95 99 50 46
          100 101 102 103 104 105 106 107
          103 102 48 97 107 106 50 99
          100 103 108 109 104 107 110 111
          103 97 96 108 107 99 98 110
          100 109 112 113 104 111 114 115
          113 112 116 117 115 114 118 119
          100 113 120 101 104 115 121 105
          113 117 122 120 115 119 123 121
          124 125 126 127 128 129 130 131
          127 126 132 133 131 130 134 135
          124 127 136 137 128 131 138 139
          127 133 122 136 131 135 123 138
          124 137 140 141 128 139 142 143
          141 140 144 145 143 142 146 147
          124 141 148 125 128 143 149 129
          141 145 150 148 143 147 151 149
          152 137 136 153 154 139 138 155
          153 136 122 117 155 138 123 119
          152 153 156 157 154 155 158 159
          153 117 116 156 155 119 118 158
          152 157 160 161 154 159 162 163
          161 160 164 165 163 162 166 167
          152 161 140 137 154 163 142 139
          161 165 144 140 163 167 146 142
          168 169 170 171 172 173 174 175
          171 170 176 177 175 174 178 179
          177 176 150 145 179 178 151 147
          168 171 180 181 172 175 182 183
          171 177 184 180 175 179 185 182
          177 145 144 184 179 147 146 185
          168 181 186 187 172 183 188 189
          187 186 190 191 189 188 192 193
          191 190 194 195 193 192 196 197
          168 187 198 169 172 189 199 173
          187 191 200 198 189 193 201 199
          191 195 202 200 193 197 203 201
          204 181 180 205 206 183 182 207
          205 180 184 208 207 182 185 209
          208 184 144 165 209 185 146 167
          204 205 210 211 206 207 212 213
          205 208 214 210 207 209 215 212
          208 165 164 214 209 167 166 215
          204 211 216 217 206 213 218 219
          217 216 220 221 219 218 222 223
          221 220 224 225 223 222 226 227
          204 217 186 181 206 219 188 183
          217 221 190 186 219 223 192 188
          221 225 194 190 223 227 196 192
          82 228 229 230 83 231 232 233
          228 234 235 229 231 236 237 232
          234 238 239 235 236 240 241 237
          238 242 243 239 240 244 245 241
          242 246 247 243 244 248 249 245
          230 229 250 251 233 232 252 253
          229 235 254 250 232 237 255 252
          235 239 256 254 237 241 257 255
          239 243 258 256 241 245 259 257
          243 247 260 258 245 249 261 259
          251 250 262 263 253 252 264 265
          250 254 266 262 252 255 267 264
          254 256 268 266 255 257 269 267
          256 258 270 268 257 259 271 269
          258 260 272 270 259 261 273 271
          263 262 274 275 265 264 276 277
          262 266 278 274 264 267 279 276
          266 268 280 278 267 269 281 279
          268 270 282 280 269 271 283 281
          270 272 284 282 271 273 285 283
          275 274 286 287 277 276 288 289
          274 278 290 286 276 279 291 288
          278 280 292 290 279 281 293 291
          280 282 294 292 281 283 295 293
          282 284 296 294 283 285 297 295
          246 298 299 247 248 300 301 249
          298 302 303 299 300 304 305 301
          302 306 307 303 304 308 309 305
          247 299 310 260 249 301 311 261
          299 303 312 310 301 305 313 311
          303 307 314 312 305 309 315 313
          260 310 316 272 261 311 317 273
          310 312 318 316 311 313 319 317
          312 314 320 318 313 315 321 319
          272 316 322 284 273 317 323 285
          316 318 324 322 317 319 325 323
          318 320 326 324 319 321 327 325
          284 322 328 296 285 323 329 297
          322 324 330 328 323 325 331 329
          324 326 332 330 325 327 333 331
          306 334 335 307 308 336 337 309
          334 338 339 335 336 340 341 337
          307 335 342 314 309 337 343 315
          335 339 344 342 337 341 345 343
          314 342 346 320 315 343 347 321
          342 344 348 346 343 345 349 347
          320 346 350 326 321 347 351 327
          346 348 352 350 347 349 353 351
          326 350 354 332 327 351 355 333
          350 352 356 354 351 353 357 355
          338 358 359 339 340 360 361 341
          358 362 363 359 360 364 365 361
          339 359 366 344 341 361 367 345
          359 363 368 366 361 365 369 367
          344 366 370 348 345 367 371 349
          366 368 372 370 367 369 373 371
          348 370 374 352 349 371 375 353
          370 372 376 374 371 373 377 375
          352 374 378 356 353 375 379 357
          374 376 380 378 375 377 381 379
          362 382 383 363 364 384 385 365
          363 383 386 368 365 385 387 369
          368 386 388 372 369 387 389 373
          372 388 390 376 373 389 391 377
          376 390 392 380 377 391 393 381
          382 394 395 383 384 396 397 385
          383 395 398 386 385 397 399 387
          386 398 400 388 387 399 401 389
          388 400 402 390 389 401 403 391
          390 402 404 392 391 403 405 393
          394 406 407 395 396 408 409 397
          406 410 411 407 408 412 413 409
          410 414 415 411 412 416 417 413
          414 418 419 415 416 420 421 417
          418 422 423 419 420 424 425 421
          422 426 427 423 424 428 429 425
          395 407 430 398 397 409 431 399
          407 411 432 430 409 413 433 431
          411 415 434 432 413 417 435 433
          415 419 436 434 417 421 437 435
          419 423 438 436 421 425 439 437
          423 427 440 438 425 429 441 439
          398 430 442 400 399 431 443 401
          430 432 444 442 431 433 445 443
          432 434 446 444 433 435 447 445
          434 436 448 446 435 437 449 447
          436 438 450 448 437 439 451 449
          438 440 452 450 439 441 453 451
          400 442 454 402 401 443 455 403
          442 444 456 454 443 445 457 455
          444 446 458 456 445 447 459 457
          446 448 460 458 447 449 461 459
          448 450 462 460 449 451 463 461
          450 452 464 462 451 453 465 463
          402 454 466 404 403 455 467 405
          454 456 468 466 455 457 469 467
          456 458 470 468 457 459 471 469
          458 460 472 470 459 461 473 471
          460 462 474 472 461 463 475 473
          462 464 476 474 463 465 477 475
          426 478 479 427 428 480 481 429
          478 482 483 479 480 484 485 481
          482 486 487 483 484 488 489 485
          486 490 491 487 488 492 493 489
          490 494 495 491 492 496 497 493
          494 96 498 495 496 98 499 497
          427 479 500 440 429 481 501 441
          479 483 502 500 481 485 503 501
          483 487 504 502 485 489 505 503
          487 491 506 504 489 493 507 505
          491 495 508 506 493 497 509 507
          495 498 510 508 497 499 511 509
          440 500 512 452 441 501 513 453
          500 502 514 512 501 503 515 513
          502 504 516 514 503 505 517 515
          504 506 518 516 505 507 519 517
          506 508 520 518 507 509 521 519
          508 510 522 520 509 511 523 521
          452 512 524 464 453 513 525 465
          512 514 526 524 513 515 527 525
          514 516 528 526 515 517 529 527
          516 518 530 528 517 519 531 529
          518 520 532 530 519 521 533 531
          520 522 534 532 521 523 535 533
          464 524 536 476 465 525 537 477
          524 526 538 536 525 527 539 537
          526 528 540 538 527 529 541 539
          528 530 542 540 529 531 543 541
          530 532 544 542 531 533 545 543
          532 534 546 544 533 535 547 545
          96 92 548 498 98 94 549 499
          92 88 550 548 94 90 551 549
          88 84 552 550 90 86 553 551
          84 73 554 552 86 75 555 553
          498 548 556 510 499 549 557 511
          548 550 558 556 549 551 559 557
          550 552 560 558 551 553 561 559
          552 554 562 560 553 555 563 561
          510 556 564 522 511 557 565 523
          556 558 566 564 557 559 567 565
          558 560 568 566 559 561 569 567
          560 562 570 568 561 563 571 569
          522 564 572 534 523 565 573 535
          564 566 574 572 565 567 575 573
          566 568 576 574 567 569 577 575
          568 570 578 576 569 571 579 577
          534 572 580 546 535 573 581 547
          572 574 582 580 573 575 583 581
          574 576 584 582 575 577 585 583
          576 578 586 584 577 579 587 585
          73 72 588 554 75 74 589 555
          72 76 590 588 74 77 591 589
          76 78 592 590 77 79 593 591
          78 80 594 592 79 81 595 593
          80 82 230 594 81 83 233 595
          554 588 596 562 555 589 597 563
          588 590 598 596 589 591 599 597
          590 592 600 598 591 593 601 599
          592 594 602 600 593 595 603 601
          594 230 251 602 595 233 253 603
          562 596 604 570 563 597 605 571
          596 598 606 604 597 599 607 605
          598 600 608 606 599 601 609 607
          600 602 610 608 601 603 611 609
          602 251 263 610 603 253 265 611
          570 604 612 578 571 605 613 579
          604 606 614 612 605 607 615 613
          606 608 616 614 607 609 617 615
          608 610 618 616 609 611 619 617
          610 263 275 618 611 265 277 619
          578 612 620 586 579 613 621 587
          612 614 622 620 613 615 623 621
          614 616 624 622 615 617 625 623
          616 618 626 624 617 619 627 625
          618 275 287 626 619 277 289 627
          96 494 628 629 98 496 630 631
          494 490 632 628 496 492 633 630
          490 486 634 632 492 488 635 633
          486 482 636 634 488 484 637 635
          482 478 638 636 484 480 639 637
          478 426 640 638 480 428 641 639
          629 628 642 643 631 630 644 645
          628 632 646 642 630 633 647 644
          632 634 648 646 633 635 649 647
          634 636 650 648 635 637 651 649
          636 638 652 650 637 639 653 651
          638 640 654 652 639 641 655 653
          643 642 656 657 645 644 658 659
          642 646 660 656 644 647 661 658
          646 648 662 660 647 649 663 661
          648 650 664 662 649 651 665 663
          650 652 666 664 651 653 667 665
          652 654 668 666 653 655 669 667
          426 422 670 640 428 424 671 641
          422 418 672 670 424 420 673 671
          418 414 674 672 420 416 675 673
          414 410 676 674 416 412 677 675
          410 406 678 676 412 408 679 677
          406 394 680 678 408 396 681 679
          640 670 682 654 641 671 683 655
          670 672 684 682 671 673 685 683
          672 674 686 684 673 675 687 685
          674 676 688 686 675 677 689 687
          676 678 690 688 677 679 691 689
          678 680 692 690 679 681 693 691
          654 682 694 668 655 683 695 669
          682 684 696 694 683 685 697 695
          684 686 698 696 685 687 699 697
          686 688 700 698 687 689 701 699
          688 690 702 700 689 691 703 701
          690 692 704 702 691 693 705 703
          394 706 707 680 396 708 709 681
          706 710 711 707 708 712 713 709
          710 714 715 711 712 716 717 713
          680 707 718 692 681 709 719 693
          707 711 720 718 709 713 721 719
          711 715 722 720 713 717 723 721
          692 718 724 704 693 719 725 705
          718 720 726 724 719 721 727 725
          720 722 728 726 721 723 729 727
          714 730 731 715 716 732 733 717
          730 734 735 731 732 736 737 733
          734 738 739 735 736 740 741 737
          715 731 742 722 717 733 743 723
          731 735 744 742 733 737 745 743
          735 739 746 744 737 741 747 745
          722 742 748 728 723 743 749 729
          742 744 750 748 743 745 751 749
          744 746 752 750 745 747 753 751
          738 754 755 739 740 756 757 741
          754 758 759 755 756 760 761 757
          758 762 763 759 760 764 765 761
          762 766 767 763 764 768 769 765
          766 770 771 767 768 772 773 769
          770 774 775 771 772 776 777 773
          739 755 778 746 741 757 779 747
          755 759 780 778 757 761 781 779
          759 763 782 780 761 765 783 781
          763 767 784 782 765 769 785 783
          767 771 786 784 769 773 787 785
          771 775 788 786 773 777 789 787
          746 778 790 752 747 779 791 753
          778 780 792 790 779 781 793 791
          780 782 794 792 781 783 795 793
          782 784 796 794 783 785 797 795
          784 786 798 796 785 787 799 797
          786 788 800 798 787 789 801 799
          774 802 803 775 776 804 805 777
          802 806 807 803 804 808 809 805
          806 810 811 807 808 812 813 809
          810 814 815 811 812 816 817 813
          814 818 819 815 816 820 821 817
          818 164 822 819 820 166 823 821
          775 803 824 788 777 805 825 789
          803 807 826 824 805 809 827 825
          807 811 828 826 809 813 829 827
          811 815 830 828 813 817 831 829
          815 819 832 830 817 821 833 831
          819 822 834 832 821 823 835 833
          788 824 836 800 789 825 837 801
          824 826 838 836 825 827 839 837
          826 828 840 838 827 829 841 839
          828 830 842 840 829 831 843 841
          830 832 844 842 831 833 845 843
          832 834 846 844 833 835 847 845
          164 160 848 822 166 162 849 823
          160 157 850 848 162 159 851 849
          822 848 852 834 823 849 853 835
          848 850 854 852 849 851 855 853
          834 852 856 846 835 853 857 847
          852 854 858 856 853 855 859 857
          157 156 860 850 159 158 861 851
          156 116 862 860 158 118 863 861
          850 860 864 854 851 861 865 855
          860 862 866 864 861 863 867 865
          854 864 868 858 855 865 869 859
          864 866 870 868 865 867 871 869
          116 112 872 862 118 114 873 863
          112 109 874 872 114 111 875 873
          862 872 876 866 863 873 877 867
          872 874 878 876 873 875 879 877
          866 876 880 870 867 877 881 871
          876 878 882 880 877 879 883 881
          109 108 884 874 111 110 885 875
          108 96 629 884 110 98 631 885
          874 884 886 878 875 885 887 879
          884 629 643 886 885 631 645 887
          878 886 888 882 879 887 889 883
          886 643 657 888 887 645 659 889
          890 891 892 893 894 895 896 897
          891 898 899 892 895 900 901 896
          898 902 903 899 900 904 905 901
          902 906 907 903 904 908 909 905
          906 910 911 907 908 912 913 909
          910 338 334 911 912 340 336 913
          893 892 914 915 897 896 916 917
          892 899 918 914 896 901 919 916
          899 903 920 918 901 905 921 919
          903 907 922 920 905 909 923 921
          907 911 924 922 909 913 925 923
          911 334 306 924 913 336 308 925
          890 893 926 927 894 897 928 929
          893 915 930 926 897 917 931 928
          927 926 932 933 929 928 934 935
          926 930 936 932 928 931 937 934
          933 932 938 939 935 934 940 941
          932 936 942 938 934 937 943 940
          939 938 944 945 941 940 946 947
          938 942 948 944 940 943 949 946
          945 944 950 951 947 946 952 953
          944 948 954 950 946 949 955 952
          951 950 956 957 953 952 958 959
          950 954 960 956 952 955 961 958
          890 927 962 963 894 929 964 965
          927 933 966 962 929 935 967 964
          933 939 968 966 935 941 969 967
          939 945 970 968 941 947 971 969
          945 951 972 970 947 953 973 971
          951 957 974 972 953 959 975 973
          963 962 976 977 965 964 978 979
          962 966 980 976 964 967 981 978
          966 968 982 980 967 969 983 981
          968 970 984 982 969 971 985 983
          970 972 986 984 971 973 987 985
          972 974 988 986 973 975 989 987
          890 963 990 891 894 965 991 895
          963 977 992 990 965 979 993 991
          891 990 994 898 895 991 995 900
          990 992 996 994 991 993 997 995
          898 994 998 902 900 995 999 904
          994 996 1000 998 995 997 1001 999
          902 998 1002 906 904 999 1003 908
          998 1000 1004 1002 999 1001 1005 1003
          906 1002 1006 910 908 1003 1007 912
          1002 1004 1008 1006 1003 1005 1009 1007
          910 1006 358 338 912 1007 360 340
          1006 1008 362 358 1007 1009 364 360
          362 1008 1010 1011 364 1009 1012 1013
          1008 1004 1014 1010 1009 1005 1015 1012
          1004 1000 1016 1014 1005 1001 1017 1015
          1000 996 1018 1016 1001 997 1019 1017
          996 992 1020 1018 997 993 1021 1019
          992 977 1022 1020 993 979 1023 1021
          1011 1010 1024 1025 1013 1012 1026 1027
          1010 1014 1028 1024 1012 1015 1029 1026
          1014 1016 1030 1028 1015 1017 1031 1029
          1016 1018 1032 1030 1017 1019 1033 1031
          1018 1020 1034 1032 1019 1021 1035 1033
          1020 1022 1036 1034 1021 1023 1037 1035
          1025 1024 1038 1039 1027 1026 1040 1041
          1024 1028 1042 1038 1026 1029 1043 1040
          1028 1030 1044 1042 1029 1031 1045 1043
          1030 1032 1046 1044 1031 1033 1047 1045
          1032 1034 1048 1046 1033 1035 1049 1047
          1034 1036 1050 1048 1035 1037 1051 1049
          977 976 1052 1022 979 978 1053 1023
          976 980 1054 1052 978 981 1055 1053
          980 982 1056 1054 981 983 1057 1055
          982 984 1058 1056 983 985 1059 1057
          984 986 1060 1058 985 987 1061 1059
          986 988 1062 1060 987 989 1063 1061
          1022 1052 1064 1036 1023 1053 1065 1037
          1052 1054 1066 1064 1053 1055 1067 1065
          1054 1056 1068 1066 1055 1057 1069 1067
          1056 1058 1070 1068 1057 1059 1071 1069
          1058 1060 1072 1070 1059 1061 1073 1071
          1060 1062 1074 1072 1061 1063 1075 1073
          1036 1064 1076 1050 1037 1065 1077 1051
          1064 1066 1078 1076 1065 1067 1079 1077
          1066 1068 1080 1078 1067 1069 1081 1079
          1068 1070 1082 1080 1069 1071 1083 1081
          1070 1072 1084 1082 1071 1073 1085 1083
          1072 1074 1086 1084 1073 1075 1087 1085
          988 1088 1089 1062 989 1090 1091 1063
          1088 1092 1093 1089 1090 1094 1095 1091
          1092 1096 1097 1093 1094 1098 1099 1095
          1096 1100 1101 1097 1098 1102 1103 1099
          1062 1089 1104 1074 1063 1091 1105 1075
          1089 1093 1106 1104 1091 1095 1107 1105
          1093 1097 1108 1106 1095 1099 1109 1107
          1097 1101 1110 1108 1099 1103 1111 1109
          1074 1104 1112 1086 1075 1105 1113 1087
          1104 1106 1114 1112 1105 1107 1115 1113
          1106 1108 1116 1114 1107 1109 1117 1115
          1108 1110 1118 1116 1109 1111 1119 1117
          1100 1120 1121 1101 1102 1122 1123 1103
          1120 1124 1125 1121 1122 1126 1127 1123
          1124 1128 1129 1125 1126 1130 1131 1127
          1128 1132 1133 1129 1130 1134 1135 1131
          1101 1121 1136 1110 1103 1123 1137 1111
          1121 1125 1138 1136 1123 1127 1139 1137
          1125 1129 1140 1138 1127 1131 1141 1139
          1129 1133 1142 1140 1131 1135 1143 1141
          1110 1136 1144 1118 1111 1137 1145 1119
          1136 1138 1146 1144 1137 1139 1147 1145
          1138 1140 1148 1146 1139 1141 1149 1147
          1140 1142 1150 1148 1141 1143 1151 1149
          1132 1152 1153 1133 1134 1154 1155 1135
          1152 1156 1157 1153 1154 1158 1159 1155
          1156 1160 1161 1157 1158 1162 1163 1159
          1160 1164 1165 1161 1162 1166 1167 1163
          1164 1168 1169 1165 1166 1170 1171 1167
          1168 1172 1173 1169 1170 1174 1175 1171
          1133 1153 1176 1142 1135 1155 1177 1143
          1153 1157 1178 1176 1155 1159 1179 1177
          1157 1161 1180 1178 1159 1163 1181 1179
          1161 1165 1182 1180 1163 1167 1183 1181
          1165 1169 1184 1182 1167 1171 1185 1183
          1169 1173 1186 1184 1171 1175 1187 1185
          1142 1176 1188 1150 1143 1177 1189 1151
          1176 1178 1190 1188 1177 1179 1191 1189
          1178 1180 1192 1190 1179 1181 1193 1191
          1180 1182 1194 1192 1181 1183 1195 1193
          1182 1184 1196 1194 1183 1185 1197 1195
          1184 1186 1198 1196 1185 1187 1199 1197
          1172 1200 1201 1173 1174 1202 1203 1175
          1200 1204 1205 1201 1202 1206 1207 1203
          1204 1208 1209 1205 1206 1210 1211 1207
          1208 1212 1213 1209 1210 1214 1215 1211
          1212 1216 1217 1213 1214 1218 1219 1215
          1216 738 1220 1217 1218 740 1221 1219
          1173 1201 1222 1186 1175 1203 1223 1187
          1201 1205 1224 1222 1203 1207 1225 1223
          1205 1209 1226 1224 1207 1211 1227 1225
          1209 1213 1228 1226 1211 1215 1229 1227
          1213 1217 1230 1228 1215 1219 1231 1229
          1217 1220 1232 1230 1219 1221 1233 1231
          1186 1222 1234 1198 1187 1223 1235 1199
          1222 1224 1236 1234 1223 1225 1237 1235
          1224 1226 1238 1236 1225 1227 1239 1237
          1226 1228 1240 1238 1227 1229 1241 1239
          1228 1230 1242 1240 1229 1231 1243 1241
          1230 1232 1244 1242 1231 1233 1245 1243
          738 734 1246 1220 740 736 1247 1221
          734 730 1248 1246 736 732 1249 1247
          730 714 1250 1248 732 716 1251 1249
          1220 1246 1252 1232 1221 1247 1253 1233
          1246 1248 1254 1252 1247 1249 1255 1253
          1248 1250 1256 1254 1249 1251 1257 1255
          1232 1252 1258 1244 1233 1253 1259 1245
          1252 1254 1260 1258 1253 1255 1261 1259
          1254 1256 1262 1260 1255 1257 1263 1261
          714 710 1264 1250 716 712 1265 1251
          710 706 1266 1264 712 708 1267 1265
          706 394 1268 1266 708 396 1269 1267
          1250 1264 1270 1256 1251 1265 1271 1257
          1264 1266 1272 1270 1265 1267 1273 1271
          1266 1268 1274 1272 1267 1269 1275 1273
          1256 1270 1276 1262 1257 1271 1277 1263
          1270 1272 1278 1276 1271 1273 1279 1277
          1272 1274 1280 1278 1273 1275 1281 1279
          394 382 1282 1268 396 384 1283 1269
          1268 1282 1284 1274 1269 1283 1285 1275
          1274 1284 1286 1280 1275 1285 1287 1281
          382 362 1011 1282 384 364 1013 1283
          1282 1011 1025 1284 1283 1013 1027 1285
          1284 1025 1039 1286 1285 1027 1041 1287
          1288 1289 1290 1291 1292 1293 1294 1295
          1289 1296 1297 1290 1293 1298 1299 1294
          1296 1300 1301 1297 1298 1302 1303 1299
          1300 1304 1305 1301 1302 1306 1307 1303
          1304 1308 1309 1305 1306 1310 1311 1307
          1308 211 210 1309 1310 213 212 1311
          1291 1290 1312 1313 1295 1294 1314 1315
          1290 1297 1316 1312 1294 1299 1317 1314
          1297 1301 1318 1316 1299 1303 1319 1317
          1301 1305 1320 1318 1303 1307 1321 1319
          1305 1309 1322 1320 1307 1311 1323 1321
          1309 210 214 1322 1311 212 215 1323
          1313 1312 802 774 1315 1314 804 776
          1312 1316 806 802 1314 1317 808 804
          1316 1318 810 806 1317 1319 812 808
          1318 1320 814 810 1319 1321 816 812
          1320 1322 818 814 1321 1323 820 816
          1322 214 164 818 1323 215 166 820
          1288 1291 1324 1325 1292 1295 1326 1327
          1291 1313 1328 1324 1295 1315 1329 1326
          1313 774 770 1328 1315 776 772 1329
          1325 1324 1330 1331 1327 1326 1332 1333
          1324 1328 1334 1330 1326 1329 1335 1332
          1328 770 766 1334 1329 772 768 1335
          1331 1330 1336 1337 1333 1332 1338 1339
          1330 1334 1340 1336 1332 1335 1341 1338
          1334 766 762 1340 1335 768 764 1341
          1337 1336 1342 1343 1339 1338 1344 1345
          1336 1340 1346 1342 1338 1341 1347 1344
          1340 762 758 1346 1341 764 760 1347
          1343 1342 1348 1349 1345 1344 1350 1351
          1342 1346 1352 1348 1344 1347 1353 1350
          1346 758 754 1352 1347 760 756 1353
          1349 1348 1354 1355 1351 1350 1356 1357
          1348 1352 1358 1354 1350 1353 1359 1356
          1352 754 738 1358 1353 756 740 1359
          1288 1325 1360 1361 1292 1327 1362 1363
          1325 1331 1364 1360 1327 1333 1365 1362
          1331 1337 1366 1364 1333 1339 1367 1365
          1337 1343 1368 1366 1339 1345 1369 1367
          1343 1349 1370 1368 1345 1351 1371 1369
          1349 1355 1372 1370 1351 1357 1373 1371
          1361 1360 1374 1375 1363 1362 1376 1377
          1360 1364 1378 1374 1362 1365 1379 1376
          1364 1366 1380 1378 1365 1367 1381 1379
          1366 1368 1382 1380 1367 1369 1383 1381
          1368 1370 1384 1382 1369 1371 1385 1383
          1370 1372 1386 1384 1371 1373 1387 1385
          1375 1374 1388 1389 1377 1376 1390 1391
          1374 1378 1392 1388 1376 1379 1393 1390
          1378 1380 1394 1392 1379 1381 1395 1393
          1380 1382 1396 1394 1381 1383 1397 1395
          1382 1384 1398 1396 1383 1385 1399 1397
          1384 1386 1400 1398 1385 1387 1401 1399
          1288 1361 1402 1289 1292 1363 1403 1293
          1361 1375 1404 1402 1363 1377 1405 1403
          1375 1389 1406 1404 1377 1391 1407 1405
          1289 1402 1408 1296 1293 1403 1409 1298
          1402 1404 1410 1408 1403 1405 1411 1409
          1404 1406 1412 1410 1405 1407 1413 1411
          1296 1408 1414 1300 1298 1409 1415 1302
          1408 1410 1416 1414 1409 1411 1417 1415
          1410 1412 1418 1416 1411 1413 1419 1417
          1300 1414 1420 1304 1302 1415 1421 1306
          1414 1416 1422 1420 1415 1417 1423 1421
          1416 1418 1424 1422 1417 1419 1425 1423
          1304 1420 1426 1308 1306 1421 1427 1310
          1420 1422 1428 1426 1421 1423 1429 1427
          1422 1424 1430 1428 1423 1425 1431 1429
          1308 1426 216 211 1310 1427 218 213
          1426 1428 220 216 1427 1429 222 218
          1428 1430 224 220 1429 1431 226 222
          1432 1433 1434 1435 1436 1437 1438 1439
          1433 1440 1441 1434 1437 1442 1443 1438
          1440 1444 1445 1441 1442 1446 1447 1443
          1444 1448 1449 1445 1446 1450 1451 1447
          1448 1452 1453 1449 1450 1454 1455 1451
          1452 1355 1354 1453 1454 1357 1356 1455
          1435 1434 1456 1457 1439 1438 1458 1459
          1434 1441 1460 1456 1438 1443 1461 1458
          1441 1445 1462 1460 1443 1447 1463 1461
          1445 1449 1464 1462 1447 1451 1465 1463
          1449 1453 1466 1464 1451 1455 1467 1465
          1453 1354 1358 1466 1455 1356 1359 1467
          1457 1456 1200 1172 1459 1458 1202 1174
          1456 1460 1204 1200 1458 1461 1206 1202
          1460 1462 1208 1204 1461 1463 1210 1206
          1462 1464 1212 1208 1463 1465 1214 1210
          1464 1466 1216 1212 1465 1467 1218 1214
          1466 1358 738 1216 1467 1359 740 1218
          1432 1435 1468 1469 1436 1439 1470 1471
          1435 1457 1472 1468 1439 1459 1473 1470
          1457 1172 1168 1472 1459 1174 1170 1473
          1469 1468 1474 1475 1471 1470 1476 1477
          1468 1472 1478 1474 1470 1473 1479 1476
          1472 1168 1164 1478 1473 1170 1166 1479
          1475 1474 1480 1481 1477 1476 1482 1483
          1474 1478 1484 1480 1476 1479 1485 1482
          1478 1164 1160 1484 1479 1166 1162 1485
          1481 1480 1486 1487 1483 1482 1488 1489
          1480 1484 1490 1486 1482 1485 1491 1488
          1484 1160 1156 1490 1485 1162 1158 1491
          1487 1486 1492 1493 1489 1488 1494 1495
          1486 1490 1496 1492 1488 1491 1497 1494
          1490 1156 1152 1496 1491 1158 1154 1497
          1493 1492 1498 1499 1495 1494 1500 1501
          1492 1496 1502 1498 1494 1497 1503 1500
          1496 1152 1132 1502 1497 1154 1134 1503
          1432 1469 1504 1505 1436 1471 1506 1507
          1469 1475 1508 1504 1471 1477 1509 1506
          1475 1481 1510 1508 1477 1483 1511 1509
          1481 1487 1512 1510 1483 1489 1513 1511
          1487 1493 1514 1512 1489 1495 1515 1513
          1493 1499 1516 1514 1495 1501 1517 1515
          1505 1504 1518 1519 1507 1506 1520 1521
          1504 1508 1522 1518 1506 1509 1523 1520
          1508 1510 1524 1522 1509 1511 1525 1523
          1510 1512 1526 1524 1511 1513 1527 1525
          1512 1514 1528 1526 1513 1515 1529 1527
          1514 1516 1530 1528 1515 1517 1531 1529
          1519 1518 1532 1533 1521 1520 1534 1535
          1518 1522 1536 1532 1520 1523 1537 1534
          1522 1524 1538 1536 1523 1525 1539 1537
          1524 1526 1540 1538 1525 1527 1541 1539
          1526 1528 1542 1540 1527 1529 1543 1541
          1528 1530 1544 1542 1529 1531 1545 1543
          1432 1505 1546 1433 1436 1507 1547 1437
          1505 1519 1548 1546 1507 1521 1549 1547
          1519 1533 1550 1548 1521 1535 1551 1549
          1433 1546 1552 1440 1437 1547 1553 1442
          1546 1548 1554 1552 1547 1549 1555 1553
          1548 1550 1556 1554 1549 1551 1557 1555
          1440 1552 1558 1444 1442 1553 1559 1446
          1552 1554 1560 1558 1553 1555 1561 1559
          1554 1556 1562 1560 1555 1557 1563 1561
          1444 1558 1564 1448 1446 1559 1565 1450
          1558 1560 1566 1564 1559 1561 1567 1565
          1560 1562 1568 1566 1561 1563 1569 1567
          1448 1564 1570 1452 1450 1565 1571 1454
          1564 1566 1572 1570 1565 1567 1573 1571
          1566 1568 1574 1572 1567 1569 1575 1573
          1452 1570 1372 1355 1454 1571 1373 1357
          1570 1572 1386 1372 1571 1573 1387 1373
          1572 1574 1400 1386 1573 1575 1401 1387
          1576 1577 1578 1579 1580 1581 1582 1583
          1577 1584 1585 1578 1581 1586 1587 1582
          1584 1588 1589 1585 1586 1590 1591 1587
          1588 1592 1593 1589 1590 1594 1595 1591
          1579 1578 1596 1597 1583 1582 1598 1599
          1578 1585 1600 1596 1582 1587 1601 1598
          1585 1589 1602 1600 1587 1591 1603 1601
          1589 1593 1604 1602 1591 1595 1605 1603
          1576 1579 1606 1607 1580 1583 1608 1609
          1579 1597 1610 1606 1583 1599 1611 1608
          1607 1606 1612 1613 1609 1608 1614 1615
          1606 1610 1616 1612 1608 1611 1617 1614
          1613 1612 1618 1619 1615 1614 1620 1621
          1612 1616 1622 1618 1614 1617 1623 1620
          1576 1607 1624 1625 1580 1609 1626 1627
          1607 1613 1628 1624 1609 1615 1629 1626
          1613 1619 1630 1628 1615 1621 1631 1629
          1625 1624 1632 1633 1627 1626 1634 1635
          1624 1628 1636 1632 1626 1629 1637 1634
          1628 1630 1638 1636 1629 1631 1639 1637
          1576 1625 1640 1577 1580 1627 1641 1581
          1625 1633 1642 1640 1627 1635 1643 1641
          1577 1640 1644 1584 1581 1641 1645 1586
          1640 1642 1646 1644 1641 1643 1647 1645
          1584 1644 1648 1588 1586 1645 1649 1590
          1644 1646 1650 1648 1645 1647 1651 1649
          1588 1648 1652 1592 1590 1649 1653 1594
          1648 1650 1654 1652 1649 1651 1655 1653
          1656 1657 1658 1659 1660 1661 1662 1663
          1657 1619 1618 1658 1661 1621 1620 1662
          1659 1658 1664 1665 1663 1662 1666 1667
          1658 1618 1622 1664 1662 1620 1623 1666
          1656 1659 1668 1669 1660 1663 1670 1671
          1659 1665 1672 1668 1663 1667 1673 1670
          1669 1668 126 125 1671 1670 130 129
          1668 1672 132 126 1670 1673 134 130
          1656 1669 1674 1675 1660 1671 1676 1677
          1669 125 148 1674 1671 129 149 1676
          1675 1674 1678 1679 1677 1676 1680 1681
          1674 148 150 1678 1676 149 151 1680
          1656 1675 1682 1657 1660 1677 1683 1661
          1675 1679 1684 1682 1677 1681 1685 1683
          1657 1682 1630 1619 1661 1683 1631 1621
          1682 1684 1638 1630 1683 1685 1639 1631
          1686 1687 1688 1689 1690 1691 1692 1693
          1687 1694 1695 1688 1691 1696 1697 1692
          1689 1688 1698 1699 1693 1692 1700 1701
          1688 1695 1702 1698 1692 1697 1703 1700
          1699 1698 1684 1679 1701 1700 1685 1681
          1698 1702 1638 1684 1700 1703 1639 1685
          1686 1689 1704 1705 1690 1693 1706 1707
          1689 1699 1708 1704 1693 1701 1709 1706
          1699 1679 1678 1708 1701 1681 1680 1709
          1705 1704 170 169 1707 1706 174 173
          1704 1708 176 170 1706 1709 178 174
          1708 1678 150 176 1709 1680 151 178
          1686 1705 1710 1711 1690 1707 1712 1713
          1705 169 198 1710 1707 173 199 1712
          1711 1710 1714 1715 1713 1712 1716 1717
          1710 198 200 1714 1712 199 201 1716
          1715 1714 1718 1719 1717 1716 1720 1721
          1714 200 202 1718 1716 201 203 1720
          1686 1711 1722 1687 1690 1713 1723 1691
          1711 1715 1724 1722 1713 1717 1725 1723
          1715 1719 1726 1724 1717 1721 1727 1725
          1687 1722 1728 1694 1691 1723 1729 1696
          1722 1724 1730 1728 1723 1725 1731 1729
          1724 1726 1732 1730 1725 1727 1733 1731
          1654 1650 1734 1735 1655 1651 1736 1737
          1650 1646 1738 1734 1651 1647 1739 1736
          1646 1642 1740 1738 1647 1643 1741 1739
          1642 1633 1742 1740 1643 1635 1743 1741
          1735 1734 1744 1745 1737 1736 1746 1747
          1734 1738 1748 1744 1736 1739 1749 1746
          1738 1740 1750 1748 1739 1741 1751 1749
          1740 1742 1752 1750 1741 1743 1753 1751
          1633 1632 1754 1742 1635 1634 1755 1743
          1632 1636 1756 1754 1634 1637 1757 1755
          1636 1638 1758 1756 1637 1639 1759 1757
          1742 1754 1760 1752 1743 1755 1761 1753
          1754 1756 1762 1760 1755 1757 1763 1761
          1756 1758 1764 1762 1757 1759 1765 1763
          1638 1702 1766 1758 1639 1703 1767 1759
          1702 1695 1768 1766 1703 1697 1769 1767
          1695 1694 1770 1768 1697 1696 1771 1769
          1758 1766 1772 1764 1759 1767 1773 1765
          1766 1768 1774 1772 1767 1769 1775 1773
          1768 1770 1776 1774 1769 1771 1777 1775
          1694 1728 1778 1770 1696 1729 1779 1771
          1728 1730 1780 1778 1729 1731 1781 1779
          1730 1732 1782 1780 1731 1733 1783 1781
          1770 1778 1784 1776 1771 1779 1785 1777
          1778 1780 1786 1784 1779 1781 1787 1785
          1780 1782 1788 1786 1781 1783 1789 1787
          1732 1790 1791 1782 1733 1792 1793 1783
          1790 1794 1795 1791 1792 1796 1797 1793
          1794 1798 1799 1795 1796 1800 1801 1797
          1798 1802 1803 1799 1800 1804 1805 1801
          1782 1791 1806 1788 1783 1793 1807 1789
          1791 1795 1808 1806 1793 1797 1809 1807
          1795 1799 1810 1808 1797 1801 1811 1809
          1799 1803 1812 1810 1801 1805 1813 1811
          1802 1814 1815 1803 1804 1816 1817 1805
          1814 1818 1819 1815 1816 1820 1821 1817
          1818 1822 1823 1819 1820 1824 1825 1821
          1822 1826 1827 1823 1824 1828 1829 1825
          1803 1815 1830 1812 1805 1817 1831 1813
          1815 1819 1832 1830 1817 1821 1833 1831
          1819 1823 1834 1832 1821 1825 1835 1833
          1823 1827 1836 1834 1825 1829 1837 1835
          1826 1838 1839 1827 1828 1840 1841 1829
          1838 1842 1843 1839 1840 1844 1845 1841
          1842 1846 1847 1843 1844 1848 1849 1845
          1846 1850 1851 1847 1848 1852 1853 1849
          1827 1839 1854 1836 1829 1841 1855 1837
          1839 1843 1856 1854 1841 1845 1857 1855
          1843 1847 1858 1856 1845 1849 1859 1857
          1847 1851 1860 1858 1849 1853 1861 1859
          1850 1862 1863 1851 1852 1864 1865 1853
          1862 1866 1867 1863 1864 1868 1869 1865
          1866 1870 1871 1867 1868 1872 1873 1869
          1870 1654 1735 1871 1872 1655 1737 1873
          1851 1863 1874 1860 1853 1865 1875 1861
          1863 1867 1876 1874 1865 1869 1877 1875
          1867 1871 1878 1876 1869 1873 1879 1877
          1871 1735 1745 1878 1873 1737 1747 1879
          1880 1881 1882 1883 1884 1885 1886 1887
          1881 1888 1889 1882 1885 1890 1891 1886
          1888 1892 1893 1889 1890 1894 1895 1891
          1892 1896 1897 1893 1894 1898 1899 1895
          1883 1882 1900 1901 1887 1886 1902 1903
          1882 1889 1904 1900 1886 1891 1905 1902
          1889 1893 1906 1904 1891 1895 1907 1905
          1893 1897 1908 1906 1895 1899 1909 1907
          1901 1900 1910 1911 1903 1902 1912 1913
          1900 1904 1914 1910 1902 1905 1915 1912
          1904 1906 1916 1914 1905 1907 1917 1915
          1906 1908 1918 1916 1907 1909 1919 1917
          1911 1910 1920 1921 1913 1912 1922 1923
          1910 1914 1924 1920 1912 1915 1925 1922
          1914 1916 1926 1924 1915 1917 1927 1925
          1916 1918 1928 1926 1917 1919 1929 1927
          1896 1930 1931 1897 1898 1932 1933 1899
          1930 1934 1935 1931 1932 1936 1937 1933
          1934 1938 1939 1935 1936 1940 1941 1937
          1938 1942 1943 1939 1940 1944 1945 1941
          1942 1946 1947 1943 1944 1948 1949 1945
          1946 20 1950 1947 1948 22 1951 1949
          1897 1931 1952 1908 1899 1933 1953 1909
          1931 1935 1954 1952 1933 1937 1955 1953
          1935 1939 1956 1954 1937 1941 1957 1955
          1939 1943 1958 1956 1941 1945 1959 1957
          1943 1947 1960 1958 1945 1949 1961 1959
          1947 1950 1962 1960 1949 1951 1963 1961
          1908 1952 1964 1918 1909 1953 1965 1919
          1952 1954 1966 1964 1953 1955 1967 1965
          1954 1956 1968 1966 1955 1957 1969 1967
          1956 1958 1970 1968 1957 1959 1971 1969
          1958 1960 1972 1970 1959 1961 1973 1971
          1960 1962 1974 1972 1961 1963 1975 1973
          1918 1964 1976 1928 1919 1965 1977 1929
          1964 1966 1978 1976 1965 1967 1979 1977
          1966 1968 1980 1978 1967 1969 1981 1979
          1968 1970 1982 1980 1969 1971 1983 1981
          1970 1972 1984 1982 1971 1973 1985 1983
          1972 1974 1986 1984 1973 1975 1987 1985
          20 16 1988 1950 22 18 1989 1951
          16 12 1990 1988 18 14 1991 1989
          12 8 1992 1990 14 10 1993 1991
          8 2 1994 1992 10 6 1995 1993
          2 1 1996 1994 6 5 1997 1995
          1950 1988 1998 1962 1951 1989 1999 1963
          1988 1990 2000 1998 1989 1991 2001 1999
          1990 1992 2002 2000 1991 1993 2003 2001
          1992 1994 2004 2002 1993 1995 2005 2003
          1994 1996 2006 2004 1995 1997 2007 2005
          1962 1998 2008 1974 1963 1999 2009 1975
          1998 2000 2010 2008 1999 2001 2011 2009
          2000 2002 2012 2010 2001 2003 2013 2011
          2002 2004 2014 2012 2003 2005 2015 2013
          2004 2006 2016 2014 2005 2007 2017 2015
          1974 2008 2018 1986 1975 2009 2019 1987
          2008 2010 2020 2018 2009 2011 2021 2019
          2010 2012 2022 2020 2011 2013 2023 2021
          2012 2014 2024 2022 2013 2015 2025 2023
          2014 2016 2026 2024 2015 2017 2027 2025
          1 52 2028 1996 5 53 2029 1997
          52 54 2030 2028 53 55 2031 2029
          54 56 2032 2030 55 57 2033 2031
          56 58 2034 2032 57 59 2035 2033
          1996 2028 2036 2006 1997 2029 2037 2007
          2028 2030 2038 2036 2029 2031 2039 2037
          2030 2032 2040 2038 2031 2033 2041 2039
          2032 2034 2042 2040 2033 2035 2043 2041
          2006 2036 2044 2016 2007 2037 2045 2017
          2036 2038 2046 2044 2037 2039 2047 2045
          2038 2040 2048 2046 2039 2041 2049 2047
          2040 2042 2050 2048 2041 2043 2051 2049
          2016 2044 2052 2026 2017 2045 2053 2027
          2044 2046 2054 2052 2045 2047 2055 2053
          2046 2048 2056 2054 2047 2049 2057 2055
          2048 2050 2058 2056 2049 2051 2059 2057
          58 2060 2061 2034 59 2062 2063 2035
          2060 2064 2065 2061 2062 2066 2067 2063
          2064 2068 2069 2065 2066 2070 2071 2067
          2068 2072 2073 2069 2070 2074 2075 2071
          2072 2076 2077 2073 2074 2078 2079 2075
          2076 2080 2081 2077 2078 2082 2083 2079
          2034 2061 2084 2042 2035 2063 2085 2043
          2061 2065 2086 2084 2063 2067 2087 2085
          2065 2069 2088 2086 2067 2071 2089 2087
          2069 2073 2090 2088 2071 2075 2091 2089
          2073 2077 2092 2090 2075 2079 2093 2091
          2077 2081 2094 2092 2079 2083 2095 2093
          2042 2084 2096 2050 2043 2085 2097 2051
          2084 2086 2098 2096 2085 2087 2099 2097
          2086 2088 2100 2098 2087 2089 2101 2099
          2088 2090 2102 2100 2089 2091 2103 2101
          2090 2092 2104 2102 2091 2093 2105 2103
          2092 2094 2106 2104 2093 2095 2107 2105
          2050 2096 2108 2058 2051 2097 2109 2059
          2096 2098 2110 2108 2097 2099 2111 2109
          2098 2100 2112 2110 2099 2101 2113 2111
          2100 2102 2114 2112 2101 2103 2115 2113
          2102 2104 2116 2114 2103 2105 2117 2115
          2104 2106 2118 2116 2105 2107 2119 2117
          2080 2120 2121 2081 2082 2122 2123 2083
          2120 2124 2125 2121 2122 2126 2127 2123
          2124 2128 2129 2125 2126 2130 2131 2127
          2128 2132 2133 2129 2130 2134 2135 2131
          2081 2121 2136 2094 2083 2123 2137 2095
          2121 2125 2138 2136 2123 2127 2139 2137
          2125 2129 2140 2138 2127 2131 2141 2139
          2129 2133 2142 2140 2131 2135 2143 2141
          2094 2136 2144 2106 2095 2137 2145 2107
          2136 2138 2146 2144 2137 2139 2147 2145
          2138 2140 2148 2146 2139 2141 2149 2147
          2140 2142 2150 2148 2141 2143 2151 2149
          2106 2144 2152 2118 2107 2145 2153 2119
          2144 2146 2154 2152 2145 2147 2155 2153
          2146 2148 2156 2154 2147 2149 2157 2155
          2148 2150 2158 2156 2149 2151 2159 2157
          2132 2160 2161 2133 2134 2162 2163 2135
          2160 2164 2165 2161 2162 2166 2167 2163
          2164 2168 2169 2165 2166 2170 2171 2167
          2168 2172 2173 2169 2170 2174 2175 2171
          2133 2161 2176 2142 2135 2163 2177 2143
          2161 2165 2178 2176 2163 2167 2179 2177
          2165 2169 2180 2178 2167 2171 2181 2179
          2169 2173 2182 2180 2171 2175 2183 2181
          2142 2176 2184 2150 2143 2177 2185 2151
          2176 2178 2186 2184 2177 2179 2187 2185
          2178 2180 2188 2186 2179 2181 2189 2187
          2180 2182 2190 2188 2181 2183 2191 2189
          2150 2184 2192 2158 2151 2185 2193 2159
          2184 2186 2194 2192 2185 2187 2195 2193
          2186 2188 2196 2194 2187 2189 2197 2195
          2188 2190 2198 2196 2189 2191 2199 2197
          2172 2200 2201 2173 2174 2202 2203 2175
          2200 2204 2205 2201 2202 2206 2207 2203
          2204 2208 2209 2205 2206 2210 2211 2207
          2208 2212 2213 2209 2210 2214 2215 2211
          2212 1880 1883 2213 2214 1884 1887 2215
          2173 2201 2216 2182 2175 2203 2217 2183
          2201 2205 2218 2216 2203 2207 2219 2217
          2205 2209 2220 2218 2207 2211 2221 2219
          2209 2213 2222 2220 2211 2215 2223 2221
          2213 1883 1901 2222 2215 1887 1903 2223
          2182 2216 2224 2190 2183 2217 2225 2191
          2216 2218 2226 2224 2217 2219 2227 2225
          2218 2220 2228 2226 2219 2221 2229 2227
          2220 2222 2230 2228 2221 2223 2231 2229
          2222 1901 1911 2230 2223 1903 1913 2231
          2190 2224 2232 2198 2191 2225 2233 2199
          2224 2226 2234 2232 2225 2227 2235 2233
          2226 2228 2236 2234 2227 2229 2237 2235
          2228 2230 2238 2236 2229 2231 2239 2237
          2230 1911 1921 2238 2231 1913 1923 2239
          1921 1920 2240 2241 1923 1922 2242 2243
          1920 1924 2244 2240 1922 1925 2245 2242
          1924 1926 2246 2244 1925 1927 2247 2245
          1926 1928 2248 2246 1927 1929 2249 2247
          1928 1976 2250 2248 1929 1977 2251 2249
          1976 1978 2252 2250 1977 1979 2253 2251
          1978 1980 2254 2252 1979 1981 2255 2253
          1980 1982 2256 2254 1981 1983 2257 2255
          1982 1984 2258 2256 1983 1985 2259 2257
          1984 1986 2260 2258 1985 1987 2261 2259
          1986 2018 2262 2260 1987 2019 2263 2261
          2018 2020 2264 2262 2019 2021 2265 2263
          2020 2022 2266 2264 2021 2023 2267 2265
          2022 2024 2268 2266 2023 2025 2269 2267
          2024 2026 2270 2268 2025 2027 2271 2269
          2026 2052 2272 2270 2027 2053 2273 2271
          2052 2054 2274 2272 2053 2055 2275 2273
          2054 2056 2276 2274 2055 2057 2277 2275
          2056 2058 2278 2276 2057 2059 2279 2277
          2058 2108 2280 2278 2059 2109 2281 2279
          2108 2110 2282 2280 2109 2111 2283 2281
          2110 2112 2284 2282 2111 2113 2285 2283
          2112 2114 2286 2284 2113 2115 2287 2285
          2114 2116 2288 2286 2115 2117 2289 2287
          2116 2118 2290 2288 2117 2119 2291 2289
          2118 2152 2292 2290 2119 2153 2293 2291
          2152 2154 2294 2292 2153 2155 2295 2293
          2154 2156 2296 2294 2155 2157 2297 2295
          2156 2158 2298 2296 2157 2159 2299 2297
          2158 2192 2300 2298 2159 2193 2301 2299
          2192 2194 2302 2300 2193 2195 2303 2301
          2194 2196 2304 2302 2195 2197 2305 2303
          2196 2198 2306 2304 2197 2199 2307 2305
          2198 2232 2308 2306 2199 2233 2309 2307
          2232 2234 2310 2308 2233 2235 2311 2309
          2234 2236 2312 2310 2235 2237 2313 2311
          2236 2238 2314 2312 2237 2239 2315 2313
          2238 1921 2241 2314 2239 1923 2243 2315
          2316 2317 2318 2319 2320 2321 2322 2323
          2317 2324 2325 2318 2321 2326 2327 2322
          2324 2328 2329 2325 2326 2330 2331 2327
          2328 2306 2308 2329 2330 2307 2309 2331
          2319 2318 2332 2333 2323 2322 2334 2335
          2318 2325 2336 2332 2322 2327 2337 2334
          2325 2329 2338 2336 2327 2331 2339 2337
          2329 2308 2310 2338 2331 2309 2311 2339
          2333 2332 2340 2341 2335 2334 2342 2343
          2332 2336 2344 2340 2334 2337 2345 2342
          2336 2338 2346 2344 2337 2339 2347 2345
          2338 2310 2312 2346 2339 2311 2313 2347
          2341 2340 2348 2349 2343 2342 2350 2351
          2340 2344 2352 2348 2342 2345 2353 2350
          2344 2346 2354 2352 2345 2347 2355 2353
          2346 2312 2314 2354 2347 2313 2315 2355
          2349 2348 2246 2248 2351 2350 2247 2249
          2348 2352 2244 2246 2350 2353 2245 2247
          2352 2354 2240 2244 2353 2355 2242 2245
          2354 2314 2241 2240 2355 2315 2243 2242
          2316 2319 2356 2357 2320 2323 2358 2359
          2319 2333 2360 2356 2323 2335 2361 2358
          2333 2341 2362 2360 2335 2343 2363 2361
          2341 2349 2364 2362 2343 2351 2365 2363
          2349 2248 2250 2364 2351 2249 2251 2365
          2357 2356 2366 2367 2359 2358 2368 2369
          2356 2360 2370 2366 2358 2361 2371 2368
          2360 2362 2372 2370 2361 2363 2373 2371
          2362 2364 2374 2372 2363 2365 2375 2373
          2364 2250 2252 2374 2365 2251 2253 2375
          2367 2366 2376 2377 2369 2368 2378 2379
          2366 2370 2380 2376 2368 2371 2381 2378
          2370 2372 2382 2380 2371 2373 2383 2381
          2372 2374 2384 2382 2373 2375 2385 2383
          2374 2252 2254 2384 2375 2253 2255 2385
          2377 2376 2386 2387 2379 2378 2388 2389
          2376 2380 2390 2386 2378 2381 2391 2388
          2380 2382 2392 2390 2381 2383 2393 2391
          2382 2384 2394 2392 2383 2385 2395 2393
          2384 2254 2256 2394 2385 2255 2257 2395
          2387 2386 2396 2397 2389 2388 2398 2399
          2386 2390 2400 2396 2388 2391 2401 2398
          2390 2392 2402 2400 2391 2393 2403 2401
          2392 2394 2404 2402 2393 2395 2405 2403
          2394 2256 2258 2404 2395 2257 2259 2405
          2397 2396 2268 2270 2399 2398 2269 2271
          2396 2400 2266 2268 2398 2401 2267 2269
          2400 2402 2264 2266 2401 2403 2265 2267
          2402 2404 2262 2264 2403 2405 2263 2265
          2404 2258 2260 2262 2405 2259 2261 2263
          2316 2357 2406 2407 2320 2359 2408 2409
          2357 2367 2410 2406 2359 2369 2411 2408
          2367 2377 2412 2410 2369 2379 2413 2411
          2377 2387 2414 2412 2379 2389 2415 2413
          2387 2397 2416 2414 2389 2399 2417 2415
          2397 2270 2272 2416 2399 2271 2273 2417
          2407 2406 2418 2419 2409 2408 2420 2421
          2406 2410 2422 2418 2408 2411 2423 2420
          2410 2412 2424 2422 2411 2413 2425 2423
          2412 2414 2426 2424 2413 2415 2427 2425
          2414 2416 2428 2426 2415 2417 2429 2427
          2416 2272 2274 2428 2417 2273 2275 2429
          2419 2418 2430 2431 2421 2420 2432 2433
          2418 2422 2434 2430 2420 2423 2435 2432
          2422 2424 2436 2434 2423 2425 2437 2435
          2424 2426 2438 2436 2425 2427 2439 2437
          2426 2428 2440 2438 2427 2429 2441 2439
          2428 2274 2276 2440 2429 2275 2277 2441
          2431 2430 2288 2290 2433 2432 2289 2291
          2430 2434 2286 2288 2432 2435 2287 2289
          2434 2436 2284 2286 2435 2437 2285 2287
          2436 2438 2282 2284 2437 2439 2283 2285
          2438 2440 2280 2282 2439 2441 2281 2283
          2440 2276 2278 2280 2441 2277 2279 2281
          2316 2407 2442 2317 2320 2409 2443 2321
          2407 2419 2444 2442 2409 2421 2445 2443
          2419 2431 2446 2444 2421 2433 2447 2445
          2431 2290 2292 2446 2433 2291 2293 2447
          2317 2442 2448 2324 2321 2443 2449 2326
          2442 2444 2450 2448 2443 2445 2451 2449
          2444 2446 2452 2450 2445 2447 2453 2451
          2446 2292 2294 2452 2447 2293 2295 2453
          2324 2448 2454 2328 2326 2449 2455 2330
          2448 2450 2456 2454 2449 2451 2457 2455
          2450 2452 2458 2456 2451 2453 2459 2457
          2452 2294 2296 2458 2453 2295 2297 2459
          2328 2454 2304 2306 2330 2455 2305 2307
          2454 2456 2302 2304 2455 2457 2303 2305
          2456 2458 2300 2302 2457 2459 2301 2303
          2458 2296 2298 2300 2459 2297 2299 2301
          4 5 6 7 2460 2461 2462 2463
          7 6 10 11 2463 2462 2464 2465
          11 10 14 15 2465 2464 2466 2467
          15 14 18 19 2467 2466 2468 2469
          19 18 22 23 2469 2468 2470 2471
          4 7 26 27 2460 2463 2472 2473
          7 11 29 26 2463 2465 2474 2472
          11 15 31 29 2465 2467 2475 2474
          15 19 33 31 2467 2469 2476 2475
          19 23 35 33 2469 2471 2477 2476
          4 27 38 39 2460 2473 2478 2479
          39 38 42 43 2479 2478 2480 2481
          43 42 46 47 2481 2480 2482 2483
          47 46 50 51 2483 2482 2484 2485
          4 39 53 5 2460 2479 2486 2461
          39 43 55 53 2479 2481 2487 2486
          43 47 57 55 2481 2483 2488 2487
          47 51 59 57 2483 2485 2489 2488
          62 27 26 63 2490 2473 2472 2491
          63 26 29 65 2491 2472 2474 2492
          65 29 31 67 2492 2474 2475 2493
          67 31 33 69 2493 2475 2476 2494
          69 33 35 71 2494 2476 2477 2495
          62 63 74 75 2490 2491 2496 2497
          63 65 77 74 2491 2492 2498 2496
          65 67 79 77 2492 2493 2499 2498
          67 69 81 79 2493 2494 2500 2499
          69 71 83 81 2494 2495 2501 2500
          62 75 86 87 2490 2497 2502 2503
          87 86 90 91 2503 2502 2504 2505
          91 90 94 95 2505 2504 2506 2507
          95 94 98 99 2507 2506 2508 2509
          62 87 38 27 2490 2503 2478 2473
          87 91 42 38 2503 2505 2480 2478
          91 95 46 42 2505 2507 2482 2480
          95 99 50 46 2507 2509 2484 2482
          104 105 106 107 2510 2511 2512 2513
          107 106 50 99 2513 2512 2484 2509
          104 107 110 111 2510 2513 2514 2515
          107 99 98 110 2513 2509 2508 2514
          104 111 114 115 2510 2515 2516 2517
          115 114 118 119 2517 2516 2518 2519
          104 115 121 105 2510 2517 2520 2511
          115 119 123 121 2517 2519 2521 2520
          128 129 130 131 2522 2523 2524 2525
          131 130 134 135 2525 2524 2526 2527
          128 131 138 139 2522 2525 2528 2529
          131 135 123 138 2525 2527 2521 2528
          128 139 142 143 2522 2529 2530 2531
          143 142 146 147 2531 2530 2532 2533
          128 143 149 129 2522 2531 2534 2523
          143 147 151 149 2531 2533 2535 2534
          154 139 138 155 2536 2529 2528 2537
          155 138 123 119 2537 2528 2521 2519
          154 155 158 159 2536 2537 2538 2539
          155 119 118 158 2537 2519 2518 2538
          154 159 162 163 2536 2539 2540 2541
          163 162 166 167 2541 2540 2542 2543
          154 163 142 139 2536 2541 2530 2529
          163 167 146 142 2541 2543 2532 2530
          172 173 174 175 2544 2545 2546 2547
          175 174 178 179 2547 2546 2548 2549
          179 178 151 147 2549 2548 2535 2533
          172 175 182 183 2544 2547 2550 2551
          175 179 185 182 2547 2549 2552 2550
          179 147 146 185 2549 2533 2532 2552
          172 183 188 189 2544 2551 2553 2554
          189 188 192 193 2554 2553 2555 2556
          193 192 196 197 2556 2555 2557 2558
          172 189 199 173 2544 2554 2559 2545
          189 193 201 199 2554 2556 2560 2559
          193 197 203 201 2556 2558 2561 2560
          206 183 182 207 2562 2551 2550 2563
          207 182 185 209 2563 2550 2552 2564
          209 185 146 167 2564 2552 2532 2543
          206 207 212 213 2562 2563 2565 2566
          207 209 215 212 2563 2564 2567 2565
          209 167 166 215 2564 2543 2542 2567
          206 213 218 219 2562 2566 2568 2569
          219 218 222 223 2569 2568 2570 2571
          223 222 226 227 2571 2570 2572 2573
          206 219 188 183 2562 2569 2553 2551
          219 223 192 188 2569 2571 2555 2553
          223 227 196 192 2571 2573 2557 2555
          83 231 232 233 2501 2574 2575 2576
          231 236 237 232 2574 2577 2578 2575
          236 240 241 237 2577 2579 2580 2578
          240 244 245 241 2579 2581 2582 2580
          244 248 249 245 2581 2583 2584 2582
          233 232 252 253 2576 2575 2585 2586
          232 237 255 252 2575 2578 2587 2585
          237 241 257 255 2578 2580 2588 2587
          241 245 259 257 2580 2582 2589 2588
          245 249 261 259 2582 2584 2590 2589
          253 252 264 265 2586 2585 2591 2592
          252 255 267 264 2585 2587 2593 2591
          255 257 269 267 2587 2588 2594 2593
          257 259 271 269 2588 2589 2595 2594
          259 261 273 271 2589 2590 2596 2595
          265 264 276 277 2592 2591 2597 2598
          264 267 279 276 2591 2593 2599 2597
          267 269 281 279 2593 2594 2600 2599
          269 271 283 281 2594 2595 2601 2600
          271 273 285 283 2595 2596 2602 2601
          277 276 288 289 2598 2597 2603 2604
          276 279 291 288 2597 2599 2605 2603
          279 281 293 291 2599 2600 2606 2605
          281 283 295 293 2600 2601 2607 2606
          283 285 297 295 2601 2602 2608 2607
          248 300 301 249 2583 2609 2610 2584
          300 304 305 301 2609 2611 2612 2610
          304 308 309 305 2611 2613 2614 2612
          249 301 311 261 2584 2610 2615 2590
          301 305 313 311 2610 2612 2616 2615
          305 309 315 313 2612 2614 2617 2616
          261 311 317 273 2590 2615 2618 2596
          311 313 319 317 2615 2616 2619 2618
          313 315 321 319 2616 2617 2620 2619
          273 317 323 285 2596 2618 2621 2602
          317 319 325 323 2618 2619 2622 2621
          319 321 327 325 2619 2620 2623 2622
          285 323 329 297 2602 2621 2624 2608
          323 325 331 329 2621 2622 2625 2624
          325 327 333 331 2622 2623 2626 2625
          308 336 337 309 2613 2627 2628 2614
          336 340 341 337 2627 2629 2630 2628
          309 337 343 315 2614 2628 2631 2617
          337 341 345 343 2628 2630 2632 2631
          315 343 347 321 2617 2631 2633 2620
          343 345 349 347 2631 2632 2634 2633
          321 347 351 327 2620 2633 2635 2623
          347 349 353 351 2633 2634 2636 2635
          327 351 355 333 2623 2635 2637 2626
          351 353 357 355 2635 2636 2638 2637
          340 360 361 341 2629 2639 2640 2630
          360 364 365 361 2639 2641 2642 2640
          341 361 367 345 2630 2640 2643 2632
          361 365 369 367 2640 2642 2644 2643
          345 367 371 349 2632 2643 2645 2634
          367 369 373 371 2643 2644 2646 2645
          349 371 375 353 2634 2645 2647 2636
          371 373 377 375 2645 2646 2648 2647
          353 375 379 357 2636 2647 2649 2638
          375 377 381 379 2647 2648 2650 2649
          364 384 385 365 2641 2651 2652 2642
          365 385 387 369 2642 2652 2653 2644
          369 387 389 373 2644 2653 2654 2646
          373 389 391 377 2646 2654 2655 2648
          377 391 393 381 2648 2655 2656 2650
          384 396 397 385 2651 2657 2658 2652
          385 397 399 387 2652 2658 2659 2653
          387 399 401 389 2653 2659 2660 2654
          389 401 403 391 2654 2660 2661 2655
          391 403 405 393 2655 2661 2662 2656
          396 408 409 397 2657 2663 2664 2658
          408 412 413 409 2663 2665 2666 2664
          412 416 417 413 2665 2667 2668 2666
          416 420 421 417 2667 2669 2670 2668
          420 424 425 421 2669 2671 2672 2670
          424 428 429 425 2671 2673 2674 2672
          397 409 431 399 2658 2664 2675 2659
          409 413 433 431 2664 2666 2676 2675
          413 417 435 433 2666 2668 2677 2676
          417 421 437 435 2668 2670 2678 2677
          421 425 439 437 2670 2672 2679 2678
          425 429 441 439 2672 2674 2680 2679
          399 431 443 401 2659 2675 2681 2660
          431 433 445 443 2675 2676 2682 2681
          433 435 447 445 2676 2677 2683 2682
          435 437 449 447 2677 2678 2684 2683
          437 439 451 449 2678 2679 2685 2684
          439 441 453 451 2679 2680 2686 2685
          401 443 455 403 2660 2681 2687 2661
          443 445 457 455 2681 2682 2688 2687
          445 447 459 457 2682 2683 2689 2688
          447 449 461 459 2683 2684 2690 2689
          449 451 463 461 2684 2685 2691 2690
          451 453 465 463 2685 2686 2692 2691
          403 455 467 405 2661 2687 2693 2662
          455 457 469 467 2687 2688 2694 2693
          457 459 471 469 2688 2689 2695 2694
          459 461 473 471 2689 2690 2696 2695
          461 463 475 473 2690 2691 2697 2696
          463 465 477 475 2691 2692 2698 2697
          428 480 481 429 2673 2699 2700 2674
          480 484 485 481 2699 2701 2702 2700
          484 488 489 485 2701 2703 2704 2702
          488 492 493 489 2703 2705 2706 2704
          492 496 497 493 2705 2707 2708 2706
          496 98 499 497 2707 2508 2709 2708
          429 481 501 441 2674 2700 2710 2680
          481 485 503 501 2700 2702 2711 2710
          485 489 505 503 2702 2704 2712 2711
          489 493 507 505 2704 2706 2713 2712
          493 497 509 507 2706 2708 2714 2713
          497 499 511 509 2708 2709 2715 2714
          441 501 513 453 2680 2710 2716 2686
          501 503 515 513 2710 2711 2717 2716
          503 505 517 515 2711 2712 2718 2717
          505 507 519 517 2712 2713 2719 2718
          507 509 521 519 2713 2714 2720 2719
          509 511 523 521 2714 2715 2721 2720
          453 513 525 465 2686 2716 2722 2692
          513 515 527 525 2716 2717 2723 2722
          515 517 529 527 2717 2718 2724 2723
          517 519 531 529 2718 2719 2725 2724
          519 521 533 531 2719 2720 2726 2725
          521 523 535 533 2720 2721 2727 2726
          465 525 537 477 2692 2722 2728 2698
          525 527 539 537 2722 2723 2729 2728
          527 529 541 539 2723 2724 2730 2729
          529 531 543 541 2724 2725 2731 2730
          531 533 545 543 2725 2726 2732 2731
          533 535 547 545 2726 2727 2733 2732
          98 94 549 499 2508 2506 2734 2709
          94 90 551 549 2506 2504 2735 2734
          90 86 553 551 2504 2502 2736 2735
          86 75 555 553 2502 2497 2737 2736
          499 549 557 511 2709 2734 2738 2715
          549 551 559 557 2734 2735 2739 2738
          551 553 561 559 2735 2736 2740 2739
          553 555 563 561 2736 2737 2741 2740
          511 557 565 523 2715 2738 2742 2721
          557 559 567 565 2738 2739 2743 2742
          559 561 569 567 2739 2740 2744 2743
          561 563 571 569 2740 2741 2745 2744
          523 565 573 535 2721 2742 2746 2727
          565 567 575 573 2742 2743 2747 2746
          567 569 577 575 2743 2744 2748 2747
          569 571 579 577 2744 2745 2749 2748
          535 573 581 547 2727 2746 2750 2733
          573 575 583 581 2746 2747 2751 2750
          575 577 585 583 2747 2748 2752 2751
          577 579 587 585 2748 2749 2753 2752
          75 74 589 555 2497 2496 2754 2737
          74 77 591 589 2496 2498 2755 2754
          77 79 593 591 2498 2499 2756 2755
          79 81 595 593 2499 2500 2757 2756
          81 83 233 595 2500 2501 2576 2757
          555 589 597 563 2737 2754 2758 2741
          589 591 599 597 2754 2755 2759 2758
          591 593 601 599 2755 2756 2760 2759
          593 595 603 601 2756 2757 2761 2760
          595 233 253 603 2757 2576 2586 2761
          563 597 605 571 2741 2758 2762 2745
          597 599 607 605 2758 2759 2763 2762
          599 601 609 607 2759 2760 2764 2763
          601 603 611 609 2760 2761 2765 2764
          603 253 265 611 2761 2586 2592 2765
          571 605 613 579 2745 2762 2766 2749
          605 607 615 613 2762 2763 2767 2766
          607 609 617 615 2763 2764 2768 2767
          609 611 619 617 2764 2765 2769 2768
          611 265 277 619 2765 2592 2598 2769
          579 613 621 587 2749 2766 2770 2753
          613 615 623 621 2766 2767 2771 2770
          615 617 625 623 2767 2768 2772 2771
          617 619 627 625 2768 2769 2773 2772
          619 277 289 627 2769 2598 2604 2773
          98 496 630 631 2508 2707 2774 2775
          496 492 633 630 2707 2705 2776 2774
          492 488 635 633 2705 2703 2777 2776
          488 484 637 635 2703 2701 2778 2777
          484 480 639 637 2701 2699 2779 2778
          480 428 641 639 2699 2673 2780 2779
          631 630 644 645 2775 2774 2781 2782
          630 633 647 644 2774 2776 2783 2781
          633 635 649 647 2776 2777 2784 2783
          635 637 651 649 2777 2778 2785 2784
          637 639 653 651 2778 2779 2786 2785
          639 641 655 653 2779 2780 2787 2786
          645 644 658 659 2782 2781 2788 2789
          644 647 661 658 2781 2783 2790 2788
          647 649 663 661 2783 2784 2791 2790
          649 651 665 663 2784 2785 2792 2791
          651 653 667 665 2785 2786 2793 2792
          653 655 669 667 2786 2787 2794 2793
          428 424 671 641 2673 2671 2795 2780
          424 420 673 671 2671 2669 2796 2795
          420 416 675 673 2669 2667 2797 2796
          416 412 677 675 2667 2665 2798 2797
          412 408 679 677 2665 2663 2799 2798
          408 396 681 679 2663 2657 2800 2799
          641 671 683 655 2780 2795 2801 2787
          671 673 685 683 2795 2796 2802 2801
          673 675 687 685 2796 2797 2803 2802
          675 677 689 687 2797 2798 2804 2803
          677 679 691 689 2798 2799 2805 2804
          679 681 693 691 2799 2800 2806 2805
          655 683 695 669 2787 2801 2807 2794
          683 685 697 695 2801 2802 2808 2807
          685 687 699 697 2802 2803 2809 2808
          687 689 701 699 2803 2804 2810 2809
          689 691 703 701 2804 2805 2811 2810
          691 693 705 703 2805 2806 2812 2811
          396 708 709 681 2657 2813 2814 2800
          708 712 713 709 2813 2815 2816 2814
          712 716 717 713 2815 2817 2818 2816
          681 709 719 693 2800 2814 2819 2806
          709 713 721 719 2814 2816 2820 2819
          713 717 723 721 2816 2818 2821 2820
          693 719 725 705 2806 2819 2822 2812
          719 721 727 725 2819 2820 2823 2822
          721 723 729 727 2820 2821 2824 2823
          716 732 733 717 2817 2825 2826 2818
          732 736 737 733 2825 2827 2828 2826
          736 740 741 737 2827 2829 2830 2828
          717 733 743 723 2818 2826 2831 2821
          733 737 745 743 2826 2828 2832 2831
          737 741 747 745 2828 2830 2833 2832
          723 743 749 729 2821 2831 2834 2824
          743 745 751 749 2831 2832 2835 2834
          745 747 753 751 2832 2833 2836 2835
          740 756 757 741 2829 2837 2838 2830
          756 760 761 757 2837 2839 2840 2838
          760 764 765 761 2839 2841 2842 2840
          764 768 769 765 2841 2843 2844 2842
          768 772 773 769 2843 2845 2846 2844
          772 776 777 773 2845 2847 2848 2846
          741 757 779 747 2830 2838 2849 2833
          757 761 781 779 2838 2840 2850 2849
          761 765 783 781 2840 2842 2851 2850
          765 769 785 783 2842 2844 2852 2851
          769 773 787 785 2844 2846 2853 2852
          773 777 789 787 2846 2848 2854 2853
          747 779 791 753 2833 2849 2855 2836
          779 781 793 791 2849 2850 2856 2855
          781 783 795 793 2850 2851 2857 2856
          783 785 797 795 2851 2852 2858 2857
          785 787 799 797 2852 2853 2859 2858
          787 789 801 799 2853 2854 2860 2859
          776 804 805 777 2847 2861 2862 2848
          804 808 809 805 2861 2863 2864 2862
          808 812 813 809 2863 2865 2866 2864
          812 816 817 813 2865 2867 2868 2866
          816 820 821 817 2867 2869 2870 2868
          820 166 823 821 2869 2542 2871 2870
          777 805 825 789 2848 2862 2872 2854
          805 809 827 825 2862 2864 2873 2872
          809 813 829 827 2864 2866 2874 2873
          813 817 831 829 2866 2868 2875 2874
          817 821 833 831 2868 2870 2876 2875
          821 823 835 833 2870 2871 2877 2876
          789 825 837 801 2854 2872 2878 2860
          825 827 839 837 2872 2873 2879 2878
          827 829 841 839 2873 2874 2880 2879
          829 831 843 841 2874 2875 2881 2880
          831 833 845 843 2875 2876 2882 2881
          833 835 847 845 2876 2877 2883 2882
          166 162 849 823 2542 2540 2884 2871
          162 159 851 849 2540 2539 2885 2884
          823 849 853 835 2871 2884 2886 2877
          849 851 855 853 2884 2885 2887 2886
          835 853 857 847 2877 2886 2888 2883
          853 855 859 857 2886 2887 2889 2888
          159 158 861 851 2539 2538 2890 2885
          158 118 863 861 2538 2518 2891 2890
          851 861 865 855 2885 2890 2892 2887
          861 863 867 865 2890 2891 2893 2892
          855 865 869 859 2887 2892 2894 2889
          865 867 871 869 2892 2893 2895 2894
          118 114 873 863 2518 2516 2896 2891
          114 111 875 873 2516 2515 2897 2896
          863 873 877 867 2891 2896 2898 2893
          873 875 879 877 2896 2897 2899 2898
          867 877 881 871 2893 2898 2900 2895
          877 879 883 881 2898 2899 2901 2900
          111 110 885 875 2515 2514 2902 2897
          110 98 631 885 2514 2508 2775 2902
          875 885 887 879 2897 2902 2903 2899
          885 631 645 887 2902 2775 2782 2903
          879 887 889 883 2899 2903 2904 2901
          887 645 659 889 2903 2782 2789 2904
          894 895 896 897 2905 2906 2907 2908
          895 900 901 896 2906 2909 2910 2907
          900 904 905 901 2909 2911 2912 2910
          904 908 909 905 2911 2913 2914 2912
          908 912 913 909 2913 2915 2916 2914
          912 340 336 913 2915 2629 2627 2916
          897 896 916 917 2908 2907 2917 2918
          896 901 919 916 2907 2910 2919 2917
          901 905 921 919 2910 2912 2920 2919
          905 909 923 921 2912 2914 2921 2920
          909 913 925 923 2914 2916 2922 2921
          913 336 308 925 2916 2627 2613 2922
          894 897 928 929 2905 2908 2923 2924
          897 917 931 928 2908 2918 2925 2923
          929 928 934 935 2924 2923 2926 2927
          928 931 937 934 2923 2925 2928 2926
          935 934 940 941 2927 2926 2929 2930
          934 937 943 940 2926 2928 2931 2929
          941 940 946 947 2930 2929 2932 2933
          940 943 949 946 2929 2931 2934 2932
          947 946 952 953 2933 2932 2935 2936
          946 949 955 952 2932 2934 2937 2935
          953 952 958 959 2936 2935 2938 2939
          952 955 961 958 2935 2937 2940 2938
          894 929 964 965 2905 2924 2941 2942
          929 935 967 964 2924 2927 2943 2941
          935 941 969 967 2927 2930 2944 2943
          941 947 971 969 2930 2933 2945 2944
          947 953 973 971 2933 2936 2946 2945
          953 959 975 973 2936 2939 2947 2946
          965 964 978 979 2942 2941 2948 2949
          964 967 981 978 2941 2943 2950 2948
          967 969 983 981 2943 2944 2951 2950
          969 971 985 983 2944 2945 2952 2951
          971 973 987 985 2945 2946 2953 2952
          973 975 989 987 2946 2947 2954 2953
          894 965 991 895 2905 2942 2955 2906
          965 979 993 991 2942 2949 2956 2955
          895 991 995 900 2906 2955 2957 2909
          991 993 997 995 2955 2956 2958 2957
          900 995 999 904 2909 2957 2959 2911
          995 997 1001 999 2957 2958 2960 2959
          904 999 1003 908 2911 2959 2961 2913
          999 1001 1005 1003 2959 2960 2962 2961
          908 1003 1007 912 2913 2961 2963 2915
          1003 1005 1009 1007 2961 2962 2964 2963
          912 1007 360 340 2915 2963 2639 2629
          1007 1009 364 360 2963 2964 2641 2639
          364 1009 1012 1013 2641 2964 2965 2966
          1009 1005 1015 1012 2964 2962 2967 2965
          1005 1001 1017 1015 2962 2960 2968 2967
          1001 997 1019 1017 2960 2958 2969 2968
          997 993 1021 1019 2958 2956 2970 2969
          993 979 1023 1021 2956 2949 2971 2970
          1013 1012 1026 1027 2966 2965 2972 2973
          1012 1015 1029 1026 2965 2967 2974 2972
          1015 1017 1031 1029 2967 2968 2975 2974
          1017 1019 1033 1031 2968 2969 2976 2975
          1019 1021 1035 1033 2969 2970 2977 2976
          1021 1023 1037 1035 2970 2971 2978 2977
          1027 1026 1040 1041 2973 2972 2979 2980
          1026 1029 1043 1040 2972 2974 2981 2979
          1029 1031 1045 1043 2974 2975 2982 2981
          1031 1033 1047 1045 2975 2976 2983 2982
          1033 1035 1049 1047 2976 2977 2984 2983
          1035 1037 1051 1049 2977 2978 2985 2984
          979 978 1053 1023 2949 2948 2986 2971
          978 981 1055 1053 2948 2950 2987 2986
          981 983 1057 1055 2950 2951 2988 2987
          983 985 1059 1057 2951 2952 2989 2988
          985 987 1061 1059 2952 2953 2990 2989
          987 989 1063 1061 2953 2954 2991 2990
          1023 1053 1065 1037 2971 2986 2992 2978
          1053 1055 1067 1065 2986 2987 2993 2992
          1055 1057 1069 1067 2987 2988 2994 2993
          1057 1059 1071 1069 2988 2989 2995 2994
          1059 1061 1073 1071 2989 2990 2996 2995
          1061 1063 1075 1073 2990 2991 2997 2996
          1037 1065 1077 1051 2978 2992 2998 2985
          1065 1067 1079 1077 2992 2993 2999 2998
          1067 1069 1081 1079 2993 2994 3000 2999
          1069 1071 1083 1081 2994 2995 3001 3000
          1071 1073 1085 1083 2995 2996 3002 3001
          1073 1075 1087 1085 2996 2997 3003 3002
          989 1090 1091 1063 2954 3004 3005 2991
          1090 1094 1095 1091 3004 3006 3007 3005
          1094 1098 1099 1095 3006 3008 3009 3007
          1098 1102 1103 1099 3008 3010 3011 3009
          1063 1091 1105 1075 2991 3005 3012 2997
          1091 1095 1107 1105 3005 3007 3013 3012
          1095 1099 1109 1107 3007 3009 3014 3013
          1099 1103 1111 1109 3009 3011 3015 3014
          1075 1105 1113 1087 2997 3012 3016 3003
          1105 1107 1115 1113 3012 3013 3017 3016
          1107 1109 1117 1115 3013 3014 3018 3017
          1109 1111 1119 1117 3014 3015 3019 3018
          1102 1122 1123 1103 3010 3020 3021 3011
          1122 1126 1127 1123 3020 3022 3023 3021
          1126 1130 1131 1127 3022 3024 3025 3023
          1130 1134 1135 1131 3024 3026 3027 3025
          1103 1123 1137 1111 3011 3021 3028 3015
          1123 1127 1139 1137 3021 3023 3029 3028
          1127 1131 1141 1139 3023 3025 3030 3029
          1131 1135 1143 1141 3025 3027 3031 3030
          1111 1137 1145 1119 3015 3028 3032 3019
          1137 1139 1147 1145 3028 3029 3033 3032
          1139 1141 1149 1147 3029 3030 3034 3033
          1141 1143 1151 1149 3030 3031 3035 3034
          1134 1154 1155 1135 3026 3036 3037 3027
          1154 1158 1159 1155 3036 3038 3039 3037
          1158 1162 1163 1159 3038 3040 3041 3039
          1162 1166 1167 1163 3040 3042 3043 3041
          1166 1170 1171 1167 3042 3044 3045 3043
          1170 1174 1175 1171 3044 3046 3047 3045
          1135 1155 1177 1143 3027 3037 3048 3031
          1155 1159 1179 1177 3037 3039 3049 3048
          1159 1163 1181 1179 3039 3041 3050 3049
          1163 1167 1183 1181 3041 3043 3051 3050
          1167 1171 1185 1183 3043 3045 3052 3051
          1171 1175 1187 1185 3045 3047 3053 3052
          1143 1177 1189 1151 3031 3048 3054 3035
          1177 1179 1191 1189 3048 3049 3055 3054
          1179 1181 1193 1191 3049 3050 3056 3055
          1181 1183 1195 1193 3050 3051 3057 3056
          1183 1185 1197 1195 3051 3052 3058 3057
          1185 1187 1199 1197 3052 3053 3059 3058
          1174 1202 1203 1175 3046 3060 3061 3047
          1202 1206 1207 1203 3060 3062 3063 3061
          1206 1210 1211 1207 3062 3064 3065 3063
          1210 1214 1215 1211 3064 3066 3067 3065
          1214 1218 1219 1215 3066 3068 3069 3067
          1218 740 1221 1219 3068 2829 3070 3069
          1175 1203 1223 1187 3047 3061 3071 3053
          1203 1207 1225 1223 3061 3063 3072 3071
          1207 1211 1227 1225 3063 3065 3073 3072
          1211 1215 1229 1227 3065 3067 3074 3073
          1215 1219 1231 1229 3067 3069 3075 3074
          1219 1221 1233 1231 3069 3070 3076 3075
          1187 1223 1235 1199 3053 3071 3077 3059
          1223 1225 1237 1235 3071 3072 3078 3077
          1225 1227 1239 1237 3072 3073 3079 3078
          1227 1229 1241 1239 3073 3074 3080 3079
          1229 1231 1243 1241 3074 3075 3081 3080
          1231 1233 1245 1243 3075 3076 3082 3081
          740 736 1247 1221 2829 2827 3083 3070
          736 732 1249 1247 2827 2825 3084 3083
          732 716 1251 1249 2825 2817 3085 3084
          1221 1247 1253 1233 3070 3083 3086 3076
          1247 1249 1255 1253 3083 3084 3087 3086
          1249 1251 1257 1255 3084 3085 3088 3087
          1233 1253 1259 1245 3076 3086 3089 3082
          1253 1255 1261 1259 3086 3087 3090 3089
          1255 1257 1263 1261 3087 3088 3091 3090
          716 712 1265 1251 2817 2815 3092 3085
          712 708 1267 1265 2815 2813 3093 3092
          708 396 1269 1267 2813 2657 3094 3093
          1251 1265 1271 1257 3085 3092 3095 3088
          1265 1267 1273 1271 3092 3093 3096 3095
          1267 1269 1275 1273 3093 3094 3097 3096
          1257 1271 1277 1263 3088 3095 3098 3091
          1271 1273 1279 1277 3095 3096 3099 3098
          1273 1275 1281 1279 3096 3097 3100 3099
          396 384 1283 1269 2657 2651 3101 3094
          1269 1283 1285 1275 3094 3101 3102 3097
          1275 1285 1287 1281 3097 3102 3103 3100
          384 364 1013 1283 2651 2641 2966 3101
          1283 1013 1027 1285 3101 2966 2973 3102
          1285 1027 1041 1287 3102 2973 2980 3103
          1292 1293 1294 1295 3104 3105 3106 3107
          1293 1298 1299 1294 3105 3108 3109 3106
          1298 1302 1303 1299 3108 3110 3111 3109
          1302 1306 1307 1303 3110 3112 3113 3111
          1306 1310 1311 1307 3112 3114 3115 3113
          1310 213 212 1311 3114 2566 2565 3115
          1295 1294 1314 1315 3107 3106 3116 3117
          1294 1299 1317 1314 3106 3109 3118 3116
          1299 1303 1319 1317 3109 3111 3119 3118
          1303 1307 1321 1319 3111 3113 3120 3119
          1307 1311 1323 1321 3113 3115 3121 3120
          1311 212 215 1323 3115 2565 2567 3121
          1315 1314 804 776 3117 3116 2861 2847
          1314 1317 808 804 3116 3118 2863 2861
          1317 1319 812 808 3118 3119 2865 2863
          1319 1321 816 812 3119 3120 2867 2865
          1321 1323 820 816 3120 3121 2869 2867
          1323 215 166 820 3121 2567 2542 2869
          1292 1295 1326 1327 3104 3107 3122 3123
          1295 1315 1329 1326 3107 3117 3124 3122
          1315 776 772 1329 3117 2847 2845 3124
          1327 1326 1332 1333 3123 3122 3125 3126
          1326 1329 1335 1332 3122 3124 3127 3125
          1329 772 768 1335 3124 2845 2843 3127
          1333 1332 1338 1339 3126 3125 3128 3129
          1332 1335 1341 1338 3125 3127 3130 3128
          1335 768 764 1341 3127 2843 2841 3130
          1339 1338 1344 1345 3129 3128 3131 3132
          1338 1341 1347 1344 3128 3130 3133 3131
          1341 764 760 1347 3130 2841 2839 3133
          1345 1344 1350 1351 3132 3131 3134 3135
          1344 1347 1353 1350 3131 3133 3136 3134
          1347 760 756 1353 3133 2839 2837 3136
          1351 1350 1356 1357 3135 3134 3137 3138
          1350 1353 1359 1356 3134 3136 3139 3137
          1353 756 740 1359 3136 2837 2829 3139
          1292 1327 1362 1363 3104 3123 3140 3141
          1327 1333 1365 1362 3123 3126 3142 3140
          1333 1339 1367 1365 3126 3129 3143 3142
          1339 1345 1369 1367 3129 3132 3144 3143
          1345 1351 1371 1369 3132 3135 3145 3144
          1351 1357 1373 1371 3135 3138 3146 3145
          1363 1362 1376 1377 3141 3140 3147 3148
          1362 1365 1379 1376 3140 3142 3149 3147
          1365 1367 1381 1379 3142 3143 3150 3149
          1367 1369 1383 1381 3143 3144 3151 3150
          1369 1371 1385 1383 3144 3145 3152 3151
          1371 1373 1387 1385 3145 3146 3153 3152
          1377 1376 1390 1391 3148 3147 3154 3155
          1376 1379 1393 1390 3147 3149 3156 3154
          1379 1381 1395 1393 3149 3150 3157 3156
          1381 1383 1397 1395 3150 3151 3158 3157
          1383 1385 1399 1397 3151 3152 3159 3158
          1385 1387 1401 1399 3152 3153 3160 3159
          1292 1363 1403 1293 3104 3141 3161 3105
          1363 1377 1405 1403 3141 3148 3162 3161
          1377 1391 1407 1405 3148 3155 3163 3162
          1293 1403 1409 1298 3105 3161 3164 3108
          1403 1405 1411 1409 3161 3162 3165 3164
          1405 1407 1413 1411 3162 3163 3166 3165
          1298 1409 1415 1302 3108 3164 3167 3110
          1409 1411 1417 1415 3164 3165 3168 3167
          1411 1413 1419 1417 3165 3166 3169 3168
          1302 1415 1421 1306 3110 3167 3170 3112
          1415 1417 1423 1421 3167 3168 3171 3170
          1417 1419 1425 1423 3168 3169 3172 3171
          1306 1421 1427 1310 3112 3170 3173 3114
          1421 1423 1429 1427 3170 3171 3174 3173
          1423 1425 1431 1429 3171 3172 3175 3174
          1310 1427 218 213 3114 3173 2568 2566
          1427 1429 222 218 3173 3174 2570 2568
          1429 1431 226 222 3174 3175 2572 2570
          1436 1437 1438 1439 3176 3177 3178 3179
          1437 1442 1443 1438 3177 3180 3181 3178
          1442 1446 1447 1443 3180 3182 3183 3181
          1446 1450 1451 1447 3182 3184 3185 3183
          1450 1454 1455 1451 3184 3186 3187 3185
          1454 1357 1356 1455 3186 3138 3137 3187
          1439 1438 1458 1459 3179 3178 3188 3189
          1438 1443 1461 1458 3178 3181 3190 3188
          1443 1447 1463 1461 3181 3183 3191 3190
          1447 1451 1465 1463 3183 3185 3192 3191
          1451 1455 1467 1465 3185 3187 3193 3192
          1455 1356 1359 1467 3187 3137 3139 3193
          1459 1458 1202 1174 3189 3188 3060 3046
          1458 1461 1206 1202 3188 3190 3062 3060
          1461 1463 1210 1206 3190 3191 3064 3062
          1463 1465 1214 1210 3191 3192 3066 3064
          1465 1467 1218 1214 3192 3193 3068 3066
          1467 1359 740 1218 3193 3139 2829 3068
          1436 1439 1470 1471 3176 3179 3194 3195
          1439 1459 1473 1470 3179 3189 3196 3194
          1459 1174 1170 1473 3189 3046 3044 3196
          1471 1470 1476 1477 3195 3194 3197 3198
          1470 1473 1479 1476 3194 3196 3199 3197
          1473 1170 1166 1479 3196 3044 3042 3199
          1477 1476 1482 1483 3198 3197 3200 3201
          1476 1479 1485 1482 3197 3199 3202 3200
          1479 1166 1162 1485 3199 3042 3040 3202
          1483 1482 1488 1489 3201 3200 3203 3204
          1482 1485 1491 1488 3200 3202 3205 3203
          1485 1162 1158 1491 3202 3040 3038 3205
          1489 1488 1494 1495 3204 3203 3206 3207
          1488 1491 1497 1494 3203 3205 3208 3206
          1491 1158 1154 1497 3205 3038 3036 3208
          1495 1494 1500 1501 3207 3206 3209 3210
          1494 1497 1503 1500 3206 3208 3211 3209
          1497 1154 1134 1503 3208 3036 3026 3211
          1436 1471 1506 1507 3176 3195 3212 3213
          1471 1477 1509 1506 3195 3198 3214 3212
          1477 1483 1511 1509 3198 3201 3215 3214
          1483 1489 1513 1511 3201 3204 3216 3215
          1489 1495 1515 1513 3204 3207 3217 3216
          1495 1501 1517 1515 3207 3210 3218 3217
          1507 1506 1520 1521 3213 3212 3219 3220
          1506 1509 1523 1520 3212 3214 3221 3219
          1509 1511 1525 1523 3214 3215 3222 3221
          1511 1513 1527 1525 3215 3216 3223 3222
          1513 1515 1529 1527 3216 3217 3224 3223
          1515 1517 1531 1529 3217 3218 3225 3224
          1521 1520 1534 1535 3220 3219 3226 3227
          1520 1523 1537 1534 3219 3221 3228 3226
          1523 1525 1539 1537 3221 3222 3229 3228
          1525 1527 1541 1539 3222 3223 3230 3229
          1527 1529 1543 1541 3223 3224 3231 3230
          1529 1531 1545 1543 3224 3225 3232 3231
          1436 1507 1547 1437 3176 3213 3233 3177
          1507 1521 1549 1547 3213 3220 3234 3233
          1521 1535 1551 1549 3220 3227 3235 3234
          1437 1547 1553 1442 3177 3233 3236 3180
          1547 1549 1555 1553 3233 3234 3237 3236
          1549 1551 1557 1555 3234 3235 3238 3237
          1442 1553 1559 1446 3180 3236 3239 3182
          1553 1555 1561 1559 3236 3237 3240 3239
          1555 1557 1563 1561 3237 3238 3241 3240
          1446 1559 1565 1450 3182 3239 3242 3184
          1559 1561 1567 1565 3239 3240 3243 3242
          1561 1563 1569 1567 3240 3241 3244 3243
          1450 1565 1571 1454 3184 3242 3245 3186
          1565 1567 1573 1571 3242 3243 3246 3245
          1567 1569 1575 1573 3243 3244 3247 3246
          1454 1571 1373 1357 3186 3245 3146 3138
          1571 1573 1387 1373 3245 3246 3153 3146
          1573 1575 1401 1387 3246 3247 3160 3153
          1580 1581 1582 1583 3248 3249 3250 3251
          1581 1586 1587 1582 3249 3252 3253 3250
          1586 1590 1591 1587 3252 3254 3255 3253
          1590 1594 1595 1591 3254 3256 3257 3255
          1583 1582 1598 1599 3251 3250 3258 3259
          1582 1587 1601 1598 3250 3253 3260 3258
          1587 1591 1603 1601 3253 3255 3261 3260
          1591 1595 1605 1603 3255 3257 3262 3261
          1580 1583 1608 1609 3248 3251 3263 3264
          1583 1599 1611 1608 3251 3259 3265 3263
          1609 1608 1614 1615 3264 3263 3266 3267
          1608 1611 1617 1614 3263 3265 3268 3266
          1615 1614 1620 1621 3267 3266 3269 3270
          1614 1617 1623 1620 3266 3268 3271 3269
          1580 1609 1626 1627 3248 3264 3272 3273
          1609 1615 1629 1626 3264 3267 3274 3272
          1615 1621 1631 1629 3267 3270 3275 3274
          1627 1626 1634 1635 3273 3272 3276 3277
          1626 1629 1637 1634 3272 3274 3278 3276
          1629 1631 1639 1637 3274 3275 3279 3278
          1580 1627 1641 1581 3248 3273 3280 3249
          1627 1635 1643 1641 3273 3277 3281 3280
          1581 1641 1645 1586 3249 3280 3282 3252
          1641 1643 1647 1645 3280 3281 3283 3282
          1586 1645 1649 1590 3252 3282 3284 3254
          1645 1647 1651 1649 3282 3283 3285 3284
          1590 1649 1653 1594 3254 3284 3286 3256
          1649 1651 1655 1653 3284 3285 3287 3286
          1660 1661 1662 1663 3288 3289 3290 3291
          1661 1621 1620 1662 3289 3270 3269 3290
          1663 1662 1666 1667 3291 3290 3292 3293
          1662 1620 1623 1666 3290 3269 3271 3292
          1660 1663 1670 1671 3288 3291 3294 3295
          1663 1667 1673 1670 3291 3293 3296 3294
          1671 1670 130 129 3295 3294 2524 2523
          1670 1673 134 130 3294 3296 2526 2524
          1660 1671 1676 1677 3288 3295 3297 3298
          1671 129 149 1676 3295 2523 2534 3297
          1677 1676 1680 1681 3298 3297 3299 3300
          1676 149 151 1680 3297 2534 2535 3299
          1660 1677 1683 1661 3288 3298 3301 3289
          1677 1681 1685 1683 3298 3300 3302 3301
          1661 1683 1631 1621 3289 3301 3275 3270
          1683 1685 1639 1631 3301 3302 3279 3275
          1690 1691 1692 1693 3303 3304 3305 3306
          1691 1696 1697 1692 3304 3307 3308 3305
          1693 1692 1700 1701 3306 3305 3309 3310
          1692 1697 1703 1700 3305 3308 3311 3309
          1701 1700 1685 1681 3310 3309 3302 3300
          1700 1703 1639 1685 3309 3311 3279 3302
          1690 1693 1706 1707 3303 3306 3312 3313
          1693 1701 1709 1706 3306 3310 3314 3312
          1701 1681 1680 1709 3310 3300 3299 3314
          1707 1706 174 173 3313 3312 2546 2545
          1706 1709 178 174 3312 3314 2548 2546
          1709 1680 151 178 3314 3299 2535 2548
          1690 1707 1712 1713 3303 3313 3315 3316
          1707 173 199 1712 3313 2545 2559 3315
          1713 1712 1716 1717 3316 3315 3317 3318
          1712 199 201 1716 3315 2559 2560 3317
          1717 1716 1720 1721 3318 3317 3319 3320
          1716 201 203 1720 3317 2560 2561 3319
          1690 1713 1723 1691 3303 3316 3321 3304
          1713 1717 1725 1723 3316 3318 3322 3321
          1717 1721 1727 1725 3318 3320 3323 3322
          1691 1723 1729 1696 3304 3321 3324 3307
          1723 1725 1731 1729 3321 3322 3325 3324
          1725 1727 1733 1731 3322 3323 3326 3325
          1655 1651 1736 1737 3287 3285 3327 3328
          1651 1647 1739 1736 3285 3283 3329 3327
          1647 1643 1741 1739 3283 3281 3330 3329
          1643 1635 1743 1741 3281 3277 3331 3330
          1737 1736 1746 1747 3328 3327 3332 3333
          1736 1739 1749 1746 3327 3329 3334 3332
          1739 1741 1751 1749 3329 3330 3335 3334
          1741 1743 1753 1751 3330 3331 3336 3335
          1635 1634 1755 1743 3277 3276 3337 3331
          1634 1637 1757 1755 3276 3278 3338 3337
          1637 1639 1759 1757 3278 3279 3339 3338
          1743 1755 1761 1753 3331 3337 3340 3336
          1755 1757 1763 1761 3337 3338 3341 3340
          1757 1759 1765 1763 3338 3339 3342 3341
          1639 1703 1767 1759 3279 3311 3343 3339
          1703 1697 1769 1767 3311 3308 3344 3343
          1697 1696 1771 1769 3308 3307 3345 3344
          1759 1767 1773 1765 3339 3343 3346 3342
          1767 1769 1775 1773 3343 3344 3347 3346
          1769 1771 1777 1775 3344 3345 3348 3347
          1696 1729 1779 1771 3307 3324 3349 3345
          1729 1731 1781 1779 3324 3325 3350 3349
          1731 1733 1783 1781 3325 3326 3351 3350
          1771 1779 1785 1777 3345 3349 3352 3348
          1779 1781 1787 1785 3349 3350 3353 3352
          1781 1783 1789 1787 3350 3351 3354 3353
          1733 1792 1793 1783 3326 3355 3356 3351
          1792 1796 1797 1793 3355 3357 3358 3356
          1796 1800 1801 1797 3357 3359 3360 3358
          1800 1804 1805 1801 3359 3361 3362 3360
          1783 1793 1807 1789 3351 3356 3363 3354
          1793 1797 1809 1807 3356 3358 3364 3363
          1797 1801 1811 1809 3358 3360 3365 3364
          1801 1805 1813 1811 3360 3362 3366 3365
          1804 1816 1817 1805 3361 3367 3368 3362
          1816 1820 1821 1817 3367 3369 3370 3368
          1820 1824 1825 1821 3369 3371 3372 3370
          1824 1828 1829 1825 3371 3373 3374 3372
          1805 1817 1831 1813 3362 3368 3375 3366
          1817 1821 1833 1831 3368 3370 3376 3375
          1821 1825 1835 1833 3370 3372 3377 3376
          1825 1829 1837 1835 3372 3374 3378 3377
          1828 1840 1841 1829 3373 3379 3380 3374
          1840 1844 1845 1841 3379 3381 3382 3380
          1844 1848 1849 1845 3381 3383 3384 3382
          1848 1852 1853 1849 3383 3385 3386 3384
          1829 1841 1855 1837 3374 3380 3387 3378
          1841 1845 1857 1855 3380 3382 3388 3387
          1845 1849 1859 1857 3382 3384 3389 3388
          1849 1853 1861 1859 3384 3386 3390 3389
          1852 1864 1865 1853 3385 3391 3392 3386
          1864 1868 1869 1865 3391 3393 3394 3392
          1868 1872 1873 1869 3393 3395 3396 3394
          1872 1655 1737 1873 3395 3287 3328 3396
          1853 1865 1875 1861 3386 3392 3397 3390
          1865 1869 1877 1875 3392 3394 3398 3397
          1869 1873 1879 1877 3394 3396 3399 3398
          1873 1737 1747 1879 3396 3328 3333 3399
          1884 1885 1886 1887 3400 3401 3402 3403
          1885 1890 1891 1886 3401 3404 3405 3402
          1890 1894 1895 1891 3404 3406 3407 3405
          1894 1898 1899 1895 3406 3408 3409 3407
          1887 1886 1902 1903 3403 3402 3410 3411
          1886 1891 1905 1902 3402 3405 3412 3410
          1891 1895 1907 1905 3405 3407 3413 3412
          1895 1899 1909 1907 3407 3409 3414 3413
          1903 1902 1912 1913 3411 3410 3415 3416
          1902 1905 1915 1912 3410 3412 3417 3415
          1905 1907 1917 1915 3412 3413 3418 3417
          1907 1909 1919 1917 3413 3414 3419 3418
          1913 1912 1922 1923 3416 3415 3420 3421
          1912 1915 1925 1922 3415 3417 3422 3420
          1915 1917 1927 1925 3417 3418 3423 3422
          1917 1919 1929 1927 3418 3419 3424 3423
          1898 1932 1933 1899 3408 3425 3426 3409
          1932 1936 1937 1933 3425 3427 3428 3426
          1936 1940 1941 1937 3427 3429 3430 3428
          1940 1944 1945 1941 3429 3431 3432 3430
          1944 1948 1949 1945 3431 3433 3434 3432
          1948 22 1951 1949 3433 2470 3435 3434
          1899 1933 1953 1909 3409 3426 3436 3414
          1933 1937 1955 1953 3426 3428 3437 3436
          1937 1941 1957 1955 3428 3430 3438 3437
          1941 1945 1959 1957 3430 3432 3439 3438
          1945 1949 1961 1959 3432 3434 3440 3439
          1949 1951 1963 1961 3434 3435 3441 3440
          1909 1953 1965 1919 3414 3436 3442 3419
          1953 1955 1967 1965 3436 3437 3443 3442
          1955 1957 1969 1967 3437 3438 3444 3443
          1957 1959 1971 1969 3438 3439 3445 3444
          1959 1961 1973 1971 3439 3440 3446 3445
          1961 1963 1975 1973 3440 3441 3447 3446
          1919 1965 1977 1929 3419 3442 3448 3424
          1965 1967 1979 1977 3442 3443 3449 3448
          1967 1969 1981 1979 3443 3444 3450 3449
          1969 1971 1983 1981 3444 3445 3451 3450
          1971 1973 1985 1983 3445 3446 3452 3451
          1973 1975 1987 1985 3446 3447 3453 3452
          22 18 1989 1951 2470 2468 3454 3435
          18 14 1991 1989 2468 2466 3455 3454
          14 10 1993 1991 2466 2464 3456 3455
          10 6 1995 1993 2464 2462 3457 3456
          6 5 1997 1995 2462 2461 3458 3457
          1951 1989 1999 1963 3435 3454 3459 3441
          1989 1991 2001 1999 3454 3455 3460 3459
          1991 1993 2003 2001 3455 3456 3461 3460
          1993 1995 2005 2003 3456 3457 3462 3461
          1995 1997 2007 2005 3457 3458 3463 3462
          1963 1999 2009 1975 3441 3459 3464 3447
          1999 2001 2011 2009 3459 3460 3465 3464
          2001 2003 2013 2011 3460 3461 3466 3465
          2003 2005 2015 2013 3461 3462 3467 3466
          2005 2007 2017 2015 3462 3463 3468 3467
          1975 2009 2019 1987 3447 3464 3469 3453
          2009 2011 2021 2019 3464 3465 3470 3469
          2011 2013 2023 2021 3465 3466 3471 3470
          2013 2015 2025 2023 3466 3467 3472 3471
          2015 2017 2027 2025 3467 3468 3473 3472
          5 53 2029 1997 2461 2486 3474 3458
          53 55 2031 2029 2486 2487 3475 3474
          55 57 2033 2031 2487 2488 3476 3475
          57 59 2035 2033 2488 2489 3477 3476
          1997 2029 2037 2007 3458 3474 3478 3463
          2029 2031 2039 2037 3474 3475 3479 3478
          2031 2033 2041 2039 3475 3476 3480 3479
          2033 2035 2043 2041 3476 3477 3481 3480
          2007 2037 2045 2017 3463 3478 3482 3468
          2037 2039 2047 2045 3478 3479 3483 3482
          2039 2041 2049 2047 3479 3480 3484 3483
          2041 2043 2051 2049 3480 3481 3485 3484
          2017 2045 2053 2027 3468 3482 3486 3473
          2045 2047 2055 2053 3482 3483 3487 3486
          2047 2049 2057 2055 3483 3484 3488 3487
          2049 2051 2059 2057 3484 3485 3489 3488
          59 2062 2063 2035 2489 3490 3491 3477
          2062 2066 2067 2063 3490 3492 3493 3491
          2066 2070 2071 2067 3492 3494 3495 3493
          2070 2074 2075 2071 3494 3496 3497 3495
          2074 2078 2079 2075 3496 3498 3499 3497
          2078 2082 2083 2079 3498 3500 3501 3499
          2035 2063 2085 2043 3477 3491 3502 3481
          2063 2067 2087 2085 3491 3493 3503 3502
          2067 2071 2089 2087 3493 3495 3504 3503
          2071 2075 2091 2089 3495 3497 3505 3504
          2075 2079 2093 2091 3497 3499 3506 3505
          2079 2083 2095 2093 3499 3501 3507 3506
          2043 2085 2097 2051 3481 3502 3508 3485
          2085 2087 2099 2097 3502 3503 3509 3508
          2087 2089 2101 2099 3503 3504 3510 3509
          2089 2091 2103 2101 3504 3505 3511 3510
          2091 2093 2105 2103 3505 3506 3512 3511
          2093 2095 2107 2105 3506 3507 3513 3512
          2051 2097 2109 2059 3485 3508 3514 3489
          2097 2099 2111 2109 3508 3509 3515 3514
          2099 2101 2113 2111 3509 3510 3516 3515
          2101 2103 2115 2113 3510 3511 3517 3516
          2103 2105 2117 2115 3511 3512 3518 3517
          2105 2107 2119 2117 3512 3513 3519 3518
          2082 2122 2123 2083 3500 3520 3521 3501
          2122 2126 2127 2123 3520 3522 3523 3521
          2126 2130 2131 2127 3522 3524 3525 3523
          2130 2134 2135 2131 3524 3526 3527 3525
          2083 2123 2137 2095 3501 3521 3528 3507
          2123 2127 2139 2137 3521 3523 3529 3528
          2127 2131 2141 2139 3523 3525 3530 3529
          2131 2135 2143 2141 3525 3527 3531 3530
          2095 2137 2145 2107 3507 3528 3532 3513
          2137 2139 2147 2145 3528 3529 3533 3532
          2139 2141 2149 2147 3529 3530 3534 3533
          2141 2143 2151 2149 3530 3531 3535 3534
          2107 2145 2153 2119 3513 3532 3536 3519
          2145 2147 2155 2153 3532 3533 3537 3536
          2147 2149 2157 2155 3533 3534 3538 3537
          2149 2151 2159 2157 3534 3535 3539 3538
          2134 2162 2163 2135 3526 3540 3541 3527
          2162 2166 2167 2163 3540 3542 3543 3541
          2166 2170 2171 2167 3542 3544 3545 3543
          2170 2174 2175 2171 3544 3546 3547 3545
          2135 2163 2177 2143 3527 3541 3548 3531
          2163 2167 2179 2177 3541 3543 3549 3548
          2167 2171 2181 2179 3543 3545 3550 3549
          2171 2175 2183 2181 3545 3547 3551 3550
          2143 2177 2185 2151 3531 3548 3552 3535
          2177 2179 2187 2185 3548 3549 3553 3552
          2179 2181 2189 2187 3549 3550 3554 3553
          2181 2183 2191 2189 3550 3551 3555 3554
          2151 2185 2193 2159 3535 3552 3556 3539
          2185 2187 2195 2193 3552 3553 3557 3556
          2187 2189 2197 2195 3553 3554 3558 3557
          2189 2191 2199 2197 3554 3555 3559 3558
          2174 2202 2203 2175 3546 3560 3561 3547
          2202 2206 2207 2203 3560 3562 3563 3561
          2206 2210 2211 2207 3562 3564 3565 3563
          2210 2214 2215 2211 3564 3566 3567 3565
          2214 1884 1887 2215 3566 3400 3403 3567
          2175 2203 2217 2183 3547 3561 3568 3551
          2203 2207 2219 2217 3561 3563 3569 3568
          2207 2211 2221 2219 3563 3565 3570 3569
          2211 2215 2223 2221 3565 3567 3571 3570
          2215 1887 1903 2223 3567 3403 3411 3571
          2183 2217 2225 2191 3551 3568 3572 3555
          2217 2219 2227 2225 3568 3569 3573 3572
          2219 2221 2229 2227 3569 3570 3574 3573
          2221 2223 2231 2229 3570 3571 3575 3574
          2223 1903 1913 2231 3571 3411 3416 3575
          2191 2225 2233 2199 3555 3572 3576 3559
          2225 2227 2235 2233 3572 3573 3577 3576
          2227 2229 2237 2235 3573 3574 3578 3577
          2229 2231 2239 2237 3574 3575 3579 3578
          2231 1913 1923 2239 3575 3416 3421 3579
          3248 3249 3250 3251 3580 3581 3582 3583
          3249 3252 3253 3250 3581 3584 3585 3582
          3252 3254 3255 3253 3584 3586 3587 3585
          3254 3256 3257 3255 3586 3588 3589 3587
          3251 3250 3258 3259 3583 3582 3590 3591
          3250 3253 3260 3258 3582 3585 3592 3590
          3253 3255 3261 3260 3585 3587 3593 3592
          3255 3257 3262 3261 3587 3589 3594 3593
          3248 3251 3263 3264 3580 3583 3595 3596
          3251 3259 3265 3263 3583 3591 3597 3595
          3264 3263 3266 3267 3596 3595 3598 3599
          3263 3265 3268 3266 3595 3597 3600 3598
          3267 3266 3269 3270 3599 3598 3601 3602
          3266 3268 3271 3269 3598 3600 3603 3601
          3248 3264 3272 3273 3580 3596 3604 3605
          3264 3267 3274 3272 3596 3599 3606 3604
          3267 3270 3275 3274 3599 3602 3607 3606
          3273 3272 3276 3277 3605 3604 3608 3609
          3272 3274 3278 3276 3604 3606 3610 3608
          3274 3275 3279 3278 3606 3607 3611 3610
          3248 3273 3280 3249 3580 3605 3612 3581
          3273 3277 3281 3280 3605 3609 3613 3612
          3249 3280 3282 3252 3581 3612 3614 3584
          3280 3281 3283 3282 3612 3613 3615 3614
          3252 3282 3284 3254 3584 3614 3616 3586
          3282 3283 3285 3284 3614 3615 3617 3616
          3254 3284 3286 3256 3586 3616 3618 3588
          3284 3285 3287 3286 3616 3617 3619 3618
          3288 3289 3290 3291 3620 3621 3622 3623
          3289 3270 3269 3290 3621 3602 3601 3622
          3291 3290 3292 3293 3623 3622 3624 3625
          3290 3269 3271 3292 3622 3601 3603 3624
          3288 3291 3294 3295 3620 3623 3626 3627
          3291 3293 3296 3294 3623 3625 3628 3626
          3295 3294 2524 2523 3627 3626 3629 3630
          3294 3296 2526 2524 3626 3628 3631 3629
          3288 3295 3297 3298 3620 3627 3632 3633
          3295 2523 2534 3297 3627 3630 3634 3632
          3298 3297 3299 3300 3633 3632 3635 3636
          3297 2534 2535 3299 3632 3634 3637 3635
          3288 3298 3301 3289 3620 3633 3638 3621
          3298 3300 3302 3301 3633 3636 3639 3638
          3289 3301 3275 3270 3621 3638 3607 3602
          3301 3302 3279 3275 3638 3639 3611 3607
          3303 3304 3305 3306 3640 3641 3642 3643
          3304 3307 3308 3305 3641 3644 3645 3642
          3306 3305 3309 3310 3643 3642 3646 3647
          3305 3308 3311 3309 3642 3645 3648 3646
          3310 3309 3302 3300 3647 3646 3639 3636
          3309 3311 3279 3302 3646 3648 3611 3639
          3303 3306 3312 3313 3640 3643 3649 3650
          3306 3310 3314 3312 3643 3647 3651 3649
          3310 3300 3299 3314 3647 3636 3635 3651
          3313 3312 2546 2545 3650 3649 3652 3653
          3312 3314 2548 2546 3649 3651 3654 3652
          3314 3299 2535 2548 3651 3635 3637 3654
          3303 3313 3315 3316 3640 3650 3655 3656
          3313 2545 2559 3315 3650 3653 3657 3655
          3316 3315 3317 3318 3656 3655 3658 3659
          3315 2559 2560 3317 3655 3657 3660 3658
          3318 3317 3319 3320 3659 3658 3661 3662
          3317 2560 2561 3319 3658 3660 3663 3661
          3303 3316 3321 3304 3640 3656 3664 3641
          3316 3318 3322 3321 3656 3659 3665 3664
          3318 3320 3323 3322 3659 3662 3666 3665
          3304 3321 3324 3307 3641 3664 3667 3644
          3321 3322 3325 3324 3664 3665 3668 3667
          3322 3323 3326 3325 3665 3666 3669 3668
          3287 3285 3327 3328 3619 3617 3670 3671
          3285 3283 3329 3327 3617 3615 3672 3670
          3283 3281 3330 3329 3615 3613 3673 3672
          3281 3277 3331 3330 3613 3609 3674 3673
          3328 3327 3332 3333 3671 3670 3675 3676
          3327 3329 3334 3332 3670 3672 3677 3675
          3329 3330 3335 3334 3672 3673 3678 3677
          3330 3331 3336 3335 3673 3674 3679 3678
          3277 3276 3337 3331 3609 3608 3680 3674
          3276 3278 3338 3337 3608 3610 3681 3680
          3278 3279 3339 3338 3610 3611 3682 3681
          3331 3337 3340 3336 3674 3680 3683 3679
          3337 3338 3341 3340 3680 3681 3684 3683
          3338 3339 3342 3341 3681 3682 3685 3684
          3279 3311 3343 3339 3611 3648 3686 3682
          3311 3308 3344 3343 3648 3645 3687 3686
          3308 3307 3345 3344 3645 3644 3688 3687
          3339 3343 3346 3342 3682 3686 3689 3685
          3343 3344 3347 3346 3686 3687 3690 3689
          3344 3345 3348 3347 3687 3688 3691 3690
          3307 3324 3349 3345 3644 3667 3692 3688
          3324 3325 3350 3349 3667 3668 3693 3692
          3325 3326 3351 3350 3668 3669 3694 3693
          3345 3349 3352 3348 3688 3692 3695 3691
          3349 3350 3353 3352 3692 3693 3696 3695
          3350 3351 3354 3353 3693 3694 3697 3696
          3326 3355 3356 3351 3669 3698 3699 3694
          3355 3357 3358 3356 3698 3700 3701 3699
          3357 3359 3360 3358 3700 3702 3703 3701
          3359 3361 3362 3360 3702 3704 3705 3703
          3351 3356 3363 3354 3694 3699 3706 3697
          3356 3358 3364 3363 3699 3701 3707 3706
          3358 3360 3365 3364 3701 3703 3708 3707
          3360 3362 3366 3365 3703 3705 3709 3708
          3361 3367 3368 3362 3704 3710 3711 3705
          3367 3369 3370 3368 3710 3712 3713 3711
          3369 3371 3372 3370 3712 3714 3715 3713
          3371 3373 3374 3372 3714 3716 3717 3715
          3362 3368 3375 3366 3705 3711 3718 3709
          3368 3370 3376 3375 3711 3713 3719 3718
          3370 3372 3377 3376 3713 3715 3720 3719
          3372 3374 3378 3377 3715 3717 3721 3720
          3373 3379 3380 3374 3716 3722 3723 3717
          3379 3381 3382 3380 3722 3724 3725 3723
          3381 3383 3384 3382 3724 3726 3727 3725
          3383 3385 3386 3384 3726 3728 3729 3727
          3374 3380 3387 3378 3717 3723 3730 3721
          3380 3382 3388 3387 3723 3725 3731 3730
          3382 3384 3389 3388 3725 3727 3732 3731
          3384 3386 3390 3389 3727 3729 3733 3732
          3385 3391 3392 3386 3728 3734 3735 3729
          3391 3393 3394 3392 3734 3736 3737 3735
          3393 3395 3396 3394 3736 3738 3739 3737
          3395 3287 3328 3396 3738 3619 3671 3739
          3386 3392 3397 3390 3729 3735 3740 3733
          3392 3394 3398 3397 3735 3737 3741 3740
          3394 3396 3399 3398 3737 3739 3742 3741
          3396 3328 3333 3399 3739 3671 3676 3742
          3400 3401 3402 3403 3743 3744 3745 3746
          3401 3404 3405 3402 3744 3747 3748 3745
          3404 3406 3407 3405 3747 3749 3750 3748
          3406 3408 3409 3407 3749 3751 3752 3750
          3403 3402 3410 3411 3746 3745 3753 3754
          3402 3405 3412 3410 3745 3748 3755 3753
          3405 3407 3413 3412 3748 3750 3756 3755
          3407 3409 3414 3413 3750 3752 3757 3756
          3411 3410 3415 3416 3754 3753 3758 3759
          3410 3412 3417 3415 3753 3755 3760 3758
          3412 3413 3418 3417 3755 3756 3761 3760
          3413 3414 3419 3418 3756 3757 3762 3761
          3416 3415 3420 3421 3759 3758 3763 3764
          3415 3417 3422 3420 3758 3760 3765 3763
          3417 3418 3423 3422 3760 3761 3766 3765
          3418 3419 3424 3423 3761 3762 3767 3766
          3408 3425 3426 3409 3751 3768 3769 3752
          3425 3427 3428 3426 3768 3770 3771 3769
          3427 3429 3430 3428 3770 3772 3773 3771
          3429 3431 3432 3430 3772 3774 3775 3773
          3431 3433 3434 3432 3774 3776 3777 3775
          3433 2470 3435 3434 3776 3778 3779 3777
          3409 3426 3436 3414 3752 3769 3780 3757
          3426 3428 3437 3436 3769 3771 3781 3780
          3428 3430 3438 3437 3771 3773 3782 3781
          3430 3432 3439 3438 3773 3775 3783 3782
          3432 3434 3440 3439 3775 3777 3784 3783
          3434 3435 3441 3440 3777 3779 3785 3784
          3414 3436 3442 3419 3757 3780 3786 3762
          3436 3437 3443 3442 3780 3781 3787 3786
          3437 3438 3444 3443 3781 3782 3788 3787
          3438 3439 3445 3444 3782 3783 3789 3788
          3439 3440 3446 3445 3783 3784 3790 3789
          3440 3441 3447 3446 3784 3785 3791 3790
          3419 3442 3448 3424 3762 3786 3792 3767
          3442 3443 3449 3448 3786 3787 3793 3792
          3443 3444 3450 3449 3787 3788 3794 3793
          3444 3445 3451 3450 3788 3789 3795 3794
          3445 3446 3452 3451 3789 3790 3796 3795
          3446 3447 3453 3452 3790 3791 3797 3796
          2470 2468 3454 3435 3778 3798 3799 3779
          2468 2466 3455 3454 3798 3800 3801 3799
          2466 2464 3456 3455 3800 3802 3803 3801
          2464 2462 3457 3456 3802 3804 3805 3803
          2462 2461 3458 3457 3804 3806 3807 3805
          3435 3454 3459 3441 3779 3799 3808 3785
          3454 3455 3460 3459 3799 3801 3809 3808
          3455 3456 3461 3460 3801 3803 3810 3809
          3456 3457 3462 3461 3803 3805 3811 3810
          3457 3458 3463 3462 3805 3807 3812 3811
          3441 3459 3464 3447 3785 3808 3813 3791
          3459 3460 3465 3464 3808 3809 3814 3813
          3460 3461 3466 3465 3809 3810 3815 3814
          3461 3462 3467 3466 3810 3811 3816 3815
          3462 3463 3468 3467 3811 3812 3817 3816
          3447 3464 3469 3453 3791 3813 3818 3797
          3464 3465 3470 3469 3813 3814 3819 3818
          3465 3466 3471 3470 3814 3815 3820 3819
          3466 3467 3472 3471 3815 3816 3821 3820
          3467 3468 3473 3472 3816 3817 3822 3821
          2461 2486 3474 3458 3806 3823 3824 3807
          2486 2487 3475 3474 3823 3825 3826 3824
          2487 2488 3476 3475 3825 3827 3828 3826
          2488 2489 3477 3476 3827 3829 3830 3828
          3458 3474 3478 3463 3807 3824 3831 3812
          3474 3475 3479 3478 3824 3826 3832 3831
          3475 3476 3480 3479 3826 3828 3833 3832
          3476 3477 3481 3480 3828 3830 3834 3833
          3463 3478 3482 3468 3812 3831 3835 3817
          3478 3479 3483 3482 3831 3832 3836 3835
          3479 3480 3484 3483 3832 3833 3837 3836
          3480 3481 3485 3484 3833 3834 3838 3837
          3468 3482 3486 3473 3817 3835 3839 3822
          3482 3483 3487 3486 3835 3836 3840 3839
          3483 3484 3488 3487 3836 3837 3841 3840
          3484 3485 3489 3488 3837 3838 3842 3841
          2489 3490 3491 3477 3829 3843 3844 3830
          3490 3492 3493 3491 3843 3845 3846 3844
          3492 3494 3495 3493 3845 3847 3848 3846
          3494 3496 3497 3495 3847 3849 3850 3848
          3496 3498 3499 3497 3849 3851 3852 3850
          3498 3500 3501 3499 3851 3853 3854 3852
          3477 3491 3502 3481 3830 3844 3855 3834
          3491 3493 3503 3502 3844 3846 3856 3855
          3493 3495 3504 3503 3846 3848 3857 3856
          3495 3497 3505 3504 3848 3850 3858 3857
          3497 3499 3506 3505 3850 3852 3859 3858
          3499 3501 3507 3506 3852 3854 3860 3859
          3481 3502 3508 3485 3834 3855 3861 3838
          3502 3503 3509 3508 3855 3856 3862 3861
          3503 3504 3510 3509 3856 3857 3863 3862
          3504 3505 3511 3510 3857 3858 3864 3863
          3505 3506 3512 3511 3858 3859 3865 3864
          3506 3507 3513 3512 3859 3860 3866 3865
          3485 3508 3514 3489 3838 3861 3867 3842
          3508 3509 3515 3514 3861 3862 3868 3867
          3509 3510 3516 3515 3862 3863 3869 3868
          3510 3511 3517 3516 3863 3864 3870 3869
          3511 3512 3518 3517 3864 3865 3871 3870
          3512 3513 3519 3518 3865 3866 3872 3871
          3500 3520 3521 3501 3853 3873 3874 3854
          3520 3522 3523 3521 3873 3875 3876 3874
          3522 3524 3525 3523 3875 3877 3878 3876
          3524 3526 3527 3525 3877 3879 3880 3878
          3501 3521 3528 3507 3854 3874 3881 3860
          3521 3523 3529 3528 3874 3876 3882 3881
          3523 3525 3530 3529 3876 3878 3883 3882
          3525 3527 3531 3530 3878 3880 3884 3883
          3507 3528 3532 3513 3860 3881 3885 3866
          3528 3529 3533 3532 3881 3882 3886 3885
          3529 3530 3534 3533 3882 3883 3887 3886
          3530 3531 3535 3534 3883 3884 3888 3887
          3513 3532 3536 3519 3866 3885 3889 3872
          3532 3533 3537 3536 3885 3886 3890 3889
          3533 3534 3538 3537 3886 3887 3891 3890
          3534 3535 3539 3538 3887 3888 3892 3891
          3526 3540 3541 3527 3879 3893 3894 3880
          3540 3542 3543 3541 3893 3895 3896 3894
          3542 3544 3545 3543 3895 3897 3898 3896
          3544 3546 3547 3545 3897 3899 3900 3898
          3527 3541 3548 3531 3880 3894 3901 3884
          3541 3543 3549 3548 3894 3896 3902 3901
          3543 3545 3550 3549 3896 3898 3903 3902
          3545 3547 3551 3550 3898 3900 3904 3903
          3531 3548 3552 3535 3884 3901 3905 3888
          3548 3549 3553 3552 3901 3902 3906 3905
          3549 3550 3554 3553 3902 3903 3907 3906
          3550 3551 3555 3554 3903 3904 3908 3907
          3535 3552 3556 3539 3888 3905 3909 3892
          3552 3553 3557 3556 3905 3906 3910 3909
          3553 3554 3558 3557 3906 3907 3911 3910
          3554 3555 3559 3558 3907 3908 3912 3911
          3546 3560 3561 3547 3899 3913 3914 3900
          3560 3562 3563 3561 3913 3915 3916 3914
          3562 3564 3565 3563 3915 3917 3918 3916
          3564 3566 3567 3565 3917 3919 3920 3918
          3566 3400 3403 3567 3919 3743 3746 3920
          3547 3561 3568 3551 3900 3914 3921 3904
          3561 3563 3569 3568 3914 3916 3922 3921
          3563 3565 3570 3569 3916 3918 3923 3922
          3565 3567 3571 3570 3918 3920 3924 3923
          3567 3403 3411 3571 3920 3746 3754 3924
          3551 3568 3572 3555 3904 3921 3925 3908
          3568 3569 3573 3572 3921 3922 3926 3925
          3569 3570 3574 3573 3922 3923 3927 3926
          3570 3571 3575 3574 3923 3924 3928 3927
          3571 3411 3416 3575 3924 3754 3759 3928
          3555 3572 3576 3559 3908 3925 3929 3912
          3572 3573 3577 3576 3925 3926 3930 3929
          3573 3574 3578 3577 3926 3927 3931 3930
          3574 3575 3579 3578 3927 3928 3932 3931
          3575 3416 3421 3579 3928 3759 3764 3932
        </DataArray>
        <DataArray type="Int64" Name="offsets" format="ascii">
          8
          16
          24
          32
          40
          48
          56
          64
          72
          80
          88
          96
          104
          112
          120
          128
          136
          144
          152
          160
          168
          176
          184
          192
          200
          208
          216
          224
          232
          240
          248
          256
          264
          272
          280
          288
          296
          304
          312
          320
          328
          336
          344
          352
          360
          368
          376
          384
          392
          400
          408
          416
          424
          432
          440
          448
          456
          464
          472
          480
          488
          496
          504
          512
          520
          528
          536
          544
          552
          560
          568
          576
          584
          592
          600
          608
          616
          624
          632
          640
          648
          656
          664
          672
          680
          688
          696
          704
          712
          720
          728
          736
          744
          752
          760
          768
          776
          784
          792
          800
          808
          816
          824
          832
          840
          848
          856
          864
          872
          880
          888
          896
          904
          912
          920
          928
          936
          944
          952
          960
          968
          976
          984
          992
          1000
          1008
          1016
          1024
          1032
          1040
          1048
          1056
          1064
          1072
          1080
          1088
          1096
          1104
          1112
          1120
          1128
          1136
          1144
          1152
          1160
          1168
          1176
          1184
          1192
          1200
          1208
          1216
          1224
          1232
          1240
          1248
          1256
          1264
          1272
          1280
          1288
          1296
          1304
          1312
          1320
          1328
          1336
          1344
          1352
          1360
          1368
          1376
          1384
          1392
          1400
          1408
          1416
          1424
          1432
          1440
          1448
          1456
          1464
          1472
          1480
          1488
          1496
          1504
          1512
          1520
          1528
          1536
          1544
          1552
          1560
          1568
          1576
          1584
          1592
          1600
          1608
          1616
          1624
          1632
          1640
          1648
          1656
          1664
          1672
          1680
          1688
          1696
          1704
          1712
          1720
          1728
          1736
          1744
          1752
          1760
          1768
          1776
          1784
          1792
          1800
          1808
          1816
          1824
          1832
          1840
          1848
          1856
          1864
          1872
          1880
          1888
          1896
          1904
          1912
          1920
          1928
          1936
          1944
          1952
          1960
          1968
          1976
          1984
          1992
          2000
          2008
          2016
          2024
          2032
          2040
          2048
          2056
          2064
          2072
          2080
          2088
          2096
          2104
          2112
          2120
          2128
          2136
          2144
          2152
          2160
          2168
          2176
          2184
          2192
          2200
          2208
          2216
          2224
          2232
          2240
          2248
          2256
          2264
          2272
          2280
          2288
          2296
          2304
          2312
          2320
          2328
          2336
          2344
          2352
          2360
          2368
          2376
          2384
          2392
          2400
          2408
          2416
          2424
          2432
          2440
          2448
          2456
          2464
          2472
          2480
          2488
          2496
          2504
          2512
          2520
          2528
          2536
          2544
          2552
          2560
          2568
          2576
          2584
          2592
          2600
          2608
          2616
          2624
          2632
          2640
          2648
          2656
          2664
          2672
          2680
          2688
          2696
          2704
          2712
          2720
          2728
          2736
          2744
          2752
          2760
          2768
          2776
          2784
          2792
          2800
          2808
          2816
          2824
          2832
          2840
          2848
          2856
          2864
          2872
          2880
          2888
          2896
          2904
          2912
          2920
          2928
          2936
          2944
          2952
          2960
          2968
          2976
          2984
          2992
          3000
          3008
          3016
          3024
          3032
          3040
          3048
          3056
          3064
          3072
          3080
          3088
          3096
          3104
          3112
          3120
          3128
          3136
          3144
          3152
          3160
          3168
          3176
          3184
          3192
          3200
          3208
          3216
          3224
          3232
          3240
          3248
          3256
          3264
          3272
          3280
          3288
          3296
          3304
          3312
          3320
          3328
          3336
          3344
          3352
          3360
          3368
          3376
          3384
          3392
          3400
          3408
          3416
          3424
          3432
          3440
          3448
          3456
          3464
          3472
          3480
          3488
          3496
          3504
          3512
          3520
          3528
          3536
          3544
          3552
          3560
          3568
          3576
          3584
          3592
          3600
          3608
          3616
          3624
          3632
          3640
          3648
          3656
          3664
          3672
          3680
          3688
          3696
          3704
          3712
          3720
          3728
          3736
          3744
          3752
          3760
          3768
          3776
          3784
          3792
          3800
          3808
          3816
          3824
          3832
          3840
          3848
          3856
          3864
          3872
          3880
          3888
          3896
          3904
          3912
          3920
          3928
          3936
          3944
          3952
          3960
          3968
          3976
          3984
          3992
          4000
          4008
          4016
          4024
          4032
          4040
          4048
          4056
          4064
          4072
          4080
          4088
          4096
          4104
          4112
          4120
          4128
          4136
          4144
          4152
          4160
          4168
          4176
          4184
          4192
          4200
          4208
          4216
          4224
          4232
          4240
          4248
          4256
          4264
          4272
          4280
          4288
          4296
          4304
          4312
          4320
          4328
          4336
          4344
          4352
          4360
          4368
          4376
          4384
          4392
          4400
          4408
          4416
          4424
          4432
          4440
          4448
          4456
          4464
          4472
          4480
          4488
          4496
          4504
          4512
          4520
          4528
          4536
          4544
          4552
          4560
          4568
          4576
          4584
          4592
          4600
          4608
          4616
          4624
          4632
          4640
          4648
          4656
          4664
          4672
          4680
          4688
          4696
          4704
          4712
          4720
          4728
          4736
          4744
          4752
          4760
          4768
          4776
          4784
          4792
          4800
          4808
          4816
          4824
          4832
          4840
          4848
          4856
          4864
          4872
          4880
          4888
          4896
          4904
          4912
          4920
          4928
          4936
          4944
          4952
          4960
          4968
          4976
          4984
          4992
          5000
          5008
          5016
          5024
          5032
          5040
          5048
          5056
          5064
          5072
          5080
          5088
          5096
          5104
          5112
          5120
          5128
          5136
          5144
          5152
          5160
          5168
          5176
          5184
          5192
          5200
          5208
          5216
          5224
          5232
          5240
          5248
          5256
          5264
          5272
          5280
          5288
          5296
          5304
          5312
          5320
          5328
          5336
          5344
          5352
          5360
          5368
          5376
          5384
          5392
          5400
          5408
          5416
          5424
          5432
          5440
          5448
          5456
          5464
          5472
          5480
          5488
          5496
          5504
          5512
          5520
          5528
          5536
          5544
          5552
          5560
          5568
          5576
          5584
          5592
          5600
          5608
          5616
          5624
          5632
          5640
          5648
          5656
          5664
          5672
          5680
          5688
          5696
          5704
          5712
          5720
          5728
          5736
          5744
          5752
          5760
          5768
          5776
          5784
          5792
          5800
          5808
          5816
          5824
          5832
          5840
          5848
          5856
          5864
          5872
          5880
          5888
          5896
          5904
          5912
          5920
          5928
          5936
          5944
          5952
          5960
          5968
          5976
          5984
          5992
          6000
          6008
          6016
          6024
          6032
          6040
          6048
          6056
          6064
          6072
          6080
          6088
          6096
          6104
          6112
          6120
          6128
          6136
          6144
          6152
          6160
          6168
          6176
          6184
          6192
          6200
          6208
          6216
          6224
          6232
          6240
          6248
          6256
          6264
          6272
          6280
          6288
          6296
          6304
          6312
          6320
          6328
          6336
          6344
          6352
          6360
          6368
          6376
          6384
          6392
          6400
          6408
          6416
          6424
          6432
          6440
          6448
          6456
          6464
          6472
          6480
          6488
          6496
          6504
          6512
          6520
          6528
          6536
          6544
          6552
          6560
          6568
          6576
          6584
          6592
          6600
          6608
          6616
          6624
          6632
          6640
          6648
          6656
          6664
          6672
          6680
          6688
          6696
          6704
          6712
          6720
          6728
          6736
          6744
          6752
          6760
          6768
          6776
          6784
          6792
          6800
          6808
          6816
          6824
          6832
          6840
          6848
          6856
          6864
          6872
          6880
          6888
          6896
          6904
          6912
          6920
          6928
          6936
          6944
          6952
          6960
          6968
          6976
          6984
          6992
          7000
          7008
          7016
          7024
          7032
          7040
          7048
          7056
          7064
          7072
          7080
          7088
          7096
          7104
          7112
          7120
          7128
          7136
          7144
          7152
          7160
          7168
          7176
          7184
          7192
          7200
          7208
          7216
          7224
          7232
          7240
          7248
          7256
          7264
          7272
          7280
          7288
          7296
          7304
          7312
          7320
          7328
          7336
          7344
          7352
          7360
          7368
          7376
          7384
          7392
          7400
          7408
          7416
          7424
          7432
          7440
          7448
          7456
          7464
          7472
          7480
          7488
          7496
          7504
          7512
          7520
          7528
          7536
          7544
          7552
          7560
          7568
          7576
          7584
          7592
          7600
          7608
          7616
          7624
          7632
          7640
          7648
          7656
          7664
          7672
          7680
          7688
          7696
          7704
          7712
          7720
          7728
          7736
          7744
          7752
          7760
          7768
          7776
          7784
          7792
          7800
          7808
          7816
          7824
          7832
          7840
          7848
          7856
          7864
          7872
          7880
          7888
          7896
          7904
          7912
          7920
          7928
          7936
          7944
          7952
          7960
          7968
          7976
          7984
          7992
          8000
          8008
          8016
          8024
          8032
          8040
          8048
          8056
          8064
          8072
          8080
          8088
          8096
          8104
          8112
          8120
          8128
          8136
          8144
          8152
          8160
          8168
          8176
          8184
          8192
          8200
          8208
          8216
          8224
          8232
          8240
          8248
          8256
          8264
          8272
          8280
          8288
          8296
          8304
          8312
          8320
          8328
          8336
          8344
          8352
          8360
          8368
          8376
          8384
          8392
          8400
          8408
          8416
          8424
          8432
          8440
          8448
          8456
          8464
          8472
          8480
          8488
          8496
          8504
          8512
          8520
          8528
          8536
          8544
          8552
          8560
          8568
          8576
          8584
          8592
          8600
          8608
          8616
          8624
          8632
          8640
          8648
          8656
          8664
          8672
          8680
          8688
          8696
          8704
          8712
          8720
          8728
          8736
          8744
          8752
          8760
          8768
          8776
          8784
          8792
          8800
          8808
          8816
          8824
          8832
          8840
          8848
          8856
          8864
          8872
          8880
          8888
          8896
          8904
          8912
          8920
          8928
          8936
          8944
          8952
          8960
          8968
          8976
          8984
          8992
          9000
          9008
          9016
          9024
          9032
          9040
          9048
          9056
          9064
          9072
          9080
          9088
          9096
          9104
          9112
          9120
          9128
          9136
          9144
          9152
          9160
          9168
          9176
          9184
          9192
          9200
          9208
          9216
          9224
          9232
          9240
          9248
          9256
          9264
          9272
          9280
          9288
          9296
          9304
          9312
          9320
          9328
          9336
          9344
          9352
          9360
          9368
          9376
          9384
          9392
          9400
          9408
          9416
          9424
          9432
          9440
          9448
          9456
          9464
          9472
          9480
          9488
          9496
          9504
          9512
          9520
          9528
          9536
          9544
          9552
          9560
          9568
          9576
          9584
          9592
          9600
          9608
          9616
          9624
          9632
          9640
          9648
          9656
          9664
          9672
          9680
          9688
          9696
          9704
          9712
          9720
          9728
          9736
          9744
          9752
          9760
          9768
          9776
          9784
          9792
          9800
          9808
          9816
          9824
          9832
          9840
          9848
          9856
          9864
          9872
          9880
          9888
          9896
          9904
          9912
          9920
          9928
          9936
          9944
          9952
          9960
          9968
          9976
          9984
          9992
          10000
          10008
          10016
          10024
          10032
          10040
          10048
          10056
          10064
          10072
          10080
          10088
          10096
          10104
          10112
          10120
          10128
          10136
          10144
          10152
          10160
          10168
          10176
          10184
          10192
          10200
          10208
          10216
          10224
          10232
          10240
          10248
          10256
          10264
          10272
          10280
          10288
          10296
          10304
          10312
          10320
          10328
          10336
          10344
          10352
          10360
          10368
          10376
          10384
          10392
          10400
          10408
          10416
          10424
          10432
          10440
          10448
          10456
          10464
          10472
          10480
          10488
          10496
          10504
          10512
          10520
          10528
          10536
          10544
          10552
          10560
          10568
          10576
          10584
          10592
          10600
          10608
          10616
          10624
          10632
          10640
          10648
          10656
          10664
          10672
          10680
          10688
          10696
          10704
          10712
          10720
          10728
          10736
          10744
          10752
          10760
          10768
          10776
          10784
          10792
          10800
          10808
          10816
          10824
          10832
          10840
          10848
          10856
          10864
          10872
          10880
          10888
          10896
          10904
          10912
          10920
          10928
          10936
          10944
          10952
          10960
          10968
          10976
          10984
          10992
          11000
          11008
          11016
          11024
          11032
          11040
          11048
          11056
          11064
          11072
          11080
          11088
          11096
          11104
          11112
          11120
          11128
          11136
          11144
          11152
          11160
          11168
          11176
          11184
          11192
          11200
          11208
          11216
          11224
          11232
          11240
          11248
          11256
          11264
          11272
          11280
          11288
          11296
          11304
          11312
          11320
          11328
          11336
          11344
          11352
          11360
          11368
          11376
          11384
          11392
          11400
          11408
          11416
          11424
          11432
          11440
          11448
          11456
          11464
          11472
          11480
          11488
          11496
          11504
          11512
          11520
          11528
          11536
          11544
          11552
          11560
          11568
          11576
          11584
          11592
          11600
          11608
          11616
          11624
          11632
          11640
          11648
          11656
          11664
          11672
          11680
          11688
          11696
          11704
          11712
          11720
          11728
          11736
          11744
          11752
          11760
          11768
          11776
          11784
          11792
          11800
          11808
          11816
          11824
          11832
          11840
          11848
          11856
          11864
          11872
          11880
          11888
          11896
          11904
          11912
          11920
          11928
          11936
          11944
          11952
          11960
          11968
          11976
          11984
          11992
          12000
          12008
          12016
          12024
          12032
          12040
          12048
          12056
          12064
          12072
          12080
          12088
          12096
          12104
          12112
          12120
          12128
          12136
          12144
          12152
          12160
          12168
          12176
          12184
          12192
          12200
          12208
          12216
          12224
          12232
          12240
          12248
          12256
          12264
          12272
          12280
          12288
          12296
          12304
          12312
          12320
          12328
          12336
          12344
          12352
          12360
          12368
          12376
          12384
          12392
          12400
          12408
          12416
          12424
          12432
          12440
          12448
          12456
          12464
          12472
          12480
          12488
          12496
          12504
          12512
          12520
          12528
          12536
          12544
          12552
          12560
          12568
          12576
          12584
          12592
          12600
          12608
          12616
          12624
          12632
          12640
          12648
          12656
          12664
          12672
          12680
          12688
          12696
          12704
          12712
          12720
          12728
          12736
          12744
          12752
          12760
          12768
          12776
          12784
          12792
          12800
          12808
          12816
          12824
          12832
          12840
          12848
          12856
          12864
          12872
          12880
          12888
          12896
          12904
          12912
          12920
          12928
          12936
          12944
          12952
          12960
          12968
          12976
          12984
          12992
          13000
          13008
          13016
          13024
          13032
          13040
          13048
          13056
          13064
          13072
          13080
          13088
          13096
          13104
          13112
          13120
          13128
          13136
          13144
          13152
          13160
          13168
          13176
          13184
          13192
          13200
          13208
          13216
          13224
          13232
          13240
          13248
          13256
          13264
          13272
          13280
          13288
          13296
          13304
          13312
          13320
          13328
          13336
          13344
          13352
          13360
          13368
          13376
          13384
          13392
          13400
          13408
          13416
          13424
          13432
          13440
          13448
          13456
          13464
          13472
          13480
          13488
          13496
          13504
          13512
          13520
          13528
          13536
          13544
          13552
          13560
          13568
          13576
          13584
          13592
          13600
          13608
          13616
          13624
          13632
          13640
          13648
          13656
          13664
          13672
          13680
          13688
          13696
          13704
          13712
          13720
          13728
          13736
          13744
          13752
          13760
          13768
          13776
          13784
          13792
          13800
          13808
          13816
          13824
          13832
          13840
          13848
          13856
          13864
          13872
          13880
          13888
          13896
          13904
          13912
          13920
          13928
          13936
          13944
          13952
          13960
          13968
          13976
          13984
          13992
          14000
          14008
          14016
          14024
          14032
          14040
          14048
          14056
          14064
          14072
          14080
          14088
          14096
          14104
          14112
          14120
          14128
          14136
          14144
          14152
          14160
          14168
          14176
          14184
          14192
          14200
          14208
          14216
          14224
          14232
          14240
          14248
          14256
          14264
          14272
          14280
          14288
          14296
          14304
          14312
          14320
          14328
          14336
          14344
          14352
          14360
          14368
          14376
          14384
          14392
          14400
          14408
          14416
          14424
          14432
          14440
          14448
          14456
          14464
          14472
          14480
          14488
          14496
          14504
          14512
          14520
          14528
          14536
          14544
          14552
          14560
          14568
          14576
          14584
          14592
          14600
          14608
          14616
          14624
          14632
          14640
          14648
          14656
          14664
          14672
          14680
          14688
          14696
          14704
          14712
          14720
          14728
          14736
          14744
          14752
          14760
          14768
          14776
          14784
          14792
          14800
          14808
          14816
          14824
          14832
          14840
          14848
          14856
          14864
          14872
          14880
          14888
          14896
          14904
          14912
          14920
          14928
          14936
          14944
          14952
          14960
          14968
          14976
          14984
          14992
          15000
          15008
          15016
          15024
          15032
          15040
          15048
          15056
          15064
          15072
          15080
          15088
          15096
          15104
          15112
          15120
          15128
          15136
          15144
          15152
          15160
          15168
          15176
          15184
          15192
          15200
          15208
          15216
          15224
          15232
          15240
          15248
          15256
          15264
          15272
          15280
          15288
          15296
          15304
          15312
          15320
          15328
          15336
          15344
          15352
          15360
          15368
          15376
          15384
          15392
          15400
          15408
          15416
          15424
          15432
          15440
          15448
          15456
          15464
          15472
          15480
          15488
          15496
          15504
          15512
          15520
          15528
          15536
          15544
          15552
          15560
          15568
          15576
          15584
          15592
          15600
          15608
          15616
          15624
          15632
          15640
          15648
          15656
          15664
          15672
          15680
          15688
          15696
          15704
          15712
          15720
          15728
          15736
          15744
          15752
          15760
          15768
          15776
          15784
          15792
          15800
          15808
          15816
          15824
          15832
          15840
          15848
          15856
          15864
          15872
          15880
          15888
          15896
          15904
          15912
          15920
          15928
          15936
          15944
          15952
          15960
          15968
          15976
          15984
          15992
          16000
          16008
          16016
          16024
          16032
          16040
          16048
          16056
          16064
          16072
          16080
          16088
          16096
          16104
          16112
          16120
          16128
          16136
          16144
          16152
          16160
          16168
          16176
          16184
          16192
          16200
          16208
          16216
          16224
          16232
          16240
          16248
          16256
          16264
          16272
          16280
          16288
          16296
          16304
          16312
          16320
          16328
          16336
          16344
          16352
          16360
          16368
          16376
          16384
          16392
          16400
          16408
          16416
          16424
          16432
          16440
          16448
          16456
          16464
          16472
          16480
          16488
          16496
          16504
          16512
          16520
          16528
          16536
          16544
          16552
          16560
          16568
          16576
          16584
          16592
          16600
          16608
          16616
          16624
          16632
          16640
          16648
          16656
          16664
          16672
          16680
          16688
          16696
          16704
          16712
          16720
          16728
          16736
          16744
          16752
          16760
          16768
          16776
          16784
          16792
          16800
          16808
          16816
          16824
          16832
          16840
          16848
          16856
          16864
          16872
          16880
          16888
          16896
          16904
          16912
          16920
          16928
          16936
          16944
          16952
          16960
          16968
          16976
          16984
          16992
          17000
          17008
          17016
          17024
          17032
          17040
          17048
          17056
          17064
          17072
          17080
          17088
          17096
          17104
          17112
          17120
          17128
          17136
          17144
          17152
          17160
          17168
          17176
          17184
          17192
          17200
          17208
          17216
          17224
          17232
          17240
          17248
          17256
          17264
          17272
          17280
          17288
          17296
          17304
          17312
          17320
          17328
          17336
          17344
          17352
          17360
          17368
          17376
          17384
          17392
          17400
          17408
          17416
          17424
          17432
          17440
          17448
          17456
          17464
          17472
          17480
          17488
          17496
          17504
          17512
          17520
          17528
          17536
          17544
          17552
          17560
          17568
          17576
          17584
          17592
          17600
          17608
          17616
          17624
          17632
          17640
          17648
          17656
          17664
          17672
          17680
          17688
          17696
          17704
          17712
          17720
          17728
          17736
          17744
          17752
          17760
          17768
          17776
          17784
          17792
          17800
          17808
          17816
          17824
          17832
          17840
          17848
          17856
          17864
          17872
          17880
          17888
          17896
          17904
          17912
          17920
          17928
          17936
          17944
          17952
          17960
          17968
          17976
          17984
          17992
          18000
          18008
          18016
          18024
          18032
          18040
          18048
          18056
          18064
          18072
          18080
          18088
          18096
          18104
          18112
          18120
          18128
          18136
          18144
          18152
          18160
          18168
          18176
          18184
          18192
          18200
          18208
          18216
          18224
          18232
          18240
          18248
          18256
          18264
          18272
          18280
          18288
          18296
          18304
          18312
          18320
          18328
          18336
          18344
          18352
          18360
          18368
          18376
          18384
          18392
          18400
          18408
          18416
          18424
          18432
          18440
          18448
          18456
          18464
          18472
          18480
          18488
          18496
          18504
          18512
          18520
          18528
          18536
          18544
          18552
          18560
          18568
          18576
          18584
          18592
          18600
          18608
          18616
          18624
          18632
          18640
          18648
          18656
        </DataArray>
        <DataArray type="UInt8" Name="types" format="ascii">
          12
          12
          12
          12
          12
          12
          12
          12
          12
          12
          12
          12
          12
          12
          12
          12
          12
          12
          12
          12
          12
          12
          12
          12
          12
          12
          12
          12
          12
          12
          12
          12
          12
          12
          12
          12
          12
          12
          12
          12
          12
          12
          12
          12
          12
          12
          12
          12
          12
          12
          12
          12
          12
          12
          12
          12
          12
          12
          12
          12
          12
          12
          12
          12
          12
          12
          12
          12
          12
          12
          12
          12
          12
          12
          12
          12
          12
          12
          12
          12
          12
          12
          12
          12
          12
          12
          12
          12
          12
          12
          12
          12
          12
          12
          12
          12
          12
          12
          12
          12
          12
          12
          12
          12
          12
          12
          12
          12
          12
          12
          12
          12
          12
          12
          12
          12
          12
          12
          12
          12
          12
          12
          12
          12
          12
          12
          12
          12
          12
          12
          12
          12
          12
          12
          12
          12
          12
          12
          12
          12
          12
          12
          12
          12
          12
          12
          12
          12
          12
          12
          12
          12
          12
          12
          12
          12
          12
          12
          12
          12
          12
          12
          12
          12
          12
          12
          12
          12
          12
          12
          12
          12
          12
          12
          12
          12
          12
          12
          12
          12
          12
          12
          12
          12
          12
          12
          12
          12
          12
          12
          12
          12
          12
          12
          12
          12
          12
          12
          12
          12
          12
          12
          12
          12
          12
          12
          12
          12
          12
          12
          12
          12
          12
          12
          12
          12
          12
          12
          12
          12
          12
          12
          12
          12
          12
          12
          12
          12
          12
          12
          12
          12
          12
          12
          12
          12
          12
          12
          12
          12
          12
          12
          12
          12
          12
          12
          12
          12
          12
          12
          12
          12
          12
          12
          12
          12
          12
          12
          12
          12
          12
          12
          12
          12
          12
          12
          12
          12
          12
          12
          12
          12
          12
          12
          12
          12
          12
          12
          12
          12
          12
          12
          12
          12
          12
          12
          12
          12
          12
          12
          12
          12
          12
          12
          12
          12
          12
          12
          12
          12
          12
          12
          12
          12
          12
          12
          12
          12
          12
          12
          12
          12
          12
          12
          12
          12
          12
          12
          12
          12
          12
          12
          12
          12
          12
          12
          12
          12
          12
          12
          12
          12
          12
          12
          12
          12
          12
          12
          12
          12
          12
          12
          12
          12
          12
          12
          12
          12
          12
          12
          12
          12
          12
          12
          12
          12
          12
          12
          12
          12
          12
          12
          12
          12
          12
          12
          12
          12
          12
          12
          12
          12
          12
          12
          12
          12
          12
          12
          12
          12
          12
          12
          12
          12
          12
          12
          12
          12
          12
          12
          12
          12
          12
          12
          12
          12
          12
          12
          12
          12
          12
          12
          12
          12
          12
          12
          12
          12
          12
          12
          12
          12
          12
          12
          12
          12
          12
          12
          12
          12
          12
          12
          12
          12
          12
          12
          12
          12
          12
          12
          12
          12
          12
          12
          12
          12
          12
          12
          12
          12
          12
          12
          12
          12
          12
          12
          12
          12
          12
          12
          12
          12
          12
          12
          12
          12
          12
          12
          12
          12
          12
          12
          12
          12
          12
          12
          12
          12
          12
          12
          12
          12
          12
          12
          12
          12
          12
          12
          12
          12
          12
          12
          12
          12
          12
          12
          12
          12
          12
          12
          12
          12
          12
          12
          12
          12
          12
          12
          12
          12
          12
          12
          12
          12
          12
          12
          12
          12
          12
          12
          12
          12
          12
          12
          12
          12
          12
          12
          12
          12
          12
          12
          12
          12
          12
          12
          12
          12
          12
          12
          12
          12
          12
          12
          12
          12
          12
          12
          12
          12
          12
          12
          12
          12
          12
          12
          12
          12
          12
          12
          12
          12
          12
          12
          12
          12
          12
          12
          12
          12
          12
          12
          12
          12
          12
          12
          12
          12
          12
          12
          12
          12
          12
          12
          12
          12
          12
          12
          12
          12
          12
          12
          12
          12
          12
          12
          12
          12
          12
          12
          12
          12
          12
          12
          12
          12
          12
          12
          12
          12
          12
          12
          12
          12
          12
          12
          12
          12
          12
          12
          12
          12
          12
          12
          12
          12
          12
          12
          12
          12
          12
          12
          12
          12
          12
          12
          12
          12
          12
          12
          12
          12
          12
          12
          12
          12
          12
          12
          12
          12
          12
          12
          12
          12
          12
          12
          12
          12
          12
          12
          12
          12
          12
          12
          12
          12
          12
          12
          12
          12
          12
          12
          12
          12
          12
          12
          12
          12
          12
          12
          12
          12
          12
          12
          12
          12
          12
          12
          12
          12
          12
          12
          12
          12
          12
          12
          12
          12
          12
          12
          12
          12
          12
          12
          12
          12
          12
          12
          12
          12
          12
          12
          12
          12
          12
          12
          12
          12
          12
          12
          12
          12
          12
          12
          12
          12
          12
          12
          12
          12
          12
          12
          12
          12
          12
          12
          12
          12
          12
          12
          12
          12
          12
          12
          12
          12
          12
          12
          12
          12
          12
          12
          12
          12
          12
          12
          12
          12
          12
          12
          12
          12
          12
          12
          12
          12
          12
          12
          12
          12
          12
          12
          12
          12
          12
          12
          12
          12
          12
          12
          12
          12
          12
          12
          12
          12
          12
          12
          12
          12
          12
          12
          12
          12
          12
          12
          12
          12
          12
          12
          12
          12
          12
          12
          12
          12
          12
          12
          12
          12
          12
          12
          12
          12
          12
          12
          12
          12
          12
          12
          12
          12
          12
          12
          12
          12
          12
          12
          12
          12
          12
          12
          12
          12
          12
          12
          12
          12
          12
          12
          12
          12
          12
          12
          12
          12
          12
          12
          12
          12
          12
          12
          12
          12
          12
          12
          12
          12
          12
          12
          12
          12
          12
          12
          12
          12
          12
          12
          12
          12
          12
          12
          12
          12
          12
          12
          12
          12
          12
          12
          12
          12
          12
          12
          12
          12
          12
          12
          12
          12
          12
          12
          12
          12
          12
          12
          12
          12
          12
          12
          12
          12
          12
          12
          12
          12
          12
          12
          12
          12
          12
          12
          12
          12
          12
          12
          12
          12
          12
          12
          12
          12
          12
          12
          12
          12
          12
          12
          12
          12
          12
          12
          12
          12
          12
          12
          12
          12
          12
          12
          12
          12
          12
          12
          12
          12
          12
          12
          12
          12
          12
          12
          12
          12
          12
          12
          12
          12
          12
          12
          12
          12
          12
          12
          12
          12
          12
          12
          12
          12
          12
          12
          12
          12
          12
          12
          12
          12
          12
          12
          12
          12
          12
          12
          12
          12
          12
          12
          12
          12
          12
          12
          12
          12
          12
          12
          12
          12
          12
          12
          12
          12
          12
          12
          12
          12
          12
          12
          12
          12
          12
          12
          12
          12
          12
          12
          12
          12
          12
          12
          12
          12
          12
          12
          12
          12
          12
          12
          12
          12
          12
          12
          12
          12
          12
          12
          12
          12
          12
          12
          12
          12
          12
          12
          12
          12
          12
          12
          12
          12
          12
          12
          12
          12
          12
          12
          12
          12
          12
          12
          12
          12
          12
          12
          12
          12
          12
          12
          12
          12
          12
          12
          12
          12
          12
          12
          12
          12
          12
          12
          12
          12
          12
          12
          12
          12
          12
          12
          12
          12
          12
          12
          12
          12
          12
          12
          12
          12
          12
          12
          12
          12
          12
          12
          12
          12
          12
          12
          12
          12
          12
          12
          12
          12
          12
          12
          12
          12
          12
          12
          12
          12
          12
          12
          12
          12
          12
          12
          12
          12
          12
          12
          12
          12
          12
          12
          12
          12
          12
          12
          12
          12
          12
          12
          12
          12
          12
          12
          12
          12
          12
          12
          12
          12
          12
          12
          12
          12
          12
          12
          12
          12
          12
          12
          12
          12
          12
          12
          12
          12
          12
          12
          12
          12
          12
          12
          12
          12
          12
          12
          12
          12
          12
          12
          12
          12
          12
          12
          12
          12
          12
          12
          12
          12
          12
          12
          12
          12
          12
          12
          12
          12
          12
          12
          12
          12
          12
          12
          12
          12
          12
          12
          12
          12
          12
          12
          12
          12
          12
          12
          12
          12
          12
          12
          12
          12
          12
          12
          12
          12
          12
          12
          12
          12
          12
          12
          12
          12
          12
          12
          12
          12
          12
          12
          12
          12
          12
          12
          12
          12
          12
          12
          12
          12
          12
          12
          12
          12
          12
          12
          12
          12
          12
          12
          12
          12
          12
          12
          12
          12
          12
          12
          12
          12
          12
          12
          12
          12
          12
          12
          12
          12
          12
          12
          12
          12
          12
          12
          12
          12
          12
          12
          12
          12
          12
          12
          12
          12
          12
          12
          12
          12
          12
          12
          12
          12
          12
          12
          12
          12
          12
          12
          12
          12
          12
          12
          12
          12
          12
          12
          12
          12
          12
          12
          12
          12
          12
          12
          12
          12
          12
          12
          12
          12
          12
          12
          12
          12
          12
          12
          12
          12
          12
          12
          12
          12
          12
          12
          12
          12
          12
          12
          12
          12
          12
          12
          12
          12
          12
          12
          12
          12
          12
          12
          12
          12
          12
          12
          12
          12
          12
          12
          12
          12
          12
          12
          12
          12
          12
          12
          12
          12
          12
          12
          12
          12
          12
          12
          12
          12
          12
          12
          12
          12
          12
          12
          12
          12
          12
          12
          12
          12
          12
          12
          12
          12
          12
          12
          12
          12
          12
          12
          12
          12
          12
          12
          12
          12
          12
          12
          12
          12
          12
          12
          12
          12
          12
          12
          12
          12
          12
          12
          12
          12
          12
          12
          12
          12
          12
          12
          12
          12
          12
          12
          12
          12
          12
          12
          12
          12
          12
          12
          12
          12
          12
          12
          12
          12
          12
          12
          12
          12
          12
          12
          12
          12
          12
          12
          12
          12
          12
          12
          12
          12
          12
          12
          12
          12
          12
          12
          12
          12
          12
          12
          12
          12
          12
          12
          12
          12
          12
          12
          12
          12
          12
          12
          12
          12
          12
          12
          12
          12
          12
          12
          12
          12
          12
          12
          12
          12
          12
          12
          12
          12
          12
          12
          12
          12
          12
          12
          12
          12
          12
          12
          12
          12
          12
          12
          12
          12
          12
          12
          12
          12
          12
          12
          12
          12
          12
          12
          12
          12
          12
          12
          12
          12
          12
          12
          12
          12
          12
          12
          12
          12
          12
          12
          12
          12
          12
          12
          12
          12
          12
          12
          12
          12
          12
          12
          12
          12
          12
          12
          12
          12
          12
          12
          12
          12
          12
          12
          12
          12
          12
          12
          12
          12
          12
          12
          12
          12
          12
          12
          12
          12
          12
          12
          12
          12
          12
          12
          12
          12
          12
          12
          12
          12
          12
          12
          12
          12
          12
          12
          12
          12
          12
          12
          12
          12
          12
          12
          12
          12
          12
          12
          12
          12
          12
          12
          12
          12
          12
          12
          12
          12
          12
          12
          12
          12
          12
          12
          12
          12
          12
          12
          12
          12
          12
          12
          12
          12
          12
          12
          12
          12
          12
          12
          12
          12
          12
          12
          12
          12
          12
          12
          12
          12
          12
          12
          12
          12
          12
          12
          12
          12
          12
          12
          12
          12
          12
          12
          12
          12
          12
          12
          12
          12
          12
          12
          12
          12
          12
          12
          12
          12
          12
          12
          12
          12
          12
          12
          12
          12
          12
          12
          12
          12
          12
          12
          12
          12
          12
          12
          12
          12
          12
          12
          12
          12
          12
          12
          12
          12
          12
          12
          12
          12
          12
          12
          12
          12
          12
          12
          12
          12
          12
          12
          12
          12
          12
          12
          12
          12
          12
          12
          12
          12
          12
          12
          12
          12
          12
          12
          12
          12
          12
          12
          12
          12
          12
          12
          12
          12
          12
          12
          12
          12
          12
          12
          12
          12
          12
          12
          12
          12
          12
          12
          12
          12
          12
          12
          12
          12
          12
          12
          12
          12
          12
          12
          12
          12
          12
          12
          12
          12
          12
          12
          12
          12
          12
          12
          12
          12
          12
          12
          12
          12
          12
          12
          12
          12
          12
          12
          12
          12
          12
          12
          12
          12
          12
          12
          12
          12
          12
          12
          12
          12
          12
          12
          12
          12
          12
          12
          12
          12
          12
          12
          12
          12
          12
          12
          12
          12
          12
          12
          12
          12
          12
          12
          12
          12
          12
          12
          12
          12
          12
          12
          12
          12
          12
          12
          12
          12
          12
          12
          12
          12
          12
          12
          12
          12
          12
          12
          12
          12
          12
          12
          12
          12
          12
          12
          12
          12
          12
          12
          12
          12
          12
          12
          12
          12
          12
          12
          12
          12
          12
          12
          12
          12
          12
          12
          12
          12
          12
          12
          12
          12
          12
          12
          12
          12
          12
          12
          12
          12
          12
          12
          12
          12
          12
          12
          12
          12
          12
          12
          12
          12
          12
          12
          12
          12
          12
          12
          12
          12
          12
          12
          12
          12
          12
          12
          12
          12
          12
          12
          12
          12
          12
          12
          12
          12
          12
          12
          12
          12
          12
          12
          12
          12
          12
          12
          12
          12
          12
          12
          12
          12
          12
          12
          12
          12
          12
          12
          12
          12
          12
          12
          12
          12
          12
          12
          12
          12
          12
          12
          12
          12
          12
          12
          12
          12
          12
          12
          12
          12
          12
          12
          12
          12
          12
          12
          12
          12
          12
          12
          12
          12
          12
          12
          12
          12
          12
          12
          12
          12
          12
          12
          12
          12
          12
          12
          12
          12
          12
          12
          12
          12
          12
          12
          12
          12
          12
          12
          12
          12
          12
          12
          12
          12
          12
          12
          12
          12
          12
          12
          12
          12
          12
          12
          12
          12
          12
          12
          12
          12
          12
          12
          12
          12
          12
          12
          12
          12
          12
          12
          12
          12
          12
          12
          12
          12
          12
          12
          12
          12
          12
          12
          12
          12
          12
          12
          12
          12
          12
          12
          12
          12
          12
          12
          12
          12
          12
          12
          12
          12
          12
          12
          12
          12
          12
          12
          12
          12
          12
          12
          12
          12
          12
          12
          12
          12
          12
          12
          12
          12
          12
          12
          12
          12
          12
          12
          12
          12
          12
          12
          12
          12
          12
          12
          12
          12
          12
          12
          12
          12
          12
          12
          12
          12
          12
          12
          12
          12
          12
          12
          12
          12
          12
          12
          12
          12
          12
          12
          12
          12
          12
          12
          12
          12
          12
          12
          12
          12
          12
          12
          12
          12
          12
          12
          12
          12
          12
          12
          12
          12
          12
          12
          12
          12
          12
          12
          12
          12
          12
          12
          12
          12
          12
          12
          12
          12
          12
          12
          12
          12
          12
          12
          12
          12
          12
          12
          12
          12
          12
          12
          12
          12
          12
          12
          12
          12
          12
          12
          12
          12
          12
          12
          12
          12
          12
          12
          12
          12
          12
          12
          12
          12
          12
          12
          12
          12
          12
          12
          12
          12
          12
          12
          12
          12
          12
          12
          12
          12
          12
          12
          12
          12
          12
          12
          12
          12
          12
          12
          12
          12
          12
          12
          12
          12
          12
          12
          12
          12
          12
          12
          12
          12
          12
          12
          12
          12
          12
          12
          12
          12
          12
          12
          12
          12
          12
          12
          12
          12
          12
          12
          12
          12
          12
          12
          12
          12
          12
          12
          12
          12
          12
          12
          12
          12
          12
          12
          12
          12
          12
          12
          12
          12
          12
          12
          12
          12
          12
          12
          12
          12
          12
          12
          12
          12
          12
          12
          12
          12
          12
          12
          12
          12
          12
          12
          12
          12
          12
          12
          12
          12
          12
          12
          12
          12
          12
          12
          12
          12
        </DataArray>
      </Cells>
      <CellData>
        <DataArray type="UInt32" Name="part" format="ascii">
          0
          0
          0
          0
          0
          1
          1
          1
          1
          1
          2
          2
          2
          2
          3
          3
          3
          3
          4
          4
          4
          4
          4
          5
          5
          5
          5
          5
          6
          6
          6
          6
          7
          7
          7
          7
          8
          8
          9
          9
          10
          10
          11
          11
          12
          12
          13
          13
          14
          14
          15
          15
          16
          16
          17
          17
          18
          18
          19
          19
          20
          20
          20
          21
          21
          21
          22
          22
          22
          23
          23
          23
          24
          24
          24
          25
          25
          25
          26
          26
          26
          27
          27
          27
          28
          28
          28
          28
          28
          28
          28
          28
          28
          28
          28
          28
          28
          28
          28
          28
          28
          28
          28
          28
          28
          28
          28
          28
          28
          29
          29
          29
          29
          29
          29
          29
          29
          29
          29
          29
          29
          29
          29
          29
          30
          30
          30
          30
          30
          30
          30
          30
          30
          30
          31
          31
          31
          31
          31
          31
          31
          31
          31
          31
          32
          32
          32
          32
          32
          33
          33
          33
          33
          33
          34
          34
          34
          34
          34
          34
          34
          34
          34
          34
          34
          34
          34
          34
          34
          34
          34
          34
          34
          34
          34
          34
          34
          34
          34
          34
          34
          34
          34
          34
          35
          35
          35
          35
          35
          35
          35
          35
          35
          35
          35
          35
          35
          35
          35
          35
          35
          35
          35
          35
          35
          35
          35
          35
          35
          35
          35
          35
          35
          35
          36
          36
          36
          36
          36
          36
          36
          36
          36
          36
          36
          36
          36
          36
          36
          36
          36
          36
          36
          36
          37
          37
          37
          37
          37
          37
          37
          37
          37
          37
          37
          37
          37
          37
          37
          37
          37
          37
          37
          37
          37
          37
          37
          37
          37
          38
          38
          38
          38
          38
          38
          38
          38
          38
          38
          38
          38
          38
          38
          38
          38
          38
          38
          39
          39
          39
          39
          39
          39
          39
          39
          39
          39
          39
          39
          39
          39
          39
          39
          39
          39
          40
          40
          40
          40
          40
          40
          40
          40
          40
          41
          41
          41
          41
          41
          41
          41
          41
          41
          42
          42
          42
          42
          42
          42
          42
          42
          42
          42
          42
          42
          42
          42
          42
          42
          42
          42
          43
          43
          43
          43
          43
          43
          43
          43
          43
          43
          43
          43
          43
          43
          43
          43
          43
          43
          44
          44
          44
          44
          44
          44
          45
          45
          45
          45
          45
          45
          46
          46
          46
          46
          46
          46
          47
          47
          47
          47
          47
          47
          48
          48
          48
          48
          48
          48
          48
          48
          48
          48
          48
          48
          49
          49
          49
          49
          49
          49
          49
          49
          49
          49
          49
          49
          50
          50
          50
          50
          50
          50
          50
          50
          50
          50
          50
          50
          51
          51
          51
          51
          51
          51
          51
          51
          51
          51
          51
          51
          52
          52
          52
          52
          52
          52
          52
          52
          52
          52
          52
          52
          52
          52
          52
          52
          52
          52
          53
          53
          53
          53
          53
          53
          53
          53
          53
          53
          53
          53
          53
          53
          53
          53
          53
          53
          54
          54
          54
          54
          54
          54
          54
          54
          54
          54
          54
          54
          55
          55
          55
          55
          55
          55
          55
          55
          55
          55
          55
          55
          56
          56
          56
          56
          56
          56
          56
          56
          56
          56
          56
          56
          56
          56
          56
          56
          56
          56
          57
          57
          57
          57
          57
          57
          57
          57
          57
          57
          57
          57
          57
          57
          57
          57
          57
          57
          58
          58
          58
          58
          58
          58
          58
          58
          58
          59
          59
          59
          59
          59
          59
          59
          59
          59
          60
          60
          60
          61
          61
          61
          62
          62
          62
          62
          62
          62
          62
          62
          62
          62
          62
          62
          62
          62
          62
          62
          62
          62
          63
          63
          63
          63
          63
          63
          63
          63
          63
          63
          63
          63
          63
          63
          63
          63
          63
          63
          64
          64
          64
          64
          64
          64
          64
          64
          64
          64
          64
          64
          64
          64
          64
          64
          64
          64
          65
          65
          65
          65
          65
          65
          65
          65
          65
          65
          65
          65
          65
          65
          65
          65
          65
          65
          66
          66
          66
          66
          66
          66
          66
          66
          66
          66
          66
          66
          66
          66
          66
          66
          66
          66
          67
          67
          67
          67
          67
          67
          67
          67
          67
          67
          67
          67
          67
          67
          67
          67
          67
          67
          68
          68
          68
          68
          68
          68
          68
          68
          68
          68
          68
          68
          68
          68
          68
          68
          68
          68
          69
          69
          69
          69
          69
          69
          69
          69
          69
          69
          69
          69
          69
          69
          69
          69
          69
          69
          70
          70
          70
          70
          70
          70
          70
          70
          71
          71
          71
          71
          71
          71
          72
          72
          72
          72
          72
          72
          73
          73
          73
          73
          73
          73
          73
          73
          74
          74
          74
          74
          75
          75
          75
          75
          76
          76
          76
          76
          77
          77
          77
          77
          78
          78
          78
          78
          78
          78
          79
          79
          79
          79
          79
          79
          80
          80
          80
          80
          80
          80
          81
          81
          81
          81
          81
          81
          82
          82
          82
          82
          82
          82
          82
          82
          83
          83
          83
          83
          83
          83
          84
          84
          84
          84
          84
          84
          85
          85
          85
          85
          85
          85
          86
          86
          86
          86
          86
          86
          86
          86
          87
          87
          87
          87
          87
          87
          87
          87
          88
          88
          88
          88
          88
          88
          88
          88
          89
          89
          89
          89
          89
          89
          89
          89
          90
          90
          90
          90
          90
          90
          90
          90
          90
          90
          90
          90
          90
          90
          90
          90
          91
          91
          91
          91
          91
          91
          91
          91
          91
          91
          91
          91
          91
          91
          91
          91
          91
          91
          91
          91
          91
          91
          91
          91
          92
          92
          92
          92
          92
          92
          92
          92
          92
          92
          92
          92
          92
          92
          92
          92
          92
          92
          92
          92
          93
          93
          93
          93
          93
          93
          93
          93
          93
          93
          93
          93
          93
          93
          93
          93
          94
          94
          94
          94
          94
          94
          94
          94
          94
          94
          94
          94
          94
          94
          94
          94
          94
          94
          94
          94
          94
          94
          94
          94
          95
          95
          95
          95
          95
          95
          95
          95
          95
          95
          95
          95
          95
          95
          95
          95
          96
          96
          96
          96
          96
          96
          96
          96
          96
          96
          96
          96
          96
          96
          96
          96
          97
          97
          97
          97
          97
          97
          97
          97
          97
          97
          97
          97
          97
          97
          97
          97
          97
          97
          97
          97
          98
          98
          98
          98
          99
          99
          99
          99
          99
          99
          100
          100
          100
          100
          100
          101
          101
          101
          101
          102
          102
          102
          102
          102
          102
          103
          103
          103
          103
          104
          104
          104
          104
          105
          105
          105
          105
          105
          106
          106
          106
          106
          106
          106
          106
          106
          106
          106
          106
          106
          106
          106
          106
          106
          106
          106
          106
          106
          107
          107
          107
          107
          107
          107
          107
          107
          107
          107
          107
          107
          107
          107
          107
          107
          107
          107
          107
          107
          107
          107
          107
          107
          107
          107
          107
          107
          107
          107
          108
          108
          108
          108
          108
          108
          108
          108
          108
          108
          108
          108
          108
          108
          108
          108
          108
          108
          108
          108
          108
          108
          108
          108
          109
          109
          109
          109
          109
          109
          109
          109
          109
          109
          109
          109
          109
          109
          109
          109
          110
          110
          110
          110
          110
          111
          111
          111
          111
          111
          112
          112
          112
          112
          113
          113
          113
          113
          114
          114
          114
          114
          114
          115
          115
          115
          115
          115
          116
          116
          116
          116
          117
          117
          117
          117
          118
          118
          119
          119
          120
          120
          121
          121
          122
          122
          123
          123
          124
          124
          125
          125
          126
          126
          127
          127
          128
          128
          129
          129
          130
          130
          130
          131
          131
          131
          132
          132
          132
          133
          133
          133
          134
          134
          134
          135
          135
          135
          136
          136
          136
          137
          137
          137
          138
          138
          138
          138
          138
          138
          138
          138
          138
          138
          138
          138
          138
          138
          138
          138
          138
          138
          138
          138
          138
          138
          138
          138
          138
          139
          139
          139
          139
          139
          139
          139
          139
          139
          139
          139
          139
          139
          139
          139
          140
          140
          140
          140
          140
          140
          140
          140
          140
          140
          141
          141
          141
          141
          141
          141
          141
          141
          141
          141
          142
          142
          142
          142
          142
          143
          143
          143
          143
          143
          144
          144
          144
          144
          144
          144
          144
          144
          144
          144
          144
          144
          144
          144
          144
          144
          144
          144
          144
          144
          144
          144
          144
          144
          144
          144
          144
          144
          144
          144
          145
          145
          145
          145
          145
          145
          145
          145
          145
          145
          145
          145
          145
          145
          145
          145
          145
          145
          145
          145
          145
          145
          145
          145
          145
          145
          145
          145
          145
          145
          146
          146
          146
          146
          146
          146
          146
          146
          146
          146
          146
          146
          146
          146
          146
          146
          146
          146
          146
          146
          147
          147
          147
          147
          147
          147
          147
          147
          147
          147
          147
          147
          147
          147
          147
          147
          147
          147
          147
          147
          147
          147
          147
          147
          147
          148
          148
          148
          148
          148
          148
          148
          148
          148
          148
          148
          148
          148
          148
          148
          148
          148
          148
          149
          149
          149
          149
          149
          149
          149
          149
          149
          149
          149
          149
          149
          149
          149
          149
          149
          149
          150
          150
          150
          150
          150
          150
          150
          150
          150
          151
          151
          151
          151
          151
          151
          151
          151
          151
          152
          152
          152
          152
          152
          152
          152
          152
          152
          152
          152
          152
          152
          152
          152
          152
          152
          152
          153
          153
          153
          153
          153
          153
          153
          153
          153
          153
          153
          153
          153
          153
          153
          153
          153
          153
          154
          154
          154
          154
          154
          154
          155
          155
          155
          155
          155
          155
          156
          156
          156
          156
          156
          156
          157
          157
          157
          157
          157
          157
          158
          158
          158
          158
          158
          158
          158
          158
          158
          158
          158
          158
          159
          159
          159
          159
          159
          159
          159
          159
          159
          159
          159
          159
          160
          160
          160
          160
          160
          160
          160
          160
          160
          160
          160
          160
          161
          161
          161
          161
          161
          161
          161
          161
          161
          161
          161
          161
          162
          162
          162
          162
          162
          162
          162
          162
          162
          162
          162
          162
          162
          162
          162
          162
          162
          162
          163
          163
          163
          163
          163
          163
          163
          163
          163
          163
          163
          163
          163
          163
          163
          163
          163
          163
          164
          164
          164
          164
          164
          164
          164
          164
          164
          164
          164
          164
          165
          165
          165
          165
          165
          165
          165
          165
          165
          165
          165
          165
          166
          166
          166
          166
          166
          166
          166
          166
          166
          166
          166
          166
          166
          166
          166
          166
          166
          166
          167
          167
          167
          167
          167
          167
          167
          167
          167
          167
          167
          167
          167
          167
          167
          167
          167
          167
          168
          168
          168
          168
          168
          168
          168
          168
          168
          169
          169
          169
          169
          169
          169
          169
          169
          169
          170
          170
          170
          171
          171
          171
          172
          172
          172
          172
          172
          172
          172
          172
          172
          172
          172
          172
          172
          172
          172
          172
          172
          172
          173
          173
          173
          173
          173
          173
          173
          173
          173
          173
          173
          173
          173
          173
          173
          173
          173
          173
          174
          174
          174
          174
          174
          174
          174
          174
          174
          174
          174
          174
          174
          174
          174
          174
          174
          174
          175
          175
          175
          175
          175
          175
          175
          175
          175
          175
          175
          175
          175
          175
          175
          175
          175
          175
          176
          176
          176
          176
          176
          176
          176
          176
          176
          176
          176
          176
          176
          176
          176
          176
          176
          176
          177
          177
          177
          177
          177
          177
          177
          177
          177
          177
          177
          177
          177
          177
          177
          177
          177
          177
          178
          178
          178
          178
          178
          178
          178
          178
          178
          178
          178
          178
          178
          178
          178
          178
          178
          178
          179
          179
          179
          179
          179
          179
          179
          179
          179
          179
          179
          179
          179
          179
          179
          179
          179
          179
          180
          180
          180
          180
          180
          180
          180
          180
          181
          181
          181
          181
          181
          181
          182
          182
          182
          182
          182
          182
          183
          183
          183
          183
          183
          183
          183
          183
          184
          184
          184
          184
          185
          185
          185
          185
          186
          186
          186
          186
          187
          187
          187
          187
          188
          188
          188
          188
          188
          188
          189
          189
          189
          189
          189
          189
          190
          190
          190
          190
          190
          190
          191
          191
          191
          191
          191
          191
          192
          192
          192
          192
          192
          192
          192
          192
          193
          193
          193
          193
          193
          193
          194
          194
          194
          194
          194
          194
          195
          195
          195
          195
          195
          195
          196
          196
          196
          196
          196
          196
          196
          196
          197
          197
          197
          197
          197
          197
          197
          197
          198
          198
          198
          198
          198
          198
          198
          198
          199
          199
          199
          199
          199
          199
          199
          199
          200
          200
          200
          200
          200
          200
          200
          200
          200
          200
          200
          200
          200
          200
          200
          200
          201
          201
          201
          201
          201
          201
          201
          201
          201
          201
          201
          201
          201
          201
          201
          201
          201
          201
          201
          201
          201
          201
          201
          201
          202
          202
          202
          202
          202
          202
          202
          202
          202
          202
          202
          202
          202
          202
          202
          202
          202
          202
          202
          202
          203
          203
          203
          203
          203
          203
          203
          203
          203
          203
          203
          203
          203
          203
          203
          203
          204
          204
          204
          204
          204
          204
          204
          204
          204
          204
          204
          204
          204
          204
          204
          204
          204
          204
          204
          204
          204
          204
          204
          204
          205
          205
          205
          205
          205
          205
          205
          205
          205
          205
          205
          205
          205
          205
          205
          205
          206
          206
          206
          206
          206
          206
          206
          206
          206
          206
          206
          206
          206
          206
          206
          206
          207
          207
          207
          207
          207
          207
          207
          207
          207
          207
          207
          207
          207
          207
          207
          207
          207
          207
          207
          207
          208
          208
          208
          208
          208
          208
          208
          208
          209
          209
          209
          209
          209
          209
          210
          210
          210
          210
          210
          210
          211
          211
          211
          211
          211
          211
          211
          211
          212
          212
          212
          212
          213
          213
          213
          213
          214
          214
          214
          214
          215
          215
          215
          215
          216
          216
          216
          216
          216
          216
          217
          217
          217
          217
          217
          217
          218
          218
          218
          218
          218
          218
          219
          219
          219
          219
          219
          219
          220
          220
          220
          220
          220
          220
          220
          220
          221
          221
          221
          221
          221
          221
          222
          222
          222
          222
          222
          222
          223
          223
          223
          223
          223
          223
          224
          224
          224
          224
          224
          224
          224
          224
          225
          225
          225
          225
          225
          225
          225
          225
          226
          226
          226
          226
          226
          226
          226
          226
          227
          227
          227
          227
          227
          227
          227
          227
          228
          228
          228
          228
          228
          228
          228
          228
          228
          228
          228
          228
          228
          228
          228
          228
          229
          229
          229
          229
          229
          229
          229
          229
          229
          229
          229
          229
          229
          229
          229
          229
          229
          229
          229
          229
          229
          229
          229
          229
          230
          230
          230
          230
          230
          230
          230
          230
          230
          230
          230
          230
          230
          230
          230
          230
          230
          230
          230
          230
          231
          231
          231
          231
          231
          231
          231
          231
          231
          231
          231
          231
          231
          231
          231
          231
          232
          232
          232
          232
          232
          232
          232
          232
          232
          232
          232
          232
          232
          232
          232
          232
          232
          232
          232
          232
          232
          232
          232
          232
          233
          233
          233
          233
          233
          233
          233
          233
          233
          233
          233
          233
          233
          233
          233
          233
          234
          234
          234
          234
          234
          234
          234
          234
          234
          234
          234
          234
          234
          234
          234
          234
          235
          235
          235
          235
          235
          235
          235
          235
          235
          235
          235
          235
          235
          235
          235
          235
          235
          235
          235
          235
        </DataArray>
        <DataArray type="Float64" Name="scaled_jacobian" NumberOfComponents="1" format="ascii">
          0.9987915635725964
          0.9987915635725964
          0.9987915635725965
          0.9987915635725964
          0.9987915635725961
          0.9951923717573108
          0.9951923717573109
          0.9951923717573112
          0.9951923717573109
          0.995192371757311
          0.995192371564141
          0.9951923715641406
          0.9951923715641409
          0.9951923715641409
          0.9987915635645664
          0.9987915635645663
          0.9987915635645663
          0.9987915635645661
          0.9951923717573109
          0.9951923717573109
          0.9951923717573111
          0.9951923717573109
          0.9951923717573109
          0.9987915635725964
          0.9987915635725965
          0.9987915635725964
          0.9987915635725964
          0.9987915635725962
          0.9987915635725964
          0.9987915635725965
          0.9987915635725962
          0.9987915635725962
          0.9951923715641409
          0.995192371815993
          0.9951923720493979
          0.9951923722663104
          1
          0.9999999999999999
          1
          1
          1
          1
          1
          1
          0.9936705481060156
          0.9936705481060154
          0.9753798001901253
          0.9753798001901257
          0.9753798008107305
          0.9753798008107307
          0.9936705480580618
          0.9936705480580617
          0.975379799643673
          0.9753797991718084
          0.9936705480580619
          0.9936705480580615
          0.993670548058062
          0.9936705480580615
          0.9753798008107306
          0.9753798008107307
          1
          1
          1
          1
          1
          1
          1
          1
          1
          1
          1
          1
          1
          1
          1
          1
          1
          1
          1
          1
          1
          1
          1
          1
          0.8141352024449774
          0.8982551996794109
          0.9726015636938206
          0.9611231091054233
          0.8833523496696676
          0.8363332658952746
          0.9080101586420467
          0.973811491667096
          0.9644733732924582
          0.8968344722218311
          0.8648448923486793
          0.9205392922019301
          0.9754062783889349
          0.9687782978875014
          0.9140045423693521
          0.9018404229904838
          0.9370092757513738
          0.9775998352779166
          0.974464221188682
          0.9361613167132888
          0.9483763818609854
          0.9588908828149516
          0.9807920883067703
          0.9821510664616141
          0.9642646364638965
          0.7047445872174822
          0.5755614696551352
          0.49095958154962277
          0.7213780244595916
          0.600029444047088
          0.5218099462532729
          0.7457726324216094
          0.6364267211042782
          0.5684200566987149
          0.7846613955356968
          0.6955388500376525
          0.6456672400212871
          0.8540890683112765
          0.8030155902112239
          0.7883834307257932
          0.8711823513390415
          0.9439350418587568
          0.8803013313969018
          0.9472987437842316
          0.8932885093862936
          0.9520869887317452
          0.9130758866763748
          0.9594067040435136
          0.9457458207744303
          0.9717424088366164
          0.9918488537771735
          0.9560663908661261
          0.9919876848184582
          0.9588665068537724
          0.9921879304557487
          0.9627939916734383
          0.9925018072015334
          0.9686664548213926
          0.9930637565763286
          0.9782138574411935
          0.8882602726582914
          0.8959451823022659
          0.9069294115457449
          0.9237692696106891
          0.9519266903492724
          0.8086000609608092
          0.8203032176641089
          0.8375294180826861
          0.8651481967909195
          0.9148341067775628
          0.5883586843195022
          0.6299823614092858
          0.6782678687327311
          0.733676903533615
          0.7956593808135358
          0.8615251470259035
          0.6146824673847701
          0.6532261600829659
          0.6981622411037552
          0.7499918139804578
          0.8082360711842652
          0.8703363378408788
          0.6541358843522596
          0.6878098166836748
          0.7275612148158482
          0.7739461073420134
          0.8265851117296358
          0.8831047032266878
          0.7187688332576152
          0.7439269756992445
          0.774845520437814
          0.8121502722013366
          0.8556018963516342
          0.9031025038284598
          0.8362107967949572
          0.845124154891191
          0.8594843074942206
          0.8799962836112448
          0.9066406874754128
          0.9377969753885392
          0.924940377138092
          0.9695916045258928
          0.9960707113878049
          0.9722800747900019
          0.9284851294444578
          0.8753219327928563
          0.9325118833224793
          0.97219584323981
          0.9961698706437419
          0.9742645374004001
          0.9351096954133332
          0.8883038743956325
          0.9425464891938978
          0.9756634084195768
          0.9963069230523991
          0.9769302367982104
          0.9439269177224868
          0.9055918141918035
          0.9562679479319952
          0.9804632235997752
          0.9963539320490139
          0.9806767146881058
          0.9560878716015871
          0.9293076045112832
          0.9752545941591199
          0.9873496821441458
          0.9956321725877153
          0.9862260570908132
          0.9732814981472535
          0.9619250722088012
          0.4835406021956979
          0.5391195432878985
          0.6330397962136622
          0.792894005796908
          0.5332642468051728
          0.57824180956314
          0.6595454115888847
          0.8054923464735434
          0.6036849191756307
          0.632539515904759
          0.6958036181442593
          0.8225609293447746
          0.707117495166223
          0.7110265094409312
          0.7476875192144475
          0.8468273607800754
          0.8553939165624822
          0.8261364746876658
          0.8250932215901319
          0.8833958630909388
          0.9741411877462609
          0.8448998776020559
          0.7172899739189894
          0.6330810280180712
          0.580675358647046
          0.9717952906808784
          0.8517190752976581
          0.7398438974708612
          0.6722053779173575
          0.6348350525905854
          0.9683857102958029
          0.8605246345799967
          0.7687283251616531
          0.7225804728420723
          0.7056348973641853
          0.9630156693881166
          0.87230235095526
          0.8065908220938844
          0.7880669503254759
          0.797526161737746
          0.9534582440811603
          0.8887728955635942
          0.8570304954965323
          0.8711300742335611
          0.906892769469321
          0.6757023699208318
          0.7127996088649288
          0.7669510298319872
          0.8071764119835914
          0.8948320801708683
          0.9759510807841691
          0.8778892436001373
          0.8931414004894728
          0.8731488429877661
          0.8252027788096202
          0.8948320801710369
          0.9759510807840314
          0.7013677477587692
          0.7372061015474018
          0.9693386237389751
          0.8470417406037706
          0.8948320801712414
          0.9759510807838375
          0.9402883590453861
          0.8305839794270893
          0.7620113834475176
          0.7191510300268715
          0.6703143912334897
          0.6416771999989604
          0.940288359044824
          0.8310842204173156
          0.8210357023719872
          0.862881356782663
          0.8647003152190088
          0.846013461019617
          0.940288359044067
          0.83173879881179
          0.8885928949580083
          0.9298998904687522
          0.7072165692941886
          0.7420772310920717
          0.7669748177101345
          0.8689251122576145
          0.9571453132290072
          0.7669748177101353
          0.8689251122576146
          0.9571453132290079
          0.7669748177101345
          0.8689251122576129
          0.9571453132290093
          0.9742383360401192
          0.8949585697901524
          0.7940368146495459
          0.9742383360401197
          0.8949585697901543
          0.7940368146495471
          0.9742383360401214
          0.8949585697901552
          0.7940368146495459
          0.6078696710489864
          0.624141839415182
          0.6552341092397318
          0.6729232536534528
          0.7119807929157498
          0.884214116228369
          0.8285162925837147
          0.839876676453558
          0.830601044801824
          0.7566461721057826
          0.7145669240199554
          0.8842141162283754
          0.7813110547607981
          0.7557787375612843
          0.9356292688241219
          0.8515533785497177
          0.7178704174854842
          0.8842141162283854
          0.9453888445035827
          0.8013312132704373
          0.7055149062911172
          0.7030031375149135
          0.6649573588371009
          0.642619030791529
          0.9453888445035858
          0.8013312132704313
          0.7364810116799481
          0.8402972009330059
          0.8738079822099456
          0.8637839961790962
          0.9453888445035906
          0.8013312132704591
          0.7730017204670715
          0.9636511883646294
          0.7552129579028248
          0.7468813231886361
          0.7661858660041676
          0.8465846641983967
          0.7661858660044064
          0.8465846641980717
          0.7661858660047997
          0.8465846641974544
          0.9224128908463766
          0.9789140011907972
          0.9224128908466088
          0.9789140011905973
          0.922412890846988
          0.9789140011902122
          0.9745208851922839
          0.9088428598231859
          0.9745208851919998
          0.9088428598235052
          0.9745208851914596
          0.908842859824033
          0.8239286576527911
          0.7371745432958001
          0.8239286576518636
          0.7371745432964723
          0.823928657650092
          0.737174543297575
          1
          1
          1
          1
          1
          1
          1
          1
          1
          1
          1
          1
          1
          1
          1
          1
          1
          1
          1
          1
          1
          1
          1
          1
          1
          1
          1
          1
          1
          1
          1
          1
          1
          1
          1
          1
          1
          1
          1
          1
          1
          1
          1
          1
          1
          1
          1
          1
          0.717085590800286
          0.7615319189302079
          0.8170547490739644
          0.8631064363874886
          0.9166119369686972
          0.9642355757829987
          0.8797973563419546
          0.9040256523321186
          0.9007140248710377
          0.8776300499598141
          0.9166119369686953
          0.9642355757823754
          0.6481274075754496
          0.6683686578158475
          0.9635585153617044
          0.8969162624872491
          0.9166119369686937
          0.9642355757814152
          0.9936084788940142
          0.9824145667211582
          0.9462275045780787
          0.8967291857622975
          0.8517822016878925
          0.8020148877240031
          0.9936084788942042
          0.982414566721155
          0.9462275045780738
          0.896887793894135
          0.8971048806223414
          0.919194847556977
          0.9936084788944634
          0.9824145667211567
          0.9462275045780736
          0.897105580266854
          0.9479933451333108
          0.812053215639061
          0.5973040430710767
          0.7074208704229946
          0.8363703144950981
          0.9546953494155526
          0.5973348849304171
          0.7074208704230801
          0.8363703144951625
          0.9546953494153875
          0.5973809311128981
          0.7074208704232182
          0.8363703144952644
          0.9546953494151158
          0.93544887722828
          0.8101068427884789
          0.6829522389799291
          0.579396143955948
          0.9354488772279504
          0.8101068427883797
          0.6829522389797832
          0.5824327747952418
          0.9354488772274064
          0.8101068427881946
          0.682952238979569
          0.5869678583153266
          0.81504607745144
          0.8599419486099279
          0.9053544490090687
          0.9511241056764614
          0.9841308780431133
          0.9941717973641008
          0.9141056751981822
          0.8905521802880254
          0.9053544490090716
          0.9511241056764596
          0.9841308780431149
          0.9941717973641009
          0.8909122768946627
          0.9283678707565298
          0.9053544490090698
          0.9511241056764593
          0.984130878043114
          0.9941717973641009
          0.9683352748752431
          0.92616117954031
          0.8762654673316719
          0.8321657072191522
          0.7796695980414237
          0.7330921564460103
          0.9683352748752414
          0.9261611795403133
          0.8849256827476232
          0.9019828799567406
          0.9086684507887194
          0.8868298398031659
          0.9683352748752417
          0.9261611795403145
          0.8968502284274118
          0.9740738590464135
          0.7098019100556399
          0.6261911192997924
          0.6801293187014774
          0.7734902856305486
          0.872150823500957
          0.6801293187014774
          0.7734902856305392
          0.8721508235009547
          0.6801293187014793
          0.7734902856305436
          0.872150823500958
          0.9571661808699666
          0.9777753385580035
          0.904019142483065
          0.9571661808699663
          0.9777753385580038
          0.9040191424830645
          0.9571661808699674
          0.977775338558004
          0.904019142483065
          0.7996700612738199
          0.7996700612738199
          0.79967006127382
          0.6969851185402777
          0.6969851185402774
          0.6969851185402778
          1
          1
          1
          1
          1
          1
          1
          1
          1
          1
          1
          1
          1
          1
          1
          1
          1
          1
          1
          1
          1
          1
          1
          1
          1
          1
          1
          1
          1
          1
          1
          1
          1
          1
          1
          1
          1
          1
          1
          1
          1
          1
          1
          1
          1
          1
          1
          1
          1
          1
          1
          1
          1
          1
          1
          1
          1
          1
          1
          1
          1
          1
          1
          1
          1
          1
          1
          1
          1
          1
          1
          1
          1
          1
          1
          1
          1
          1
          1
          1
          1
          1
          1
          1
          1
          1
          1
          1
          1
          1
          1
          1
          1
          1
          1
          1
          1
          1
          1
          1
          1
          1
          1
          1
          1
          1
          1
          1
          1
          1
          1
          1
          1
          1
          1
          1
          1
          1
          1
          1
          1
          1
          1
          1
          1
          1
          1
          1
          1
          1
          1
          1
          1
          1
          1
          1
          1
          1
          1
          1
          1
          1
          1
          1
          1
          1
          1
          1
          1
          1
          1
          1
          1
          1
          1
          1
          1
          1
          1
          1
          1
          1
          1
          1
          1
          1
          1
          1
          1
          1
          1
          1
          1
          1
          1
          1
          1
          1
          1
          1
          1
          1
          1
          1
          1
          1
          1
          1
          1
          1
          1
          1
          1
          1
          1
          1
          1
          1
          1
          1
          1
          1
          1
          1
          1
          1
          1
          1
          1
          1
          1
          1
          0.7220771766939728
          0.7933679316069936
          0.8861718843163107
          0.974670247063729
          0.8437272376732513
          0.8680723769157987
          0.9167389959087838
          0.9759463494741214
          0.8864892532043793
          0.7528476412084467
          0.6615009561223107
          0.9128177437978159
          0.8322004720259768
          0.7961760720315129
          0.7499443212994339
          0.8425881265810092
          0.9456929125542042
          0.8491706634083315
          0.8932793325568146
          0.9569840635575066
          0.9531485930285186
          0.8524146478100193
          0.7591896902086833
          0.9619546553256582
          0.8995818937424428
          0.8552821906491817
          0.650869429517813
          0.7167145571308603
          0.8133686124780117
          0.932075517076934
          0.7970156864250199
          0.8163756223401419
          0.8654686283428642
          0.944172844284468
          0.9936860519883909
          0.9935999969297046
          0.9936522414866389
          0.9938359438703048
          0.9942288904595058
          0.9941069463016465
          0.9941174688919253
          0.9942551348496357
          0.9941347997469537
          0.994314632458465
          0.9945682349098626
          0.9948678577761009
          0.9944781099573511
          0.9945570727209182
          0.9947110232450669
          0.9949143279279252
          0.9491933415618553
          0.8477925891821213
          0.7572452905228374
          0.6918125113769346
          0.9584020289460747
          0.8928023033826326
          0.8472503205599462
          0.8270599098364607
          0.7132791779996019
          0.7938732577605816
          0.9187552749843964
          0.9708269185502012
          0.7639506779329948
          0.7945729184731232
          0.9187552749843964
          0.9708269185502012
          0.8261654241827402
          0.7954878857015207
          0.9187552749843964
          0.9708269185502019
          0.8989487059979132
          0.7967355967847378
          0.9187552749843968
          0.9708269185502015
          0.8854496696067656
          0.7798295484102453
          0.6895028763707451
          0.6332224698963956
          0.5949779235125316
          0.5607440837626497
          0.8854496696067645
          0.779829548410244
          0.7039281322673501
          0.6859502360922479
          0.6804234661589847
          0.6669056051050949
          0.885449669606764
          0.7798295484102449
          0.723900507739533
          0.7572928977643852
          0.7987995824145409
          0.8259039321815365
          0.8854496696067655
          0.7798295484102442
          0.7532347562660018
          0.8526597256702223
          0.9396316604480391
          0.8620286340918939
          0.8279891741594118
          0.8809250157198568
          0.9293661731476911
          0.9684781491639216
          0.9932024708415519
          0.8279891741594114
          0.880925015719857
          0.9293661731476894
          0.968478149163921
          0.9932024708415521
          0.8279891741594124
          0.8809250157198568
          0.9293661731476903
          0.9684781491639214
          0.9932024708415524
          0.827989174159413
          0.8809250157198568
          0.9293661731476901
          0.9684781491639218
          0.9932024708415522
          0.9809886186604185
          0.9369932982044158
          0.877010512845875
          0.8104324550125959
          0.980988618660419
          0.9369932982044158
          0.8770105128458761
          0.810432455012597
          0.9809886186604194
          0.936993298204416
          0.8770105128458772
          0.8104324550125958
          0.9809886186604192
          0.9369932982044159
          0.877010512845877
          0.8104324550125958
          0.5858320884538992
          0.6222283301896968
          0.6642917807169906
          0.7242551745030911
          0.8108843476321501
          0.9027369653816854
          0.683950880814349
          0.6973816388705104
          0.7071408491900293
          0.7327243782494087
          0.8108843476320348
          0.902736965381765
          0.8281326695786335
          0.8008912720701468
          0.76550609270174
          0.7446151774962265
          0.8108843476318485
          0.9027369653818789
          0.8910833696054532
          0.9284451960138146
          0.8457032843894182
          0.7624895583982625
          0.8108843476315335
          0.9027369653820553
          0.9742570678231934
          0.9331437446175673
          0.8217725559015191
          0.7357134504239633
          0.9742570678230783
          0.9331437446176295
          0.8218454199892601
          0.7748447355742755
          0.9742570678229169
          0.9331437446177114
          0.8219424702922493
          0.8240407756053139
          0.974257067822675
          0.9331437446178263
          0.8220781455716629
          0.8848167125954244
          0.6772929343092737
          0.7471186095593618
          0.8553998105509063
          0.9524503714649426
          0.7172668334934181
          0.747705793243545
          0.8553998105508057
          0.9524503714650222
          0.7687610583762204
          0.7484956225173509
          0.8553998105506646
          0.9524503714651323
          0.8351481304347996
          0.749614868309666
          0.8553998105504476
          0.9524503714652873
          0.9826604804421264
          0.9247140914131295
          0.8443267109700557
          0.7596168212125964
          0.7008800284158567
          0.9826604804422479
          0.9247140914131866
          0.8443267109701342
          0.760327511888915
          0.7352954067723689
          0.9826604804424108
          0.9247140914132607
          0.8443267109702388
          0.7612752248797241
          0.7791965996986339
          0.9826604804426381
          0.924714091413364
          0.8443267109703858
          0.762602245868171
          0.8355224943873584
          0.79788360512149
          0.8706224616490371
          0.9520207811500286
          0.9316927421158725
          0.9241690168204806
          0.8735987064399001
          0.9004865944772616
          0.978435540327968
          0.9457046105242914
          0.8227904024582412
          0.8279891697962114
          0.8809250123561285
          0.9293661709259138
          0.9684781480477734
          0.9932024705445902
          0.9809886180177678
          0.9369932959722883
          0.8770105087386282
          0.810432449259985
          0.856550600165913
          0.937304814969682
          0.9727807495139245
          0.8848880426156378
          0.883823637230457
          0.9316140656311824
          0.9450549780105988
          0.95583466230793
          0.8758139551279452
          0.8030276902578056
          0.7491557059071218
          0.8143762355564519
          0.892882191122682
          0.9639346660858363
          0.9865753267188903
          0.9412702331269746
          0.8778347218264861
          0.8126676361562383
          0.7499379620786584
          0.955759798053246
          0.9662848883747904
          0.9760399021808498
          0.984693846324081
          0.9495460906351265
          0.9608187690012431
          0.9713871743305315
          0.9809245608729864
          0.943444758820513
          0.9554047864790743
          0.9667216737655371
          0.9770727255407745
          0.9374867286356355
          0.9500801769037089
          0.9620873664887694
          0.9731894606954609
          0.9316927414039979
          0.9448712380615217
          0.9575164870027578
          0.9693133243083073
          0.9760432697871759
          0.9911431655071201
          0.9958954911374539
          0.9800703014064598
          0.9511659003889953
          0.9814433163729117
          0.9943014679672948
          0.9926822905050313
          0.9735757111189659
          0.9413385278895477
          0.9868208423800577
          0.9970835794312216
          0.9877898524090291
          0.9648889697193073
          0.9288129896449727
          0.9919269786264434
          0.9954660352281871
          0.9804662900688107
          0.9531463222684032
          0.9126200598006771
          0.9963382024240361
          0.989569456990173
          0.9695828068846888
          0.9370813265433948
          0.8913661055850846
          0.9940708731631559
          0.9793297189601019
          0.9534280419528727
          0.9148183003766601
          0.8630282203517398
          0.9688618326728384
          0.9747205221729495
          0.9807180008867782
          0.9866741964581917
          0.9922686685218077
          0.9965517997757195
          0.9896030507821894
          0.9928741711105394
          0.9958790755187509
          0.9949604069411976
          0.989264076088428
          0.979655891811933
          0.9915277903371073
          0.987402207216068
          0.9815945140899226
          0.9734005572455486
          0.9617734553721395
          0.9451370092150296
          0.9638960886034353
          0.9558769481536465
          0.945579689557897
          0.9321715419244566
          0.9144468074249903
          0.8906379956427831
          0.9731662485403318
          0.9642027736852473
          0.9547667463332373
          0.9450549785105141
          0.9790731268993786
          0.9710680889505188
          0.9625124108054204
          0.953609341307469
          0.9846795128667452
          0.977725034295324
          0.9701353377555931
          0.9621205106142356
          0.9898081957737321
          0.9840070680126046
          0.977479069369568
          0.970441538373715
          0.9987915635725965
          0.9987915635725965
          0.9987915635725965
          0.9987915635725961
          0.9987915635725962
          0.9951923717573109
          0.9951923717573109
          0.9951923717573112
          0.995192371757311
          0.9951923717573109
          0.9951923715641409
          0.9951923715641408
          0.9951923715641408
          0.9951923715641408
          0.9987915635645666
          0.9987915635645663
          0.9987915635645663
          0.9987915635645662
          0.9951923717573109
          0.9951923717573109
          0.9951923717573112
          0.995192371757311
          0.9951923717573109
          0.9987915635725964
          0.9987915635725966
          0.9987915635725964
          0.9987915635725966
          0.9987915635725965
          0.9987915635725965
          0.9987915635725966
          0.9987915635725962
          0.9987915635725964
          0.9951923715641409
          0.995192371815993
          0.9951923720493978
          0.9951923722663105
          1
          0.9999999999999998
          1
          1
          1
          1
          1
          1
          0.9936705481060156
          0.9936705481060154
          0.9753798001901253
          0.9753798001901257
          0.9753798008107305
          0.9753798008107306
          0.9936705480580617
          0.9936705480580615
          0.975379799643673
          0.9753797991718084
          0.9936705480580619
          0.9936705480580615
          0.993670548058062
          0.9936705480580617
          0.9753798008107305
          0.9753798008107307
          1
          1
          1
          1
          1
          1
          1
          1
          1
          1
          1
          1
          1
          1
          1
          1
          1
          1
          1
          1
          1
          1
          1
          1
          0.8141352024449774
          0.8982551996794109
          0.9726015636938204
          0.9611231091054233
          0.8833523496696677
          0.8363332658952745
          0.9080101586420468
          0.973811491667096
          0.9644733732924583
          0.8968344722218311
          0.8648448923486793
          0.9205392922019301
          0.9754062783889348
          0.9687782978875014
          0.9140045423693521
          0.901840422990484
          0.9370092757513738
          0.9775998352779165
          0.974464221188682
          0.936161316713289
          0.9483763818609853
          0.9588908828149515
          0.9807920883067703
          0.9821510664616142
          0.9642646364638964
          0.7047445872174822
          0.5755614696551352
          0.4909595815496228
          0.7213780244595916
          0.6000294440470879
          0.5218099462532729
          0.7457726324216094
          0.6364267211042782
          0.5684200566987149
          0.7846613955356968
          0.6955388500376523
          0.6456672400212871
          0.8540890683112765
          0.8030155902112242
          0.7883834307257932
          0.8711823513390415
          0.9439350418587568
          0.8803013313969017
          0.9472987437842316
          0.8932885093862936
          0.9520869887317454
          0.9130758866763748
          0.9594067040435136
          0.9457458207744301
          0.9717424088366164
          0.9918488537771735
          0.9560663908661262
          0.9919876848184582
          0.9588665068537723
          0.9921879304557487
          0.9627939916734384
          0.9925018072015335
          0.9686664548213925
          0.9930637565763284
          0.9782138574411934
          0.8882602726582914
          0.8959451823022659
          0.9069294115457448
          0.9237692696106891
          0.9519266903492724
          0.8086000609608093
          0.8203032176641089
          0.837529418082686
          0.8651481967909194
          0.9148341067775629
          0.5883586843195022
          0.6299823614092858
          0.6782678687327311
          0.7336769035336149
          0.7956593808135356
          0.8615251470259035
          0.6146824673847701
          0.653226160082966
          0.6981622411037554
          0.7499918139804578
          0.8082360711842653
          0.8703363378408789
          0.6541358843522594
          0.6878098166836749
          0.7275612148158482
          0.7739461073420134
          0.8265851117296358
          0.8831047032266878
          0.7187688332576151
          0.7439269756992445
          0.774845520437814
          0.8121502722013365
          0.8556018963516341
          0.9031025038284601
          0.8362107967949572
          0.8451241548911909
          0.8594843074942207
          0.8799962836112448
          0.9066406874754126
          0.9377969753885393
          0.9249403771380921
          0.9695916045258928
          0.9960707113878048
          0.9722800747900019
          0.9284851294444579
          0.8753219327928563
          0.9325118833224794
          0.97219584323981
          0.9961698706437419
          0.9742645374004001
          0.9351096954133333
          0.8883038743956325
          0.9425464891938978
          0.9756634084195768
          0.9963069230523991
          0.9769302367982104
          0.9439269177224868
          0.9055918141918036
          0.9562679479319952
          0.9804632235997752
          0.9963539320490139
          0.9806767146881058
          0.956087871601587
          0.9293076045112831
          0.9752545941591199
          0.9873496821441456
          0.9956321725877154
          0.9862260570908131
          0.9732814981472536
          0.9619250722088011
          0.48354060219569794
          0.5391195432878985
          0.6330397962136622
          0.7928940057969079
          0.5332642468051728
          0.57824180956314
          0.6595454115888847
          0.8054923464735434
          0.6036849191756308
          0.6325395159047589
          0.6958036181442593
          0.8225609293447746
          0.707117495166223
          0.7110265094409312
          0.7476875192144474
          0.8468273607800754
          0.8553939165624822
          0.8261364746876659
          0.8250932215901318
          0.8833958630909386
          0.9741411877462609
          0.8448998776020558
          0.7172899739189894
          0.6330810280180712
          0.580675358647046
          0.9717952906808786
          0.8517190752976581
          0.7398438974708611
          0.6722053779173576
          0.6348350525905854
          0.968385710295803
          0.8605246345799967
          0.7687283251616531
          0.7225804728420722
          0.7056348973641852
          0.9630156693881164
          0.8723023509552599
          0.8065908220938844
          0.7880669503254758
          0.797526161737746
          0.9534582440811602
          0.8887728955635941
          0.8570304954965321
          0.8711300742335611
          0.9068927694693207
          0.6757023699208317
          0.7127996088649288
          0.7669510298319873
          0.8071764119835914
          0.8948320801708685
          0.9759510807841691
          0.8778892436001374
          0.8931414004894729
          0.8731488429877663
          0.8252027788096203
          0.894832080171037
          0.9759510807840315
          0.7013677477587693
          0.7372061015474018
          0.9693386237389751
          0.8470417406037707
          0.8948320801712415
          0.9759510807838374
          0.9402883590453861
          0.8305839794270893
          0.7620113834475177
          0.7191510300268715
          0.6703143912334897
          0.6416771999989606
          0.9402883590448239
          0.8310842204173156
          0.8210357023719872
          0.8628813567826631
          0.8647003152190089
          0.846013461019617
          0.940288359044067
          0.83173879881179
          0.8885928949580084
          0.9298998904687523
          0.7072165692941886
          0.7420772310920718
          0.7669748177101345
          0.8689251122576145
          0.9571453132290073
          0.7669748177101353
          0.8689251122576145
          0.9571453132290079
          0.7669748177101345
          0.8689251122576129
          0.9571453132290093
          0.9742383360401193
          0.8949585697901523
          0.7940368146495459
          0.9742383360401196
          0.8949585697901542
          0.794036814649547
          0.9742383360401214
          0.8949585697901552
          0.7940368146495458
          0.6078696710489861
          0.624141839415182
          0.6552341092397318
          0.672923253653453
          0.7119807929157498
          0.8842141162283691
          0.8285162925837147
          0.839876676453558
          0.830601044801824
          0.7566461721057826
          0.7145669240199554
          0.8842141162283753
          0.7813110547607982
          0.7557787375612843
          0.9356292688241218
          0.8515533785497177
          0.7178704174854841
          0.8842141162283854
          0.9453888445035826
          0.8013312132704372
          0.7055149062911172
          0.7030031375149135
          0.6649573588371009
          0.642619030791529
          0.945388844503586
          0.8013312132704312
          0.7364810116799482
          0.8402972009330059
          0.8738079822099456
          0.8637839961790964
          0.9453888445035906
          0.8013312132704591
          0.7730017204670714
          0.9636511883646294
          0.7552129579028247
          0.7468813231886361
          0.7661858660041674
          0.8465846641983966
          0.7661858660044065
          0.8465846641980717
          0.7661858660047997
          0.8465846641974545
          0.9224128908463766
          0.9789140011907972
          0.9224128908466088
          0.9789140011905973
          0.922412890846988
          0.9789140011902122
          0.9745208851922839
          0.9088428598231859
          0.9745208851919995
          0.9088428598235052
          0.9745208851914596
          0.9088428598240329
          0.823928657652791
          0.7371745432958001
          0.8239286576518636
          0.7371745432964723
          0.8239286576500919
          0.7371745432975751
          1
          1
          1
          1
          1
          1
          1
          1
          1
          1
          1
          1
          1
          1
          1
          1
          1
          1
          1
          1
          1
          1
          1
          1
          1
          1
          1
          1
          1
          1
          1
          1
          1
          1
          1
          1
          1
          1
          1
          1
          1
          1
          1
          1
          1
          1
          1
          1
          0.717085590800286
          0.7615319189302079
          0.8170547490739642
          0.8631064363874885
          0.9166119369686975
          0.9642355757829987
          0.8797973563419547
          0.9040256523321186
          0.9007140248710376
          0.8776300499598142
          0.9166119369686954
          0.9642355757823754
          0.6481274075754496
          0.6683686578158474
          0.9635585153617044
          0.8969162624872491
          0.9166119369686937
          0.9642355757814152
          0.9936084788940139
          0.9824145667211581
          0.9462275045780787
          0.8967291857622975
          0.8517822016878925
          0.802014887724003
          0.9936084788942042
          0.982414566721155
          0.9462275045780737
          0.8968877938941351
          0.8971048806223413
          0.919194847556977
          0.9936084788944632
          0.9824145667211567
          0.9462275045780736
          0.8971055802668539
          0.9479933451333108
          0.812053215639061
          0.5973040430710767
          0.7074208704229946
          0.8363703144950981
          0.9546953494155527
          0.5973348849304171
          0.7074208704230802
          0.8363703144951625
          0.9546953494153874
          0.5973809311128981
          0.7074208704232183
          0.8363703144952643
          0.9546953494151159
          0.93544887722828
          0.8101068427884789
          0.6829522389799291
          0.579396143955948
          0.9354488772279504
          0.8101068427883797
          0.6829522389797832
          0.5824327747952418
          0.9354488772274064
          0.8101068427881947
          0.682952238979569
          0.5869678583153265
          0.8150460774514399
          0.8599419486099278
          0.9053544490090688
          0.9511241056764616
          0.9841308780431134
          0.9941717973641008
          0.9141056751981822
          0.8905521802880253
          0.9053544490090717
          0.9511241056764594
          0.9841308780431152
          0.9941717973641008
          0.8909122768946627
          0.9283678707565298
          0.9053544490090697
          0.9511241056764594
          0.9841308780431142
          0.9941717973641009
          0.9683352748752432
          0.92616117954031
          0.8762654673316719
          0.8321657072191523
          0.7796695980414238
          0.7330921564460103
          0.9683352748752414
          0.9261611795403133
          0.8849256827476232
          0.9019828799567406
          0.9086684507887194
          0.8868298398031658
          0.9683352748752417
          0.9261611795403145
          0.8968502284274119
          0.9740738590464132
          0.7098019100556399
          0.6261911192997925
          0.6801293187014773
          0.7734902856305486
          0.872150823500957
          0.6801293187014773
          0.7734902856305391
          0.8721508235009549
          0.6801293187014793
          0.7734902856305437
          0.8721508235009581
          0.957166180869967
          0.9777753385580035
          0.904019142483065
          0.9571661808699664
          0.9777753385580038
          0.9040191424830645
          0.9571661808699673
          0.977775338558004
          0.9040191424830649
          0.7996700612738199
          0.7996700612738199
          0.79967006127382
          0.6969851185402777
          0.6969851185402774
          0.6969851185402779
          1
          1
          1
          1
          1
          1
          1
          1
          1
          1
          1
          1
          1
          1
          1
          1
          1
          1
          1
          1
          1
          1
          1
          1
          1
          1
          1
          1
          1
          1
          1
          1
          1
          1
          1
          1
          1
          1
          1
          1
          1
          1
          1
          1
          1
          1
          1
          1
          1
          1
          1
          1
          1
          1
          1
          1
          1
          1
          1
          1
          1
          1
          1
          1
          1
          1
          1
          1
          1
          1
          1
          1
          1
          1
          1
          1
          1
          1
          1
          1
          1
          1
          1
          1
          1
          1
          1
          1
          1
          1
          1
          1
          1
          1
          1
          1
          1
          1
          1
          1
          1
          1
          1
          1
          1
          1
          1
          1
          1
          1
          1
          1
          1
          1
          1
          1
          1
          1
          1
          1
          1
          1
          1
          1
          1
          1
          1
          1
          1
          1
          1
          1
          1
          1
          1
          1
          1
          1
          1
          1
          1
          1
          1
          1
          1
          1
          1
          1
          1
          1
          1
          1
          1
          1
          1
          1
          1
          1
          1
          1
          1
          1
          1
          1
          1
          1
          1
          1
          1
          1
          1
          1
          1
          1
          1
          1
          1
          1
          1
          1
          1
          1
          1
          1
          1
          1
          1
          1
          1
          1
          1
          1
          1
          1
          1
          1
          1
          1
          1
          1
          1
          1
          1
          1
          1
          1
          1
          1
          1
          1
          1
          1
          0.7220771766939728
          0.7933679316069937
          0.8861718843163107
          0.974670247063729
          0.8437272376732512
          0.8680723769157986
          0.9167389959087838
          0.9759463494741214
          0.8864892532043794
          0.7528476412084468
          0.6615009561223106
          0.9128177437978158
          0.8322004720259767
          0.796176072031513
          0.7499443212994338
          0.8425881265810092
          0.9456929125542043
          0.8491706634083316
          0.8932793325568147
          0.9569840635575066
          0.9531485930285186
          0.8524146478100194
          0.7591896902086833
          0.9619546553256582
          0.8995818937424428
          0.8552821906491817
          0.6508694295178129
          0.7167145571308604
          0.8133686124780116
          0.932075517076934
          0.7970156864250197
          0.8163756223401419
          0.8654686283428642
          0.944172844284468
          0.9936860519883908
          0.9935999969297047
          0.993652241486639
          0.9938359438703049
          0.9942288904595058
          0.9941069463016466
          0.9941174688919253
          0.9942551348496356
          0.9941347997469536
          0.9943146324584647
          0.9945682349098626
          0.9948678577761009
          0.994478109957351
          0.9945570727209181
          0.9947110232450669
          0.9949143279279252
          0.9491933415618554
          0.8477925891821213
          0.7572452905228374
          0.6918125113769346
          0.958402028946075
          0.8928023033826326
          0.8472503205599462
          0.8270599098364606
          0.7132791779996018
          0.7938732577605817
          0.9187552749843962
          0.9708269185502013
          0.7639506779329948
          0.7945729184731232
          0.9187552749843964
          0.9708269185502012
          0.8261654241827402
          0.795487885701521
          0.9187552749843964
          0.9708269185502018
          0.8989487059979132
          0.7967355967847378
          0.9187552749843968
          0.9708269185502015
          0.8854496696067657
          0.7798295484102453
          0.6895028763707453
          0.6332224698963957
          0.5949779235125316
          0.5607440837626498
          0.8854496696067645
          0.779829548410244
          0.7039281322673501
          0.6859502360922478
          0.6804234661589847
          0.6669056051050949
          0.885449669606764
          0.7798295484102449
          0.723900507739533
          0.757292897764385
          0.7987995824145409
          0.8259039321815365
          0.8854496696067655
          0.7798295484102441
          0.7532347562660019
          0.8526597256702223
          0.9396316604480391
          0.862028634091894
          0.8279891741594118
          0.8809250157198569
          0.9293661731476911
          0.9684781491639216
          0.9932024708415518
          0.8279891741594115
          0.880925015719857
          0.9293661731476894
          0.9684781491639212
          0.9932024708415521
          0.8279891741594125
          0.8809250157198569
          0.9293661731476904
          0.9684781491639214
          0.9932024708415524
          0.8279891741594129
          0.8809250157198569
          0.92936617314769
          0.9684781491639217
          0.9932024708415521
          0.9809886186604185
          0.9369932982044158
          0.8770105128458748
          0.8104324550125959
          0.9809886186604189
          0.9369932982044158
          0.877010512845876
          0.810432455012597
          0.9809886186604194
          0.9369932982044161
          0.8770105128458772
          0.8104324550125956
          0.9809886186604191
          0.9369932982044159
          0.8770105128458772
          0.8104324550125956
          0.5858320884538991
          0.6222283301896968
          0.6642917807169906
          0.7242551745030911
          0.81088434763215
          0.9027369653816854
          0.683950880814349
          0.6973816388705103
          0.7071408491900295
          0.7327243782494087
          0.8108843476320348
          0.9027369653817648
          0.8281326695786335
          0.8008912720701467
          0.7655060927017402
          0.7446151774962264
          0.8108843476318484
          0.9027369653818789
          0.8910833696054532
          0.9284451960138146
          0.8457032843894183
          0.7624895583982625
          0.8108843476315334
          0.9027369653820552
          0.9742570678231935
          0.9331437446175672
          0.8217725559015191
          0.7357134504239632
          0.9742570678230781
          0.9331437446176295
          0.8218454199892601
          0.7748447355742755
          0.9742570678229171
          0.9331437446177114
          0.8219424702922493
          0.8240407756053139
          0.974257067822675
          0.9331437446178263
          0.8220781455716629
          0.8848167125954245
          0.6772929343092738
          0.7471186095593617
          0.8553998105509065
          0.9524503714649427
          0.717266833493418
          0.7477057932435451
          0.8553998105508057
          0.9524503714650222
          0.7687610583762204
          0.7484956225173509
          0.8553998105506646
          0.9524503714651325
          0.8351481304347995
          0.749614868309666
          0.8553998105504477
          0.9524503714652873
          0.9826604804421263
          0.9247140914131294
          0.8443267109700558
          0.7596168212125963
          0.7008800284158567
          0.9826604804422476
          0.9247140914131866
          0.8443267109701345
          0.760327511888915
          0.7352954067723688
          0.9826604804424109
          0.9247140914132608
          0.8443267109702389
          0.7612752248797241
          0.7791965996986339
          0.982660480442638
          0.924714091413364
          0.8443267109703859
          0.7626022458681713
          0.8355224943873585
          1
          1
          1
          1
          1
          1
          1
          1
          1
          1
          1
          1
          1
          1
          1
          1
          1
          1
          1
          1
          1
          1
          1
          1
          1
          1
          1
          1
          1
          1
          1
          1
          1
          1
          1
          1
          1
          1
          1
          1
          1
          1
          1
          1
          1
          1
          1
          1
          1
          1
          1
          1
          1
          1
          1
          1
          1
          1
          1
          1
          1
          1
          1
          1
          1
          1
          1
          1
          0.7220771766939726
          0.7933679316069935
          0.8861718843163107
          0.9746702470637288
          0.8437272376732512
          0.8680723769157987
          0.9167389959087839
          0.9759463494741213
          0.8864892532043793
          0.7528476412084468
          0.6615009561223107
          0.912817743797816
          0.8322004720259767
          0.7961760720315129
          0.7499443212994339
          0.8425881265810092
          0.9456929125542042
          0.8491706634083316
          0.8932793325568145
          0.9569840635575066
          0.9531485930285185
          0.8524146478100194
          0.7591896902086832
          0.9619546553256582
          0.8995818937424427
          0.8552821906491817
          0.6508694295178129
          0.7167145571308603
          0.8133686124780116
          0.932075517076934
          0.7970156864250199
          0.8163756223401419
          0.8654686283428641
          0.9441728442844681
          0.9936860519883908
          0.9935999969297045
          0.9936522414866391
          0.9938359438703048
          0.9942288904595059
          0.9941069463016466
          0.9941174688919252
          0.9942551348496357
          0.9941347997469536
          0.9943146324584649
          0.9945682349098626
          0.9948678577761008
          0.9944781099573512
          0.9945570727209181
          0.994711023245067
          0.9949143279279253
          0.9491933415618553
          0.8477925891821213
          0.7572452905228374
          0.6918125113769346
          0.9584020289460747
          0.8928023033826326
          0.8472503205599462
          0.8270599098364608
          0.713279177999602
          0.7938732577605817
          0.9187552749843965
          0.9708269185502011
          0.7639506779329948
          0.7945729184731232
          0.9187552749843964
          0.9708269185502011
          0.8261654241827402
          0.7954878857015208
          0.9187552749843962
          0.9708269185502018
          0.8989487059979131
          0.7967355967847379
          0.9187552749843967
          0.9708269185502016
          0.8854496696067659
          0.7798295484102452
          0.6895028763707451
          0.6332224698963957
          0.5949779235125316
          0.5607440837626498
          0.8854496696067646
          0.779829548410244
          0.7039281322673501
          0.6859502360922479
          0.6804234661589847
          0.6669056051050949
          0.885449669606764
          0.7798295484102449
          0.7239005077395331
          0.757292897764385
          0.7987995824145409
          0.8259039321815365
          0.8854496696067655
          0.7798295484102441
          0.753234756266002
          0.8526597256702223
          0.9396316604480389
          0.862028634091894
          0.8279891741594118
          0.8809250157198569
          0.929366173147691
          0.9684781491639217
          0.9932024708415518
          0.8279891741594114
          0.8809250157198568
          0.9293661731476894
          0.9684781491639212
          0.993202470841552
          0.8279891741594125
          0.8809250157198568
          0.9293661731476904
          0.9684781491639214
          0.9932024708415523
          0.827989174159413
          0.8809250157198568
          0.92936617314769
          0.9684781491639218
          0.9932024708415522
          0.9809886186604184
          0.9369932982044159
          0.8770105128458748
          0.810432455012596
          0.9809886186604189
          0.9369932982044158
          0.8770105128458761
          0.8104324550125971
          0.9809886186604194
          0.936993298204416
          0.8770105128458773
          0.8104324550125958
          0.9809886186604192
          0.9369932982044159
          0.877010512845877
          0.8104324550125958
          0.5858320884538992
          0.6222283301896968
          0.6642917807169907
          0.7242551745030911
          0.81088434763215
          0.9027369653816851
          0.683950880814349
          0.6973816388705103
          0.7071408491900295
          0.7327243782494088
          0.8108843476320348
          0.9027369653817648
          0.8281326695786335
          0.8008912720701467
          0.7655060927017401
          0.7446151774962265
          0.8108843476318484
          0.9027369653818788
          0.8910833696054532
          0.9284451960138147
          0.8457032843894183
          0.7624895583982624
          0.8108843476315335
          0.9027369653820554
          0.9742570678231935
          0.9331437446175673
          0.8217725559015191
          0.7357134504239633
          0.9742570678230783
          0.9331437446176296
          0.8218454199892601
          0.7748447355742756
          0.9742570678229169
          0.9331437446177113
          0.8219424702922493
          0.8240407756053137
          0.9742570678226748
          0.9331437446178263
          0.8220781455716629
          0.8848167125954244
          0.677292934309274
          0.7471186095593618
          0.8553998105509063
          0.9524503714649426
          0.717266833493418
          0.747705793243545
          0.8553998105508058
          0.9524503714650223
          0.7687610583762204
          0.748495622517351
          0.8553998105506646
          0.9524503714651322
          0.8351481304347995
          0.7496148683096658
          0.8553998105504476
          0.9524503714652873
          0.9826604804421263
          0.9247140914131295
          0.8443267109700557
          0.7596168212125963
          0.7008800284158567
          0.9826604804422477
          0.9247140914131866
          0.8443267109701343
          0.760327511888915
          0.7352954067723688
          0.9826604804424108
          0.9247140914132608
          0.844326710970239
          0.7612752248797241
          0.7791965996986339
          0.9826604804426381
          0.924714091413364
          0.8443267109703858
          0.762602245868171
          0.8355224943873584
        </DataArray>
        <DataArray type="Float64" Name="skew" NumberOfComponents="1" format="ascii">
          0.02459571172306998
          0.02459571172307054
          0.02459571172307123
          0.024595711723071675
          0.024595711723072265
          0.07360923082288441
          0.07360923082288441
          0.07360923082288441
          0.07360923082288441
          0.0736092308228844
          0.07360923189175261
          0.07360923189175202
          0.07360923189175134
          0.07360923189175256
          0.024595711804888218
          0.02459571180488889
          0.02459571180488991
          0.024595711804890542
          0.07360923082288523
          0.07360923082288358
          0.07360923082288441
          0.07360923082288358
          0.07360923082288523
          0.024595711723073448
          0.02459571172307179
          0.024595711723073444
          0.02459571172307179
          0.024595711723073448
          0.024595711723073118
          0.024595711723071803
          0.024595711723073115
          0.024595711723073115
          0.07360923046280184
          0.07360922799487032
          0.0736092257044565
          0.0736092235730709
          0.0000000023082588601160017
          0.000000006924775196672866
          0
          0
          0
          0
          0.000000001154389560984289
          0.0000000034631668380526805
          0.05643449581061762
          0.056434495810617546
          0.16718702186810727
          0.16718702186810633
          0.1671870206578586
          0.16718702065785862
          0.056434496025757744
          0.05643449602575774
          0.16718702344680572
          0.1671870257139173
          0.05643449602575681
          0.05643449602575851
          0.05643449602575698
          0.0564344960257585
          0.16718702065785787
          0.16718702065785937
          0
          0
          0
          0
          0
          0
          0
          0
          0
          0
          0.0000000000000008832712960968461
          0
          0
          0
          0
          0
          0
          0
          0
          0
          0
          0
          0
          0
          0.5018692656069725
          0.3342593070284155
          0.10434553160475145
          0.15017782414824374
          0.36819269324095083
          0.46163196247429744
          0.3092951274332279
          0.09828942731117787
          0.1359693129736474
          0.3359863961089769
          0.4029994688256883
          0.274077935060119
          0.08987870827371379
          0.11617359796386072
          0.29013567195492374
          0.31141676537147556
          0.2209626491135574
          0.07741234248752973
          0.08673566554188246
          0.22033727167211994
          0.1556506432567571
          0.13286841816726144
          0.05703888105169907
          0.03852806027516288
          0.10400775995197617
          0.604451946079045
          0.7649519414047504
          0.8400312242393666
          0.5811964107865102
          0.7405907331983682
          0.815303968807262
          0.5433110174274001
          0.6992730140604682
          0.7713939891858634
          0.4715812932588166
          0.616220778711748
          0.6769262228791242
          0.294022681694438
          0.39260583182535913
          0.39919472705264886
          0.40841510875901155
          0.22857035362637004
          0.3874804846955924
          0.2164264808968827
          0.35453754190203113
          0.19761761433879832
          0.2954812421353419
          0.16463979593107045
          0.1622933117270971
          0.092305278663618
          0.01869889391706036
          0.19084232692633593
          0.017389764565681646
          0.1794187200602714
          0.015403984130928252
          0.16200615977728106
          0.012034173203462995
          0.1322647625816947
          0.005059886333378348
          0.07024569070300869
          0.37444928814879314
          0.3552951111582584
          0.32511420889687526
          0.2708212182596052
          0.14694821651395093
          0.521319371220477
          0.5001262523434896
          0.465469657803566
          0.399155387638552
          0.2288077347176987
          0.7845044934913231
          0.7481159249162537
          0.7003050674846346
          0.6367964928023615
          0.5521802497471233
          0.4406638513617714
          0.7587240550479444
          0.722940768608256
          0.6759746635271384
          0.6136342036682556
          0.5306355424080873
          0.42135032065896116
          0.7139838335733147
          0.6800863709232715
          0.6353006233354686
          0.5755495959941465
          0.49572975981334766
          0.3904522119983352
          0.6207416807510906
          0.5933212886879923
          0.5551437000384474
          0.5023292436693355
          0.43008476881546354
          0.33343258727794317
          0.3559702318649221
          0.3561230889356659
          0.343853061988603
          0.3158515105106824
          0.2681018284450117
          0.1965904825129776
          0.306540655046265
          0.16369705303390603
          0.005738895791620023
          0.1529291445647804
          0.2975629862699679
          0.41920017354518757
          0.2835092160804828
          0.1510528986037652
          0.004413529516606628
          0.14286978763174993
          0.27694327978452404
          0.3894011857793569
          0.2496058149861024
          0.132652261393504
          0.0024931037972940745
          0.12825012219647317
          0.24666874732669117
          0.34490295664658954
          0.19505433139469747
          0.10344859956224063
          0.0005390930546044758
          0.10508167401575462
          0.198097190198989
          0.27205032073030855
          0.09433757288700631
          0.05020140177470336
          0.006041553547604367
          0.06288071993822796
          0.10858463816253823
          0.13534469996267084
          0.8476239092889384
          0.801774498718119
          0.6987385258216986
          0.43630303040458046
          0.8085863069472567
          0.7668688532780543
          0.668758825821065
          0.41399376705370183
          0.740943734857685
          0.7101528874725677
          0.6227986034353672
          0.3812939887473619
          0.6088326346553637
          0.6074109195019495
          0.545130419844078
          0.3290489146868883
          0.32214587470124045
          0.39565662757807085
          0.39464187031091347
          0.23381513705520066
          0.010935768804656883
          0.3914440099459477
          0.617503792248655
          0.7252343728997304
          0.7774841695060574
          0.019729772177922825
          0.37783541070408083
          0.5872683429662549
          0.6826609648545546
          0.7245329868248244
          0.031596256064927976
          0.35931790117632795
          0.5446548762535657
          0.6193959142775262
          0.6407090003149553
          0.04847713863623315
          0.33269483630142827
          0.48094157968292656
          0.5194871247143441
          0.4999192035808674
          0.07437186201514077
          0.291300440939047
          0.3781597709638087
          0.35206989854175613
          0.2578298886033455
          0.6218253073066061
          0.5761261410485836
          0.5517894215267928
          0.5138734584671989
          0.33964729764258006
          0.0852959931762151
          0.2056543507298742
          0.19171821483446896
          0.3541428306835088
          0.48341898005180356
          0.3396472976421745
          0.08529599317677682
          0.46115508696429314
          0.4066287933329733
          0.06316446213737763
          0.4431023261721423
          0.339647297641696
          0.08529599317754451
          0.2027682241195819
          0.45845797087651835
          0.5733969542012153
          0.5951926254662708
          0.6290503860371677
          0.6664437176898009
          0.20276822412098816
          0.4575474044342379
          0.4779260730937637
          0.32990445320792566
          0.23868574793543307
          0.28123464074588933
          0.20276822412284212
          0.4563295024657516
          0.33814667351325656
          0.10012792700631057
          0.43119433846456395
          0.4007166002731677
          0.5751735782394238
          0.3997334587667016
          0.1666946681010864
          0.5751735782394228
          0.39973345876669863
          0.16669466810108746
          0.5751735782394259
          0.3997334587667052
          0.16669466810108347
          0.09750271001583116
          0.3428734243456088
          0.5342647086278511
          0.09750271001583054
          0.34287342434560725
          0.5342647086278469
          0.097502710015827
          0.34287342434560364
          0.5342647086278535
          0.7000067628346938
          0.6796841229213642
          0.6679715176589176
          0.6856386038541886
          0.6031178398995956
          0.2808399260650695
          0.3131381122319736
          0.2865061131657261
          0.3808439251665176
          0.5782886587757785
          0.599791949469688
          0.28083992606506575
          0.36349292404329997
          0.389053990590371
          0.0965003352866244
          0.4177542910501492
          0.5954380407364731
          0.2808399260650517
          0.14242582560942993
          0.47898674573596955
          0.6470466371281998
          0.6369990971234482
          0.6310397412116736
          0.6577688856499736
          0.14242582560941985
          0.4789867457359753
          0.6083036661131195
          0.4177346142334229
          0.22292312254339255
          0.23538606311747584
          0.14242582560941897
          0.47898674573594374
          0.5574189226684986
          0.09102190736201707
          0.4032578724282097
          0.42477118914916706
          0.5915643224167481
          0.4639300265091667
          0.5915643224163685
          0.4639300265095815
          0.5915643224157038
          0.4639300265103066
          0.29930187991900314
          0.10311168559965543
          0.2993018799182784
          0.10311168560040508
          0.2993018799170164
          0.10311168560172265
          0.11498497918125708
          0.32577252655327243
          0.11498497918222068
          0.3257725265523564
          0.11498497918390581
          0.3257725265507479
          0.4974185565925952
          0.6257421815951731
          0.4974185565936864
          0.6257421815941965
          0.49741855659559064
          0.6257421815924785
          0.00000000000000012038562337450519
          0.00000000000000012038562337450519
          0.00000000000000012038562337450519
          0.00000000000000012038562337450425
          0.000000000000001348021835727263
          0.0000000000000016125730610839806
          0.00000000000000012038562337450519
          0.0000000000000018533443078329923
          0.000000000000004067845485789498
          0.00000000000000284020927343674
          0.0000000000000013480218357272635
          0.0000000000000006257080954802338
          0.0000000000000006019281313766703
          0.00000000000000012038562627533406
          0.000000000000000842699383927345
          0.000000000000000361156878826005
          0.0000000000000007223137576520044
          0.00000000000000024077125255066813
          0.000000000000002816429315134837
          0.0000000000000016125730523814913
          0.0000000000000024552724363088328
          0.0000000000000019737299312074946
          0.0000000000000008426993839273385
          0.0000000000000003611568788260022
          0.0000000000000004815425051013363
          0.0000000000000010106449210048144
          0.0000000000000010106449210048294
          0.0000000000000014921874261061606
          0.0000000000000014921874261061614
          0.0000000000000004815425051013363
          0.0000000000000004815425051013363
          0.0000000000000024552724363088395
          0.000000000000002455272436308833
          0.0000000000000014921874261061614
          0.0000000000000014921874261061626
          0
          0.00000000000000006019281168725259
          0.00000000000000006019281168725259
          0.0000000000000004815424934980207
          0.0000000000000004815424934980207
          0.000000000000001492187437709475
          0.0000000000000024552724247055183
          0.0000000000000009868649656037485
          0.0000000000000009868649656037481
          0.0000000000000009868649656037487
          0.0000000000000009868649656037481
          0
          0
          0.5881265217851187
          0.5273937113206952
          0.48142938691266657
          0.4433750036372344
          0.3349737279971898
          0.19067862689570075
          0.2244449773887138
          0.18236947256493957
          0.2922713040745093
          0.4118448150161785
          0.33497372799717823
          0.19067862689763568
          0.47036196261275154
          0.4445035981282395
          0.020179919062671366
          0.36477051670810495
          0.33497372799719366
          0.19067862690049595
          0.037665116602358426
          0.1134029830118579
          0.2570344271897471
          0.3852983458049492
          0.44853303167245673
          0.4786215066110505
          0.03766511660040424
          0.1134029830118655
          0.2570344271897617
          0.3849129424415107
          0.34633233425084753
          0.1886027161200821
          0.03766511659765536
          0.11340298301186057
          0.2570344271897576
          0.3843682780742336
          0.19082987178675448
          0.29477023298455235
          0.7604149893681543
          0.6374187706306451
          0.4353325919546122
          0.13850739917028307
          0.7603847792923947
          0.6374187706305318
          0.4353325919544817
          0.13850739917072794
          0.760337577492478
          0.6374187706303458
          0.43533259195426643
          0.1385073991714208
          0.20075250580877332
          0.4824441039694469
          0.6675807498734466
          0.7770210016683857
          0.20075250580951082
          0.4824441039695756
          0.6675807498735564
          0.7741678678633976
          0.20075250581066204
          0.482444103969781
          0.6675807498737341
          0.7696583830328413
          0.4731586682629744
          0.4444748014492864
          0.36887653728856445
          0.24480864860263032
          0.10749274392830566
          0.03622940975372072
          0.23285918409511605
          0.3755338581171487
          0.36887653728856656
          0.2448086486026291
          0.10749274392829061
          0.036229409753732164
          0.17419530750754394
          0.26933329197595596
          0.36887653728856723
          0.24480864860263535
          0.10749274392829213
          0.03622940975373217
          0.18013268324311033
          0.3155210088509265
          0.42447414010162515
          0.4664422106600234
          0.5086644679894872
          0.5699800806776317
          0.18013268324311313
          0.31552100885092066
          0.4046984285753429
          0.30532623832602845
          0.19014886441237847
          0.21252758580923425
          0.18013268324311307
          0.3155210088509172
          0.3748951845779963
          0.038291907216930515
          0.39563111924947997
          0.4840958837247758
          0.6882316087011398
          0.5680278390347073
          0.3963642527865084
          0.6882316087011403
          0.5680278390347141
          0.39636425278651105
          0.6882316087011356
          0.5680278390347114
          0.3963642527865074
          0.17072320557109796
          0.0848841061867549
          0.3249952628163484
          0.17072320557109744
          0.08488410618675118
          0.3249952628163484
          0.17072320557109272
          0.0848841061867484
          0.3249952628163484
          0.5219208068631476
          0.5219208068631479
          0.5219208068631475
          0.6647645048460127
          0.6647645048460128
          0.6647645048460126
          0.0000000000000018376105235175038
          0.000000000000001837610523517497
          0.0000000000000017665426000008354
          0.0000000000000017665426000008354
          0.00000000000000005742532885992199
          0.00000000000000005742532885992177
          0.000000000000003675221047035007
          0.000000000000007350442094069988
          0.00000000000000551283157055247
          0.0000000000000002297013154396888
          0.0000000000000002760222812501286
          0.000000000000001837610523517497
          0.0000000000000018376105235175038
          0.000000000000005512831570552491
          0.000000000000003746288970551649
          0.0000000000000017665426000008415
          0.0000000000000003312267375001578
          0.000000000000001837610523517497
          0.0000000000000036041531235183325
          0.000000000000003533085200001671
          0.00000000000000007106792351667471
          0.00000000000000007106792351666795
          0.000000000000007208306247036678
          0.00000000000000007106792351666745
          0.0000000000000017665426000008354
          0.000000000000005441763647035836
          0.000000000000003675221047034993
          0.000000000000003533085200001671
          0.000000000000005370695723519156
          0.0000000000000018376105235175038
          0.00000000000000007106792351666795
          0.0000000000000018376105235175038
          0.0000000000000017665426000008415
          0.000000000000001837610523517497
          0.000000000000005441763647035816
          0.00000000000000007106792351665495
          0.000000000000005441763639228713
          0.0000000000000001421358626475965
          0.0000000000000053706957079048875
          0.0000000000000016954746608698872
          0.000000000000005299627776581077
          0.000000000000003533085184387385
          0.0000000000000018376105235175105
          0.0000000000000036041531157111765
          0.0000000000000016954746608698815
          0.000000000000005370695707904882
          0.0000000000000017665425921936922
          0.00000000000000022970131543968546
          0.0000000000000036041531157112025
          0.000000000000000172275986579765
          0.00000000000000005742532885992177
          0.00000000000000022970131543968797
          0.000000000000003533085184387385
          0.000000000000003533085184387385
          0.0000000000000018376105235175034
          0.0000000000000018376105235175034
          0
          0.00000000000000005742532885992177
          0.00000000000000005742532885992177
          0
          0.000000000000003604153115711189
          0.00000000000000007106793132380424
          0.00000000000000005742532885992177
          0.0000000000000017665425921936924
          0.0000000000000017665425921936924
          0.00000000000000022970131543968797
          0
          0.00000000000000022081782402421156
          0.00000000000000022081782402421156
          0
          0.00000000000000005742532885992177
          0.00000000000000005742532885992177
          0.0000000000000054592551739937404
          0.0000000000000016069152260095743
          0
          0.000000000000003533085200001671
          0.000000000000007066170400003342
          0.000000000000003533085200001671
          0.000000000000003852339947984136
          0.000000000000007704679895968392
          0.000000000000005778509921976249
          0.000000000000001766542600000823
          0.000000000000003533085200001646
          0.00000000000000369271257399292
          0.0000000000000016069152260096015
          0.000000000000009311595121977936
          0.000000000000005778509921976249
          0.0000000000000017665426000008417
          0.000000000000003533085200001683
          0.000000000000003692712573992925
          0.000000000000001926170020405345
          0.00000000000000006019281313766703
          0.000000000000001926170020405345
          0.0000000000000016069151795963122
          0.00000000000000031925484080899197
          0.00000000000000899234042040865
          0.000000000000010599255600005013
          0.00000000000000031925484080903413
          0.000000000000003213830359192597
          0
          0.00000000000000160691517959627
          0.00000000000000545925522040703
          0.000000000000008673085579599641
          0.0000000000000054592552204070045
          0.000000000000007066170400003367
          0.000000000000005459255220407002
          0.00000000000000385234004081066
          0.0000000000000016069151795963394
          0.00000000000000385234004081069
          0.000000000000007385425225198102
          0.000000000000008673085532756836
          0.00000000000001605851075795491
          0.000000000000003533085184387385
          0.000000000000003533085184387385
          0.000000000000001926170020405345
          0.000000000000005140000348369372
          0.000000000000016058510757954843
          0.00000000000001573925590153154
          0.000000000000010599255553162154
          0.0000000000000002407712525506663
          0.000000000000001926170020405345
          0.0000000000000016069151639820237
          0.000000000000003533085184387385
          0.0000000000000035330851843873845
          0.000000000000007066170368774769
          0.000000000000003533085184387385
          0.0000000000000016069152103953155
          0.0000000000000019261699739920684
          0.000000000000003533085184387385
          0.000000000000003533085184387397
          0.00000000000000006019281168725306
          0.000000000000003533085184387385
          0.000000000000001926169973992083
          0.000000000000001926169973992083
          0.00000000000000006019281168725259
          0
          0.0000000000000017665425921936922
          0.0000000000000017665425921936922
          0.000000000000003533085184387385
          0.00000000000000022081782402421156
          0.000000000000003533085184387385
          0.000000000000003533085184387385
          0.0000000000000017665425921936924
          0.0000000000000017665425921936924
          0.00000000000000019100042291716308
          0.00000000000000028650063437574464
          0.0000000000000023159463994867812
          0.0000000000000022052999140182076
          0.00000000000000019100042291716278
          0.00000000000000006938894337588123
          0.0000000000000022204461880281995
          0.000000000000002235592462038193
          0.00000000000000038200084583432615
          0.0000000000000005730012687514884
          0.0000000000000003820008458343262
          0.00000000000000038200084583432556
          0.00000000000000005204170753191095
          0.0000000000000003820008458343256
          0
          0.0000000000000003820008472952514
          0.00000000000000038200084729525134
          0
          0.0000000000000003820008472952514
          0.00000000000000038200084729525134
          0.00000000000000019100042364762567
          0.00000000000000019100042364762567
          0.0000000000000002865006354714385
          0.0000000000000002865006354714385
          0
          0
          0.00000000000000014093898848951802
          0.00000000000000014093898848951802
          0.00000000000000038200084583432615
          0.00000000000000038200084583432615
          0.00000000000000038200084583432556
          0.0000000000000007640016916686511
          0
          0
          0
          0
          0
          0
          0
          0
          0
          0
          0
          0
          0
          0
          0.000000000000001126355654754581
          0.000000000000001126355654754581
          0.000000000000001126355654754581
          0.000000000000001126355654754581
          0.0000000000000017665426000008354
          0.0000000000000017665426000008291
          0.00000000000000005520445625002611
          0.0000000000000017665426000008354
          0.0000000000000017665426000008291
          0.00000000000000005520445625002611
          0.0000000000000011263556499922846
          0.0000000000000011263556499922846
          0.0000000000000011263556499922846
          0.0000000000000002430843538954405
          0.00000000000000005520445600605289
          0.00000000000000005520445600605289
          0
          0.00000000000000005520445600605289
          0.00000000000000005520445600605289
          0
          0.00000000000000005520445600605289
          0.00000000000000005520445600605289
          0.5929942737297904
          0.497964763071156
          0.32765260308004474
          0.06860725818278905
          0.332331847019887
          0.3175858960459378
          0.22918678760894357
          0.06029486127312461
          0.2737779297315891
          0.5341920085976385
          0.6544930013697171
          0.18486925636003068
          0.35484384450928547
          0.3896180529876347
          0.5543522532986493
          0.4072409417171381
          0.16268442475185943
          0.3216267527894791
          0.2596138857574236
          0.10766704209585079
          0.14019257343096952
          0.3892293355893019
          0.5415061085442321
          0.09450978766631406
          0.2479655701981095
          0.31242945335404526
          0.6720218537405347
          0.5988815902938136
          0.45280575321315236
          0.18610317857703942
          0.39204256052115677
          0.3934706011147778
          0.3201657214496665
          0.13486457295429305
          0.01278181213183677
          0.013085577506005135
          0.01217247783967486
          0.010114482902069928
          0.006321077473636566
          0.00710337331980499
          0.006668731820936631
          0.005089155077731906
          0.008139182570890942
          0.006449490530757161
          0.004130778883666597
          0.0014211353117145084
          0.00394445845762824
          0.003453246240850487
          0.0023330217331262713
          0.000821880520632538
          0.15296073238731778
          0.4009899383530413
          0.549186155101496
          0.6284001651879819
          0.10891839206760898
          0.2752341414464525
          0.3493162406227953
          0.3538573103684038
          0.635575278607551
          0.5128329921007888
          0.2521410704940556
          0.07757016506035147
          0.5655848116336075
          0.5117062978002849
          0.2521410704940578
          0.07757016506034915
          0.4612599156871313
          0.5101996036163202
          0.2521410704940555
          0.07757016506035065
          0.3008742642168501
          0.5080817000003431
          0.2521410704940534
          0.07757016506035284
          0.36004101060449395
          0.5530418822122772
          0.673643601587467
          0.7305138679600776
          0.7592396768386961
          0.7821377828177698
          0.3600410106044954
          0.5530418822122793
          0.6558862508012835
          0.6702703677458347
          0.661716244066411
          0.6592788762077846
          0.36004101060449556
          0.5530418822122791
          0.6291832166195395
          0.56987623033107
          0.47478145844254116
          0.37700366035901794
          0.3600410106044946
          0.5530418822122781
          0.5848164010891103
          0.3883535047926113
          0.11588961372723959
          0.18832667526792388
          0.5190332005146315
          0.4232978835178617
          0.31098616869658985
          0.1840047647710784
          0.04713874154504506
          0.5190332005146319
          0.42329788351786246
          0.310986168696591
          0.18400476477107888
          0.04713874154504539
          0.51903320051463
          0.42329788351786124
          0.3109861686965926
          0.18400476477107885
          0.047138741545043196
          0.5190332005146309
          0.4232978835178627
          0.31098616869659296
          0.18400476477107827
          0.04713874154504354
          0.10965474110026315
          0.27438163703688356
          0.41816416568188197
          0.5362708071491301
          0.10965474110026224
          0.27438163703688184
          0.41816416568188236
          0.5362708071491279
          0.1096547411002605
          0.2743816370368843
          0.41816416568188003
          0.5362708071491296
          0.10965474110026155
          0.27438163703688523
          0.41816416568188003
          0.5362708071491311
          0.7633872845393016
          0.7374532886218169
          0.7026229133405024
          0.6378656818113957
          0.513938094831994
          0.33368229256146065
          0.6459338586135387
          0.6479971767880037
          0.6505504018589007
          0.6265132699310632
          0.5139380948321365
          0.33368229256125315
          0.3884589218609199
          0.4824048495642446
          0.5654410878258221
          0.609494688249152
          0.5139380948323539
          0.333682292560947
          0.13142196815650878
          0.16474382023327616
          0.41222699176073613
          0.5812330837350146
          0.5139380948326996
          0.333682292560451
          0.0770031232172161
          0.22516198538967294
          0.47465387272952253
          0.6095006468134324
          0.07700312321765339
          0.22516198538948223
          0.47452461700970033
          0.5528417730895127
          0.07700312321825697
          0.22516198538921756
          0.47434851355792773
          0.46895207255422633
          0.07700312321911794
          0.22516198538884286
          0.4740944558586882
          0.33813874351151785
          0.6860480862169471
          0.5985017738113086
          0.41993931021240205
          0.17438046761609
          0.6371846484860095
          0.5976843418682612
          0.4199393102125548
          0.1743804676157901
          0.5636119780673327
          0.596555605584587
          0.4199393102127605
          0.17438046761537165
          0.4457082206099786
          0.5948959229548741
          0.4199393102130642
          0.17438046761475803
          0.07697258805485334
          0.2874972329793503
          0.4635402325316882
          0.5972777431433656
          0.6679554409253258
          0.0769725880541025
          0.2874972329791884
          0.46354023253153764
          0.5962691072395466
          0.624161046735666
          0.0769725880530719
          0.28749723297896673
          0.46354023253133436
          0.5948895667993758
          0.5599340745681739
          0.07697258805158683
          0.28749723297865115
          0.4635402325310406
          0.5928884716329145
          0.4599615747314148
          0.2516719593194636
          0.3646928113184435
          0.14040988921963374
          0.140053317862443
          0.1544645982965995
          0.28320887762506214
          0.27894485691181176
          0.09686297382876939
          0.08512673689386048
          0.26201741379815857
          0.5190332069183903
          0.42329788951433817
          0.31098617373822746
          0.1840047682674104
          0.04713874303089807
          0.10965474259575128
          0.2743816418025646
          0.41816417257446886
          0.536270814985605
          0.20573665395284663
          0.026069943585019795
          0.1471732106136173
          0.31203819464383037
          0.27793313208962067
          0.15207176688735963
          0.12623367415725978
          0.14006249360895026
          0.36171296711153317
          0.2986386049753843
          0.4092305273882055
          0.4890515507237356
          0.33111328919166877
          0.11944691489764807
          0.04125337438682235
          0.22992785242766592
          0.38958934981480653
          0.5121151438342472
          0.4413141256749092
          0.2657534700297157
          0.22739415702057098
          0.18572865335282676
          0.14057351057567247
          0.2862039672238685
          0.24806102570735633
          0.20659214256112898
          0.1616061326906298
          0.30498473172229595
          0.26705706240542915
          0.22578654021160172
          0.1809749084431556
          0.32227199734340045
          0.28455675932828095
          0.24348415959679628
          0.1988494609554511
          0.3382209728271103
          0.30071408043883174
          0.25983735616925996
          0.21538010890541323
          0.16386633774470158
          0.0740757621239772
          0.024694655217625972
          0.13057563443041045
          0.2404694461299846
          0.13588901105083911
          0.04582965379624935
          0.05297032615326977
          0.15857529847733354
          0.26783711335464716
          0.10336011835819983
          0.013079643968133034
          0.08565573514912152
          0.19083550237082753
          0.29925627870936433
          0.06520687207424387
          0.02520918914591889
          0.1237347694742149
          0.2282745764331886
          0.3355650487607749
          0.02005360301608897
          0.07035191976435214
          0.16844402314436688
          0.2720313108275331
          0.3777853481039308
          0.033851122141407085
          0.12400261039695833
          0.22131573965477727
          0.32349035032525614
          0.4271295276372963
          0.18582760368466844
          0.15956834534629202
          0.129067361707651
          0.09331987639546076
          0.051027908602134
          0.0005183595013981738
          0.07434315090786722
          0.04773296907274243
          0.016925342528321747
          0.01904525735466914
          0.06141351661608428
          0.11174999987396551
          0.050704479545522874
          0.07730970187512994
          0.10800081691293112
          0.14368538332854172
          0.1855093863302662
          0.2349060778724728
          0.18516430425397187
          0.21129505915066746
          0.24131891900332725
          0.27606469280443185
          0.31656214852850134
          0.36407063751848756
          0.19836749131320225
          0.23506915552455962
          0.26878538147778325
          0.299753821878334
          0.17043215316636562
          0.2073505888470744
          0.2413026822083766
          0.27251960864518043
          0.13982160408238886
          0.17694237321487932
          0.2111203476724888
          0.2425794288419137
          0.10623550039988144
          0.14353653579234626
          0.1779237234021983
          0.20961277435338424
          0.02459571172306998
          0.02459571172307054
          0.02459571172307123
          0.024595711723071675
          0.024595711723072265
          0.07360923082288441
          0.07360923082288441
          0.07360923082288441
          0.07360923082288441
          0.0736092308228844
          0.07360923189175261
          0.07360923189175202
          0.07360923189175134
          0.07360923189175256
          0.024595711804888218
          0.02459571180488889
          0.02459571180488991
          0.024595711804890542
          0.07360923082288523
          0.07360923082288358
          0.07360923082288441
          0.07360923082288358
          0.07360923082288523
          0.024595711723073448
          0.02459571172307179
          0.024595711723073444
          0.02459571172307179
          0.024595711723073448
          0.024595711723073118
          0.024595711723071803
          0.024595711723073115
          0.024595711723073115
          0.07360923046280184
          0.07360922799487032
          0.0736092257044565
          0.0736092235730709
          0.0000000023082588601160017
          0.000000006924775196672866
          0
          0
          0
          0
          0.000000001154389560984289
          0.0000000034631668380526805
          0.05643449581061762
          0.056434495810617546
          0.16718702186810727
          0.16718702186810633
          0.1671870206578586
          0.16718702065785862
          0.056434496025757744
          0.05643449602575774
          0.16718702344680572
          0.1671870257139173
          0.05643449602575681
          0.05643449602575851
          0.05643449602575698
          0.0564344960257585
          0.16718702065785787
          0.16718702065785937
          0
          0
          0
          0
          0
          0
          0
          0
          0
          0
          0.0000000000000008832712960968461
          0
          0
          0
          0
          0
          0
          0
          0
          0
          0
          0
          0
          0
          0.5018692656069725
          0.3342593070284155
          0.10434553160475145
          0.15017782414824374
          0.36819269324095083
          0.46163196247429744
          0.3092951274332279
          0.09828942731117787
          0.1359693129736474
          0.3359863961089769
          0.4029994688256883
          0.274077935060119
          0.08987870827371379
          0.11617359796386072
          0.29013567195492374
          0.31141676537147556
          0.2209626491135574
          0.07741234248752973
          0.08673566554188246
          0.22033727167211994
          0.1556506432567571
          0.13286841816726144
          0.05703888105169907
          0.03852806027516288
          0.10400775995197617
          0.604451946079045
          0.7649519414047504
          0.8400312242393666
          0.5811964107865102
          0.7405907331983682
          0.815303968807262
          0.5433110174274001
          0.6992730140604682
          0.7713939891858634
          0.4715812932588166
          0.616220778711748
          0.6769262228791242
          0.294022681694438
          0.39260583182535913
          0.39919472705264886
          0.40841510875901155
          0.22857035362637004
          0.3874804846955924
          0.2164264808968827
          0.35453754190203113
          0.19761761433879832
          0.2954812421353419
          0.16463979593107045
          0.1622933117270971
          0.092305278663618
          0.01869889391706036
          0.19084232692633593
          0.017389764565681646
          0.1794187200602714
          0.015403984130928252
          0.16200615977728106
          0.012034173203462995
          0.1322647625816947
          0.005059886333378348
          0.07024569070300869
          0.37444928814879314
          0.3552951111582584
          0.32511420889687526
          0.2708212182596052
          0.14694821651395093
          0.521319371220477
          0.5001262523434896
          0.465469657803566
          0.399155387638552
          0.2288077347176987
          0.7845044934913231
          0.7481159249162537
          0.7003050674846346
          0.6367964928023615
          0.5521802497471233
          0.4406638513617714
          0.7587240550479444
          0.722940768608256
          0.6759746635271384
          0.6136342036682556
          0.5306355424080873
          0.42135032065896116
          0.7139838335733147
          0.6800863709232715
          0.6353006233354686
          0.5755495959941465
          0.49572975981334766
          0.3904522119983352
          0.6207416807510906
          0.5933212886879923
          0.5551437000384474
          0.5023292436693355
          0.43008476881546354
          0.33343258727794317
          0.3559702318649221
          0.3561230889356659
          0.343853061988603
          0.3158515105106824
          0.2681018284450117
          0.1965904825129776
          0.306540655046265
          0.16369705303390603
          0.005738895791620023
          0.1529291445647804
          0.2975629862699679
          0.41920017354518757
          0.2835092160804828
          0.1510528986037652
          0.004413529516606628
          0.14286978763174993
          0.27694327978452404
          0.3894011857793569
          0.2496058149861024
          0.132652261393504
          0.0024931037972940745
          0.12825012219647317
          0.24666874732669117
          0.34490295664658954
          0.19505433139469747
          0.10344859956224063
          0.0005390930546044758
          0.10508167401575462
          0.198097190198989
          0.27205032073030855
          0.09433757288700631
          0.05020140177470336
          0.006041553547604367
          0.06288071993822796
          0.10858463816253823
          0.13534469996267084
          0.8476239092889384
          0.801774498718119
          0.6987385258216986
          0.43630303040458046
          0.8085863069472567
          0.7668688532780543
          0.668758825821065
          0.41399376705370183
          0.740943734857685
          0.7101528874725677
          0.6227986034353672
          0.3812939887473619
          0.6088326346553637
          0.6074109195019495
          0.545130419844078
          0.3290489146868883
          0.32214587470124045
          0.39565662757807085
          0.39464187031091347
          0.23381513705520066
          0.010935768804656883
          0.3914440099459477
          0.617503792248655
          0.7252343728997304
          0.7774841695060574
          0.019729772177922825
          0.37783541070408083
          0.5872683429662549
          0.6826609648545546
          0.7245329868248244
          0.031596256064927976
          0.35931790117632795
          0.5446548762535657
          0.6193959142775262
          0.6407090003149553
          0.04847713863623315
          0.33269483630142827
          0.48094157968292656
          0.5194871247143441
          0.4999192035808674
          0.07437186201514077
          0.291300440939047
          0.3781597709638087
          0.35206989854175613
          0.2578298886033455
          0.6218253073066061
          0.5761261410485836
          0.5517894215267928
          0.5138734584671989
          0.33964729764258006
          0.0852959931762151
          0.2056543507298742
          0.19171821483446896
          0.3541428306835088
          0.48341898005180356
          0.3396472976421745
          0.08529599317677682
          0.46115508696429314
          0.4066287933329733
          0.06316446213737763
          0.4431023261721423
          0.339647297641696
          0.08529599317754451
          0.2027682241195819
          0.45845797087651835
          0.5733969542012153
          0.5951926254662708
          0.6290503860371677
          0.6664437176898009
          0.20276822412098816
          0.4575474044342379
          0.4779260730937637
          0.32990445320792566
          0.23868574793543307
          0.28123464074588933
          0.20276822412284212
          0.4563295024657516
          0.33814667351325656
          0.10012792700631057
          0.43119433846456395
          0.4007166002731677
          0.5751735782394238
          0.3997334587667016
          0.1666946681010864
          0.5751735782394228
          0.39973345876669863
          0.16669466810108746
          0.5751735782394259
          0.3997334587667052
          0.16669466810108347
          0.09750271001583116
          0.3428734243456088
          0.5342647086278511
          0.09750271001583054
          0.34287342434560725
          0.5342647086278469
          0.097502710015827
          0.34287342434560364
          0.5342647086278535
          0.7000067628346938
          0.6796841229213642
          0.6679715176589176
          0.6856386038541886
          0.6031178398995956
          0.2808399260650695
          0.3131381122319736
          0.2865061131657261
          0.3808439251665176
          0.5782886587757785
          0.599791949469688
          0.28083992606506575
          0.36349292404329997
          0.389053990590371
          0.0965003352866244
          0.4177542910501492
          0.5954380407364731
          0.2808399260650517
          0.14242582560942993
          0.47898674573596955
          0.6470466371281998
          0.6369990971234482
          0.6310397412116736
          0.6577688856499736
          0.14242582560941985
          0.4789867457359753
          0.6083036661131195
          0.4177346142334229
          0.22292312254339255
          0.23538606311747584
          0.14242582560941897
          0.47898674573594374
          0.5574189226684986
          0.09102190736201707
          0.4032578724282097
          0.42477118914916706
          0.5915643224167481
          0.4639300265091667
          0.5915643224163685
          0.4639300265095815
          0.5915643224157038
          0.4639300265103066
          0.29930187991900314
          0.10311168559965543
          0.2993018799182784
          0.10311168560040508
          0.2993018799170164
          0.10311168560172265
          0.11498497918125708
          0.32577252655327243
          0.11498497918222068
          0.3257725265523564
          0.11498497918390581
          0.3257725265507479
          0.4974185565925952
          0.6257421815951731
          0.4974185565936864
          0.6257421815941965
          0.49741855659559064
          0.6257421815924785
          0.00000000000000012038562337450519
          0.00000000000000012038562337450519
          0.00000000000000012038562337450519
          0.00000000000000012038562337450425
          0.000000000000001348021835727263
          0.0000000000000016125730610839806
          0.00000000000000012038562337450519
          0.0000000000000018533443078329923
          0.000000000000004067845485789498
          0.00000000000000284020927343674
          0.0000000000000013480218357272635
          0.0000000000000006257080954802338
          0.0000000000000006019281313766703
          0.00000000000000012038562627533406
          0.000000000000000842699383927345
          0.000000000000000361156878826005
          0.0000000000000007223137576520044
          0.00000000000000024077125255066813
          0.000000000000002816429315134837
          0.0000000000000016125730523814913
          0.0000000000000024552724363088328
          0.0000000000000019737299312074946
          0.0000000000000008426993839273385
          0.0000000000000003611568788260022
          0.0000000000000004815425051013363
          0.0000000000000010106449210048144
          0.0000000000000010106449210048294
          0.0000000000000014921874261061606
          0.0000000000000014921874261061614
          0.0000000000000004815425051013363
          0.0000000000000004815425051013363
          0.0000000000000024552724363088395
          0.000000000000002455272436308833
          0.0000000000000014921874261061614
          0.0000000000000014921874261061626
          0
          0.00000000000000006019281168725259
          0.00000000000000006019281168725259
          0.0000000000000004815424934980207
          0.0000000000000004815424934980207
          0.000000000000001492187437709475
          0.0000000000000024552724247055183
          0.0000000000000009868649656037485
          0.0000000000000009868649656037481
          0.0000000000000009868649656037487
          0.0000000000000009868649656037481
          0
          0
          0.5881265217851187
          0.5273937113206952
          0.48142938691266657
          0.4433750036372344
          0.3349737279971898
          0.19067862689570075
          0.2244449773887138
          0.18236947256493957
          0.2922713040745093
          0.4118448150161785
          0.33497372799717823
          0.19067862689763568
          0.47036196261275154
          0.4445035981282395
          0.020179919062671366
          0.36477051670810495
          0.33497372799719366
          0.19067862690049595
          0.037665116602358426
          0.1134029830118579
          0.2570344271897471
          0.3852983458049492
          0.44853303167245673
          0.4786215066110505
          0.03766511660040424
          0.1134029830118655
          0.2570344271897617
          0.3849129424415107
          0.34633233425084753
          0.1886027161200821
          0.03766511659765536
          0.11340298301186057
          0.2570344271897576
          0.3843682780742336
          0.19082987178675448
          0.29477023298455235
          0.7604149893681543
          0.6374187706306451
          0.4353325919546122
          0.13850739917028307
          0.7603847792923947
          0.6374187706305318
          0.4353325919544817
          0.13850739917072794
          0.760337577492478
          0.6374187706303458
          0.43533259195426643
          0.1385073991714208
          0.20075250580877332
          0.4824441039694469
          0.6675807498734466
          0.7770210016683857
          0.20075250580951082
          0.4824441039695756
          0.6675807498735564
          0.7741678678633976
          0.20075250581066204
          0.482444103969781
          0.6675807498737341
          0.7696583830328413
          0.4731586682629744
          0.4444748014492864
          0.36887653728856445
          0.24480864860263032
          0.10749274392830566
          0.03622940975372072
          0.23285918409511605
          0.3755338581171487
          0.36887653728856656
          0.2448086486026291
          0.10749274392829061
          0.036229409753732164
          0.17419530750754394
          0.26933329197595596
          0.36887653728856723
          0.24480864860263535
          0.10749274392829213
          0.03622940975373217
          0.18013268324311033
          0.3155210088509265
          0.42447414010162515
          0.4664422106600234
          0.5086644679894872
          0.5699800806776317
          0.18013268324311313
          0.31552100885092066
          0.4046984285753429
          0.30532623832602845
          0.19014886441237847
          0.21252758580923425
          0.18013268324311307
          0.3155210088509172
          0.3748951845779963
          0.038291907216930515
          0.39563111924947997
          0.4840958837247758
          0.6882316087011398
          0.5680278390347073
          0.3963642527865084
          0.6882316087011403
          0.5680278390347141
          0.39636425278651105
          0.6882316087011356
          0.5680278390347114
          0.3963642527865074
          0.17072320557109796
          0.0848841061867549
          0.3249952628163484
          0.17072320557109744
          0.08488410618675118
          0.3249952628163484
          0.17072320557109272
          0.0848841061867484
          0.3249952628163484
          0.5219208068631476
          0.5219208068631479
          0.5219208068631475
          0.6647645048460127
          0.6647645048460128
          0.6647645048460126
          0.0000000000000018376105235175038
          0.000000000000001837610523517497
          0.0000000000000017665426000008354
          0.0000000000000017665426000008354
          0.00000000000000005742532885992199
          0.00000000000000005742532885992178
          0.000000000000003675221047035007
          0.000000000000007350442094069988
          0.00000000000000551283157055247
          0.0000000000000002297013154396888
          0.0000000000000002760222812501286
          0.000000000000001837610523517497
          0.0000000000000018376105235175038
          0.000000000000005512831570552491
          0.000000000000003746288970551649
          0.0000000000000017665426000008415
          0.0000000000000003312267375001578
          0.000000000000001837610523517497
          0.0000000000000036041531235183325
          0.000000000000003533085200001671
          0.00000000000000007106792351667471
          0.00000000000000007106792351666795
          0.000000000000007208306247036678
          0.00000000000000007106792351666745
          0.0000000000000017665426000008354
          0.000000000000005441763647035836
          0.000000000000003675221047034993
          0.000000000000003533085200001671
          0.000000000000005370695723519156
          0.0000000000000018376105235175038
          0.00000000000000007106792351666795
          0.0000000000000018376105235175038
          0.0000000000000017665426000008415
          0.000000000000001837610523517497
          0.000000000000005441763647035816
          0.00000000000000007106792351665495
          0.000000000000005441763639228713
          0.0000000000000001421358626475965
          0.0000000000000053706957079048875
          0.0000000000000016954746608698872
          0.000000000000005299627776581077
          0.000000000000003533085184387385
          0.0000000000000018376105235175105
          0.0000000000000036041531157111765
          0.0000000000000016954746608698815
          0.000000000000005370695707904882
          0.0000000000000017665425921936922
          0.00000000000000022970131543968546
          0.0000000000000036041531157112025
          0.000000000000000172275986579765
          0.00000000000000005742532885992178
          0.0000000000000002297013154396879
          0.000000000000003533085184387385
          0.000000000000003533085184387385
          0.0000000000000018376105235175034
          0.0000000000000018376105235175034
          0
          0.00000000000000005742532885992178
          0.00000000000000005742532885992178
          0
          0.000000000000003604153115711189
          0.00000000000000007106793132380424
          0.00000000000000005742532885992178
          0.0000000000000017665425921936924
          0.0000000000000017665425921936924
          0.0000000000000002297013154396879
          0
          0.00000000000000022081782402421156
          0.00000000000000022081782402421156
          0
          0.00000000000000005742532885992178
          0.00000000000000005742532885992178
          0.0000000000000054592551739937404
          0.0000000000000016069152260095743
          0
          0.000000000000003533085200001671
          0.000000000000007066170400003342
          0.000000000000003533085200001671
          0.000000000000003852339947984136
          0.000000000000007704679895968392
          0.000000000000005778509921976249
          0.000000000000001766542600000823
          0.000000000000003533085200001646
          0.00000000000000369271257399292
          0.0000000000000016069152260096015
          0.000000000000009311595121977936
          0.000000000000005778509921976249
          0.0000000000000017665426000008417
          0.000000000000003533085200001683
          0.000000000000003692712573992925
          0.000000000000001926170020405345
          0.00000000000000006019281313766703
          0.000000000000001926170020405345
          0.0000000000000016069151795963122
          0.00000000000000031925484080899197
          0.00000000000000899234042040865
          0.000000000000010599255600005013
          0.00000000000000031925484080903413
          0.000000000000003213830359192597
          0
          0.00000000000000160691517959627
          0.00000000000000545925522040703
          0.000000000000008673085579599641
          0.0000000000000054592552204070045
          0.000000000000007066170400003367
          0.000000000000005459255220407002
          0.00000000000000385234004081066
          0.0000000000000016069151795963394
          0.00000000000000385234004081069
          0.000000000000007385425225198102
          0.000000000000008673085532756836
          0.00000000000001605851075795491
          0.000000000000003533085184387385
          0.000000000000003533085184387385
          0.000000000000001926170020405345
          0.000000000000005140000348369372
          0.000000000000016058510757954843
          0.00000000000001573925590153154
          0.000000000000010599255553162154
          0.0000000000000002407712525506663
          0.000000000000001926170020405345
          0.0000000000000016069151639820237
          0.000000000000003533085184387385
          0.0000000000000035330851843873845
          0.000000000000007066170368774769
          0.000000000000003533085184387385
          0.0000000000000016069152103953155
          0.0000000000000019261699739920684
          0.000000000000003533085184387385
          0.000000000000003533085184387397
          0.00000000000000006019281168725305
          0.000000000000003533085184387385
          0.000000000000001926169973992083
          0.000000000000001926169973992083
          0.00000000000000006019281168725259
          0
          0.0000000000000017665425921936922
          0.0000000000000017665425921936922
          0.000000000000003533085184387385
          0.00000000000000022081782402421156
          0.000000000000003533085184387385
          0.000000000000003533085184387385
          0.0000000000000017665425921936924
          0.0000000000000017665425921936924
          0.00000000000000019100042291716308
          0.00000000000000028650063437574464
          0.0000000000000023159463994867812
          0.0000000000000022052999140182076
          0.00000000000000019100042291716278
          0.00000000000000013877788675176247
          0.0000000000000022204461880281995
          0.000000000000002235592462038193
          0.00000000000000038200084583432615
          0.0000000000000005730012687514884
          0.0000000000000003820008458343262
          0.00000000000000038200084583432556
          0.00000000000000015612512259573286
          0.0000000000000003820008458343256
          0.000000000000000052041707531910913
          0.0000000000000003820008472952514
          0.00000000000000038200084729525134
          0.000000000000000052041707531910913
          0.0000000000000003820008472952514
          0.00000000000000038200084729525134
          0.00000000000000019100042364762567
          0.00000000000000019100042364762567
          0.0000000000000002865006354714385
          0.0000000000000002865006354714385
          0
          0
          0.00000000000000014093898848951802
          0.00000000000000014093898848951802
          0.00000000000000038200084583432615
          0.00000000000000038200084583432615
          0.00000000000000038200084583432556
          0.0000000000000007640016916686511
          0
          0
          0
          0
          0
          0
          0
          0
          0
          0
          0
          0
          0.00000000000000005520445625002611
          0.00000000000000005520445625002611
          0.000000000000001126355654754581
          0.000000000000001126355654754581
          0.000000000000001126355654754581
          0.000000000000001126355654754581
          0.0000000000000017665426000008354
          0.0000000000000017665426000008291
          0
          0.0000000000000017665426000008354
          0.0000000000000017665426000008291
          0
          0.0000000000000011263556499922846
          0.0000000000000011263556499922846
          0.0000000000000011263556499922846
          0.0000000000000002430843538954405
          0.00000000000000016561336801815868
          0.00000000000000016561336801815868
          0.00000000000000005520445600605289
          0.00000000000000005520445600605289
          0
          0.00000000000000005520445600605289
          0.00000000000000005520445600605289
          0
          0.5929942737297904
          0.497964763071156
          0.32765260308004474
          0.06860725818278905
          0.332331847019887
          0.3175858960459378
          0.22918678760894357
          0.06029486127312461
          0.2737779297315891
          0.5341920085976385
          0.6544930013697171
          0.18486925636003068
          0.35484384450928547
          0.3896180529876347
          0.5543522532986493
          0.4072409417171381
          0.16268442475185943
          0.3216267527894791
          0.2596138857574236
          0.10766704209585079
          0.14019257343096952
          0.3892293355893019
          0.5415061085442321
          0.09450978766631406
          0.2479655701981095
          0.31242945335404526
          0.6720218537405347
          0.5988815902938136
          0.45280575321315236
          0.18610317857703942
          0.39204256052115677
          0.3934706011147778
          0.3201657214496665
          0.13486457295429305
          0.01278181213183677
          0.013085577506005135
          0.01217247783967486
          0.010114482902069928
          0.006321077473636566
          0.00710337331980499
          0.006668731820936631
          0.005089155077731906
          0.008139182570890942
          0.006449490530757161
          0.004130778883666597
          0.0014211353117145084
          0.00394445845762824
          0.003453246240850487
          0.0023330217331262713
          0.000821880520632538
          0.15296073238731778
          0.4009899383530413
          0.549186155101496
          0.6284001651879819
          0.10891839206760898
          0.2752341414464525
          0.3493162406227953
          0.3538573103684038
          0.635575278607551
          0.5128329921007888
          0.2521410704940556
          0.07757016506035147
          0.5655848116336075
          0.5117062978002849
          0.2521410704940578
          0.07757016506034915
          0.4612599156871313
          0.5101996036163202
          0.2521410704940555
          0.07757016506035065
          0.3008742642168501
          0.5080817000003431
          0.2521410704940534
          0.07757016506035284
          0.36004101060449395
          0.5530418822122772
          0.673643601587467
          0.7305138679600776
          0.7592396768386961
          0.7821377828177698
          0.3600410106044954
          0.5530418822122793
          0.6558862508012835
          0.6702703677458347
          0.661716244066411
          0.6592788762077846
          0.36004101060449556
          0.5530418822122791
          0.6291832166195395
          0.56987623033107
          0.47478145844254116
          0.37700366035901794
          0.3600410106044946
          0.5530418822122781
          0.5848164010891103
          0.3883535047926113
          0.11588961372723959
          0.18832667526792388
          0.5190332005146315
          0.4232978835178617
          0.31098616869658985
          0.1840047647710784
          0.04713874154504506
          0.5190332005146319
          0.42329788351786246
          0.310986168696591
          0.18400476477107888
          0.04713874154504539
          0.51903320051463
          0.42329788351786124
          0.3109861686965926
          0.18400476477107885
          0.047138741545043196
          0.5190332005146309
          0.4232978835178627
          0.31098616869659296
          0.18400476477107827
          0.04713874154504354
          0.10965474110026315
          0.27438163703688356
          0.41816416568188197
          0.5362708071491301
          0.10965474110026224
          0.27438163703688184
          0.41816416568188236
          0.5362708071491279
          0.1096547411002605
          0.2743816370368843
          0.41816416568188003
          0.5362708071491296
          0.10965474110026155
          0.27438163703688523
          0.41816416568188003
          0.5362708071491311
          0.7633872845393016
          0.7374532886218169
          0.7026229133405024
          0.6378656818113957
          0.513938094831994
          0.33368229256146065
          0.6459338586135387
          0.6479971767880037
          0.6505504018589007
          0.6265132699310632
          0.5139380948321365
          0.33368229256125315
          0.3884589218609199
          0.4824048495642446
          0.5654410878258221
          0.609494688249152
          0.5139380948323539
          0.333682292560947
          0.13142196815650878
          0.16474382023327616
          0.41222699176073613
          0.5812330837350146
          0.5139380948326996
          0.333682292560451
          0.0770031232172161
          0.22516198538967294
          0.47465387272952253
          0.6095006468134324
          0.07700312321765339
          0.22516198538948223
          0.47452461700970033
          0.5528417730895127
          0.07700312321825697
          0.22516198538921756
          0.47434851355792773
          0.46895207255422633
          0.07700312321911794
          0.22516198538884286
          0.4740944558586882
          0.33813874351151785
          0.6860480862169471
          0.5985017738113086
          0.41993931021240205
          0.17438046761609
          0.6371846484860095
          0.5976843418682612
          0.4199393102125548
          0.1743804676157901
          0.5636119780673327
          0.596555605584587
          0.4199393102127605
          0.17438046761537165
          0.4457082206099786
          0.5948959229548741
          0.4199393102130642
          0.17438046761475803
          0.07697258805485334
          0.2874972329793503
          0.4635402325316882
          0.5972777431433656
          0.6679554409253258
          0.0769725880541025
          0.2874972329791884
          0.46354023253153764
          0.5962691072395466
          0.624161046735666
          0.0769725880530719
          0.28749723297896673
          0.46354023253133436
          0.5948895667993758
          0.5599340745681739
          0.07697258805158683
          0.28749723297865115
          0.4635402325310406
          0.5928884716329145
          0.4599615747314148
          0.00000000000000019100042291716308
          0.00000000000000028650063437574464
          0.0000000000000023159463994867812
          0.0000000000000022052999140182076
          0.00000000000000019100042291716278
          0.00000000000000006938894337588123
          0.0000000000000022204461880281995
          0.000000000000002235592462038193
          0.00000000000000038200084583432615
          0.0000000000000005730012687514884
          0.0000000000000003820008458343262
          0.00000000000000038200084583432556
          0.00000000000000010408341506382191
          0.0000000000000003820008458343256
          0.000000000000000052041707531910913
          0.0000000000000003820008472952514
          0.00000000000000038200084729525134
          0.000000000000000052041707531910913
          0.0000000000000003820008472952514
          0.00000000000000038200084729525134
          0.00000000000000019100042364762567
          0.00000000000000019100042364762567
          0.0000000000000002865006354714385
          0.0000000000000002865006354714385
          0
          0
          0.00000000000000014093898848951802
          0.00000000000000014093898848951802
          0.00000000000000038200084583432615
          0.00000000000000038200084583432615
          0.00000000000000038200084583432556
          0.0000000000000007640016916686511
          0
          0
          0
          0
          0
          0
          0
          0
          0
          0
          0
          0
          0.0000000000000000552044562500261
          0.0000000000000000552044562500261
          0.000000000000001126355654754581
          0.000000000000001126355654754581
          0.000000000000001126355654754581
          0.000000000000001126355654754581
          0.0000000000000017665426000008354
          0.0000000000000017665426000008291
          0.0000000000000000552044562500261
          0.0000000000000008832713000004177
          0.0000000000000008832713000004146
          0.0000000000000000552044562500261
          0.0000000000000011263556499922846
          0.00000000000000024308435389543736
          0.0000000000000011263556499922846
          0.0000000000000011263556499922857
          0.00000000000000011040891201210577
          0.00000000000000011040891201210577
          0.00000000000000005520445600605288
          0.00000000000000011040891201210577
          0.00000000000000005520445600605288
          0.00000000000000005520445600605288
          0.00000000000000011040891201210577
          0.00000000000000005520445600605288
          0.5929942737297904
          0.497964763071156
          0.32765260308004474
          0.06860725818278905
          0.332331847019887
          0.3175858960459378
          0.22918678760894357
          0.06029486127312461
          0.2737779297315891
          0.5341920085976385
          0.6544930013697171
          0.18486925636003068
          0.35484384450928547
          0.3896180529876347
          0.5543522532986493
          0.4072409417171381
          0.16268442475185943
          0.3216267527894791
          0.2596138857574236
          0.10766704209585079
          0.14019257343096952
          0.3892293355893019
          0.5415061085442321
          0.09450978766631406
          0.2479655701981095
          0.31242945335404526
          0.6720218537405347
          0.5988815902938136
          0.45280575321315236
          0.18610317857703942
          0.39204256052115677
          0.3934706011147778
          0.3201657214496665
          0.13486457295429305
          0.01278181213183677
          0.013085577506005135
          0.01217247783967486
          0.010114482902069928
          0.006321077473636566
          0.00710337331980499
          0.006668731820936631
          0.005089155077731906
          0.008139182570890942
          0.006449490530757161
          0.004130778883666597
          0.0014211353117145084
          0.00394445845762824
          0.003453246240850487
          0.0023330217331262713
          0.000821880520632538
          0.15296073238731778
          0.4009899383530413
          0.549186155101496
          0.6284001651879819
          0.10891839206760898
          0.2752341414464525
          0.3493162406227953
          0.3538573103684038
          0.635575278607551
          0.5128329921007888
          0.2521410704940556
          0.07757016506035147
          0.5655848116336075
          0.5117062978002849
          0.2521410704940578
          0.07757016506034915
          0.4612599156871313
          0.5101996036163202
          0.2521410704940555
          0.07757016506035065
          0.3008742642168501
          0.5080817000003431
          0.2521410704940534
          0.07757016506035284
          0.36004101060449395
          0.5530418822122772
          0.673643601587467
          0.7305138679600776
          0.7592396768386961
          0.7821377828177698
          0.3600410106044954
          0.5530418822122793
          0.6558862508012835
          0.6702703677458347
          0.661716244066411
          0.6592788762077846
          0.36004101060449556
          0.5530418822122791
          0.6291832166195395
          0.56987623033107
          0.47478145844254116
          0.37700366035901794
          0.3600410106044946
          0.5530418822122781
          0.5848164010891103
          0.3883535047926113
          0.11588961372723959
          0.18832667526792388
          0.5190332005146315
          0.4232978835178617
          0.31098616869658985
          0.1840047647710784
          0.04713874154504506
          0.5190332005146319
          0.42329788351786246
          0.310986168696591
          0.18400476477107888
          0.04713874154504539
          0.51903320051463
          0.42329788351786124
          0.3109861686965926
          0.18400476477107885
          0.047138741545043196
          0.5190332005146309
          0.4232978835178627
          0.31098616869659296
          0.18400476477107827
          0.04713874154504354
          0.10965474110026315
          0.27438163703688356
          0.41816416568188197
          0.5362708071491301
          0.10965474110026224
          0.27438163703688184
          0.41816416568188236
          0.5362708071491279
          0.1096547411002605
          0.2743816370368843
          0.41816416568188003
          0.5362708071491296
          0.10965474110026155
          0.27438163703688523
          0.41816416568188003
          0.5362708071491311
          0.7633872845393016
          0.7374532886218169
          0.7026229133405024
          0.6378656818113957
          0.513938094831994
          0.33368229256146065
          0.6459338586135387
          0.6479971767880037
          0.6505504018589007
          0.6265132699310632
          0.5139380948321365
          0.33368229256125315
          0.3884589218609199
          0.4824048495642446
          0.5654410878258221
          0.609494688249152
          0.5139380948323539
          0.333682292560947
          0.13142196815650878
          0.16474382023327616
          0.41222699176073613
          0.5812330837350146
          0.5139380948326996
          0.333682292560451
          0.0770031232172161
          0.22516198538967294
          0.47465387272952253
          0.6095006468134324
          0.07700312321765339
          0.22516198538948223
          0.47452461700970033
          0.5528417730895127
          0.07700312321825697
          0.22516198538921756
          0.47434851355792773
          0.46895207255422633
          0.07700312321911794
          0.22516198538884286
          0.4740944558586882
          0.33813874351151785
          0.6860480862169471
          0.5985017738113086
          0.41993931021240205
          0.17438046761609
          0.6371846484860095
          0.5976843418682612
          0.4199393102125548
          0.1743804676157901
          0.5636119780673327
          0.596555605584587
          0.4199393102127605
          0.17438046761537165
          0.4457082206099786
          0.5948959229548741
          0.4199393102130642
          0.17438046761475803
          0.07697258805485334
          0.2874972329793503
          0.4635402325316882
          0.5972777431433656
          0.6679554409253258
          0.0769725880541025
          0.2874972329791884
          0.46354023253153764
          0.5962691072395466
          0.624161046735666
          0.0769725880530719
          0.28749723297896673
          0.46354023253133436
          0.5948895667993758
          0.5599340745681739
          0.07697258805158683
          0.28749723297865115
          0.4635402325310406
          0.5928884716329145
          0.4599615747314148
        </DataArray>
        <DataArray type="Float64" Name="aspect_ratio" NumberOfComponents="1" format="ascii">
          1.5365109944027475
          1.4604416364080777
          1.451107267122005
          1.451107267122005
          1.451107267122005
          1.5365109741000607
          1.4604416180659108
          1.4476085774218799
          1.4476085774218799
          1.4476085774218794
          1.6321507006301563
          1.7534185732353325
          1.8941530737661285
          2.059450599349234
          1.632150721630479
          1.753418593066945
          1.8941530917681806
          2.059450614553163
          1.527708071603589
          1.4786352510549985
          1.4476085774218799
          1.4476085774218799
          1.4476085774218794
          1.5314003518085255
          1.4822089283623805
          1.4511072671220044
          1.4511072671220047
          1.4511072671220044
          1.2693925625483524
          1.318583985994498
          1.367775409440642
          1.4169668328867884
          1.2663319986250237
          1.3154048209112097
          1.3644776431973937
          1.4135504654835758
          1.5203682841890054
          1.5203682841890065
          1.52036828250736
          1.520368282507362
          1.520368282507362
          1.520368282507362
          1.5203682921929835
          1.5203682921929835
          1.6906128074653135
          1.9733463638060984
          1.6906127869812886
          1.9733463470570833
          1.4787439771076112
          1.3151685593360884
          1.4787439959123858
          1.331817647261219
          1.4659604526813967
          1.5774184699798937
          1.484518458826374
          1.597387450877894
          1.3716494667748647
          1.331817647261219
          1.3545024402117667
          1.3151685593360884
          1.542187746467969
          1.5421877464679636
          1.542187746467969
          1.542187746467969
          1.5421877464679636
          1.542187746467969
          1.5421877396523505
          1.5421877396523505
          1.5421877396523505
          1.5421877396523505
          1.5421877396523505
          1.5421877396523505
          1.542187746467969
          1.5421877464679636
          1.542187746467969
          1.542187746467969
          1.5421877464679636
          1.542187746467969
          1.5421877396523505
          1.5421877396523505
          1.5421877396523505
          1.5421877396523505
          1.5421877396523505
          1.5421877396523505
          2.154304129494202
          2.4894141759358437
          2.7012790185591853
          2.6668075713479986
          2.4078410592295416
          2.154304129494199
          2.4894141759358352
          2.7012790185591866
          2.6668075713480017
          2.4078410592295567
          2.1543041294941934
          2.4894141759358313
          2.7012790185591853
          2.6668075713479995
          2.407841059229542
          2.541579726302692
          2.489414175935841
          2.7012790185591835
          2.666807571348002
          2.5045758518966816
          3.3165561552770493
          3.2631670899522685
          3.23980508906641
          3.245722550659007
          3.2811090349968666
          2.2207194856088406
          1.6625997975482394
          1.2838207487445203
          1.9467633119116936
          1.460840373108473
          1.1311932357662462
          1.9467633119116863
          1.4608403731084774
          1.4426969632948279
          1.9544661769949379
          2.0084718461145576
          2.0806310303539295
          3.2002706730483044
          3.3025190460578546
          3.4412052415422214
          1.1356299642486738
          1.2366607953638553
          1.1428272784666946
          1.15930029298976
          1.4590693761445137
          1.446859044223953
          2.0111251308300284
          1.9844644462890249
          3.191114153843034
          3.1455392771919533
          1.2834257280758712
          1.2521288902758527
          1.1998991048774974
          1.1711195379343575
          1.4181109481716363
          1.4218429523259968
          1.9122456938065353
          1.9199481266953893
          2.9347928228612727
          2.9467265821805477
          1.1202779612496128
          1.1831657344895619
          1.5139549740311362
          2.096171739971169
          3.366429883994389
          1.0260564830980508
          1.2284677063924185
          1.5994731364357773
          2.281998284355147
          3.8902733679475436
          1.8224851772623407
          1.7587820944053512
          1.756699795237938
          1.7548346952745975
          1.7532004501072564
          1.7518089114905477
          2.2628994498615533
          2.1764872450323196
          2.167321372760985
          2.159181898323981
          2.1521037374973715
          2.1461159170371564
          2.973467416270216
          2.8460420319900774
          2.821802499727075
          2.800538344732088
          2.7822419562495924
          2.7669029609094666
          4.282510689729851
          4.0705951153066025
          4.011561276055834
          3.9606413369107303
          3.917455609660591
          3.8816849776343996
          7.151172115775855
          6.775928053454337
          6.659703446166089
          6.560197970147912
          6.476333915014843
          6.407228706609998
          1.7310020209893013
          1.8082447524248142
          1.8453186182794397
          1.8157925697028459
          1.7304881003486587
          1.7331359867896035
          2.0551071098182057
          2.0480705615044053
          2.045387584575294
          2.0470666293023516
          2.0531024479264497
          2.063475051213354
          2.525903273305204
          2.5104132239527064
          2.504540136518057
          2.5082134690520523
          2.521477371283526
          2.5444904361520857
          3.2681517532104656
          3.2400733255147873
          3.2294815899066864
          3.2361027387989467
          3.2601077084724435
          3.30212259478777
          4.5910125212849096
          4.557587111024767
          4.5449439898035715
          4.552849715417183
          4.581450191640417
          4.631275106914944
          1.7259170482958828
          2.261828709895443
          3.107019015181952
          4.343894465854511
          1.7259170482958892
          2.261828709895454
          3.107019015181956
          4.343894465854535
          1.9449519284206396
          2.2618287098954224
          3.1070190151819577
          4.343894465854501
          2.572556039579976
          2.454540946585046
          3.1070190151819714
          4.3438944658545715
          3.487498878278425
          3.359645180040379
          3.2682125763159413
          4.343894465854492
          5.099141816093144
          4.643128298955652
          3.6741326990855714
          2.8334986210494426
          2.2190717044718986
          5.099141816093084
          4.643128298955652
          3.674132699085583
          2.833498621049427
          2.219071704471902
          5.099141816093174
          4.643128298955665
          3.6741326990855563
          2.8334986210494435
          2.2392608377290686
          5.0991418160931135
          4.64312829895558
          3.6741326990855927
          2.8334986210494684
          2.762245874912442
          5.099141816093084
          4.643128298955633
          3.6741326990855505
          3.303802474008726
          3.3996318363229157
          1.9073128860775883
          1.8750871533541695
          2.5737409675028817
          3.442041966472418
          3.946231637936702
          4.180360628123126
          2.6482548702040147
          2.507831650097149
          2.5737409675029093
          3.442041966472427
          3.9462316379367173
          4.180360628123132
          2.701417690677176
          2.6343331474717213
          2.573740967502871
          3.442041966472395
          3.946231637936678
          4.180360628123103
          4.1084937570021225
          3.7240734000909352
          2.99283427351476
          2.111630775150154
          1.905115570890523
          1.909275655375015
          4.108493757002124
          3.7240734000909415
          2.9928342735147617
          2.2713053022644085
          2.676256128448613
          2.696768438721921
          4.108493757002104
          3.724073400090928
          2.992834273514766
          2.5741303190120224
          2.840219265259449
          2.852396265345465
          1.0676797229993893
          1.136673931652629
          1.2227054463174547
          1.3864362603830964
          1.3864362603830906
          1.3864362603830895
          1.9765309859184184
          1.9765309859184157
          1.9765309859184113
          1.2341470620705617
          1.1648854348034836
          1.0676797229993893
          1.3864362603830998
          1.3864362603830884
          1.386436260383095
          1.9765309859184295
          1.976530985918418
          1.976530985918418
          1.9080410583080092
          1.9079058790500745
          2.4011328798673555
          3.8255679965811957
          5.430394164611008
          6.588544273969756
          2.665963324567347
          2.665300421548889
          2.401132879867398
          3.8255679965811704
          5.430394164610938
          6.58854427396966
          2.754643804565092
          2.7542394230417253
          2.555692188657497
          3.8255679965812073
          5.430394164611054
          6.5885442739697355
          6.794838034056175
          6.026092348577136
          4.731581266510436
          3.0998885768645335
          1.9010513545197858
          1.9055109935783185
          6.794838034056346
          6.026092348577265
          4.731581266510453
          3.0998885768645414
          2.533360366425534
          2.605825666910101
          6.7948380340561885
          6.026092348577086
          4.731581266510359
          3.099888576864503
          2.5500543891158993
          2.581701226232015
          1.4772792390616414
          1.477279239061649
          1.8816571032610463
          1.8816571032610747
          2.5908560085845362
          2.590856008584575
          1.4772792395307337
          1.4772792395307426
          1.8816571055442173
          1.8816571055442315
          2.5908560157988076
          2.590856015798819
          1.434103737312421
          1.364923994568412
          1.7270616838515724
          1.7270616838515638
          2.37799338594249
          2.377993385942477
          1.3559071752359728
          1.355907175235977
          1.7270616819281532
          1.7270616819281566
          2.377993379864959
          2.377993379864959
          1.9518070264189418
          1.9518070264189418
          1.9518070264189418
          1.951807026418927
          1.951807026418938
          1.9518070264189422
          1.9518070264189413
          1.9518070264189338
          1.9518070264189413
          1.95180702641893
          1.951807026418937
          1.951807026418937
          1.951807073449958
          1.9518070734499577
          1.9518070734499735
          1.951807073449973
          1.951807073449959
          1.9518070734499586
          1.951807073449967
          1.951807073449967
          1.9518070734499675
          1.9518070734499673
          1.9518070734499604
          1.95180707344996
          1.9518070734499566
          1.9518070734499786
          1.9518070734499486
          1.951807073449963
          1.9518070734499622
          1.9518070734499537
          1.9518070734499575
          1.951807073449979
          1.9518070734499482
          1.9518070734499622
          1.9518070734499613
          1.9518070734499533
          1.9518070264189409
          1.9518070264189418
          1.9518070264189404
          1.9518070264189424
          1.951807026418948
          1.9518070264189498
          1.9518070264189147
          1.9518070264189156
          1.9518070264189447
          1.9518070264189455
          1.9518070264189409
          1.9518070264189418
          2.157868910454386
          1.9797184265044172
          1.8681488302293308
          1.816067788268313
          1.8126327017777437
          1.8404651779662144
          3.14977594572015
          2.7965288049272297
          2.3323696466883854
          2.1601655846136083
          2.147458243177481
          2.147458243177492
          3.6172002432456214
          3.2690639388940284
          2.849381858902236
          2.6592888911263164
          2.634006074439416
          2.6340060744393687
          1.8735338497427807
          1.8627696107280696
          1.8118729953799064
          1.8044014064708584
          1.8238449632817435
          1.9216967612111875
          2.1131887660199706
          2.1131887660199604
          2.1131887660199506
          2.113195988286917
          2.1765538386099097
          2.5207045064705076
          2.5494854218012604
          2.5494854218012453
          2.5494854218012306
          2.5495020596053175
          2.6389796467706477
          2.964926448164608
          1.2705192695622718
          1.5074740928031716
          1.7613268281649788
          1.9375861473981655
          1.2705192695622696
          1.507474092803172
          1.7613268281649899
          1.9375861473981655
          1.6005009857376031
          1.6005008336729785
          1.7613268281649779
          1.9375861473981657
          1.9166142321434074
          1.7137012363966042
          1.4566453793811196
          1.2249860097522183
          1.9166142321434063
          1.7137012363965922
          1.4566453793811192
          1.252287669331453
          1.9166142321434076
          1.7137012363965987
          1.6075840439076199
          1.6087637696222998
          1.8981580095150017
          1.8242298568782136
          1.8134893909463399
          1.8134893909463248
          1.8134893909463323
          1.8134893909463472
          2.443728874041247
          2.1884139114250436
          2.1510697047009257
          2.1510697047009044
          2.1510697047008933
          2.1510697047009466
          2.967774487881174
          2.705475092149452
          2.6430775099531156
          2.6430775099531156
          2.6430775099530988
          2.643077509953131
          1.8184362147591342
          1.818436214759142
          1.8201055429887851
          1.8599900169212475
          1.9646510509217703
          2.2219635341357566
          2.1720963965918747
          2.172096396591896
          2.1785455912559986
          2.312041899955233
          2.7388212620969425
          3.2666440507438597
          2.6965342555608056
          2.696534255560839
          2.71040947302804
          2.8701288638220697
          3.2954491946955824
          3.8298401722839666
          1.214347794034255
          1.070459840531025
          1.1115326453662882
          1.5723814899054076
          1.3860701581598072
          1.3811007565204847
          2.2298102971127887
          1.9656002891330266
          1.958553129765536
          1.192922570374931
          1.2063271667351336
          1.144974880868739
          1.3811007557004784
          1.3811007557004749
          1.381100755700477
          1.9585531270171006
          1.9585531270170937
          1.9585531270171004
          1.0413420037507355
          1.284111638377096
          1.8210118658692636
          1.105638650987096
          1.4197634619233672
          2.013381110692055
          1.6042298850579337
          1.604229885057928
          1.6042298850579249
          1.6042298850579366
          1.6042298850579337
          1.604229885057928
          1.6042298850579335
          1.6042298850579277
          1.604229885057922
          1.6042298850579395
          1.6042298850579333
          1.6042298850579277
          1.6042298850579335
          1.6042298850579277
          1.6042298850579249
          1.6042298850579366
          1.6042298850579333
          1.6042298850579277
          1.6042298850579308
          1.6042298850579337
          1.6042298850579366
          1.6042298850579308
          1.604229885057928
          1.6042298850579249
          1.6042298850579308
          1.6042298850579308
          1.604229885057928
          1.6042298850579337
          1.6042298850579335
          1.6042298850579335
          1.6042298850579308
          1.6042298850579335
          1.6042298850579364
          1.604229885057928
          1.6042298850579249
          1.6042298850579249
          1.6042298850579366
          1.604229885057928
          1.604229885057928
          1.6042298850579337
          1.6042298850579366
          1.604229885057922
          1.6042298850579395
          1.6042298850579246
          1.604229885057928
          1.6042298850579335
          1.6042298850579422
          1.6042298850579157
          1.6042298850579364
          1.6042298850579246
          1.604229885057928
          1.6042298850579337
          1.6042298850579393
          1.6042298850579217
          1.6042298850579337
          1.6042298850579337
          1.6042298850579337
          1.604229885057928
          1.604229885057928
          1.604229885057928
          1.6042298850579249
          1.6042298850579249
          1.604229885057928
          1.6042298850579366
          1.6042298850579364
          1.6042298850579335
          1.6042298850579337
          1.6042298850579335
          1.6042298850579335
          1.604229885057928
          1.604229885057928
          1.604229885057928
          1.6815420876370037
          1.6815420876370168
          1.6815420876370104
          1.6815420876369909
          1.6815420876370104
          1.6815420876370168
          1.681542087636997
          1.681542087637023
          1.6815420876370104
          1.6815420876369873
          1.6815420876370097
          1.6815420876370197
          1.6815420876370035
          1.6815420876370166
          1.6815420876370104
          1.6815420876369942
          1.6815420876370097
          1.6815420876370133
          1.6815421281556846
          1.6815421281556846
          1.6815421281556846
          1.681542128155691
          1.6815421281556782
          1.6815421281556846
          1.6815421281556782
          1.681542128155691
          1.6815421281556975
          1.6815421281557104
          1.6815421281557168
          1.6815421281556908
          1.681542128155691
          1.6815421281556908
          1.6815421281556973
          1.6815421281556782
          1.6815421281556715
          1.6815421281556782
          1.6815421281556846
          1.681542128155691
          1.6815421281556782
          1.6815421281556846
          1.681542128155717
          1.6815421281556782
          1.6815421281556844
          1.6815421281556973
          1.6815421281556715
          1.6815421281556908
          1.6815421281557164
          1.6815421281556713
          1.6815421281556844
          1.6815421281557037
          1.6815421281556782
          1.681542128155691
          1.681542128155697
          1.681542128155678
          1.6815420876370037
          1.6815420876369973
          1.6815420876370037
          1.6815420876370168
          1.6815420876370233
          1.6815420876370168
          1.6815420876370104
          1.6815420876370104
          1.6815420876370104
          1.6815420876369973
          1.681542087636994
          1.681542087636994
          1.6815420876370037
          1.6815420876370035
          1.68154208763701
          1.6815420876370168
          1.68154208763702
          1.6815420876370135
          1.9384445655977856
          1.9384445655977853
          1.9384445655977853
          1.9384445655977856
          1.9384445655977856
          1.938444565597785
          1.938444565597785
          1.9384445655977856
          1.453833424198339
          1.4538334241983393
          1.4538334241983377
          1.4538334241983377
          1.4538334241983395
          1.453833424198339
          1.4538334241983384
          1.4538334241983377
          1.4538334241983402
          1.4538334241983384
          1.4538334241983377
          1.4538334241983402
          1.9384445655977844
          1.9384445655977844
          1.9384445655977858
          1.9384445655977856
          1.938444565597786
          1.938444565597786
          1.9384445655977856
          1.9384445655977856
          1.356590502198205
          1.3565905021982043
          1.356590502198203
          1.3565905021982019
          1.3565905079339473
          1.3565905079339453
          1.3565905079339473
          1.3565905079339453
          1.356590513122096
          1.356590513122096
          1.356590513122096
          1.356590513122096
          1.3565905073863536
          1.3565905073863536
          1.3565905073863536
          1.3565905073863536
          1.5683701613641237
          1.5683701613641237
          1.5683701613641154
          1.5683701613641154
          1.5683701613641265
          1.5683701613641265
          1.5683701679952848
          1.5683701679952793
          1.568370167995283
          1.5683701679952813
          1.5683701679952757
          1.568370167995283
          1.5683701610639555
          1.5683701610639555
          1.56837016106395
          1.568370161063949
          1.5683701610639527
          1.5683701610639509
          1.5683701544327935
          1.5683701544327935
          1.5683701544327935
          1.5683701544327935
          1.5683701544327935
          1.5683701544327935
          2.307412104128567
          2.2778687413105803
          2.2597256497434315
          2.2530028750349387
          3.5200030260153476
          3.417707232283455
          3.357324445251738
          3.335394812499248
          2.0448050110871185
          1.7326200276527075
          1.7589480888872158
          2.6803934511067835
          2.7391821546898463
          2.8469310131022274
          1.8531276086574484
          1.831871549966674
          1.8209397854739613
          2.974199466743636
          2.8886267228422287
          2.8463249708967857
          1.8173190605188123
          1.8275724017598158
          1.8485811832649564
          2.821656518052534
          2.8604999375656455
          2.9431366045780076
          2.187352868749508
          2.1565383869466146
          2.1356989206446237
          2.2804844596566345
          3.48828065256611
          3.3672185819910827
          3.2895011733463777
          3.250532232069218
          2.987327122186565
          2.9873217705014157
          2.9873168304157396
          2.9873123019285006
          3.961757509663871
          3.9617450270656116
          3.961733504552363
          3.961722942110844
          2.983673087379691
          2.98366533521554
          2.983660167111669
          2.9836575830614627
          3.942610528374278
          3.9425926421110153
          3.9425807180061456
          3.9425747559750195
          2.37908607629905
          2.3710478282717595
          2.3923669899146685
          2.42430713653219
          3.5105003567977113
          3.5458690618703512
          3.6183889218006784
          3.7318455594683857
          1.9099372897549471
          2.3929464416505013
          2.7021235365093044
          2.7839291477054853
          1.9099372897549465
          2.392946441650501
          2.7021235365093026
          2.7839291477054857
          1.9099372897549458
          2.3929464416505
          2.7021235365093044
          2.7839291477054857
          1.9099372897549474
          2.392946441650503
          2.7021235365093075
          2.7839291477054857
          2.605078426050494
          2.3264500201567797
          2.013305984636589
          1.6907450612986783
          1.6232670636736861
          1.660258611392866
          2.605078426050493
          2.3264500201567775
          2.0133059846365873
          1.9320995042677966
          2.0462473170055713
          2.219253539422876
          2.6050784260504924
          2.3264500201567766
          2.3180903322285547
          2.4164625034721787
          2.651853909140521
          3.06380594192062
          2.9884705006043477
          2.98847050060433
          3.012704733387465
          3.11308934691913
          3.340264715400009
          3.694793298815853
          1.5799090862858252
          1.5799090862858265
          1.5799090862858252
          1.5799090862858243
          1.5799090862858265
          1.9193764910645132
          1.9193764910645155
          1.9193764910645135
          1.9193764910645137
          1.9193764910645148
          2.4446456479532466
          2.444645647953248
          2.444645647953246
          2.4446456479532506
          2.4446456479532435
          3.365734668083315
          3.3657346680833182
          3.365734668083315
          3.36573466808332
          3.3657346680833102
          1.2639272729065332
          1.2639272729065332
          1.263927272906534
          1.2639272729065332
          1.5355011965053134
          1.535501196505314
          1.5355011965053127
          1.535501196505314
          1.9557165209323044
          1.9557165209323077
          1.9557165209323033
          1.9557165209323077
          2.6925877329735193
          2.692587732973526
          2.6925877329735215
          2.6925877329735237
          1.65201834449297
          1.6171794826659684
          1.593184983210006
          1.834463561526145
          2.0707963985892044
          2.2756445114774633
          2.1806640601971155
          2.0224303460116593
          1.9268158464596288
          1.8881337829193805
          2.0707963985892035
          2.27564451147746
          2.9806777776777618
          2.610439106264798
          2.4139208752032135
          2.3384907517959252
          2.330831976202596
          2.330831976202602
          3.6959573022540555
          3.3490289397661197
          3.1502878145576703
          3.067910306267293
          3.0536256940167195
          3.053625694016725
          2.4068340510840973
          2.352013262600724
          2.1243754851688523
          1.7598362692982277
          2.406834051084094
          2.3520132626007197
          2.124375485168843
          1.7598362692982212
          2.4068340510840964
          2.3520132626007286
          2.124375485168855
          1.7598362692982277
          2.4068340510840907
          2.352013262600714
          2.124375485168845
          1.7971308284945204
          1.7334923787481085
          2.0621913883134835
          2.338873445728936
          2.5376370337856415
          1.73349237874811
          2.062191388313486
          2.3388734457289324
          2.537637033785639
          1.7624568504102496
          2.062191388313481
          2.3388734457289324
          2.537637033785639
          2.174199467405817
          2.1133003023257726
          2.338873445728936
          2.537637033785642
          2.569477024370685
          2.4683204670851286
          2.283526342121707
          2.0644037673640274
          1.8061105894304172
          2.5694770243706846
          2.468320467085128
          2.283526342121709
          2.064403767364027
          1.813299845762393
          2.569477024370685
          2.4683204670851304
          2.283526342121709
          2.1160281569902035
          2.1607248516552353
          2.5899601210786396
          2.5899601210786427
          2.5899601210786454
          2.5903273727126277
          2.642383139340632
          2.662720028537579
          2.5134753457965417
          2.4235380718611217
          2.423538071861123
          4.934102884131372
          5.246947221878399
          5.772948633003277
          5.948949694869131
          5.865427622548879
          5.469431339570375
          5.350942504220939
          5.350942504220951
          5.350942504220939
          5.350942504220947
          5.350942504220939
          4.280753991560023
          4.280753991560029
          4.280753991560023
          4.280753991560023
          5.626356404045509
          5.9392900166997595
          5.976918871360428
          5.756339070779704
          5.2199662442654216
          5.014714839688363
          2.537510787859944
          2.537510787860035
          2.5631713786538377
          2.731737866994566
          3.276434527205761
          3.1137076874092964
          3.1138774244484155
          3.11387742444819
          3.7821313483771135
          3.782131348377338
          3.7821313483773356
          3.78211483011758
          3.9262509233934892
          4.7317723138095955
          4.9087370254086276
          5.090531363714649
          5.2756208045475965
          4.731772313809599
          4.9087370254086276
          5.090531363714635
          5.275620804547588
          4.7317723138095875
          4.9087370254086204
          5.09053136371464
          5.275620804547588
          4.731772313809592
          4.9087370254086204
          5.090531363714635
          5.2756208045475805
          4.731772313809598
          4.908737025408628
          5.090531363714649
          5.275620804547601
          6.49775985727879
          6.8148403019227075
          7.097485578170552
          7.323992416612133
          7.473193391378291
          6.497759857278719
          6.814840301922627
          7.097485578170546
          7.3239924166121515
          7.473193391378306
          6.497759857278813
          6.814840301922696
          7.097485578170521
          7.323992416612138
          7.473193391378298
          6.497759857278731
          6.814840301922625
          7.097485578170542
          7.323992416612176
          7.473193391378327
          6.567547330488838
          6.814840301922696
          7.097485578170515
          7.323992416612105
          7.473193391378288
          7.1913314245655195
          7.191331424565519
          7.1913314245655195
          7.323992416612133
          7.473193391378298
          6.540126884603297
          6.54012688460332
          6.540126884603344
          6.54012688460331
          6.540126884603284
          6.540126884603309
          6.935003848454968
          6.935003848455018
          6.93500384845501
          6.935003848454969
          6.935003848454979
          6.935003848454991
          7.271042407552791
          7.271042407552776
          7.271042407552797
          7.2710424075527715
          7.271042407552816
          7.271042407552797
          7.506574781716027
          7.5065747817159805
          7.506574781716042
          7.50657478171602
          7.506574781716023
          7.50657478171602
          4.140602025996705
          3.9857721534215322
          3.8372558483169823
          3.8084419170052595
          4.14060202599671
          3.985772153421555
          3.9744519039551873
          3.974451903955205
          4.151769448763695
          4.151769448763698
          4.151769448763695
          4.151769448763691
          4.340880465810879
          4.340880465810878
          4.340880465810884
          4.3408804658108675
          3.0321672971381175
          3.032167297138116
          3.1619439155071456
          3.3111005409802257
          3.4602571664533004
          3.0394956679815994
          3.0394956679815994
          3.161943953345728
          3.311100578818803
          3.460257204291883
          3.799369572631333
          3.799369572631331
          3.79936957263133
          3.7993695726313357
          3.790209108814547
          3.790209108814546
          3.7902091088145435
          3.7902091088145484
          4.643462065579632
          4.494305440106553
          4.345148814633475
          4.195992189160398
          4.046835563687318
          4.6434620655796195
          4.494305440106545
          4.34514881463347
          4.195992189160395
          4.046835563687321
          4.811263269236833
          4.997709051078176
          5.184154832919518
          5.370600614760865
          4.811263272389112
          4.997709060535
          5.184154848680885
          5.370600636826766
          5.463823530899707
          5.463823530899707
          5.463823505681539
          5.463823505681539
          5.463823505681539
          5.463823505681539
          5.463823530899707
          5.463823530899707
          3.303755604852401
          3.303755604852406
          3.3455787750668535
          3.345578775066858
          3.3455787615756094
          3.3483897351870677
          3.303755592257748
          3.348389697348488
          4.904486166462058
          5.277377742753826
          4.904486160157502
          5.277377723840192
          4.531594596474817
          4.158703032792127
          4.5315945964748225
          4.158703032792133
          3.534835479189833
          3.534835479189833
          3.534835479189833
          3.5348355170284127
          3.5348355170284127
          3.5348355170284127
          3.5348355170284127
          3.5348355170284127
          3.5348355170284127
          3.534835479189833
          3.5348354791898355
          3.5348354791898378
          3.9722572509507903
          3.9722572509507903
          3.9722572509507903
          3.9722572509507805
          3.9722572509507805
          3.9722572509507805
          3.9722572509507805
          3.9722572509507805
          3.9722572509507805
          3.9722572509507903
          3.9722572509507903
          3.9722572509507903
          3.062575819724544
          3.0720409049422606
          3.076320980858082
          3.0752286831349984
          3.068811757592225
          2.60897024594087
          2.6348073884791536
          2.6464339599138986
          2.643470121306332
          2.6260123061680116
          2.163167694416281
          2.2001330015205705
          2.216683042800314
          2.2124689657049093
          2.187579181217445
          2.0424228593201725
          1.7699042549316817
          1.7871664168248218
          1.7827746294695246
          1.8273631405781854
          2.042422859320178
          1.7674841103340035
          1.6288580223577538
          1.6499128198375137
          1.8273631405781836
          5.0191852686492595
          5.007692314566346
          4.993674922974793
          4.08889995173972
          4.055886230340583
          4.015357508917604
          3.1640286935574924
          3.113032410000574
          3.8896979409767476
          2.2601617634174933
          3.0119649490821447
          3.889697940976753
          2.26016176341749
          3.0119649490821363
          3.8896979409767574
          4.687698527750877
          4.69361349471985
          4.127839767641398
          3.8668788075687583
          4.127839767641402
          3.7953928129005305
          4.127839767641397
          3.795392812900526
          4.127839767641418
          3.7953928129005474
          4.706290037710391
          4.704359323506637
          3.9044995186986515
          3.899066749613987
          3.6669749832474854
          3.757088715100453
          3.66697498324745
          3.7570887151004193
          3.666974983247471
          3.7570887151004344
          4.533834377111149
          4.047062009551537
          4.047062009551536
          4.047062009551536
          4.0470620095515315
          4.51464852563841
          4.498305594823915
          4.498305594823906
          4.498305594823914
          4.498305594823905
          4.553454525367334
          4.131378371514597
          3.7349727227939757
          3.370307206635053
          3.0458037519832257
          2.772701589652378
          4.55345452536732
          4.131378371514578
          3.734972722793967
          3.370307206635044
          3.0458037519832164
          2.7727015896523697
          4.553454525367317
          4.131378371514592
          3.7349727227939757
          3.370307206635043
          3.045803751983218
          2.7727015896523715
          4.553454525367331
          4.131378371514593
          3.7349727227939797
          3.3703072066350512
          3.0458037519832124
          2.7727015896523706
          7.151172115775855
          6.362255137940184
          5.6531387984747345
          5.024973294479063
          4.483100485776787
          4.0375757318309935
          2.5661694484183095
          2.544538842845561
          2.545559003731107
          2.544920150919288
          2.5465207415766975
          2.745936979669377
          2.566169448418304
          2.433298918250133
          2.3844120773621866
          2.423184274141442
          2.5465207415766944
          2.745936979669373
          2.5661694484183064
          2.433298918250144
          2.3844120773621884
          2.4231842741414376
          2.5465207415766957
          2.745936979669373
          2.566169448418307
          2.433298918250143
          2.3844120773621924
          2.4231842741414487
          2.5465207415766966
          2.7459369796693713
          2.6775718339565935
          2.5204481334250466
          2.4629589409558106
          2.5073622347525393
          2.651535895339729
          2.890270358881891
          3.4755857979480016
          3.4933011470354254
          3.50720204776067
          3.5166896148045494
          2.858199506153087
          2.908155607126823
          2.9469362737908464
          2.973201288552772
          2.549369336348617
          2.336832201095969
          2.3939714823130087
          2.4323259604198215
          2.5493693363485876
          1.9453285656676347
          1.8548488814045336
          1.896300839348866
          2.5493693363486054
          1.9453285656676604
          1.416148397710779
          1.370827410362404
          3.2990754219388414
          3.003232798705881
          2.8392269106102397
          2.8268138087240886
          2.809322274051092
          2.8715765131132156
          2.612606142595599
          2.457658959010562
          2.4240414388120155
          2.3761199466944913
          2.4443774144702073
          2.2227468702502797
          2.080908982782477
          2.0334238021709714
          1.982811096703127
          2.017668570594762
          1.8341443841366578
          1.7121604356464808
          1.6635452190025033
          1.982811096703123
          1.5918442825369201
          1.447811028513917
          1.3579473653680025
          1.552850588075184
          1.982811096703132
          3.5870008792847075
          2.5325890593707987
          2.5128880419974124
          2.593248856086369
          2.598286518557478
          2.5982865185574684
          3.5870008792846884
          2.5325890593707707
          2.125665191866661
          2.296259048105773
          2.3093614472165678
          2.309361447216579
          3.5870008792846964
          2.5325890593707876
          1.8838621146177703
          2.0029428941703844
          2.020436375875665
          2.0204363758756863
          2.5802790248487955
          2.5802632269547026
          2.5537319074172453
          2.43507712695645
          3.017866152922864
          4.087142159855549
          2.255338966090549
          2.255293241999435
          2.195061135879035
          2.0836976102954985
          3.017866152922857
          4.087142159855544
          1.9303989073323033
          1.9303264200827437
          1.874487758811033
          2.0836976102954936
          3.0178661529228545
          4.0871421598555475
          4.337520573384738
          4.121086038466738
          4.121086038466738
          4.337520573384748
          3.870943000874156
          3.5985772479044473
          4.337520573384748
          3.8709430008741403
          3.5985772479044322
          4.121086038466728
          4.12108603846674
          4.19751053582033
          3.565215309612149
          3.7771954808149304
          4.197510535820353
          3.5652153096121433
          3.777195480814908
          4.197510535820343
          3.919706277155289
          2.8235275480569184
          2.4123423812753777
          2.553769163652333
          3.19841607826392
          3.8808368654213368
          3.919706277155282
          2.823527548056878
          1.8974130678449976
          2.2055363408180804
          2.8251881787005018
          3.4285453343815315
          3.9197062771552824
          2.823527548056906
          1.8324683472952397
          1.9147872278763038
          2.4520241478265152
          2.9762538033418315
          4.036743757024935
          3.5800398104343634
          2.801570548237866
          2.501598972270448
          2.329740642867933
          3.4168447642317594
          3.639078729479178
          3.227365299610178
          2.510262591124809
          2.1172692557475283
          2.314508753035886
          3.4168447642317297
          3.241413701933259
          2.8746907887858226
          2.2267939278392705
          1.9269759329161382
          2.3145087530359145
          3.416844764231762
          3.78014104722376
          3.440416626231909
          3.7801410472237396
          3.440416626231889
          3.7801410472237555
          3.440416626231907
          3.194195022398934
          3.0641005495475238
          3.1941950223989153
          3.064100549547508
          3.194195022398938
          3.064100549547529
          3.245059897229813
          3.245059897229818
          3.068118355407527
          3.22362272003142
          3.068118355407557
          3.2236227200314485
          3.513234251102112
          3.9072451452241523
          3.5132342511021015
          3.907245145224142
          3.513234251102118
          3.907245145224157
          5.107187610346921
          5.107187610346921
          5.10718761034692
          5.107187610346921
          5.107187610346921
          5.107187610346921
          5.10718761034692
          5.10718761034692
          5.107187610346919
          5.10718761034692
          5.1071876103469185
          5.107187610346918
          5.107187610346919
          5.107187610346919
          5.107187610346921
          5.107187610346919
          5.107187610346923
          5.107187610346922
          5.107187610346925
          5.107187610346925
          5.1071876103469265
          5.107187610346926
          5.1071876103469265
          5.107187610346926
          5.107187610346918
          5.107187610346916
          5.107187610346915
          5.107187610346915
          5.107187610346912
          5.107187610346909
          5.10718761034692
          5.107187610346918
          5.107187610346914
          5.107187610346912
          5.10718761034691
          5.107187610346908
          5.107187610346917
          5.107187610346919
          5.107187610346916
          5.107187610346921
          5.107187610346917
          5.107187610346922
          5.1071876103469185
          5.107187610346921
          5.1071876103469185
          5.107187610346921
          5.107187610346918
          5.10718761034692
          4.735375141629746
          3.8155668366007895
          3.0835009344601003
          2.673141442025377
          2.4907325402844465
          2.427408484736838
          4.735375141629746
          3.815566836600783
          3.0835009344601025
          2.673141442025392
          2.490732540284434
          2.390699945145904
          4.735375141629739
          3.8155668366007953
          3.0835009344601145
          2.67314144202539
          2.4907325402844513
          2.390699945145919
          2.4384842624496756
          2.4384842624496756
          2.4384842624496854
          2.543806744041313
          2.80576401787991
          3.379226251816701
          2.348503071140602
          2.3620741795798588
          2.428426281106005
          2.5438067440413192
          2.8057640178799046
          3.379226251816692
          2.34850307114061
          2.362074179579867
          2.428426281106003
          2.543806744041315
          2.8057640178798993
          3.3792262518166933
          4.295098957905771
          4.295099014624124
          4.295099014624135
          4.295099014624123
          3.522119073148604
          3.5221192380597985
          3.5221192380598256
          3.522119238059802
          3.4631509379017316
          2.9187897961317164
          2.7491394614955036
          2.749139461495488
          4.292676406257994
          4.292676406257991
          4.29267640625799
          4.292232712588636
          3.5148514129614234
          3.5148514129614217
          3.514851412961416
          3.5918777561360025
          2.7370264196648564
          2.737026419664854
          3.020639108384938
          3.5918777561360176
          3.5652438077674202
          3.0678306257859873
          2.8375059097761857
          2.720171431505685
          2.6527709617771214
          2.6391330517083498
          3.565243807767412
          3.0678306257859846
          2.83750590977619
          2.720171431505694
          2.6527709617771245
          2.6391330517083493
          3.5652438077674122
          3.0678306257859895
          2.8375059097761985
          2.7201714315056917
          2.652770961777121
          2.6391330517083498
          2.6812596428874573
          2.7793748414994304
          2.9469189602923986
          3.314055495363832
          3.990532006584631
          4.874122303048355
          2.681259642887451
          2.779374841499431
          2.9469189602924035
          3.3140554953638492
          3.990532006584653
          4.87412230304836
          2.6812596428874604
          2.779374841499435
          2.9469189602924035
          3.314055495363833
          3.9905320065846333
          4.874122303048364
          5.009394515882233
          4.415831840739548
          4.1251728215688805
          5.009394515882223
          4.415831840739537
          3.958498221666591
          5.00939451588224
          4.41583184073955
          3.9584982216665834
          4.1251728221994
          4.125172822199403
          4.125172822199403
          3.6884204467888333
          3.64743505852991
          3.8428790653191864
          3.6884204467888577
          3.6474350585299353
          3.8428790653191864
          4.4367476557432965
          4.260605679750642
          4.260605679750641
          4.86481006435075
          4.864810064350751
          4.864810064350749
          2.8530897162709397
          2.8530897162709397
          2.8530897162709343
          2.8530897162709343
          2.853089716270934
          2.853089716270934
          2.8530897162709437
          2.8530897162709334
          2.8530897162709397
          2.8530897162709534
          2.853089716270951
          2.8530897162709477
          2.8530897162709277
          2.853089716270938
          2.8530897162709397
          2.8530897162709232
          2.8530897162709214
          2.8530897162709277
          2.8530897162709388
          2.853089716270934
          2.853089716270939
          2.8530897162709388
          2.8530897162709237
          2.8530897162709494
          2.8530897162709343
          2.8530897162709348
          2.853089716270945
          2.8530897162709343
          2.8530897162709485
          2.8530897162709286
          2.853089716270939
          2.8530897162709477
          2.8530897162709223
          2.853089716270939
          2.853089716270944
          2.853089716270929
          2.8530897288800063
          2.8530897288800063
          2.853089728880011
          2.853089728880011
          2.853089728880015
          2.853089728880015
          2.85308972888003
          2.85308972888003
          2.8530897288800214
          2.85308972888002
          2.8530897288800126
          2.853089728880014
          2.8530897288800094
          2.8530897288800094
          2.853089728880016
          2.8530897288800148
          2.853089728880013
          2.8530897288800143
          2.8530897288800103
          2.8530897288800205
          2.8530897288800157
          2.8530897288800054
          2.8530897288800254
          2.8530897288800157
          2.853089728880011
          2.8530897288800214
          2.853089728880016
          2.8530897288800157
          2.8530897288800148
          2.8530897288800148
          2.8530897288800157
          2.853089728880014
          2.853089728880014
          2.8530897288800157
          2.853089728880015
          2.853089728880015
          2.8530897162709397
          2.8530897162709397
          2.8530897162709343
          2.8530897162709343
          2.853089716270934
          2.853089716270934
          2.8530897162709437
          2.8530897162709334
          2.8530897162709397
          2.8530897162709534
          2.853089716270951
          2.8530897162709477
          2.8530897162709277
          2.853089716270938
          2.8530897162709397
          2.8530897162709232
          2.8530897162709214
          2.8530897162709277
          2.8530897162709388
          2.853089716270934
          2.853089716270939
          2.8530897162709388
          2.8530897162709237
          2.8530897162709494
          2.8530897162709343
          2.8530897162709348
          2.853089716270945
          2.8530897162709343
          2.8530897162709485
          2.8530897162709286
          2.853089716270939
          2.8530897162709477
          2.8530897162709223
          2.853089716270939
          2.853089716270944
          2.853089716270929
          2.8530897288800063
          2.8530897288800063
          2.853089728880011
          2.853089728880011
          2.853089728880015
          2.853089728880015
          2.85308972888003
          2.85308972888003
          2.8530897288800214
          2.85308972888002
          2.8530897288800126
          2.853089728880014
          2.8530897288800094
          2.8530897288800094
          2.853089728880016
          2.8530897288800148
          2.853089728880013
          2.8530897288800143
          2.8530897288800103
          2.8530897288800205
          2.8530897288800157
          2.8530897288800054
          2.8530897288800254
          2.8530897288800157
          2.853089728880011
          2.8530897288800214
          2.853089728880016
          2.8530897288800157
          2.8530897288800148
          2.8530897288800148
          2.8530897288800157
          2.853089728880014
          2.853089728880014
          2.8530897288800157
          2.853089728880015
          2.853089728880015
          3.2984904224549783
          3.2984904224549783
          3.2984904224549734
          3.2984904224549734
          3.298490422454983
          3.298490422454983
          3.2984904224549885
          3.2984904224549885
          3.298490422454978
          3.2984904224549827
          3.2984904224549774
          3.2984904224549823
          3.298490422454978
          3.2984904224549827
          3.298490409840221
          3.298490409840222
          3.298490409840223
          3.298490409840221
          3.298490409840222
          3.298490409840223
          3.2984904098402215
          3.2984904098402215
          3.2984904098402215
          3.2984904098402215
          3.2984904098402215
          3.2984904098402215
          3.2984904098402215
          3.2984904098402215
          4.474700778694168
          4.4747007786941655
          4.474700778694168
          4.474700778694165
          4.474700797613459
          4.474700797613459
          4.474700797613459
          4.474700797613459
          4.474700797613459
          4.474700797613459
          4.474700797613459
          4.474700797613459
          4.474700778694167
          4.474700778694167
          4.474700778694167
          4.474700778694167
          4.474700778694166
          4.474700778694166
          4.4747007786941655
          4.4747007786941655
          4.474700778694166
          4.474700778694166
          4.474700797613464
          4.474700797613465
          4.474700797613461
          4.474700797613454
          4.474700797613456
          4.474700797613461
          4.474700797613459
          4.474700797613459
          4.474700797613458
          4.474700797613456
          4.474700797613459
          4.474700797613454
          4.474700778694166
          4.474700778694168
          4.474700778694168
          4.474700778694166
          4.474700778694168
          4.474700778694168
          3.2905288145965774
          2.6529529961258183
          2.2017536773689055
          2.000745366661777
          3.290528814596585
          2.6529529961258387
          2.201753677368919
          2.000745366661777
          2.561936770339256
          2.7603661155325225
          3.6789884921986347
          2.1517944137214005
          2.760366115532514
          3.678988492198636
          3.772960257960632
          3.054253623219099
          2.6407062686171594
          3.7729602579606336
          3.0542536232191124
          2.640706268617165
          2.623603893130074
          3.0059317872493674
          3.701973706467735
          2.623603893130083
          3.005931787249376
          3.701973706467732
          3.6911809811060734
          2.905634502881805
          2.2927069479629907
          2.0706625128772687
          3.691180981106072
          2.90563450288181
          2.2927069479630076
          1.929414594945031
          1.8458491307877523
          1.8342539944259209
          1.8232999686928069
          1.81341497208726
          1.8458491307877725
          1.8342539944259455
          1.8232999686928257
          1.8134149720872683
          1.8051695619195804
          1.7985398761917948
          1.7939666379357817
          1.7916330032758563
          1.8051695619195645
          1.7985398761917877
          1.7939666379357855
          1.7916330032758563
          1.864102644744747
          2.1314389738969153
          2.6306748846774695
          3.287640915649747
          1.8494496873570572
          2.131438973896913
          2.63067488467747
          3.2876409156497437
          4.194948818594191
          4.240555735292675
          4.240624888447471
          4.240624888447471
          3.589664906285803
          3.7072486406674567
          3.7074515978657248
          3.707451597865719
          3.022838291723984
          3.1739500707249495
          3.1742783072839797
          3.174278307283969
          2.520548985063275
          2.640665190306454
          2.641105016702229
          2.6411050167022245
          2.7858816042493855
          2.785881604249384
          2.782713875539842
          2.7585768878592622
          3.1649738520372193
          3.8652779813184863
          2.3480294218175004
          2.3480294218174986
          2.3394444871528646
          2.602402988317546
          3.1649738520372095
          3.8652779813184712
          1.9101772393856096
          1.9101772393856151
          2.1854601504107816
          2.6024029883175452
          3.164973852037221
          3.8652779813184805
          1.6890086517193876
          1.891293585456134
          2.1854601504107833
          2.6024029883175457
          3.164973852037223
          3.865277981318486
          4.115839052409979
          3.883076007363698
          3.701574894990641
          3.5791428272880195
          3.5219453862418924
          4.115839052409968
          3.883076007363682
          3.7015748949906397
          3.5791428272880315
          3.521945386241897
          4.1158390524099735
          3.883076007363698
          3.7015748949906504
          3.579142827288032
          3.5219453862418972
          4.115839052409976
          3.883076007363696
          3.7015748949906464
          3.5791428272880292
          3.521945386241898
          3.5393735755164943
          3.6584378457599867
          3.872898182256775
          4.168055168010736
          3.539373575516499
          3.6584378457599853
          3.8728981822567707
          4.168055168010735
          3.5393735755164992
          3.658437845759988
          3.8728981822567787
          4.168055168010743
          3.5393735755165
          3.6584378457599893
          3.8728981822567783
          4.168055168010742
          3.9750508647993286
          3.3117647290414536
          2.7851173585801274
          2.7798705343661663
          2.781393748384898
          2.781393748384904
          3.975050864799338
          3.3117647290414687
          2.7851173585801305
          2.3985213401275285
          2.334565854224055
          2.3345658542240586
          3.9750508647993277
          3.311764729041453
          2.7851173585801288
          2.3985213401275334
          2.124786387983124
          1.933518164992349
          3.975050864799333
          3.3117647290414616
          2.785117358580133
          2.3985213401275334
          2.1247863879831184
          1.9335181649923427
          4.226216249415641
          4.226216249415639
          4.226215388286503
          4.194885265321597
          3.6642256807702283
          3.664225680770232
          3.66422315294975
          3.5823701322238835
          3.1022351121248186
          3.1022351121248217
          3.1022310252567746
          2.9942983754254033
          2.5402445434794108
          2.5402445434794076
          2.540239076651589
          2.5002325936613476
          3.5233800123504784
          3.545200498149528
          3.545236431252149
          3.545236431252154
          3.0009149565557314
          3.0574787391312483
          3.0575843063603827
          3.057584306360389
          2.5382286382962937
          2.569761368324172
          2.569932181468618
          2.5699321814686233
          2.53822863829629
          2.1336525915789255
          2.082280056576852
          2.0822800565768596
          2.840909698150566
          2.84090969815056
          2.8409096981505657
          2.8408713320953516
          2.8278068496266835
          2.4602290843557792
          2.460229084355774
          2.4602290843557784
          2.460116718458669
          2.4361741887546393
          2.079548470560992
          2.07954847056099
          2.0795484705609883
          2.131365999987993
          2.43617418875464
          1.7124107194865665
          1.7825886300747753
          1.926844424276975
          2.1313659999879913
          2.436174188754638
          1.453168371380523
          1.4531683713805228
          1.4531683713805206
          1.4531683713805208
          1.4531683713805252
          1.4531683713805248
          1.453168371380527
          1.4531683713805275
          1.2686501624804691
          1.268650162480471
          1.2686501624804694
          1.2686501624804714
          1.2686501624804694
          1.2686501624804714
          1.2686501576286395
          1.2686501576286395
          1.2686501576286393
          1.2686501576286395
          1.2686501576286395
          1.2686501576286395
          1.4531683658230208
          1.4531683658230208
          1.453168365823022
          1.4531683658230217
          1.4531683658230221
          1.4531683658230221
          1.4531683658230217
          1.4531683658230217
          1.7210387610332138
          1.721038761033213
          1.7210387610332138
          1.7210387610332125
          1.7210387683098645
          1.7210387683098645
          1.7210387683098645
          1.7210387683098645
          1.7210387683098645
          1.7210387683098645
          1.7210387683098645
          1.7210387683098645
          1.7210387610332134
          1.7210387610332134
          1.7210387610332134
          1.7210387610332134
          1.7210387610332134
          1.7210387610332134
          1.7210387610332138
          1.7210387610332138
          1.7210387610332138
          1.7210387610332138
          1.7210387683098662
          1.7210387683098662
          1.7210387683098642
          1.7210387683098614
          1.7210387683098614
          1.7210387683098645
          1.7210387683098645
          1.7210387683098634
          1.7210387683098647
          1.721038768309863
          1.7210387683098647
          1.721038768309863
          1.7210387610332134
          1.7210387610332134
          1.7210387610332132
          1.7210387610332134
          1.7210387610332134
          1.7210387610332134
          1.7255922763118676
          1.3734269777345223
          1.3352924293941109
          1.3313198807027278
          2.6324253146710794
          2.0606856003984793
          1.9838735358309658
          1.9709151164772192
          1.2082938701880825
          1.0869694580495803
          1.4707158584956437
          1.5838688574725044
          1.7184421827421572
          2.380415098925065
          1.5890401864507628
          1.271590981533873
          1.0928561605154619
          2.5503491789213824
          2.0051360532624485
          1.708251862081154
          1.0836194005066515
          1.2485359036229544
          1.5553179397062022
          1.6824793240516016
          1.9541972022136638
          2.4762305283349177
          1.8349807518371588
          1.4241164417935133
          1.2620039076538914
          1.3475589988882783
          2.92633527306645
          2.223615111491571
          1.9437961478868815
          1.9207690462231004
          1.7652387540196839
          1.7652355916602778
          1.7652326725187415
          1.765229996594464
          2.3410385284382063
          2.3410311523574165
          2.341024343599588
          2.341018102156872
          1.7630795516338034
          1.7630749708095326
          1.7630719169299722
          1.763070389991214
          2.3297244031307174
          2.329713833975153
          2.3297067879131843
          2.3297032648947917
          1.4058235905406264
          1.4010737167063179
          1.4303499443841399
          1.811420757761948
          2.074386574471786
          2.0952862638328957
          2.1633647408094325
          2.7884018527670653
          1.820929358462297
          2.3062324448576197
          2.604248254673482
          2.6830907344127195
          1.5581897414157588
          2.0161926006784356
          2.2768164143287484
          2.3457460379521997
          1.3121435396031456
          1.726157392660424
          1.949384573984018
          2.0084013414916804
          1.128599307582693
          1.4361296297100903
          1.6219527336392852
          1.6710566450311652
          1.649418196534041
          1.4730032532614434
          1.2732851134424934
          1.0609911107132488
          1.2172976353968061
          1.486645377427592
          1.5393645244846874
          1.37472046645655
          1.1896808091036735
          1.1427503462785413
          1.4718907393440699
          1.9495526911093308
          1.539364524484687
          1.3747204664565493
          1.3697806508625991
          1.4292293727689906
          1.907510973145329
          2.6914685559818587
          1.7659143867211011
          1.7659143867210902
          1.7802346151838546
          1.8412529589339364
          2.402693291615278
          3.2457734507758893
          1.5830150201549205
          1.4934907720603532
          1.423682651916992
          1.3765933951083735
          1.3545943793214401
          1.7954192541337979
          1.693882909440677
          1.6147081439428712
          1.5613005911018623
          1.5363498129898565
          2.2867654607123833
          2.157442014104238
          2.0565997630904285
          1.9885763491180088
          1.9567973774527125
          3.1483686788468184
          2.9703189856287096
          2.8314815796721806
          2.7378284308650973
          2.694075837625472
          1.3612975290424287
          1.4070914791359996
          1.4895762239423131
          1.6030981415397918
          1.36129752904243
          1.407091479135999
          1.4895762239423116
          1.6030981415397916
          1.5731844034950329
          1.6261062126694854
          1.721429763390124
          1.852621443687109
          2.1659258799617276
          2.2387874693918617
          2.370026849223616
          2.5506486853921033
          1.5288657172278413
          1.27375566501372
          1.07119898406741
          1.1589934547834213
          1.309022763001151
          1.4385144131272822
          1.9700569450704448
          1.5222303379214042
          1.219638241080381
          1.1157154171798553
          1.2236524173484085
          1.3446990295096746
          2.6928058585972234
          1.964809127142016
          1.5279665753993197
          1.3818354442433207
          1.3773098041199887
          1.3773098041199923
          3.33900415240083
          2.52072634528168
          1.9940730174623782
          1.8128560900673965
          1.8044151828284192
          1.8044151828284218
          2.3117729946188055
          2.2591174248247476
          2.040470083160299
          1.6777980080559638
          2.004359804391121
          1.9587062268909996
          1.769133145068747
          1.432814747438295
          1.6969466141634422
          1.65829502895726
          1.4977962589489855
          1.1976079277650522
          1.4222201210954268
          1.3898260188097888
          1.25531278669093
          1.0619409441106091
          1.3881255451894357
          1.6615640766175714
          1.8845134881530994
          2.044664377603997
          1.1822870923755737
          1.432978710404154
          1.6252960777756247
          1.7634179931204297
          1.041451775242627
          1.218567638549117
          1.3820615815673705
          1.4995127926918113
          1.284754230740056
          1.2487683604654771
          1.3820615815673725
          1.499512792691813
          1.6590118631132822
          1.5936989893351843
          1.474384575296774
          1.3328876092193254
          1.1607572490833449
          1.518327332582978
          1.4585530032778649
          1.349356474890368
          1.2198749534426214
          1.071495363405263
          1.5183273325829783
          1.4585530032778662
          1.3493564748903681
          1.2503802745853683
          1.2767919577965288
          1.5304309806376815
          1.5304309806376832
          1.5304309806376846
          1.5306479929668562
          1.5614082187015923
        </DataArray>
      </CellData>
    </Piece>
  </UnstructuredGrid>
</VTKFile>
