<?xml version="1.0"?>
<VTKFile type="UnstructuredGrid" version="0.1" byte_order="LittleEndian">
  <UnstructuredGrid>
    <Piece NumberOfPoints="2943" NumberOfCells="2464">
      <Points>
        <DataArray type="Float64" NumberOfComponents="3" format="ascii">
          1.5500000999999999 1.5500000999999999 0.0000001
          1.6625001 1.5500000999999999 0.0000001
          1.6625001 1.6625001 0.0000001
          1.5500000999999999 1.6625001 0.0000001
          1.5500000999999999 1.5500000999999999 0.2857143857142857
          1.6625001 1.5500000999999999 0.2857143857142857
          1.6625001 1.6625001 0.2857143857142857
          1.5500000999999999 1.6625001 0.2857143857142857
          1.7750001 1.5500000999999999 0.0000001
          1.7750001 1.6625001 0.0000001
          1.7750001 1.5500000999999999 0.2857143857142857
          1.7750001 1.6625001 0.2857143857142857
          1.8875001 1.5500000999999999 0.0000001
          1.8875001 1.6625001 0.0000001
          1.8875001 1.5500000999999999 0.2857143857142857
          1.8875001 1.6625001 0.2857143857142857
          2.0000001 1.5500000999999999 0.0000001
          2.0000001 1.6625001 0.0000001
          2.0000001 1.5500000999999999 0.2857143857142857
          2.0000001 1.6625001 0.2857143857142857
          2.1125001 1.5500000999999999 0.0000001
          2.1125001 1.6625001 0.0000001
          2.1125001 1.5500000999999999 0.2857143857142857
          2.1125001 1.6625001 0.2857143857142857
          2.2250001 1.5500000999999999 0.0000001
          2.2250001 1.6625001 0.0000001
          2.2250001 1.5500000999999999 0.2857143857142857
          2.2250001 1.6625001 0.2857143857142857
          2.3375000999999997 1.5500000999999999 0.0000001
          2.3375000999999997 1.6625001 0.0000001
          2.3375000999999997 1.5500000999999999 0.2857143857142857
          2.3375000999999997 1.6625001 0.2857143857142857
          2.4500001 1.5500000999999999 0.0000001
          2.4500001 1.6625001 0.0000001
          2.4500001 1.5500000999999999 0.2857143857142857
          2.4500001 1.6625001 0.2857143857142857
          1.6625001 1.7750001 0.0000001
          1.5500000999999999 1.7750001 0.0000001
          1.6625001 1.7750001 0.2857143857142857
          1.5500000999999999 1.7750001 0.2857143857142857
          1.7750001 1.7750001 0.0000001
          1.7750001 1.7750001 0.2857143857142857
          1.8875001 1.7750001 0.0000001
          1.8875001 1.7750001 0.2857143857142857
          2.0000001 1.7750001 0.0000001
          2.0000001 1.7750001 0.2857143857142857
          2.1125001 1.7750001 0.0000001
          2.1125001 1.7750001 0.2857143857142857
          2.2250001 1.7750001 0.0000001
          2.2250001 1.7750001 0.2857143857142857
          2.3375000999999997 1.7750001 0.0000001
          2.3375000999999997 1.7750001 0.2857143857142857
          2.4500001 1.7750001 0.0000001
          2.4500001 1.7750001 0.2857143857142857
          1.6625001 1.8875001 0.0000001
          1.5500000999999999 1.8875001 0.0000001
          1.6625001 1.8875001 0.2857143857142857
          1.5500000999999999 1.8875001 0.2857143857142857
          1.7750001 1.8875001 0.0000001
          1.7750001 1.8875001 0.2857143857142857
          1.8875001 1.8875001 0.0000001
          1.8875001 1.8875001 0.2857143857142857
          2.0000001 1.8875001 0.0000001
          2.0000001 1.8875001 0.2857143857142857
          2.1125001 1.8875001 0.0000001
          2.1125001 1.8875001 0.2857143857142857
          2.2250001 1.8875001 0.0000001
          2.2250001 1.8875001 0.2857143857142857
          2.3375000999999997 1.8875001 0.0000001
          2.3375000999999997 1.8875001 0.2857143857142857
          2.4500001 1.8875001 0.0000001
          2.4500001 1.8875001 0.2857143857142857
          1.6625001 2.0000001 0.0000001
          1.5500000999999999 2.0000001 0.0000001
          1.6625001 2.0000001 0.2857143857142857
          1.5500000999999999 2.0000001 0.2857143857142857
          1.7750001 2.0000001 0.0000001
          1.7750001 2.0000001 0.2857143857142857
          1.8875001 2.0000001 0.0000001
          1.8875001 2.0000001 0.2857143857142857
          2.0000001 2.0000001 0.0000001
          2.0000001 2.0000001 0.2857143857142857
          2.1125001 2.0000001 0.0000001
          2.1125001 2.0000001 0.2857143857142857
          2.2250001 2.0000001 0.0000001
          2.2250001 2.0000001 0.2857143857142857
          2.3375000999999997 2.0000001 0.0000001
          2.3375000999999997 2.0000001 0.2857143857142857
          2.4500001 2.0000001 0.0000001
          2.4500001 2.0000001 0.2857143857142857
          1.6625001 2.1125001 0.0000001
          1.5500000999999999 2.1125001 0.0000001
          1.6625001 2.1125001 0.2857143857142857
          1.5500000999999999 2.1125001 0.2857143857142857
          1.7750001 2.1125001 0.0000001
          1.7750001 2.1125001 0.2857143857142857
          1.8875001 2.1125001 0.0000001
          1.8875001 2.1125001 0.2857143857142857
          2.0000001 2.1125001 0.0000001
          2.0000001 2.1125001 0.2857143857142857
          2.1125001 2.1125001 0.0000001
          2.1125001 2.1125001 0.2857143857142857
          2.2250001 2.1125001 0.0000001
          2.2250001 2.1125001 0.2857143857142857
          2.3375000999999997 2.1125001 0.0000001
          2.3375000999999997 2.1125001 0.2857143857142857
          2.4500001 2.1125001 0.0000001
          2.4500001 2.1125001 0.2857143857142857
          1.6625001 2.2250001 0.0000001
          1.5500000999999999 2.2250001 0.0000001
          1.6625001 2.2250001 0.2857143857142857
          1.5500000999999999 2.2250001 0.2857143857142857
          1.7750001 2.2250001 0.0000001
          1.7750001 2.2250001 0.2857143857142857
          1.8875001 2.2250001 0.0000001
          1.8875001 2.2250001 0.2857143857142857
          2.0000001 2.2250001 0.0000001
          2.0000001 2.2250001 0.2857143857142857
          2.1125001 2.2250001 0.0000001
          2.1125001 2.2250001 0.2857143857142857
          2.2250001 2.2250001 0.0000001
          2.2250001 2.2250001 0.2857143857142857
          2.3375000999999997 2.2250001 0.0000001
          2.3375000999999997 2.2250001 0.2857143857142857
          2.4500001 2.2250001 0.0000001
          2.4500001 2.2250001 0.2857143857142857
          1.6625001 2.3375000999999997 0.0000001
          1.5500000999999999 2.3375000999999997 0.0000001
          1.6625001 2.3375000999999997 0.2857143857142857
          1.5500000999999999 2.3375000999999997 0.2857143857142857
          1.7750001 2.3375000999999997 0.0000001
          1.7750001 2.3375000999999997 0.2857143857142857
          1.8875001 2.3375000999999997 0.0000001
          1.8875001 2.3375000999999997 0.2857143857142857
          2.0000001 2.3375000999999997 0.0000001
          2.0000001 2.3375000999999997 0.2857143857142857
          2.1125001 2.3375000999999997 0.0000001
          2.1125001 2.3375000999999997 0.2857143857142857
          2.2250001 2.3375000999999997 0.0000001
          2.2250001 2.3375000999999997 0.2857143857142857
          2.3375000999999997 2.3375000999999997 0.0000001
          2.3375000999999997 2.3375000999999997 0.2857143857142857
          2.4500001 2.3375000999999997 0.0000001
          2.4500001 2.3375000999999997 0.2857143857142857
          1.6625001 2.4500001 0.0000001
          1.5500000999999999 2.4500001 0.0000001
          1.6625001 2.4500001 0.2857143857142857
          1.5500000999999999 2.4500001 0.2857143857142857
          1.7750001 2.4500001 0.0000001
          1.7750001 2.4500001 0.2857143857142857
          1.8875001 2.4500001 0.0000001
          1.8875001 2.4500001 0.2857143857142857
          2.0000001 2.4500001 0.0000001
          2.0000001 2.4500001 0.2857143857142857
          2.1125001 2.4500001 0.0000001
          2.1125001 2.4500001 0.2857143857142857
          2.2250001 2.4500001 0.0000001
          2.2250001 2.4500001 0.2857143857142857
          2.3375000999999997 2.4500001 0.0000001
          2.3375000999999997 2.4500001 0.2857143857142857
          2.4500001 2.4500001 0.0000001
          2.4500001 2.4500001 0.2857143857142857
          1.5500000999999999 1.5500000999999999 0.5714286714285713
          1.6625001 1.5500000999999999 0.5714286714285713
          1.6625001 1.6625001 0.5714286714285713
          1.5500000999999999 1.6625001 0.5714286714285713
          1.7750001 1.5500000999999999 0.5714286714285713
          1.7750001 1.6625001 0.5714286714285713
          1.8875001 1.5500000999999999 0.5714286714285713
          1.8875001 1.6625001 0.5714286714285713
          2.0000001 1.5500000999999999 0.5714286714285713
          2.0000001 1.6625001 0.5714286714285713
          2.1125001 1.5500000999999999 0.5714286714285713
          2.1125001 1.6625001 0.5714286714285713
          2.2250001 1.5500000999999999 0.5714286714285713
          2.2250001 1.6625001 0.5714286714285713
          2.3375000999999997 1.5500000999999999 0.5714286714285713
          2.3375000999999997 1.6625001 0.5714286714285713
          2.4500001 1.5500000999999999 0.5714286714285713
          2.4500001 1.6625001 0.5714286714285713
          1.6625001 1.7750001 0.5714286714285713
          1.5500000999999999 1.7750001 0.5714286714285713
          1.7750001 1.7750001 0.5714286714285713
          1.8875001 1.7750001 0.5714286714285713
          2.0000001 1.7750001 0.5714286714285713
          2.1125001 1.7750001 0.5714286714285713
          2.2250001 1.7750001 0.5714286714285713
          2.3375000999999997 1.7750001 0.5714286714285713
          2.4500001 1.7750001 0.5714286714285713
          1.6625001 1.8875001 0.5714286714285713
          1.5500000999999999 1.8875001 0.5714286714285713
          1.7750001 1.8875001 0.5714286714285713
          1.8875001 1.8875001 0.5714286714285713
          2.0000001 1.8875001 0.5714286714285713
          2.1125001 1.8875001 0.5714286714285713
          2.2250001 1.8875001 0.5714286714285713
          2.3375000999999997 1.8875001 0.5714286714285713
          2.4500001 1.8875001 0.5714286714285713
          1.6625001 2.0000001 0.5714286714285713
          1.5500000999999999 2.0000001 0.5714286714285713
          1.7750001 2.0000001 0.5714286714285713
          1.8875001 2.0000001 0.5714286714285713
          2.0000001 2.0000001 0.5714286714285713
          2.1125001 2.0000001 0.5714286714285713
          2.2250001 2.0000001 0.5714286714285713
          2.3375000999999997 2.0000001 0.5714286714285713
          2.4500001 2.0000001 0.5714286714285713
          1.6625001 2.1125001 0.5714286714285713
          1.5500000999999999 2.1125001 0.5714286714285713
          1.7750001 2.1125001 0.5714286714285713
          1.8875001 2.1125001 0.5714286714285713
          2.0000001 2.1125001 0.5714286714285713
          2.1125001 2.1125001 0.5714286714285713
          2.2250001 2.1125001 0.5714286714285713
          2.3375000999999997 2.1125001 0.5714286714285713
          2.4500001 2.1125001 0.5714286714285713
          1.6625001 2.2250001 0.5714286714285713
          1.5500000999999999 2.2250001 0.5714286714285713
          1.7750001 2.2250001 0.5714286714285713
          1.8875001 2.2250001 0.5714286714285713
          2.0000001 2.2250001 0.5714286714285713
          2.1125001 2.2250001 0.5714286714285713
          2.2250001 2.2250001 0.5714286714285713
          2.3375000999999997 2.2250001 0.5714286714285713
          2.4500001 2.2250001 0.5714286714285713
          1.6625001 2.3375000999999997 0.5714286714285713
          1.5500000999999999 2.3375000999999997 0.5714286714285713
          1.7750001 2.3375000999999997 0.5714286714285713
          1.8875001 2.3375000999999997 0.5714286714285713
          2.0000001 2.3375000999999997 0.5714286714285713
          2.1125001 2.3375000999999997 0.5714286714285713
          2.2250001 2.3375000999999997 0.5714286714285713
          2.3375000999999997 2.3375000999999997 0.5714286714285713
          2.4500001 2.3375000999999997 0.5714286714285713
          1.6625001 2.4500001 0.5714286714285713
          1.5500000999999999 2.4500001 0.5714286714285713
          1.7750001 2.4500001 0.5714286714285713
          1.8875001 2.4500001 0.5714286714285713
          2.0000001 2.4500001 0.5714286714285713
          2.1125001 2.4500001 0.5714286714285713
          2.2250001 2.4500001 0.5714286714285713
          2.3375000999999997 2.4500001 0.5714286714285713
          2.4500001 2.4500001 0.5714286714285713
          1.5500000999999999 1.5500000999999999 0.8571429571428569
          1.6625001 1.5500000999999999 0.8571429571428569
          1.6625001 1.6625001 0.8571429571428569
          1.5500000999999999 1.6625001 0.8571429571428569
          1.7750001 1.5500000999999999 0.8571429571428569
          1.7750001 1.6625001 0.8571429571428569
          1.8875001 1.5500000999999999 0.8571429571428569
          1.8875001 1.6625001 0.8571429571428569
          2.0000001 1.5500000999999999 0.8571429571428569
          2.0000001 1.6625001 0.8571429571428569
          2.1125001 1.5500000999999999 0.8571429571428569
          2.1125001 1.6625001 0.8571429571428569
          2.2250001 1.5500000999999999 0.8571429571428569
          2.2250001 1.6625001 0.8571429571428569
          2.3375000999999997 1.5500000999999999 0.8571429571428569
          2.3375000999999997 1.6625001 0.8571429571428569
          2.4500001 1.5500000999999999 0.8571429571428569
          2.4500001 1.6625001 0.8571429571428569
          1.6625001 1.7750001 0.8571429571428569
          1.5500000999999999 1.7750001 0.8571429571428569
          1.7750001 1.7750001 0.8571429571428569
          1.8875001 1.7750001 0.8571429571428569
          2.0000001 1.7750001 0.8571429571428569
          2.1125001 1.7750001 0.8571429571428569
          2.2250001 1.7750001 0.8571429571428569
          2.3375000999999997 1.7750001 0.8571429571428569
          2.4500001 1.7750001 0.8571429571428569
          1.6625001 1.8875001 0.8571429571428569
          1.5500000999999999 1.8875001 0.8571429571428569
          1.7750001 1.8875001 0.8571429571428569
          1.8875001 1.8875001 0.8571429571428569
          2.0000001 1.8875001 0.8571429571428569
          2.1125001 1.8875001 0.8571429571428569
          2.2250001 1.8875001 0.8571429571428569
          2.3375000999999997 1.8875001 0.8571429571428569
          2.4500001 1.8875001 0.8571429571428569
          1.6625001 2.0000001 0.8571429571428569
          1.5500000999999999 2.0000001 0.8571429571428569
          1.7750001 2.0000001 0.8571429571428569
          1.8875001 2.0000001 0.8571429571428569
          2.0000001 2.0000001 0.8571429571428569
          2.1125001 2.0000001 0.8571429571428569
          2.2250001 2.0000001 0.8571429571428569
          2.3375000999999997 2.0000001 0.8571429571428569
          2.4500001 2.0000001 0.8571429571428569
          1.6625001 2.1125001 0.8571429571428569
          1.5500000999999999 2.1125001 0.8571429571428569
          1.7750001 2.1125001 0.8571429571428569
          1.8875001 2.1125001 0.8571429571428569
          2.0000001 2.1125001 0.8571429571428569
          2.1125001 2.1125001 0.8571429571428569
          2.2250001 2.1125001 0.8571429571428569
          2.3375000999999997 2.1125001 0.8571429571428569
          2.4500001 2.1125001 0.8571429571428569
          1.6625001 2.2250001 0.8571429571428569
          1.5500000999999999 2.2250001 0.8571429571428569
          1.7750001 2.2250001 0.8571429571428569
          1.8875001 2.2250001 0.8571429571428569
          2.0000001 2.2250001 0.8571429571428569
          2.1125001 2.2250001 0.8571429571428569
          2.2250001 2.2250001 0.8571429571428569
          2.3375000999999997 2.2250001 0.8571429571428569
          2.4500001 2.2250001 0.8571429571428569
          1.6625001 2.3375000999999997 0.8571429571428569
          1.5500000999999999 2.3375000999999997 0.8571429571428569
          1.7750001 2.3375000999999997 0.8571429571428569
          1.8875001 2.3375000999999997 0.8571429571428569
          2.0000001 2.3375000999999997 0.8571429571428569
          2.1125001 2.3375000999999997 0.8571429571428569
          2.2250001 2.3375000999999997 0.8571429571428569
          2.3375000999999997 2.3375000999999997 0.8571429571428569
          2.4500001 2.3375000999999997 0.8571429571428569
          1.6625001 2.4500001 0.8571429571428569
          1.5500000999999999 2.4500001 0.8571429571428569
          1.7750001 2.4500001 0.8571429571428569
          1.8875001 2.4500001 0.8571429571428569
          2.0000001 2.4500001 0.8571429571428569
          2.1125001 2.4500001 0.8571429571428569
          2.2250001 2.4500001 0.8571429571428569
          2.3375000999999997 2.4500001 0.8571429571428569
          2.4500001 2.4500001 0.8571429571428569
          1.5500000999999999 1.5500000999999999 1.1428572428571429
          1.6625001 1.5500000999999999 1.1428572428571429
          1.6625001 1.6625001 1.1428572428571429
          1.5500000999999999 1.6625001 1.1428572428571429
          1.7750001 1.5500000999999999 1.1428572428571429
          1.7750001 1.6625001 1.1428572428571429
          1.8875001 1.5500000999999999 1.1428572428571429
          1.8875001 1.6625001 1.1428572428571429
          2.0000001 1.5500000999999999 1.1428572428571429
          2.0000001 1.6625001 1.1428572428571429
          2.1125001 1.5500000999999999 1.1428572428571429
          2.1125001 1.6625001 1.1428572428571429
          2.2250001 1.5500000999999999 1.1428572428571429
          2.2250001 1.6625001 1.1428572428571429
          2.3375000999999997 1.5500000999999999 1.1428572428571429
          2.3375000999999997 1.6625001 1.1428572428571429
          2.4500001 1.5500000999999999 1.1428572428571429
          2.4500001 1.6625001 1.1428572428571429
          1.6625001 1.7750001 1.1428572428571429
          1.5500000999999999 1.7750001 1.1428572428571429
          1.7750001 1.7750001 1.1428572428571429
          1.8875001 1.7750001 1.1428572428571429
          2.0000001 1.7750001 1.1428572428571429
          2.1125001 1.7750001 1.1428572428571429
          2.2250001 1.7750001 1.1428572428571429
          2.3375000999999997 1.7750001 1.1428572428571429
          2.4500001 1.7750001 1.1428572428571429
          1.6625001 1.8875001 1.1428572428571429
          1.5500000999999999 1.8875001 1.1428572428571429
          1.7750001 1.8875001 1.1428572428571429
          1.8875001 1.8875001 1.1428572428571429
          2.0000001 1.8875001 1.1428572428571429
          2.1125001 1.8875001 1.1428572428571429
          2.2250001 1.8875001 1.1428572428571429
          2.3375000999999997 1.8875001 1.1428572428571429
          2.4500001 1.8875001 1.1428572428571429
          1.6625001 2.0000001 1.1428572428571429
          1.5500000999999999 2.0000001 1.1428572428571429
          1.7750001 2.0000001 1.1428572428571429
          1.8875001 2.0000001 1.1428572428571429
          2.0000001 2.0000001 1.1428572428571429
          2.1125001 2.0000001 1.1428572428571429
          2.2250001 2.0000001 1.1428572428571429
          2.3375000999999997 2.0000001 1.1428572428571429
          2.4500001 2.0000001 1.1428572428571429
          1.6625001 2.1125001 1.1428572428571429
          1.5500000999999999 2.1125001 1.1428572428571429
          1.7750001 2.1125001 1.1428572428571429
          1.8875001 2.1125001 1.1428572428571429
          2.0000001 2.1125001 1.1428572428571429
          2.1125001 2.1125001 1.1428572428571429
          2.2250001 2.1125001 1.1428572428571429
          2.3375000999999997 2.1125001 1.1428572428571429
          2.4500001 2.1125001 1.1428572428571429
          1.6625001 2.2250001 1.1428572428571429
          1.5500000999999999 2.2250001 1.1428572428571429
          1.7750001 2.2250001 1.1428572428571429
          1.8875001 2.2250001 1.1428572428571429
          2.0000001 2.2250001 1.1428572428571429
          2.1125001 2.2250001 1.1428572428571429
          2.2250001 2.2250001 1.1428572428571429
          2.3375000999999997 2.2250001 1.1428572428571429
          2.4500001 2.2250001 1.1428572428571429
          1.6625001 2.3375000999999997 1.1428572428571429
          1.5500000999999999 2.3375000999999997 1.1428572428571429
          1.7750001 2.3375000999999997 1.1428572428571429
          1.8875001 2.3375000999999997 1.1428572428571429
          2.0000001 2.3375000999999997 1.1428572428571429
          2.1125001 2.3375000999999997 1.1428572428571429
          2.2250001 2.3375000999999997 1.1428572428571429
          2.3375000999999997 2.3375000999999997 1.1428572428571429
          2.4500001 2.3375000999999997 1.1428572428571429
          1.6625001 2.4500001 1.1428572428571429
          1.5500000999999999 2.4500001 1.1428572428571429
          1.7750001 2.4500001 1.1428572428571429
          1.8875001 2.4500001 1.1428572428571429
          2.0000001 2.4500001 1.1428572428571429
          2.1125001 2.4500001 1.1428572428571429
          2.2250001 2.4500001 1.1428572428571429
          2.3375000999999997 2.4500001 1.1428572428571429
          2.4500001 2.4500001 1.1428572428571429
          1.5500000999999999 1.5500000999999999 1.4285715285714284
          1.6625001 1.5500000999999999 1.4285715285714284
          1.6625001 1.6625001 1.4285715285714284
          1.5500000999999999 1.6625001 1.4285715285714284
          1.7750001 1.5500000999999999 1.4285715285714284
          1.7750001 1.6625001 1.4285715285714284
          1.8875001 1.5500000999999999 1.4285715285714284
          1.8875001 1.6625001 1.4285715285714284
          2.0000001 1.5500000999999999 1.4285715285714284
          2.0000001 1.6625001 1.4285715285714284
          2.1125001 1.5500000999999999 1.4285715285714284
          2.1125001 1.6625001 1.4285715285714284
          2.2250001 1.5500000999999999 1.4285715285714284
          2.2250001 1.6625001 1.4285715285714284
          2.3375000999999997 1.5500000999999999 1.4285715285714284
          2.3375000999999997 1.6625001 1.4285715285714284
          2.4500001 1.5500000999999999 1.4285715285714284
          2.4500001 1.6625001 1.4285715285714284
          1.6625001 1.7750001 1.4285715285714284
          1.5500000999999999 1.7750001 1.4285715285714284
          1.7750001 1.7750001 1.4285715285714284
          1.8875001 1.7750001 1.4285715285714284
          2.0000001 1.7750001 1.4285715285714284
          2.1125001 1.7750001 1.4285715285714284
          2.2250001 1.7750001 1.4285715285714284
          2.3375000999999997 1.7750001 1.4285715285714284
          2.4500001 1.7750001 1.4285715285714284
          1.6625001 1.8875001 1.4285715285714284
          1.5500000999999999 1.8875001 1.4285715285714284
          1.7750001 1.8875001 1.4285715285714284
          1.8875001 1.8875001 1.4285715285714284
          2.0000001 1.8875001 1.4285715285714284
          2.1125001 1.8875001 1.4285715285714284
          2.2250001 1.8875001 1.4285715285714284
          2.3375000999999997 1.8875001 1.4285715285714284
          2.4500001 1.8875001 1.4285715285714284
          1.6625001 2.0000001 1.4285715285714284
          1.5500000999999999 2.0000001 1.4285715285714284
          1.7750001 2.0000001 1.4285715285714284
          1.8875001 2.0000001 1.4285715285714284
          2.0000001 2.0000001 1.4285715285714284
          2.1125001 2.0000001 1.4285715285714284
          2.2250001 2.0000001 1.4285715285714284
          2.3375000999999997 2.0000001 1.4285715285714284
          2.4500001 2.0000001 1.4285715285714284
          1.6625001 2.1125001 1.4285715285714284
          1.5500000999999999 2.1125001 1.4285715285714284
          1.7750001 2.1125001 1.4285715285714284
          1.8875001 2.1125001 1.4285715285714284
          2.0000001 2.1125001 1.4285715285714284
          2.1125001 2.1125001 1.4285715285714284
          2.2250001 2.1125001 1.4285715285714284
          2.3375000999999997 2.1125001 1.4285715285714284
          2.4500001 2.1125001 1.4285715285714284
          1.6625001 2.2250001 1.4285715285714284
          1.5500000999999999 2.2250001 1.4285715285714284
          1.7750001 2.2250001 1.4285715285714284
          1.8875001 2.2250001 1.4285715285714284
          2.0000001 2.2250001 1.4285715285714284
          2.1125001 2.2250001 1.4285715285714284
          2.2250001 2.2250001 1.4285715285714284
          2.3375000999999997 2.2250001 1.4285715285714284
          2.4500001 2.2250001 1.4285715285714284
          1.6625001 2.3375000999999997 1.4285715285714284
          1.5500000999999999 2.3375000999999997 1.4285715285714284
          1.7750001 2.3375000999999997 1.4285715285714284
          1.8875001 2.3375000999999997 1.4285715285714284
          2.0000001 2.3375000999999997 1.4285715285714284
          2.1125001 2.3375000999999997 1.4285715285714284
          2.2250001 2.3375000999999997 1.4285715285714284
          2.3375000999999997 2.3375000999999997 1.4285715285714284
          2.4500001 2.3375000999999997 1.4285715285714284
          1.6625001 2.4500001 1.4285715285714284
          1.5500000999999999 2.4500001 1.4285715285714284
          1.7750001 2.4500001 1.4285715285714284
          1.8875001 2.4500001 1.4285715285714284
          2.0000001 2.4500001 1.4285715285714284
          2.1125001 2.4500001 1.4285715285714284
          2.2250001 2.4500001 1.4285715285714284
          2.3375000999999997 2.4500001 1.4285715285714284
          2.4500001 2.4500001 1.4285715285714284
          1.5500000999999999 1.5500000999999999 1.714285814285714
          1.6625001 1.5500000999999999 1.714285814285714
          1.6625001 1.6625001 1.714285814285714
          1.5500000999999999 1.6625001 1.714285814285714
          1.7750001 1.5500000999999999 1.714285814285714
          1.7750001 1.6625001 1.714285814285714
          1.8875001 1.5500000999999999 1.714285814285714
          1.8875001 1.6625001 1.714285814285714
          2.0000001 1.5500000999999999 1.714285814285714
          2.0000001 1.6625001 1.714285814285714
          2.1125001 1.5500000999999999 1.714285814285714
          2.1125001 1.6625001 1.714285814285714
          2.2250001 1.5500000999999999 1.714285814285714
          2.2250001 1.6625001 1.714285814285714
          2.3375000999999997 1.5500000999999999 1.714285814285714
          2.3375000999999997 1.6625001 1.714285814285714
          2.4500001 1.5500000999999999 1.714285814285714
          2.4500001 1.6625001 1.714285814285714
          1.6625001 1.7750001 1.714285814285714
          1.5500000999999999 1.7750001 1.714285814285714
          1.7750001 1.7750001 1.714285814285714
          1.8875001 1.7750001 1.714285814285714
          2.0000001 1.7750001 1.714285814285714
          2.1125001 1.7750001 1.714285814285714
          2.2250001 1.7750001 1.714285814285714
          2.3375000999999997 1.7750001 1.714285814285714
          2.4500001 1.7750001 1.714285814285714
          1.6625001 1.8875001 1.714285814285714
          1.5500000999999999 1.8875001 1.714285814285714
          1.7750001 1.8875001 1.714285814285714
          1.8875001 1.8875001 1.714285814285714
          2.0000001 1.8875001 1.714285814285714
          2.1125001 1.8875001 1.714285814285714
          2.2250001 1.8875001 1.714285814285714
          2.3375000999999997 1.8875001 1.714285814285714
          2.4500001 1.8875001 1.714285814285714
          1.6625001 2.0000001 1.714285814285714
          1.5500000999999999 2.0000001 1.714285814285714
          1.7750001 2.0000001 1.714285814285714
          1.8875001 2.0000001 1.714285814285714
          2.0000001 2.0000001 1.714285814285714
          2.1125001 2.0000001 1.714285814285714
          2.2250001 2.0000001 1.714285814285714
          2.3375000999999997 2.0000001 1.714285814285714
          2.4500001 2.0000001 1.714285814285714
          1.6625001 2.1125001 1.714285814285714
          1.5500000999999999 2.1125001 1.714285814285714
          1.7750001 2.1125001 1.714285814285714
          1.8875001 2.1125001 1.714285814285714
          2.0000001 2.1125001 1.714285814285714
          2.1125001 2.1125001 1.714285814285714
          2.2250001 2.1125001 1.714285814285714
          2.3375000999999997 2.1125001 1.714285814285714
          2.4500001 2.1125001 1.714285814285714
          1.6625001 2.2250001 1.714285814285714
          1.5500000999999999 2.2250001 1.714285814285714
          1.7750001 2.2250001 1.714285814285714
          1.8875001 2.2250001 1.714285814285714
          2.0000001 2.2250001 1.714285814285714
          2.1125001 2.2250001 1.714285814285714
          2.2250001 2.2250001 1.714285814285714
          2.3375000999999997 2.2250001 1.714285814285714
          2.4500001 2.2250001 1.714285814285714
          1.6625001 2.3375000999999997 1.714285814285714
          1.5500000999999999 2.3375000999999997 1.714285814285714
          1.7750001 2.3375000999999997 1.714285814285714
          1.8875001 2.3375000999999997 1.714285814285714
          2.0000001 2.3375000999999997 1.714285814285714
          2.1125001 2.3375000999999997 1.714285814285714
          2.2250001 2.3375000999999997 1.714285814285714
          2.3375000999999997 2.3375000999999997 1.714285814285714
          2.4500001 2.3375000999999997 1.714285814285714
          1.6625001 2.4500001 1.714285814285714
          1.5500000999999999 2.4500001 1.714285814285714
          1.7750001 2.4500001 1.714285814285714
          1.8875001 2.4500001 1.714285814285714
          2.0000001 2.4500001 1.714285814285714
          2.1125001 2.4500001 1.714285814285714
          2.2250001 2.4500001 1.714285814285714
          2.3375000999999997 2.4500001 1.714285814285714
          2.4500001 2.4500001 1.714285814285714
          1.5500000999999999 1.5500000999999999 2.0000001
          1.6625001 1.5500000999999999 2.0000001
          1.6625001 1.6625001 2.0000001
          1.5500000999999999 1.6625001 2.0000001
          1.7750001 1.5500000999999999 2.0000001
          1.7750001 1.6625001 2.0000001
          1.8875001 1.5500000999999999 2.0000001
          1.8875001 1.6625001 2.0000001
          2.0000001 1.5500000999999999 2.0000001
          2.0000001 1.6625001 2.0000001
          2.1125001 1.5500000999999999 2.0000001
          2.1125001 1.6625001 2.0000001
          2.2250001 1.5500000999999999 2.0000001
          2.2250001 1.6625001 2.0000001
          2.3375000999999997 1.5500000999999999 2.0000001
          2.3375000999999997 1.6625001 2.0000001
          2.4500001 1.5500000999999999 2.0000001
          2.4500001 1.6625001 2.0000001
          1.6625001 1.7750001 2.0000001
          1.5500000999999999 1.7750001 2.0000001
          1.7750001 1.7750001 2.0000001
          1.8875001 1.7750001 2.0000001
          2.0000001 1.7750001 2.0000001
          2.1125001 1.7750001 2.0000001
          2.2250001 1.7750001 2.0000001
          2.3375000999999997 1.7750001 2.0000001
          2.4500001 1.7750001 2.0000001
          1.6625001 1.8875001 2.0000001
          1.5500000999999999 1.8875001 2.0000001
          1.7750001 1.8875001 2.0000001
          1.8875001 1.8875001 2.0000001
          2.0000001 1.8875001 2.0000001
          2.1125001 1.8875001 2.0000001
          2.2250001 1.8875001 2.0000001
          2.3375000999999997 1.8875001 2.0000001
          2.4500001 1.8875001 2.0000001
          1.6625001 2.0000001 2.0000001
          1.5500000999999999 2.0000001 2.0000001
          1.7750001 2.0000001 2.0000001
          1.8875001 2.0000001 2.0000001
          2.0000001 2.0000001 2.0000001
          2.1125001 2.0000001 2.0000001
          2.2250001 2.0000001 2.0000001
          2.3375000999999997 2.0000001 2.0000001
          2.4500001 2.0000001 2.0000001
          1.6625001 2.1125001 2.0000001
          1.5500000999999999 2.1125001 2.0000001
          1.7750001 2.1125001 2.0000001
          1.8875001 2.1125001 2.0000001
          2.0000001 2.1125001 2.0000001
          2.1125001 2.1125001 2.0000001
          2.2250001 2.1125001 2.0000001
          2.3375000999999997 2.1125001 2.0000001
          2.4500001 2.1125001 2.0000001
          1.6625001 2.2250001 2.0000001
          1.5500000999999999 2.2250001 2.0000001
          1.7750001 2.2250001 2.0000001
          1.8875001 2.2250001 2.0000001
          2.0000001 2.2250001 2.0000001
          2.1125001 2.2250001 2.0000001
          2.2250001 2.2250001 2.0000001
          2.3375000999999997 2.2250001 2.0000001
          2.4500001 2.2250001 2.0000001
          1.6625001 2.3375000999999997 2.0000001
          1.5500000999999999 2.3375000999999997 2.0000001
          1.7750001 2.3375000999999997 2.0000001
          1.8875001 2.3375000999999997 2.0000001
          2.0000001 2.3375000999999997 2.0000001
          2.1125001 2.3375000999999997 2.0000001
          2.2250001 2.3375000999999997 2.0000001
          2.3375000999999997 2.3375000999999997 2.0000001
          2.4500001 2.3375000999999997 2.0000001
          1.6625001 2.4500001 2.0000001
          1.5500000999999999 2.4500001 2.0000001
          1.7750001 2.4500001 2.0000001
          1.8875001 2.4500001 2.0000001
          2.0000001 2.4500001 2.0000001
          2.1125001 2.4500001 2.0000001
          2.2250001 2.4500001 2.0000001
          2.3375000999999997 2.4500001 2.0000001
          2.4500001 2.4500001 2.0000001
          1.5500000999999999 1.5500000999999999 2.2800000999999996
          1.6625001 1.5500000999999999 2.2800000999999996
          1.6625001 1.6625001 2.2800000999999996
          1.5500000999999999 1.6625001 2.2800000999999996
          1.7750001 1.5500000999999999 2.2800000999999996
          1.7750001 1.6625001 2.2800000999999996
          1.8875001 1.5500000999999999 2.2800000999999996
          1.8875001 1.6625001 2.2800000999999996
          2.0000001 1.5500000999999999 2.2800000999999996
          2.0000001 1.6625001 2.2800000999999996
          2.1125001 1.5500000999999999 2.2800000999999996
          2.1125001 1.6625001 2.2800000999999996
          2.2250001 1.5500000999999999 2.2800000999999996
          2.2250001 1.6625001 2.2800000999999996
          2.3375000999999997 1.5500000999999999 2.2800000999999996
          2.3375000999999997 1.6625001 2.2800000999999996
          2.4500001 1.5500000999999999 2.2800000999999996
          2.4500001 1.6625001 2.2800000999999996
          1.6625001 1.7750001 2.2800000999999996
          1.5500000999999999 1.7750001 2.2800000999999996
          1.7750001 1.7750001 2.2800000999999996
          1.8875001 1.7750001 2.2800000999999996
          2.0000001 1.7750001 2.2800000999999996
          2.1125001 1.7750001 2.2800000999999996
          2.2250001 1.7750001 2.2800000999999996
          2.3375000999999997 1.7750001 2.2800000999999996
          2.4500001 1.7750001 2.2800000999999996
          1.6625001 1.8875001 2.2800000999999996
          1.5500000999999999 1.8875001 2.2800000999999996
          1.7750001 1.8875001 2.2800000999999996
          1.8875001 1.8875001 2.2800000999999996
          2.0000001 1.8875001 2.2800000999999996
          2.1125001 1.8875001 2.2800000999999996
          2.2250001 1.8875001 2.2800000999999996
          2.3375000999999997 1.8875001 2.2800000999999996
          2.4500001 1.8875001 2.2800000999999996
          1.6625001 2.0000001 2.2800000999999996
          1.5500000999999999 2.0000001 2.2800000999999996
          1.7750001 2.0000001 2.2800000999999996
          1.8875001 2.0000001 2.2800000999999996
          2.0000001 2.0000001 2.2800000999999996
          2.1125001 2.0000001 2.2800000999999996
          2.2250001 2.0000001 2.2800000999999996
          2.3375000999999997 2.0000001 2.2800000999999996
          2.4500001 2.0000001 2.2800000999999996
          1.6625001 2.1125001 2.2800000999999996
          1.5500000999999999 2.1125001 2.2800000999999996
          1.7750001 2.1125001 2.2800000999999996
          1.8875001 2.1125001 2.2800000999999996
          2.0000001 2.1125001 2.2800000999999996
          2.1125001 2.1125001 2.2800000999999996
          2.2250001 2.1125001 2.2800000999999996
          2.3375000999999997 2.1125001 2.2800000999999996
          2.4500001 2.1125001 2.2800000999999996
          1.6625001 2.2250001 2.2800000999999996
          1.5500000999999999 2.2250001 2.2800000999999996
          1.7750001 2.2250001 2.2800000999999996
          1.8875001 2.2250001 2.2800000999999996
          2.0000001 2.2250001 2.2800000999999996
          2.1125001 2.2250001 2.2800000999999996
          2.2250001 2.2250001 2.2800000999999996
          2.3375000999999997 2.2250001 2.2800000999999996
          2.4500001 2.2250001 2.2800000999999996
          1.6625001 2.3375000999999997 2.2800000999999996
          1.5500000999999999 2.3375000999999997 2.2800000999999996
          1.7750001 2.3375000999999997 2.2800000999999996
          1.8875001 2.3375000999999997 2.2800000999999996
          2.0000001 2.3375000999999997 2.2800000999999996
          2.1125001 2.3375000999999997 2.2800000999999996
          2.2250001 2.3375000999999997 2.2800000999999996
          2.3375000999999997 2.3375000999999997 2.2800000999999996
          2.4500001 2.3375000999999997 2.2800000999999996
          1.6625001 2.4500001 2.2800000999999996
          1.5500000999999999 2.4500001 2.2800000999999996
          1.7750001 2.4500001 2.2800000999999996
          1.8875001 2.4500001 2.2800000999999996
          2.0000001 2.4500001 2.2800000999999996
          2.1125001 2.4500001 2.2800000999999996
          2.2250001 2.4500001 2.2800000999999996
          2.3375000999999997 2.4500001 2.2800000999999996
          2.4500001 2.4500001 2.2800000999999996
          1.5500000999999999 1.5500000999999999 2.5600001
          1.6625001 1.5500000999999999 2.5600001
          1.6625001 1.6625001 2.5600001
          1.5500000999999999 1.6625001 2.5600001
          1.7750001 1.5500000999999999 2.5600001
          1.7750001 1.6625001 2.5600001
          1.8875001 1.5500000999999999 2.5600001
          1.8875001 1.6625001 2.5600001
          2.0000001 1.5500000999999999 2.5600001
          2.0000001 1.6625001 2.5600001
          2.1125001 1.5500000999999999 2.5600001
          2.1125001 1.6625001 2.5600001
          2.2250001 1.5500000999999999 2.5600001
          2.2250001 1.6625001 2.5600001
          2.3375000999999997 1.5500000999999999 2.5600001
          2.3375000999999997 1.6625001 2.5600001
          2.4500001 1.5500000999999999 2.5600001
          2.4500001 1.6625001 2.5600001
          1.6625001 1.7750001 2.5600001
          1.5500000999999999 1.7750001 2.5600001
          1.7750001 1.7750001 2.5600001
          1.8875001 1.7750001 2.5600001
          2.0000001 1.7750001 2.5600001
          2.1125001 1.7750001 2.5600001
          2.2250001 1.7750001 2.5600001
          2.3375000999999997 1.7750001 2.5600001
          2.4500001 1.7750001 2.5600001
          1.6625001 1.8875001 2.5600001
          1.5500000999999999 1.8875001 2.5600001
          1.7750001 1.8875001 2.5600001
          1.8875001 1.8875001 2.5600001
          2.0000001 1.8875001 2.5600001
          2.1125001 1.8875001 2.5600001
          2.2250001 1.8875001 2.5600001
          2.3375000999999997 1.8875001 2.5600001
          2.4500001 1.8875001 2.5600001
          1.6625001 2.0000001 2.5600001
          1.5500000999999999 2.0000001 2.5600001
          1.7750001 2.0000001 2.5600001
          1.8875001 2.0000001 2.5600001
          2.0000001 2.0000001 2.5600001
          2.1125001 2.0000001 2.5600001
          2.2250001 2.0000001 2.5600001
          2.3375000999999997 2.0000001 2.5600001
          2.4500001 2.0000001 2.5600001
          1.6625001 2.1125001 2.5600001
          1.5500000999999999 2.1125001 2.5600001
          1.7750001 2.1125001 2.5600001
          1.8875001 2.1125001 2.5600001
          2.0000001 2.1125001 2.5600001
          2.1125001 2.1125001 2.5600001
          2.2250001 2.1125001 2.5600001
          2.3375000999999997 2.1125001 2.5600001
          2.4500001 2.1125001 2.5600001
          1.6625001 2.2250001 2.5600001
          1.5500000999999999 2.2250001 2.5600001
          1.7750001 2.2250001 2.5600001
          1.8875001 2.2250001 2.5600001
          2.0000001 2.2250001 2.5600001
          2.1125001 2.2250001 2.5600001
          2.2250001 2.2250001 2.5600001
          2.3375000999999997 2.2250001 2.5600001
          2.4500001 2.2250001 2.5600001
          1.6625001 2.3375000999999997 2.5600001
          1.5500000999999999 2.3375000999999997 2.5600001
          1.7750001 2.3375000999999997 2.5600001
          1.8875001 2.3375000999999997 2.5600001
          2.0000001 2.3375000999999997 2.5600001
          2.1125001 2.3375000999999997 2.5600001
          2.2250001 2.3375000999999997 2.5600001
          2.3375000999999997 2.3375000999999997 2.5600001
          2.4500001 2.3375000999999997 2.5600001
          1.6625001 2.4500001 2.5600001
          1.5500000999999999 2.4500001 2.5600001
          1.7750001 2.4500001 2.5600001
          1.8875001 2.4500001 2.5600001
          2.0000001 2.4500001 2.5600001
          2.1125001 2.4500001 2.5600001
          2.2250001 2.4500001 2.5600001
          2.3375000999999997 2.4500001 2.5600001
          2.4500001 2.4500001 2.5600001
          1.5500000999999999 1.5500000999999999 2.8400000999999997
          1.6625001 1.5500000999999999 2.8400000999999997
          1.6625001 1.6625001 2.8400000999999997
          1.5500000999999999 1.6625001 2.8400000999999997
          1.7750001 1.5500000999999999 2.8400000999999997
          1.7750001 1.6625001 2.8400000999999997
          1.8875001 1.5500000999999999 2.8400000999999997
          1.8875001 1.6625001 2.8400000999999997
          2.0000001 1.5500000999999999 2.8400000999999997
          2.0000001 1.6625001 2.8400000999999997
          2.1125001 1.5500000999999999 2.8400000999999997
          2.1125001 1.6625001 2.8400000999999997
          2.2250001 1.5500000999999999 2.8400000999999997
          2.2250001 1.6625001 2.8400000999999997
          2.3375000999999997 1.5500000999999999 2.8400000999999997
          2.3375000999999997 1.6625001 2.8400000999999997
          2.4500001 1.5500000999999999 2.8400000999999997
          2.4500001 1.6625001 2.8400000999999997
          1.6625001 1.7750001 2.8400000999999997
          1.5500000999999999 1.7750001 2.8400000999999997
          1.7750001 1.7750001 2.8400000999999997
          1.8875001 1.7750001 2.8400000999999997
          2.0000001 1.7750001 2.8400000999999997
          2.1125001 1.7750001 2.8400000999999997
          2.2250001 1.7750001 2.8400000999999997
          2.3375000999999997 1.7750001 2.8400000999999997
          2.4500001 1.7750001 2.8400000999999997
          1.6625001 1.8875001 2.8400000999999997
          1.5500000999999999 1.8875001 2.8400000999999997
          1.7750001 1.8875001 2.8400000999999997
          1.8875001 1.8875001 2.8400000999999997
          2.0000001 1.8875001 2.8400000999999997
          2.1125001 1.8875001 2.8400000999999997
          2.2250001 1.8875001 2.8400000999999997
          2.3375000999999997 1.8875001 2.8400000999999997
          2.4500001 1.8875001 2.8400000999999997
          1.6625001 2.0000001 2.8400000999999997
          1.5500000999999999 2.0000001 2.8400000999999997
          1.7750001 2.0000001 2.8400000999999997
          1.8875001 2.0000001 2.8400000999999997
          2.0000001 2.0000001 2.8400000999999997
          2.1125001 2.0000001 2.8400000999999997
          2.2250001 2.0000001 2.8400000999999997
          2.3375000999999997 2.0000001 2.8400000999999997
          2.4500001 2.0000001 2.8400000999999997
          1.6625001 2.1125001 2.8400000999999997
          1.5500000999999999 2.1125001 2.8400000999999997
          1.7750001 2.1125001 2.8400000999999997
          1.8875001 2.1125001 2.8400000999999997
          2.0000001 2.1125001 2.8400000999999997
          2.1125001 2.1125001 2.8400000999999997
          2.2250001 2.1125001 2.8400000999999997
          2.3375000999999997 2.1125001 2.8400000999999997
          2.4500001 2.1125001 2.8400000999999997
          1.6625001 2.2250001 2.8400000999999997
          1.5500000999999999 2.2250001 2.8400000999999997
          1.7750001 2.2250001 2.8400000999999997
          1.8875001 2.2250001 2.8400000999999997
          2.0000001 2.2250001 2.8400000999999997
          2.1125001 2.2250001 2.8400000999999997
          2.2250001 2.2250001 2.8400000999999997
          2.3375000999999997 2.2250001 2.8400000999999997
          2.4500001 2.2250001 2.8400000999999997
          1.6625001 2.3375000999999997 2.8400000999999997
          1.5500000999999999 2.3375000999999997 2.8400000999999997
          1.7750001 2.3375000999999997 2.8400000999999997
          1.8875001 2.3375000999999997 2.8400000999999997
          2.0000001 2.3375000999999997 2.8400000999999997
          2.1125001 2.3375000999999997 2.8400000999999997
          2.2250001 2.3375000999999997 2.8400000999999997
          2.3375000999999997 2.3375000999999997 2.8400000999999997
          2.4500001 2.3375000999999997 2.8400000999999997
          1.6625001 2.4500001 2.8400000999999997
          1.5500000999999999 2.4500001 2.8400000999999997
          1.7750001 2.4500001 2.8400000999999997
          1.8875001 2.4500001 2.8400000999999997
          2.0000001 2.4500001 2.8400000999999997
          2.1125001 2.4500001 2.8400000999999997
          2.2250001 2.4500001 2.8400000999999997
          2.3375000999999997 2.4500001 2.8400000999999997
          2.4500001 2.4500001 2.8400000999999997
          1.5500000999999999 1.5500000999999999 3.1200000999999995
          1.6625001 1.5500000999999999 3.1200000999999995
          1.6625001 1.6625001 3.1200000999999995
          1.5500000999999999 1.6625001 3.1200000999999995
          1.7750001 1.5500000999999999 3.1200000999999995
          1.7750001 1.6625001 3.1200000999999995
          1.8875001 1.5500000999999999 3.1200000999999995
          1.8875001 1.6625001 3.1200000999999995
          2.0000001 1.5500000999999999 3.1200000999999995
          2.0000001 1.6625001 3.1200000999999995
          2.1125001 1.5500000999999999 3.1200000999999995
          2.1125001 1.6625001 3.1200000999999995
          2.2250001 1.5500000999999999 3.1200000999999995
          2.2250001 1.6625001 3.1200000999999995
          2.3375000999999997 1.5500000999999999 3.1200000999999995
          2.3375000999999997 1.6625001 3.1200000999999995
          2.4500001 1.5500000999999999 3.1200000999999995
          2.4500001 1.6625001 3.1200000999999995
          1.6625001 1.7750001 3.1200000999999995
          1.5500000999999999 1.7750001 3.1200000999999995
          1.7750001 1.7750001 3.1200000999999995
          1.8875001 1.7750001 3.1200000999999995
          2.0000001 1.7750001 3.1200000999999995
          2.1125001 1.7750001 3.1200000999999995
          2.2250001 1.7750001 3.1200000999999995
          2.3375000999999997 1.7750001 3.1200000999999995
          2.4500001 1.7750001 3.1200000999999995
          1.6625001 1.8875001 3.1200000999999995
          1.5500000999999999 1.8875001 3.1200000999999995
          1.7750001 1.8875001 3.1200000999999995
          1.8875001 1.8875001 3.1200000999999995
          2.0000001 1.8875001 3.1200000999999995
          2.1125001 1.8875001 3.1200000999999995
          2.2250001 1.8875001 3.1200000999999995
          2.3375000999999997 1.8875001 3.1200000999999995
          2.4500001 1.8875001 3.1200000999999995
          1.6625001 2.0000001 3.1200000999999995
          1.5500000999999999 2.0000001 3.1200000999999995
          1.7750001 2.0000001 3.1200000999999995
          1.8875001 2.0000001 3.1200000999999995
          2.0000001 2.0000001 3.1200000999999995
          2.1125001 2.0000001 3.1200000999999995
          2.2250001 2.0000001 3.1200000999999995
          2.3375000999999997 2.0000001 3.1200000999999995
          2.4500001 2.0000001 3.1200000999999995
          1.6625001 2.1125001 3.1200000999999995
          1.5500000999999999 2.1125001 3.1200000999999995
          1.7750001 2.1125001 3.1200000999999995
          1.8875001 2.1125001 3.1200000999999995
          2.0000001 2.1125001 3.1200000999999995
          2.1125001 2.1125001 3.1200000999999995
          2.2250001 2.1125001 3.1200000999999995
          2.3375000999999997 2.1125001 3.1200000999999995
          2.4500001 2.1125001 3.1200000999999995
          1.6625001 2.2250001 3.1200000999999995
          1.5500000999999999 2.2250001 3.1200000999999995
          1.7750001 2.2250001 3.1200000999999995
          1.8875001 2.2250001 3.1200000999999995
          2.0000001 2.2250001 3.1200000999999995
          2.1125001 2.2250001 3.1200000999999995
          2.2250001 2.2250001 3.1200000999999995
          2.3375000999999997 2.2250001 3.1200000999999995
          2.4500001 2.2250001 3.1200000999999995
          1.6625001 2.3375000999999997 3.1200000999999995
          1.5500000999999999 2.3375000999999997 3.1200000999999995
          1.7750001 2.3375000999999997 3.1200000999999995
          1.8875001 2.3375000999999997 3.1200000999999995
          2.0000001 2.3375000999999997 3.1200000999999995
          2.1125001 2.3375000999999997 3.1200000999999995
          2.2250001 2.3375000999999997 3.1200000999999995
          2.3375000999999997 2.3375000999999997 3.1200000999999995
          2.4500001 2.3375000999999997 3.1200000999999995
          1.6625001 2.4500001 3.1200000999999995
          1.5500000999999999 2.4500001 3.1200000999999995
          1.7750001 2.4500001 3.1200000999999995
          1.8875001 2.4500001 3.1200000999999995
          2.0000001 2.4500001 3.1200000999999995
          2.1125001 2.4500001 3.1200000999999995
          2.2250001 2.4500001 3.1200000999999995
          2.3375000999999997 2.4500001 3.1200000999999995
          2.4500001 2.4500001 3.1200000999999995
          1.5500000999999999 1.5500000999999999 3.4000000999999997
          1.6625001 1.5500000999999999 3.4000000999999997
          1.6625001 1.6625001 3.4000000999999997
          1.5500000999999999 1.6625001 3.4000000999999997
          1.7750001 1.5500000999999999 3.4000000999999997
          1.7750001 1.6625001 3.4000000999999997
          1.8875001 1.5500000999999999 3.4000000999999997
          1.8875001 1.6625001 3.4000000999999997
          2.0000001 1.5500000999999999 3.4000000999999997
          2.0000001 1.6625001 3.4000000999999997
          2.1125001 1.5500000999999999 3.4000000999999997
          2.1125001 1.6625001 3.4000000999999997
          2.2250001 1.5500000999999999 3.4000000999999997
          2.2250001 1.6625001 3.4000000999999997
          2.3375000999999997 1.5500000999999999 3.4000000999999997
          2.3375000999999997 1.6625001 3.4000000999999997
          2.4500001 1.5500000999999999 3.4000000999999997
          2.4500001 1.6625001 3.4000000999999997
          1.6625001 1.7750001 3.4000000999999997
          1.5500000999999999 1.7750001 3.4000000999999997
          1.7750001 1.7750001 3.4000000999999997
          1.8875001 1.7750001 3.4000000999999997
          2.0000001 1.7750001 3.4000000999999997
          2.1125001 1.7750001 3.4000000999999997
          2.2250001 1.7750001 3.4000000999999997
          2.3375000999999997 1.7750001 3.4000000999999997
          2.4500001 1.7750001 3.4000000999999997
          1.6625001 1.8875001 3.4000000999999997
          1.5500000999999999 1.8875001 3.4000000999999997
          1.7750001 1.8875001 3.4000000999999997
          1.8875001 1.8875001 3.4000000999999997
          2.0000001 1.8875001 3.4000000999999997
          2.1125001 1.8875001 3.4000000999999997
          2.2250001 1.8875001 3.4000000999999997
          2.3375000999999997 1.8875001 3.4000000999999997
          2.4500001 1.8875001 3.4000000999999997
          1.6625001 2.0000001 3.4000000999999997
          1.5500000999999999 2.0000001 3.4000000999999997
          1.7750001 2.0000001 3.4000000999999997
          1.8875001 2.0000001 3.4000000999999997
          2.0000001 2.0000001 3.4000000999999997
          2.1125001 2.0000001 3.4000000999999997
          2.2250001 2.0000001 3.4000000999999997
          2.3375000999999997 2.0000001 3.4000000999999997
          2.4500001 2.0000001 3.4000000999999997
          1.6625001 2.1125001 3.4000000999999997
          1.5500000999999999 2.1125001 3.4000000999999997
          1.7750001 2.1125001 3.4000000999999997
          1.8875001 2.1125001 3.4000000999999997
          2.0000001 2.1125001 3.4000000999999997
          2.1125001 2.1125001 3.4000000999999997
          2.2250001 2.1125001 3.4000000999999997
          2.3375000999999997 2.1125001 3.4000000999999997
          2.4500001 2.1125001 3.4000000999999997
          1.6625001 2.2250001 3.4000000999999997
          1.5500000999999999 2.2250001 3.4000000999999997
          1.7750001 2.2250001 3.4000000999999997
          1.8875001 2.2250001 3.4000000999999997
          2.0000001 2.2250001 3.4000000999999997
          2.1125001 2.2250001 3.4000000999999997
          2.2250001 2.2250001 3.4000000999999997
          2.3375000999999997 2.2250001 3.4000000999999997
          2.4500001 2.2250001 3.4000000999999997
          1.6625001 2.3375000999999997 3.4000000999999997
          1.5500000999999999 2.3375000999999997 3.4000000999999997
          1.7750001 2.3375000999999997 3.4000000999999997
          1.8875001 2.3375000999999997 3.4000000999999997
          2.0000001 2.3375000999999997 3.4000000999999997
          2.1125001 2.3375000999999997 3.4000000999999997
          2.2250001 2.3375000999999997 3.4000000999999997
          2.3375000999999997 2.3375000999999997 3.4000000999999997
          2.4500001 2.3375000999999997 3.4000000999999997
          1.6625001 2.4500001 3.4000000999999997
          1.5500000999999999 2.4500001 3.4000000999999997
          1.7750001 2.4500001 3.4000000999999997
          1.8875001 2.4500001 3.4000000999999997
          2.0000001 2.4500001 3.4000000999999997
          2.1125001 2.4500001 3.4000000999999997
          2.2250001 2.4500001 3.4000000999999997
          2.3375000999999997 2.4500001 3.4000000999999997
          2.4500001 2.4500001 3.4000000999999997
          1.5500000999999999 1.5500000999999999 3.5500001
          1.6625001 1.5500000999999999 3.5500001
          1.6625001 1.6625001 3.5500001
          1.5500000999999999 1.6625001 3.5500001
          1.7750001 1.5500000999999999 3.5500001
          1.7750001 1.6625001 3.5500001
          1.8875001 1.5500000999999999 3.5500001
          1.8875001 1.6625001 3.5500001
          2.0000001 1.5500000999999999 3.5500001
          2.0000001 1.6625001 3.5500001
          2.1125001 1.5500000999999999 3.5500001
          2.1125001 1.6625001 3.5500001
          2.2250001 1.5500000999999999 3.5500001
          2.2250001 1.6625001 3.5500001
          2.3375000999999997 1.5500000999999999 3.5500001
          2.3375000999999997 1.6625001 3.5500001
          2.4500001 1.5500000999999999 3.5500001
          2.4500001 1.6625001 3.5500001
          1.6625001 1.7750001 3.5500001
          1.5500000999999999 1.7750001 3.5500001
          1.7750001 1.7750001 3.5500001
          1.8875001 1.7750001 3.5500001
          2.0000001 1.7750001 3.5500001
          2.1125001 1.7750001 3.5500001
          2.2250001 1.7750001 3.5500001
          2.3375000999999997 1.7750001 3.5500001
          2.4500001 1.7750001 3.5500001
          1.6625001 1.8875001 3.5500001
          1.5500000999999999 1.8875001 3.5500001
          1.7750001 1.8875001 3.5500001
          1.8875001 1.8875001 3.5500001
          2.0000001 1.8875001 3.5500001
          2.1125001 1.8875001 3.5500001
          2.2250001 1.8875001 3.5500001
          2.3375000999999997 1.8875001 3.5500001
          2.4500001 1.8875001 3.5500001
          1.6625001 2.0000001 3.5500001
          1.5500000999999999 2.0000001 3.5500001
          1.7750001 2.0000001 3.5500001
          1.8875001 2.0000001 3.5500001
          2.0000001 2.0000001 3.5500001
          2.1125001 2.0000001 3.5500001
          2.2250001 2.0000001 3.5500001
          2.3375000999999997 2.0000001 3.5500001
          2.4500001 2.0000001 3.5500001
          1.6625001 2.1125001 3.5500001
          1.5500000999999999 2.1125001 3.5500001
          1.7750001 2.1125001 3.5500001
          1.8875001 2.1125001 3.5500001
          2.0000001 2.1125001 3.5500001
          2.1125001 2.1125001 3.5500001
          2.2250001 2.1125001 3.5500001
          2.3375000999999997 2.1125001 3.5500001
          2.4500001 2.1125001 3.5500001
          1.6625001 2.2250001 3.5500001
          1.5500000999999999 2.2250001 3.5500001
          1.7750001 2.2250001 3.5500001
          1.8875001 2.2250001 3.5500001
          2.0000001 2.2250001 3.5500001
          2.1125001 2.2250001 3.5500001
          2.2250001 2.2250001 3.5500001
          2.3375000999999997 2.2250001 3.5500001
          2.4500001 2.2250001 3.5500001
          1.6625001 2.3375000999999997 3.5500001
          1.5500000999999999 2.3375000999999997 3.5500001
          1.7750001 2.3375000999999997 3.5500001
          1.8875001 2.3375000999999997 3.5500001
          2.0000001 2.3375000999999997 3.5500001
          2.1125001 2.3375000999999997 3.5500001
          2.2250001 2.3375000999999997 3.5500001
          2.3375000999999997 2.3375000999999997 3.5500001
          2.4500001 2.3375000999999997 3.5500001
          1.6625001 2.4500001 3.5500001
          1.5500000999999999 2.4500001 3.5500001
          1.7750001 2.4500001 3.5500001
          1.8875001 2.4500001 3.5500001
          2.0000001 2.4500001 3.5500001
          2.1125001 2.4500001 3.5500001
          2.2250001 2.4500001 3.5500001
          2.3375000999999997 2.4500001 3.5500001
          2.4500001 2.4500001 3.5500001
          1.5500000999999999 1.5500000999999999 3.7000001
          1.6625001 1.5500000999999999 3.7000001
          1.6625001 1.6625001 3.7000001
          1.5500000999999999 1.6625001 3.7000001
          1.7750001 1.5500000999999999 3.7000001
          1.7750001 1.6625001 3.7000001
          1.8875001 1.5500000999999999 3.7000001
          1.8875001 1.6625001 3.7000001
          2.0000001 1.5500000999999999 3.7000001
          2.0000001 1.6625001 3.7000001
          2.1125001 1.5500000999999999 3.7000001
          2.1125001 1.6625001 3.7000001
          2.2250001 1.5500000999999999 3.7000001
          2.2250001 1.6625001 3.7000001
          2.3375000999999997 1.5500000999999999 3.7000001
          2.3375000999999997 1.6625001 3.7000001
          2.4500001 1.5500000999999999 3.7000001
          2.4500001 1.6625001 3.7000001
          1.6625001 1.7750001 3.7000001
          1.5500000999999999 1.7750001 3.7000001
          1.7750001 1.7750001 3.7000001
          1.8875001 1.7750001 3.7000001
          2.0000001 1.7750001 3.7000001
          2.1125001 1.7750001 3.7000001
          2.2250001 1.7750001 3.7000001
          2.3375000999999997 1.7750001 3.7000001
          2.4500001 1.7750001 3.7000001
          1.6625001 1.8875001 3.7000001
          1.5500000999999999 1.8875001 3.7000001
          1.7750001 1.8875001 3.7000001
          1.8875001 1.8875001 3.7000001
          2.0000001 1.8875001 3.7000001
          2.1125001 1.8875001 3.7000001
          2.2250001 1.8875001 3.7000001
          2.3375000999999997 1.8875001 3.7000001
          2.4500001 1.8875001 3.7000001
          1.6625001 2.0000001 3.7000001
          1.5500000999999999 2.0000001 3.7000001
          1.7750001 2.0000001 3.7000001
          1.8875001 2.0000001 3.7000001
          2.0000001 2.0000001 3.7000001
          2.1125001 2.0000001 3.7000001
          2.2250001 2.0000001 3.7000001
          2.3375000999999997 2.0000001 3.7000001
          2.4500001 2.0000001 3.7000001
          1.6625001 2.1125001 3.7000001
          1.5500000999999999 2.1125001 3.7000001
          1.7750001 2.1125001 3.7000001
          1.8875001 2.1125001 3.7000001
          2.0000001 2.1125001 3.7000001
          2.1125001 2.1125001 3.7000001
          2.2250001 2.1125001 3.7000001
          2.3375000999999997 2.1125001 3.7000001
          2.4500001 2.1125001 3.7000001
          1.6625001 2.2250001 3.7000001
          1.5500000999999999 2.2250001 3.7000001
          1.7750001 2.2250001 3.7000001
          1.8875001 2.2250001 3.7000001
          2.0000001 2.2250001 3.7000001
          2.1125001 2.2250001 3.7000001
          2.2250001 2.2250001 3.7000001
          2.3375000999999997 2.2250001 3.7000001
          2.4500001 2.2250001 3.7000001
          1.6625001 2.3375000999999997 3.7000001
          1.5500000999999999 2.3375000999999997 3.7000001
          1.7750001 2.3375000999999997 3.7000001
          1.8875001 2.3375000999999997 3.7000001
          2.0000001 2.3375000999999997 3.7000001
          2.1125001 2.3375000999999997 3.7000001
          2.2250001 2.3375000999999997 3.7000001
          2.3375000999999997 2.3375000999999997 3.7000001
          2.4500001 2.3375000999999997 3.7000001
          1.6625001 2.4500001 3.7000001
          1.5500000999999999 2.4500001 3.7000001
          1.7750001 2.4500001 3.7000001
          1.8875001 2.4500001 3.7000001
          2.0000001 2.4500001 3.7000001
          2.1125001 2.4500001 3.7000001
          2.2250001 2.4500001 3.7000001
          2.3375000999999997 2.4500001 3.7000001
          2.4500001 2.4500001 3.7000001
          2.6492641687119285 1.3507360312880714 0.0000001
          2.7238818673815266 1.4979079601882384 0.00000010000000000000002
          2.64926416871193 1.3507360312880716 0.28571438571428565
          2.723881867381527 1.4979079601882388 0.28571438571428576
          2.848528237423857 1.151471962576143 0.0000001
          2.997763634763054 1.3333158203764772 0.0000001
          2.848528237423857 1.151471962576143 0.28571438571428565
          2.9977636347630545 1.3333158203764777 0.2857143857142854
          3.03709004574027 0.9629101542597303 0.0000001
          3.2194888647103994 1.1851637582379169 0.0000001
          3.037090045740269 0.9629101542597301 0.28571438571428565
          3.219488864710399 1.1851637582379175 0.28571438571428576
          3.2256518540566823 0.7743483459433176 0.0000001
          3.4412140946577447 1.037011696099356 0.0000001
          3.225651854056682 0.7743483459433176 0.28571438571428565
          3.4412140946577434 1.0370116960993565 0.28571438571428553
          3.414213662373095 0.5857865376269049 0.0000001
          3.66293932460509 0.8888596339607955 0.0000001
          3.414213662373095 0.5857865376269049 0.2857143857142857
          3.662939324605091 0.8888596339607959 0.2857143857142857
          2.7793278195067725 1.6578900405809456 0.0000001
          2.779327819506775 1.6578900405809442 0.2857143857142859
          3.1086555390135437 1.5407799811618914 0.0000001
          3.1086555390135437 1.540779981161891 0.28571438571428587
          3.355023414349888 1.438731065864534 0.0000001
          3.355023414349883 1.4387310658645336 0.28571438571428576
          3.60139128968623 1.3366821505671769 0.0000001
          3.6013912896862297 1.3366821505671762 0.2857143857142857
          3.847759165022573 1.2346332352698193 0.0000001
          3.8477591650225724 1.2346332352698184 0.2857143857142857
          2.8134712682419383 1.8266959067903228 0.00000010000000000000001
          2.81347126824194 1.8266959067903241 0.2857143857142855
          3.176942436483876 1.7658917135806456 0.0000001
          3.176942436483876 1.7658917135806458 0.2857143857142854
          3.438485177924738 1.7138676277096776 0.0000001
          3.4384851779247363 1.7138676277096778 0.2857143857142854
          3.7000279193655987 1.66184354183871 0.0000001
          3.700027919365596 1.6618435418387099 0.2857143857142853
          3.9615706608064603 1.6098194559677426 0.0000001
          3.9615706608064607 1.609819455967743 0.2857143857142857
          2.8250000999999996 2.0000001 0.0000001
          2.8250001000000013 2.0000001000000016 0.2857143857142857
          3.2000000999999996 2.0000001 0.0000001
          3.2000000999999996 2.0000001 0.2857143857142854
          3.466666766666667 2.0000001000000003 0.0000001
          3.466666766666666 2.0000001000000007 0.28571438571428565
          3.7333334333333337 2.0000001 0.0000001
          3.733333433333332 2.0000001 0.28571438571428565
          4.000000099999999 2.0000000999999994 0.0000001
          4.000000099999999 2.000000099999999 0.2857143857142857
          2.813471268241938 2.173304293209677 0.0000001
          2.8134712682419405 2.1733042932096787 0.28571438571428576
          3.176942436483876 2.2341084864193537 0.0000001
          3.176942436483876 2.2341084864193537 0.28571438571428587
          3.4384851779247376 2.2861325722903216 0.0000001
          3.438485177924738 2.28613257229032 0.28571438571428565
          3.700027919365599 2.3381566581612887 0.0000001
          3.7000279193655996 2.3381566581612874 0.28571438571428553
          3.9615706608064607 2.390180744032256 0.0000001
          3.961570660806461 2.3901807440322558 0.2857143857142857
          2.779327819506772 2.342110159419054 0.0000001
          2.7793278195067757 2.3421101594190534 0.2857143857142858
          3.108655539013544 2.459220218838107 0.0000001
          3.108655539013544 2.4592202188381065 0.28571438571428587
          3.355023414349888 2.561269134135464 0.0000001
          3.3550234143498847 2.561269134135463 0.28571438571428576
          3.60139128968623 2.663318049432821 0.0000001
          3.60139128968623 2.66331804943282 0.28571438571428576
          3.8477591650225738 2.765366964730178 0.0000001
          3.847759165022574 2.7653669647301777 0.2857143857142857
          2.723881867381527 2.502092239811761 0.0000001
          2.72388186738153 2.5020922398117604 0.28571438571428587
          2.9977636347630536 2.666684379623523 0.0000001
          2.997763634763054 2.666684379623523 0.28571438571428587
          3.2194888647103994 2.8148364417620835 0.0000001
          3.2194888647103994 2.814836441762082 0.28571438571428576
          3.441214094657745 2.962988503900643 0.0000001
          3.4412140946577456 2.9629885039006414 0.28571438571428565
          3.662939324605091 3.1111405660392037 0.0000001
          3.662939324605091 3.1111405660392033 0.2857143857142857
          2.6492641687119285 2.6492641687119285 0.0000001
          2.64926416871193 2.6492641687119294 0.28571438571428565
          2.848528237423857 2.8485282374238565 0.0000001
          2.848528237423857 2.8485282374238565 0.28571438571428565
          3.03709004574027 3.0370900457402694 0.0000001
          3.037090045740269 3.0370900457402694 0.28571438571428565
          3.2256518540566823 3.225651854056682 0.0000001
          3.225651854056682 3.2256518540566814 0.28571438571428565
          3.414213662373095 3.4142136623730948 0.0000001
          3.414213662373095 3.4142136623730948 0.2857143857142857
          2.649264168711928 1.3507360312880712 0.5714286714285715
          2.723881867381527 1.4979079601882377 0.571428671428571
          2.848528237423857 1.151471962576143 0.5714286714285715
          2.9977636347630545 1.333315820376478 0.5714286714285715
          3.0370900457402703 0.9629101542597305 0.5714286714285715
          3.2194888647104016 1.1851637582379178 0.5714286714285716
          3.225651854056683 0.7743483459433177 0.5714286714285715
          3.4412140946577465 1.037011696099357 0.5714286714285715
          3.414213662373095 0.5857865376269049 0.5714286714285713
          3.662939324605091 0.8888596339607966 0.5714286714285713
          2.779327819506773 1.6578900405809454 0.5714286714285715
          3.1086555390135437 1.540779981161891 0.5714286714285715
          3.3550234143498883 1.438731065864534 0.5714286714285715
          3.6013912896862297 1.336682150567175 0.5714286714285715
          3.8477591650225724 1.2346332352698184 0.5714286714285713
          2.8134712682419387 1.826695906790323 0.5714286714285712
          3.176942436483876 1.7658917135806451 0.5714286714285712
          3.438485177924738 1.713867627709679 0.5714286714285712
          3.7000279193656005 1.6618435418387092 0.5714286714285712
          3.9615706608064603 1.6098194559677421 0.5714286714285713
          2.8250001 2.0000001 0.5714286714285715
          3.2000000999999996 2.0000001000000003 0.5714286714285712
          3.466666766666668 2.000000100000001 0.5714286714285715
          3.7333334333333354 2.0000001 0.5714286714285715
          4.000000099999999 2.0000001 0.5714286714285713
          2.813471268241937 2.1733042932096778 0.5714286714285712
          3.176942436483876 2.2341084864193537 0.5714286714285712
          3.438485177924738 2.286132572290321 0.5714286714285712
          3.7000279193656005 2.338156658161288 0.5714286714285712
          3.961570660806461 2.3901807440322558 0.5714286714285713
          2.779327819506773 2.342110159419055 0.5714286714285717
          3.108655539013544 2.4592202188381065 0.5714286714285715
          3.35502341434989 2.5612691341354625 0.5714286714285715
          3.6013912896862297 2.663318049432821 0.5714286714285717
          3.847759165022574 2.7653669647301777 0.5714286714285713
          2.7238818673815266 2.5020922398117595 0.5714286714285712
          2.9977636347630536 2.666684379623523 0.5714286714285712
          3.2194888647104 2.8148364417620826 0.5714286714285712
          3.4412140946577465 2.9629885039006436 0.5714286714285712
          3.662939324605091 3.111140566039203 0.5714286714285713
          2.649264168711928 2.6492641687119285 0.5714286714285715
          2.848528237423857 2.8485282374238565 0.5714286714285715
          3.0370900457402703 3.03709004574027 0.5714286714285715
          3.225651854056683 3.2256518540566814 0.5714286714285715
          3.414213662373095 3.4142136623730948 0.5714286714285713
          2.649264168711929 1.3507360312880716 0.857142957142857
          2.723881867381529 1.4979079601882395 0.857142957142857
          2.848528237423857 1.151471962576143 0.857142957142857
          2.9977636347630545 1.333315820376478 0.8571429571428575
          3.0370900457402694 0.9629101542597301 0.857142957142857
          3.2194888647103994 1.1851637582379178 0.8571429571428569
          3.225651854056683 0.7743483459433177 0.857142957142857
          3.441214094657745 1.037011696099357 0.857142957142857
          3.414213662373095 0.5857865376269049 0.8571429571428569
          3.662939324605091 0.8888596339607966 0.8571429571428569
          2.7793278195067734 1.6578900405809445 0.8571429571428568
          3.1086555390135437 1.540779981161891 0.8571429571428573
          3.3550234143498847 1.4387310658645338 0.857142957142857
          3.6013912896862332 1.336682150567176 0.857142957142857
          3.8477591650225724 1.2346332352698184 0.8571429571428569
          2.8134712682419396 1.8266959067903237 0.8571429571428573
          3.176942436483876 1.7658917135806456 0.8571429571428573
          3.438485177924738 1.7138676277096763 0.8571429571428575
          3.700027919365599 1.66184354183871 0.857142957142857
          3.9615706608064607 1.6098194559677426 0.8571429571428569
          2.8250000999999996 2.0000000999999994 0.857142957142857
          3.2000000999999996 2.0000001 0.8571429571428568
          3.4666667666666697 2.0000001000000016 0.8571429571428573
          3.7333334333333337 2.0000001000000016 0.857142957142857
          4.000000099999999 2.000000099999999 0.8571429571428569
          2.81347126824194 2.1733042932096787 0.8571429571428568
          3.176942436483876 2.2341084864193537 0.8571429571428568
          3.43848517792474 2.286132572290321 0.857142957142857
          3.7000279193656027 2.338156658161289 0.857142957142857
          3.961570660806461 2.3901807440322558 0.8571429571428569
          2.7793278195067717 2.3421101594190543 0.8571429571428568
          3.108655539013544 2.4592202188381065 0.8571429571428568
          3.355023414349885 2.5612691341354625 0.857142957142857
          3.6013912896862332 2.66331804943282 0.857142957142857
          3.847759165022574 2.7653669647301777 0.8571429571428569
          2.7238818673815284 2.5020922398117613 0.857142957142857
          2.9977636347630536 2.6666843796235233 0.857142957142857
          3.219488864710397 2.814836441762084 0.857142957142857
          3.441214094657747 2.962988503900643 0.857142957142857
          3.662939324605091 3.1111405660392033 0.8571429571428569
          2.649264168711929 2.6492641687119294 0.857142957142857
          2.848528237423857 2.8485282374238565 0.857142957142857
          3.0370900457402694 3.03709004574027 0.857142957142857
          3.225651854056683 3.2256518540566828 0.857142957142857
          3.414213662373095 3.4142136623730948 0.8571429571428569
          2.649264168711929 1.3507360312880712 1.1428572428571426
          2.7238818673815266 1.4979079601882388 1.1428572428571422
          2.848528237423857 1.151471962576143 1.1428572428571429
          2.9977636347630545 1.333315820376478 1.1428572428571426
          3.0370900457402703 0.9629101542597303 1.142857242857143
          3.219488864710401 1.1851637582379178 1.1428572428571429
          3.2256518540566823 0.7743483459433176 1.142857242857143
          3.441214094657745 1.0370116960993565 1.1428572428571429
          3.414213662373095 0.5857865376269049 1.1428572428571429
          3.662939324605091 0.8888596339607966 1.1428572428571429
          2.7793278195067717 1.6578900405809454 1.1428572428571437
          3.1086555390135437 1.5407799811618912 1.142857242857143
          3.355023414349889 1.4387310658645347 1.1428572428571429
          3.601391289686232 1.336682150567177 1.1428572428571424
          3.8477591650225724 1.2346332352698188 1.1428572428571429
          2.8134712682419405 1.8266959067903226 1.1428572428571429
          3.176942436483876 1.7658917135806456 1.1428572428571429
          3.4384851779247403 1.713867627709678 1.1428572428571433
          3.7000279193655974 1.6618435418387103 1.1428572428571426
          3.9615706608064607 1.6098194559677426 1.1428572428571429
          2.8250000999999987 2.0000001 1.1428572428571433
          3.2000000999999996 2.0000001 1.1428572428571426
          3.46666676666667 2.0000001000000007 1.142857242857143
          3.733333433333334 2.0000000999999976 1.142857242857143
          4.000000099999999 2.000000099999999 1.1428572428571429
          2.8134712682419387 2.173304293209676 1.1428572428571429
          3.176942436483876 2.234108486419354 1.1428572428571426
          3.4384851779247385 2.2861325722903216 1.1428572428571426
          3.7000279193655996 2.3381566581612896 1.1428572428571426
          3.9615706608064607 2.390180744032256 1.1428572428571429
          2.779327819506772 2.342110159419054 1.1428572428571429
          3.108655539013544 2.4592202188381065 1.1428572428571426
          3.3550234143498887 2.561269134135463 1.1428572428571426
          3.60139128968623 2.663318049432821 1.142857242857143
          3.847759165022574 2.7653669647301777 1.1428572428571429
          2.723881867381527 2.502092239811761 1.142857242857143
          2.997763634763054 2.666684379623523 1.1428572428571426
          3.2194888647104016 2.8148364417620844 1.1428572428571426
          3.441214094657745 2.962988503900642 1.1428572428571426
          3.662939324605091 3.1111405660392033 1.1428572428571429
          2.649264168711929 2.649264168711929 1.1428572428571426
          2.848528237423857 2.8485282374238565 1.1428572428571429
          3.0370900457402703 3.03709004574027 1.142857242857143
          3.2256518540566823 3.225651854056682 1.142857242857143
          3.414213662373095 3.4142136623730948 1.1428572428571429
          2.6492641687119285 1.3507360312880716 1.4285715285714282
          2.7238818673815253 1.4979079601882377 1.428571528571429
          2.848528237423857 1.151471962576143 1.4285715285714284
          2.9977636347630545 1.3333158203764777 1.4285715285714287
          3.0370900457402694 0.9629101542597303 1.4285715285714282
          3.2194888647104 1.1851637582379173 1.4285715285714293
          3.2256518540566823 0.7743483459433176 1.4285715285714282
          3.441214094657745 1.037011696099356 1.4285715285714273
          3.414213662373095 0.5857865376269049 1.4285715285714284
          3.662939324605091 0.8888596339607959 1.428571528571428
          2.7793278195067734 1.6578900405809454 1.4285715285714302
          3.1086555390135437 1.5407799811618912 1.4285715285714287
          3.355023414349887 1.4387310658645338 1.428571528571429
          3.601391289686232 1.3366821505671769 1.4285715285714273
          3.8477591650225724 1.2346332352698188 1.4285715285714284
          2.8134712682419383 1.826695906790325 1.4285715285714282
          3.176942436483876 1.7658917135806458 1.4285715285714287
          3.43848517792474 1.713867627709678 1.4285715285714295
          3.7000279193655996 1.6618435418387094 1.4285715285714287
          3.9615706608064607 1.609819455967743 1.4285715285714284
          2.8250000999999987 2.0000000999999994 1.4285715285714284
          3.2000000999999996 2.0000001 1.4285715285714282
          3.4666667666666684 2.0000001 1.4285715285714278
          3.7333334333333354 2.000000099999998 1.4285715285714269
          4.000000099999999 2.000000099999999 1.4285715285714284
          2.8134712682419383 2.1733042932096778 1.4285715285714273
          3.176942436483876 2.2341084864193537 1.4285715285714282
          3.4384851779247363 2.2861325722903203 1.4285715285714276
          3.700027919365599 2.338156658161288 1.4285715285714276
          3.961570660806461 2.3901807440322558 1.4285715285714284
          2.779327819506772 2.342110159419054 1.428571528571429
          3.108655539013544 2.4592202188381065 1.4285715285714282
          3.355023414349887 2.561269134135463 1.4285715285714284
          3.60139128968623 2.663318049432821 1.4285715285714293
          3.847759165022574 2.7653669647301777 1.4285715285714284
          2.723881867381527 2.502092239811761 1.428571528571429
          2.997763634763054 2.666684379623523 1.4285715285714284
          3.219488864710399 2.814836441762082 1.4285715285714273
          3.441214094657745 2.962988503900643 1.4285715285714276
          3.662939324605091 3.1111405660392033 1.4285715285714284
          2.6492641687119285 2.649264168711929 1.4285715285714282
          2.848528237423857 2.8485282374238565 1.4285715285714284
          3.0370900457402694 3.0370900457402694 1.4285715285714282
          3.2256518540566823 3.2256518540566814 1.4285715285714282
          3.414213662373095 3.4142136623730948 1.4285715285714284
          2.6492641687119285 1.350736031288071 1.7142858142857138
          2.723881867381527 1.4979079601882388 1.7142858142857138
          2.848528237423857 1.151471962576143 1.714285814285714
          2.9977636347630545 1.333315820376478 1.714285814285714
          3.0370900457402694 0.9629101542597301 1.7142858142857142
          3.2194888647103976 1.185163758237918 1.714285814285714
          3.225651854056682 0.7743483459433176 1.7142858142857142
          3.441214094657745 1.0370116960993574 1.7142858142857138
          3.414213662373095 0.5857865376269049 1.714285814285714
          3.662939324605091 0.8888596339607966 1.714285814285714
          2.7793278195067734 1.6578900405809454 1.7142858142857138
          3.1086555390135437 1.5407799811618912 1.714285814285714
          3.3550234143498887 1.4387310658645336 1.714285814285714
          3.6013912896862266 1.336682150567177 1.714285814285714
          3.8477591650225724 1.2346332352698188 1.714285814285714
          2.8134712682419387 1.8266959067903223 1.7142858142857147
          3.176942436483876 1.7658917135806456 1.714285814285714
          3.438485177924738 1.713867627709678 1.714285814285715
          3.7000279193655974 1.66184354183871 1.714285814285714
          3.9615706608064607 1.6098194559677426 1.714285814285714
          2.8250001 2.0000001000000003 1.714285814285714
          3.2000000999999996 2.0000001 1.714285814285714
          3.4666667666666684 2.0000001 1.7142858142857142
          3.733333433333338 2.0000001000000007 1.7142858142857142
          4.000000099999999 2.000000099999999 1.714285814285714
          2.813471268241937 2.173304293209677 1.7142858142857138
          3.176942436483876 2.234108486419354 1.714285814285714
          3.4384851779247363 2.28613257229032 1.714285814285714
          3.7000279193655974 2.3381566581612887 1.7142858142857142
          3.9615706608064607 2.390180744032256 1.714285814285714
          2.7793278195067717 2.342110159419054 1.7142858142857147
          3.108655539013544 2.459220218838107 1.714285814285714
          3.355023414349887 2.561269134135463 1.7142858142857138
          3.60139128968623 2.6633180494328217 1.714285814285714
          3.8477591650225738 2.765366964730178 1.714285814285714
          2.723881867381527 2.502092239811759 1.714285814285714
          2.9977636347630536 2.666684379623523 1.714285814285714
          3.2194888647103976 2.8148364417620826 1.714285814285714
          3.441214094657745 2.9629885039006414 1.714285814285714
          3.662939324605091 3.1111405660392037 1.714285814285714
          2.6492641687119285 2.649264168711929 1.7142858142857138
          2.848528237423857 2.8485282374238565 1.714285814285714
          3.0370900457402694 3.0370900457402694 1.7142858142857142
          3.225651854056682 3.2256518540566823 1.7142858142857142
          3.414213662373095 3.4142136623730948 1.714285814285714
          2.6492641687119285 1.3507360312880714 2.0000001
          2.7238818673815266 1.4979079601882384 2.0000001
          2.848528237423857 1.151471962576143 2.0000001
          2.997763634763054 1.3333158203764772 2.0000001
          3.03709004574027 0.9629101542597303 2.0000001
          3.2194888647103994 1.1851637582379169 2.0000001
          3.2256518540566823 0.7743483459433176 2.0000001
          3.4412140946577447 1.037011696099356 2.0000001
          3.414213662373095 0.5857865376269049 2.0000001
          3.66293932460509 0.8888596339607955 2.0000001
          2.7793278195067725 1.6578900405809456 2.0000001000000003
          3.1086555390135437 1.5407799811618914 2.0000001
          3.355023414349888 1.438731065864534 2.0000001
          3.60139128968623 1.3366821505671769 2.0000001
          3.847759165022573 1.2346332352698193 2.0000001
          2.8134712682419383 1.8266959067903228 2.0000001
          3.176942436483876 1.7658917135806456 2.0000001
          3.438485177924738 1.7138676277096776 2.0000001000000003
          3.7000279193655987 1.66184354183871 2.0000001
          3.9615706608064603 1.6098194559677426 2.0000001
          2.8250000999999996 2.0000001 2.0000001000000003
          3.2000000999999996 2.0000001 2.0000001
          3.466666766666667 2.0000001000000003 2.0000001
          3.7333334333333337 2.0000001 2.0000001
          4.000000099999999 2.0000000999999994 2.0000001
          2.813471268241938 2.173304293209677 2.0000001
          3.176942436483876 2.2341084864193537 2.0000001
          3.4384851779247376 2.2861325722903216 2.0000001
          3.700027919365599 2.3381566581612887 2.0000001
          3.9615706608064607 2.390180744032256 2.0000001
          2.779327819506772 2.342110159419054 2.0000001000000003
          3.108655539013544 2.459220218838107 2.0000001
          3.355023414349888 2.561269134135464 2.0000001
          3.60139128968623 2.663318049432821 2.0000001000000003
          3.8477591650225738 2.765366964730178 2.0000001
          2.723881867381527 2.502092239811761 2.0000001000000003
          2.9977636347630536 2.666684379623523 2.0000001
          3.2194888647103994 2.8148364417620835 2.0000001
          3.441214094657745 2.962988503900643 2.0000001
          3.662939324605091 3.1111405660392037 2.0000001
          2.6492641687119285 2.6492641687119285 2.0000001
          2.848528237423857 2.8485282374238565 2.0000001
          3.03709004574027 3.0370900457402694 2.0000001
          3.2256518540566823 3.225651854056682 2.0000001
          3.414213662373095 3.4142136623730948 2.0000001
          2.649264168711929 1.3507360312880714 2.2800000999999996
          2.7238818673815253 1.4979079601882388 2.2800001000000005
          2.848528237423857 1.151471962576143 2.2800000999999996
          2.9977636347630545 1.333315820376478 2.2800000999999996
          2.7793278195067757 1.6578900405809476 2.280000100000002
          3.1086555390135437 1.5407799811618912 2.2800000999999996
          2.8134712682419383 1.8266959067903223 2.2800000999999983
          3.176942436483876 1.7658917135806458 2.2800000999999996
          2.8250000999999987 2.0000001 2.2800000999999996
          3.2000000999999996 2.0000001000000003 2.2800000999999996
          2.813471268241937 2.1733042932096787 2.2800001000000005
          3.176942436483876 2.234108486419354 2.2800000999999996
          2.779327819506772 2.3421101594190534 2.2800001000000014
          3.108655539013544 2.459220218838107 2.2800000999999996
          2.723881867381527 2.502092239811761 2.2800001
          2.9977636347630536 2.666684379623523 2.2800000999999996
          2.649264168711929 2.649264168711929 2.2800000999999996
          2.848528237423857 2.8485282374238565 2.2800000999999996
          2.649264168711929 1.3507360312880712 2.5600001
          2.7238818673815266 1.4979079601882377 2.560000100000002
          2.848528237423857 1.151471962576143 2.5600001
          2.9977636347630545 1.333315820376478 2.5600001
          2.779327819506775 1.6578900405809447 2.560000099999999
          3.1086555390135437 1.5407799811618912 2.5600001
          2.81347126824194 1.826695906790323 2.560000100000001
          3.176942436483876 1.7658917135806456 2.5600001
          2.825000100000002 2.0000000999999985 2.5600001000000008
          3.2000000999999996 2.0000001 2.5600001
          2.813471268241938 2.173304293209677 2.5600000999999994
          3.176942436483876 2.234108486419354 2.5600001
          2.7793278195067734 2.3421101594190548 2.5600001
          3.108655539013544 2.4592202188381065 2.5600001
          2.7238818673815266 2.5020922398117604 2.5600000999999994
          2.9977636347630536 2.6666843796235233 2.5600001
          2.649264168711929 2.6492641687119285 2.5600001
          2.848528237423857 2.8485282374238565 2.5600001
          2.649264168711929 1.350736031288071 2.8400000999999993
          2.7238818673815266 1.497907960188238 2.840000100000001
          2.848528237423857 1.151471962576143 2.8400000999999997
          2.9977636347630545 1.333315820376478 2.8400000999999997
          2.7793278195067743 1.6578900405809456 2.8400000999999997
          3.1086555390135437 1.5407799811618914 2.8400000999999997
          2.81347126824194 1.8266959067903223 2.8400000999999993
          3.176942436483876 1.7658917135806458 2.8400000999999997
          2.8250001 2.0000001 2.8400000999999997
          3.2000000999999996 2.0000001 2.8400000999999997
          2.8134712682419387 2.1733042932096773 2.8400000999999993
          3.176942436483876 2.234108486419354 2.8400000999999997
          2.779327819506772 2.342110159419052 2.8400000999999997
          3.108655539013544 2.459220218838107 2.8400000999999997
          2.723881867381527 2.5020922398117604 2.8400000999999997
          2.997763634763054 2.666684379623523 2.8400000999999997
          2.649264168711929 2.649264168711928 2.8400000999999993
          2.848528237423857 2.8485282374238565 2.8400000999999997
          2.6492641687119285 1.350736031288071 3.1200000999999995
          2.723881867381525 1.497907960188238 3.1200000999999995
          2.848528237423857 1.151471962576143 3.1200000999999995
          2.9977636347630545 1.3333158203764777 3.1200001
          2.779327819506772 1.6578900405809456 3.120000100000001
          3.1086555390135437 1.5407799811618914 3.1200000999999995
          2.8134712682419383 1.8266959067903223 3.120000099999999
          3.176942436483876 1.7658917135806458 3.1200000999999995
          2.825000100000002 2.000000099999998 3.1200001000000013
          3.2000000999999996 2.0000001 3.1200000999999995
          2.813471268241937 2.173304293209676 3.120000100000001
          3.176942436483876 2.234108486419354 3.1200000999999995
          2.7793278195067717 2.342110159419053 3.1200001000000013
          3.108655539013544 2.459220218838107 3.1200000999999995
          2.7238818673815284 2.5020922398117618 3.1200000999999995
          2.997763634763054 2.666684379623523 3.1200000999999995
          2.6492641687119285 2.6492641687119285 3.1200000999999995
          2.848528237423857 2.8485282374238565 3.1200000999999995
          2.6492641687119285 1.3507360312880714 3.4000000999999997
          2.7238818673815266 1.4979079601882384 3.4000000999999997
          2.848528237423857 1.151471962576143 3.4000000999999997
          2.997763634763054 1.3333158203764772 3.4000000999999997
          2.7793278195067725 1.6578900405809456 3.4000000999999997
          3.1086555390135437 1.5407799811618914 3.4000000999999997
          2.8134712682419383 1.8266959067903228 3.4000000999999997
          3.176942436483876 1.7658917135806456 3.4000000999999997
          2.8250000999999996 2.0000001 3.4000000999999997
          3.2000000999999996 2.0000001 3.4000000999999997
          2.813471268241938 2.173304293209677 3.4000000999999997
          3.176942436483876 2.2341084864193537 3.4000000999999997
          2.779327819506772 2.342110159419054 3.4000000999999997
          3.108655539013544 2.459220218838107 3.4000000999999997
          2.723881867381527 2.502092239811761 3.4000000999999997
          2.9977636347630536 2.666684379623523 3.4000000999999997
          2.6492641687119285 2.6492641687119285 3.4000000999999997
          2.848528237423857 2.8485282374238565 3.4000000999999997
          2.596231160122937 1.4037690398770628 3.5500001
          2.6615216464588345 1.539575727664709 3.5500000999999983
          2.7424622202458746 1.257537979754125 3.5500001
          2.873043192917672 1.4166513553294175 3.5500001
          2.7100368545684255 1.6865912980083275 3.5500000999999983
          2.9700736091368505 1.5981824960166557 3.5500001
          2.7399123722116965 1.8413276809415322 3.550000100000002
          3.0298246444233916 1.7951552618830657 3.5500001
          2.7500001 2.0000001000000003 3.550000100000001
          3.050000099999999 2.0000001 3.5500001
          2.7399123722116974 2.1586725190584675 3.5500001
          3.0298246444233916 2.2048449381169353 3.5500001
          2.710036854568425 2.313408901991673 3.5500001
          2.9700736091368505 2.401817703983344 3.5500001
          2.6615216464588345 2.4604244723352906 3.550000099999998
          2.873043192917671 2.5833488446705832 3.5500001
          2.596231160122937 2.596231160122937 3.5500001
          2.7424622202458746 2.7424622202458746 3.5500001
          2.5431981515339466 1.4568020484660535 3.7000001
          2.5991614255361464 1.581243495141179 3.7000000999999996
          2.6363962030678927 1.363603996932107 3.7000001
          2.7483227510722905 1.4999868902823579 3.7000001
          2.6407458896300793 1.7152925554357092 3.7000000999999996
          2.831491679260158 1.6555850108714192 3.7000001
          2.666353476181454 1.8559594550927423 3.7000000999999996
          2.882706852362907 1.8244188101854848 3.7000001
          2.6750001000000005 2.0000001 3.7000000999999996
          2.9000000999999997 2.0000001 3.7000001
          2.666353476181454 2.1440407449072585 3.7000000999999996
          2.882706852362907 2.175581389814516 3.7000001
          2.6407458896300793 2.284707644564291 3.7000000999999996
          2.8314916792601577 2.344415189128581 3.7000001
          2.599161425536146 2.418756704858821 3.7000000999999996
          2.7483227510722905 2.5000133097176422 3.7000001
          2.5431981515339466 2.5431981515339466 3.7000001
          2.6363962030678927 2.6363962030678927 3.7000001
          2.502092239811761 2.7238818673815266 0.00000010000000000000002
          2.5020922398117618 2.723881867381526 0.28571438571428576
          2.6666843796235224 2.997763634763054 0.0000001
          2.6666843796235224 2.997763634763054 0.2857143857142854
          2.8148364417620835 3.2194888647104 0.0000001
          2.8148364417620826 3.2194888647104003 0.28571438571428576
          2.9629885039006436 3.4412140946577447 0.0000001
          2.962988503900642 3.4412140946577447 0.28571438571428553
          3.111140566039204 3.66293932460509 0.0000001
          3.1111405660392037 3.6629393246050905 0.2857143857142857
          2.342110159419054 2.7793278195067725 0.0000001
          2.3421101594190548 2.779327819506775 0.2857143857142859
          2.4592202188381083 3.1086555390135437 0.0000001
          2.4592202188381083 3.1086555390135437 0.28571438571428587
          2.561269134135466 3.3550234143498874 0.0000001
          2.5612691341354665 3.3550234143498847 0.28571438571428576
          2.6633180494328235 3.601391289686229 0.0000001
          2.663318049432823 3.601391289686228 0.2857143857142857
          2.7653669647301804 3.847759165022573 0.0000001
          2.765366964730181 3.847759165022573 0.2857143857142857
          2.173304293209677 2.8134712682419383 0.00000010000000000000001
          2.173304293209679 2.81347126824194 0.2857143857142855
          2.234108486419354 3.176942436483876 0.0000001
          2.234108486419354 3.176942436483876 0.2857143857142854
          2.2861325722903216 3.438485177924737 0.0000001
          2.2861325722903207 3.4384851779247363 0.2857143857142854
          2.338156658161289 3.7000279193655983 0.0000001
          2.338156658161288 3.7000279193655974 0.2857143857142853
          2.390180744032257 3.9615706608064603 0.0000001
          2.390180744032257 3.9615706608064603 0.2857143857142857
          2.0000001 2.8250001 0.0000001
          2.0000001000000016 2.8250001000000013 0.2857143857142857
          2.0000001000000003 3.2000000999999996 0.0000001
          2.0000001000000003 3.2000000999999996 0.2857143857142854
          2.0000001000000007 3.466666766666666 0.0000001
          2.000000100000001 3.4666667666666657 0.28571438571428565
          2.0000001000000003 3.7333334333333337 0.0000001
          2.0000001000000007 3.733333433333332 0.28571438571428565
          2.0000001000000003 4.000000099999999 0.0000001
          2.0000001000000003 4.000000099999999 0.2857143857142857
          1.826695906790323 2.8134712682419383 0.0000001
          1.8266959067903232 2.8134712682419405 0.28571438571428576
          1.765891713580646 3.176942436483876 0.0000001
          1.765891713580646 3.176942436483876 0.28571438571428587
          1.7138676277096787 3.438485177924737 0.0000001
          1.7138676277096772 3.4384851779247363 0.28571438571428565
          1.6618435418387107 3.700027919365599 0.0000001
          1.661843541838711 3.7000279193655996 0.28571438571428553
          1.6098194559677435 3.9615706608064607 0.0000001
          1.6098194559677435 3.9615706608064607 0.2857143857142857
          1.657890040580947 2.7793278195067725 0.0000001
          1.6578900405809462 2.7793278195067757 0.2857143857142858
          1.5407799811618939 3.1086555390135446 0.0000001
          1.540779981161894 3.1086555390135446 0.28571438571428587
          1.438731065864536 3.355023414349888 0.0000001
          1.4387310658645363 3.3550234143498847 0.28571438571428576
          1.336682150567178 3.601391289686231 0.0000001
          1.336682150567177 3.6013912896862332 0.28571438571428576
          1.23463323526982 3.8477591650225733 0.0000001
          1.2346332352698202 3.8477591650225733 0.2857143857142857
          1.4979079601882388 2.723881867381527 0.0000001
          1.49790796018824 2.72388186738153 0.28571438571428587
          1.3333158203764777 2.9977636347630545 0.0000001
          1.3333158203764781 2.9977636347630545 0.28571438571428587
          1.185163758237917 3.2194888647103994 0.0000001
          1.1851637582379169 3.2194888647103994 0.28571438571428576
          1.0370116960993565 3.441214094657745 0.0000001
          1.037011696099356 3.441214094657744 0.28571438571428565
          0.8888596339607961 3.662939324605091 0.0000001
          0.8888596339607959 3.662939324605091 0.2857143857142857
          1.3507360312880714 2.6492641687119285 0.0000001
          1.3507360312880716 2.64926416871193 0.28571438571428565
          1.151471962576143 2.848528237423857 0.0000001
          1.151471962576143 2.848528237423857 0.28571438571428565
          0.9629101542597303 3.03709004574027 0.0000001
          0.9629101542597301 3.037090045740269 0.28571438571428565
          0.7743483459433176 3.2256518540566823 0.0000001
          0.7743483459433176 3.225651854056682 0.28571438571428565
          0.5857865376269049 3.414213662373095 0.0000001
          0.5857865376269049 3.414213662373095 0.2857143857142857
          2.50209223981176 2.723881867381527 0.571428671428571
          2.6666843796235224 2.997763634763054 0.5714286714285715
          2.8148364417620866 3.219488864710401 0.5714286714285716
          2.9629885039006436 3.4412140946577447 0.5714286714285715
          3.111140566039204 3.66293932460509 0.5714286714285713
          2.342110159419054 2.7793278195067725 0.5714286714285715
          2.4592202188381083 3.1086555390135437 0.5714286714285715
          2.561269134135467 3.355023414349888 0.5714286714285715
          2.6633180494328257 3.601391289686228 0.5714286714285715
          2.765366964730181 3.847759165022573 0.5714286714285713
          2.173304293209677 2.8134712682419383 0.5714286714285712
          2.234108486419354 3.176942436483876 0.5714286714285712
          2.2861325722903216 3.438485177924737 0.5714286714285712
          2.3381566581612887 3.7000279193655987 0.5714286714285712
          2.390180744032257 3.9615706608064603 0.5714286714285713
          2.000000099999998 2.8250001 0.5714286714285715
          2.0000001000000003 3.2000000999999996 0.5714286714285712
          2.0000001000000007 3.466666766666666 0.5714286714285715
          2.0000001 3.7333334333333337 0.5714286714285715
          2.0000001000000003 4.000000099999999 0.5714286714285713
          1.8266959067903226 2.813471268241937 0.5714286714285712
          1.765891713580646 3.176942436483876 0.5714286714285712
          1.7138676277096792 3.43848517792474 0.5714286714285712
          1.661843541838712 3.7000279193656005 0.5714286714285712
          1.6098194559677435 3.9615706608064607 0.5714286714285713
          1.6578900405809465 2.779327819506773 0.5714286714285717
          1.5407799811618939 3.1086555390135446 0.5714286714285715
          1.4387310658645365 3.3550234143498883 0.5714286714285715
          1.3366821505671787 3.6013912896862297 0.5714286714285717
          1.23463323526982 3.8477591650225733 0.5714286714285713
          1.4979079601882386 2.7238818673815266 0.5714286714285712
          1.3333158203764777 2.9977636347630545 0.5714286714285712
          1.1851637582379175 3.219488864710399 0.5714286714285712
          1.037011696099357 3.4412140946577447 0.5714286714285712
          0.8888596339607959 3.662939324605091 0.5714286714285713
          1.3507360312880712 2.649264168711928 0.5714286714285715
          1.151471962576143 2.848528237423857 0.5714286714285715
          0.9629101542597305 3.0370900457402703 0.5714286714285715
          0.7743483459433177 3.225651854056683 0.5714286714285715
          0.5857865376269049 3.414213662373095 0.5714286714285713
          2.5020922398117618 2.7238818673815284 0.857142957142857
          2.6666843796235224 2.997763634763054 0.8571429571428575
          2.8148364417620844 3.2194888647104007 0.8571429571428569
          2.962988503900645 3.4412140946577465 0.857142957142857
          3.111140566039204 3.66293932460509 0.8571429571428569
          2.342110159419054 2.7793278195067734 0.8571429571428568
          2.4592202188381083 3.1086555390135437 0.8571429571428573
          2.5612691341354648 3.3550234143498865 0.857142957142857
          2.6633180494328226 3.6013912896862297 0.857142957142857
          2.7653669647301804 3.847759165022573 0.8571429571428569
          2.1733042932096778 2.8134712682419396 0.8571429571428573
          2.234108486419354 3.176942436483876 0.8571429571428573
          2.2861325722903207 3.43848517792474 0.8571429571428575
          2.33815665816129 3.7000279193656005 0.857142957142857
          2.390180744032257 3.9615706608064603 0.8571429571428569
          2.0000001 2.8250000999999996 0.857142957142857
          2.0000001000000003 3.2000000999999996 0.8571429571428568
          2.000000100000001 3.466666766666668 0.8571429571428573
          2.0000001000000007 3.7333334333333337 0.857142957142857
          2.0000001000000003 4.000000099999999 0.8571429571428569
          1.826695906790324 2.81347126824194 0.8571429571428568
          1.765891713580646 3.176942436483876 0.8571429571428568
          1.7138676277096765 3.438485177924741 0.857142957142857
          1.661843541838712 3.7000279193656027 0.857142957142857
          1.6098194559677435 3.9615706608064607 0.8571429571428569
          1.6578900405809465 2.7793278195067734 0.8571429571428568
          1.5407799811618939 3.1086555390135446 0.8571429571428568
          1.4387310658645354 3.355023414349885 0.857142957142857
          1.3366821505671789 3.601391289686235 0.857142957142857
          1.2346332352698202 3.8477591650225733 0.8571429571428569
          1.4979079601882386 2.7238818673815266 0.857142957142857
          1.3333158203764781 2.9977636347630545 0.857142957142857
          1.1851637582379173 3.219488864710397 0.857142957142857
          1.037011696099357 3.441214094657747 0.857142957142857
          0.8888596339607959 3.662939324605091 0.8571429571428569
          1.3507360312880716 2.649264168711929 0.857142957142857
          1.151471962576143 2.848528237423857 0.857142957142857
          0.9629101542597301 3.0370900457402694 0.857142957142857
          0.7743483459433177 3.225651854056683 0.857142957142857
          0.5857865376269049 3.414213662373095 0.8571429571428569
          2.5020922398117613 2.723881867381525 1.1428572428571422
          2.6666843796235224 2.997763634763054 1.1428572428571426
          2.814836441762085 3.2194888647103994 1.1428572428571429
          2.9629885039006436 3.4412140946577447 1.1428572428571429
          3.111140566039204 3.66293932460509 1.1428572428571429
          2.3421101594190548 2.7793278195067717 1.1428572428571437
          2.4592202188381083 3.1086555390135437 1.142857242857143
          2.561269134135466 3.3550234143498883 1.1428572428571429
          2.663318049432823 3.601391289686232 1.1428572428571424
          2.7653669647301804 3.847759165022573 1.1428572428571429
          2.173304293209677 2.8134712682419396 1.1428572428571429
          2.234108486419354 3.176942436483876 1.1428572428571429
          2.2861325722903216 3.4384851779247363 1.1428572428571433
          2.33815665816129 3.700027919365597 1.1428572428571426
          2.390180744032257 3.9615706608064603 1.1428572428571429
          2.0000001 2.8250001000000005 1.1428572428571433
          2.0000001000000003 3.2000000999999996 1.1428572428571426
          2.0000001000000016 3.4666667666666684 1.142857242857143
          2.000000099999999 3.7333334333333337 1.142857242857143
          2.0000001000000003 4.000000099999999 1.1428572428571429
          1.826695906790324 2.8134712682419405 1.1428572428571429
          1.765891713580646 3.176942436483876 1.1428572428571426
          1.7138676277096785 3.43848517792474 1.1428572428571426
          1.6618435418387105 3.700027919365599 1.1428572428571426
          1.6098194559677435 3.9615706608064607 1.1428572428571429
          1.6578900405809467 2.7793278195067717 1.1428572428571429
          1.540779981161894 3.1086555390135446 1.1428572428571426
          1.4387310658645358 3.355023414349887 1.1428572428571426
          1.3366821505671789 3.601391289686232 1.142857242857143
          1.2346332352698202 3.8477591650225733 1.1428572428571429
          1.497907960188239 2.723881867381527 1.142857242857143
          1.3333158203764777 2.9977636347630545 1.1428572428571426
          1.1851637582379175 3.2194888647103994 1.1428572428571426
          1.0370116960993563 3.441214094657745 1.1428572428571426
          0.8888596339607959 3.662939324605091 1.1428572428571429
          1.3507360312880712 2.649264168711929 1.1428572428571426
          1.151471962576143 2.848528237423857 1.1428572428571429
          0.9629101542597303 3.0370900457402703 1.142857242857143
          0.7743483459433176 3.2256518540566823 1.142857242857143
          0.5857865376269049 3.414213662373095 1.1428572428571429
          2.5020922398117604 2.723881867381525 1.428571528571429
          2.6666843796235224 2.997763634763054 1.4285715285714287
          2.8148364417620826 3.2194888647103994 1.4285715285714293
          2.962988503900642 3.441214094657747 1.4285715285714273
          3.1111405660392046 3.66293932460509 1.428571528571428
          2.342110159419054 2.7793278195067734 1.4285715285714302
          2.4592202188381083 3.1086555390135437 1.4285715285714287
          2.561269134135468 3.3550234143498887 1.428571528571429
          2.6633180494328244 3.60139128968623 1.4285715285714273
          2.765366964730181 3.847759165022573 1.4285715285714284
          2.1733042932096787 2.8134712682419383 1.4285715285714282
          2.234108486419354 3.176942436483876 1.4285715285714287
          2.2861325722903216 3.438485177924738 1.4285715285714295
          2.338156658161288 3.700027919365601 1.4285715285714287
          2.390180744032257 3.9615706608064603 1.4285715285714284
          2.0000001000000007 2.8250001000000005 1.4285715285714284
          2.0000001000000003 3.2000000999999996 1.4285715285714282
          2.0000001000000003 3.4666667666666666 1.4285715285714278
          2.0000001 3.733333433333332 1.4285715285714269
          2.0000001000000003 4.000000099999999 1.4285715285714284
          1.8266959067903226 2.8134712682419383 1.4285715285714273
          1.765891713580646 3.176942436483876 1.4285715285714282
          1.713867627709678 3.438485177924738 1.4285715285714276
          1.6618435418387112 3.700027919365599 1.4285715285714276
          1.6098194559677435 3.9615706608064607 1.4285715285714284
          1.6578900405809476 2.7793278195067734 1.428571528571429
          1.5407799811618939 3.1086555390135446 1.4285715285714282
          1.4387310658645365 3.355023414349887 1.4285715285714284
          1.336682150567178 3.60139128968623 1.4285715285714293
          1.2346332352698202 3.8477591650225733 1.4285715285714284
          1.4979079601882388 2.7238818673815266 1.428571528571429
          1.3333158203764777 2.9977636347630545 1.4285715285714284
          1.1851637582379166 3.219488864710397 1.4285715285714273
          1.0370116960993565 3.4412140946577434 1.4285715285714276
          0.8888596339607959 3.662939324605091 1.4285715285714284
          1.3507360312880716 2.6492641687119285 1.4285715285714282
          1.151471962576143 2.848528237423857 1.4285715285714284
          0.9629101542597303 3.0370900457402694 1.4285715285714282
          0.7743483459433176 3.2256518540566823 1.4285715285714282
          0.5857865376269049 3.414213662373095 1.4285715285714284
          2.50209223981176 2.723881867381527 1.7142858142857138
          2.6666843796235224 2.997763634763054 1.714285814285714
          2.8148364417620826 3.219488864710399 1.714285814285714
          2.96298850390064 3.4412140946577465 1.7142858142857138
          3.1111405660392037 3.6629393246050905 1.714285814285714
          2.3421101594190525 2.779327819506773 1.7142858142857138
          2.4592202188381083 3.1086555390135437 1.714285814285714
          2.5612691341354665 3.3550234143498883 1.714285814285714
          2.663318049432825 3.601391289686228 1.714285814285714
          2.765366964730181 3.847759165022573 1.714285814285714
          2.1733042932096773 2.8134712682419383 1.7142858142857147
          2.234108486419354 3.176942436483876 1.714285814285714
          2.2861325722903207 3.4384851779247363 1.714285814285715
          2.338156658161288 3.7000279193655974 1.714285814285714
          2.390180744032257 3.9615706608064603 1.714285814285714
          2.000000099999999 2.8250001 1.714285814285714
          2.0000001000000003 3.2000000999999996 1.714285814285714
          2.000000100000001 3.466666766666666 1.7142858142857142
          2.0000001000000007 3.7333334333333372 1.7142858142857142
          2.0000001000000003 4.000000099999999 1.714285814285714
          1.8266959067903217 2.8134712682419387 1.7142858142857138
          1.765891713580646 3.176942436483876 1.714285814285714
          1.7138676277096783 3.4384851779247363 1.714285814285714
          1.6618435418387103 3.700027919365599 1.7142858142857142
          1.6098194559677435 3.9615706608064607 1.714285814285714
          1.6578900405809465 2.7793278195067734 1.7142858142857147
          1.540779981161894 3.1086555390135446 1.714285814285714
          1.4387310658645358 3.3550234143498887 1.7142858142857138
          1.3366821505671789 3.601391289686232 1.714285814285714
          1.2346332352698202 3.8477591650225733 1.714285814285714
          1.4979079601882381 2.723881867381527 1.714285814285714
          1.3333158203764781 2.9977636347630545 1.714285814285714
          1.1851637582379169 3.2194888647103976 1.714285814285714
          1.037011696099356 3.441214094657745 1.714285814285714
          0.8888596339607959 3.662939324605091 1.714285814285714
          1.350736031288071 2.6492641687119285 1.7142858142857138
          1.151471962576143 2.848528237423857 1.714285814285714
          0.9629101542597301 3.0370900457402694 1.7142858142857142
          0.7743483459433176 3.225651854056682 1.7142858142857142
          0.5857865376269049 3.414213662373095 1.714285814285714
          2.502092239811761 2.7238818673815266 2.0000001
          2.6666843796235224 2.997763634763054 2.0000001
          2.8148364417620835 3.2194888647104 2.0000001
          2.9629885039006436 3.4412140946577447 2.0000001
          3.111140566039204 3.66293932460509 2.0000001
          2.342110159419054 2.7793278195067725 2.0000001000000003
          2.4592202188381083 3.1086555390135437 2.0000001
          2.561269134135466 3.3550234143498874 2.0000001
          2.6633180494328235 3.601391289686229 2.0000001
          2.7653669647301804 3.847759165022573 2.0000001
          2.173304293209677 2.8134712682419383 2.0000001
          2.234108486419354 3.176942436483876 2.0000001
          2.2861325722903216 3.438485177924737 2.0000001000000003
          2.338156658161289 3.7000279193655983 2.0000001
          2.390180744032257 3.9615706608064603 2.0000001
          2.0000001 2.8250001 2.0000001000000003
          2.0000001000000003 3.2000000999999996 2.0000001
          2.0000001000000007 3.466666766666666 2.0000001
          2.0000001000000003 3.7333334333333337 2.0000001
          2.0000001000000003 4.000000099999999 2.0000001
          1.826695906790323 2.8134712682419383 2.0000001
          1.765891713580646 3.176942436483876 2.0000001
          1.7138676277096787 3.438485177924737 2.0000001
          1.6618435418387107 3.700027919365599 2.0000001
          1.6098194559677435 3.9615706608064607 2.0000001
          1.657890040580947 2.7793278195067725 2.0000001000000003
          1.5407799811618939 3.1086555390135446 2.0000001
          1.438731065864536 3.355023414349888 2.0000001
          1.336682150567178 3.601391289686231 2.0000001000000003
          1.23463323526982 3.8477591650225733 2.0000001
          1.4979079601882388 2.723881867381527 2.0000001000000003
          1.3333158203764777 2.9977636347630545 2.0000001
          1.185163758237917 3.2194888647103994 2.0000001
          1.0370116960993565 3.441214094657745 2.0000001
          0.8888596339607961 3.662939324605091 2.0000001
          1.3507360312880714 2.6492641687119285 2.0000001
          1.151471962576143 2.848528237423857 2.0000001
          0.9629101542597303 3.03709004574027 2.0000001
          0.7743483459433176 3.2256518540566823 2.0000001
          0.5857865376269049 3.414213662373095 2.0000001
          2.50209223981176 2.723881867381525 2.2800001000000005
          2.6666843796235224 2.997763634763054 2.2800000999999996
          2.3421101594190543 2.779327819506775 2.280000100000002
          2.4592202188381083 3.1086555390135437 2.2800000999999996
          2.1733042932096787 2.8134712682419383 2.2800000999999983
          2.234108486419354 3.176942436483876 2.2800000999999996
          2.0000001000000007 2.8250001000000005 2.2800000999999996
          2.0000001000000003 3.2000000999999996 2.2800000999999996
          1.8266959067903217 2.8134712682419383 2.2800001000000005
          1.765891713580646 3.176942436483876 2.2800000999999996
          1.6578900405809485 2.779327819506774 2.2800001000000014
          1.5407799811618939 3.1086555390135446 2.2800000999999996
          1.4979079601882388 2.7238818673815253 2.2800001
          1.333315820376478 2.9977636347630545 2.2800000999999996
          1.3507360312880714 2.649264168711929 2.2800000999999996
          1.151471962576143 2.848528237423857 2.2800000999999996
          2.5020922398117618 2.7238818673815244 2.560000100000002
          2.6666843796235224 2.997763634763054 2.5600001
          2.342110159419054 2.7793278195067734 2.560000099999999
          2.4592202188381083 3.1086555390135437 2.5600001
          2.1733042932096778 2.81347126824194 2.560000100000001
          2.234108486419354 3.176942436483876 2.5600001
          2.000000100000001 2.825000100000002 2.5600001000000008
          2.0000001000000003 3.2000000999999996 2.5600001
          1.8266959067903221 2.813471268241938 2.5600000999999994
          1.765891713580646 3.176942436483876 2.5600001
          1.6578900405809474 2.7793278195067734 2.5600001
          1.5407799811618939 3.1086555390135446 2.5600001
          1.4979079601882395 2.7238818673815266 2.5600000999999994
          1.333315820376478 2.9977636347630545 2.5600001
          1.3507360312880712 2.649264168711929 2.5600001
          1.151471962576143 2.848528237423857 2.5600001
          2.5020922398117618 2.723881867381525 2.840000100000001
          2.6666843796235224 2.997763634763054 2.8400000999999997
          2.342110159419055 2.77932781950677 2.8400000999999997
          2.4592202188381083 3.1086555390135437 2.8400000999999997
          2.1733042932096773 2.8134712682419383 2.8400000999999993
          2.234108486419354 3.176942436483876 2.8400000999999997
          2.000000099999999 2.8250001 2.8400000999999997
          2.0000001000000003 3.2000000999999996 2.8400000999999997
          1.8266959067903226 2.8134712682419383 2.8400000999999993
          1.765891713580646 3.176942436483876 2.8400000999999997
          1.6578900405809465 2.779327819506774 2.8400000999999997
          1.5407799811618939 3.1086555390135446 2.8400000999999997
          1.4979079601882388 2.723881867381527 2.8400000999999997
          1.333315820376478 2.9977636347630545 2.8400000999999997
          1.350736031288071 2.649264168711929 2.8400000999999993
          1.151471962576143 2.848528237423857 2.8400000999999997
          2.5020922398117618 2.723881867381525 3.1200000999999995
          2.6666843796235224 2.997763634763054 3.1200001
          2.342110159419053 2.7793278195067717 3.120000100000001
          2.4592202188381083 3.1086555390135437 3.1200000999999995
          2.173304293209677 2.8134712682419383 3.120000099999999
          2.234108486419354 3.176942436483876 3.1200000999999995
          2.0000001 2.825000100000002 3.1200001000000013
          2.0000001000000003 3.2000000999999996 3.1200000999999995
          1.8266959067903223 2.8134712682419383 3.120000100000001
          1.765891713580646 3.176942436483876 3.1200000999999995
          1.6578900405809467 2.7793278195067734 3.1200001000000013
          1.540779981161894 3.1086555390135446 3.1200000999999995
          1.4979079601882388 2.7238818673815284 3.1200000999999995
          1.3333158203764777 2.9977636347630545 3.1200000999999995
          1.350736031288071 2.6492641687119285 3.1200000999999995
          1.151471962576143 2.848528237423857 3.1200000999999995
          2.502092239811761 2.7238818673815266 3.4000000999999997
          2.6666843796235224 2.997763634763054 3.4000000999999997
          2.342110159419054 2.7793278195067725 3.4000000999999997
          2.4592202188381083 3.1086555390135437 3.4000000999999997
          2.173304293209677 2.8134712682419383 3.4000000999999997
          2.234108486419354 3.176942436483876 3.4000000999999997
          2.0000001 2.8250001 3.4000000999999997
          2.0000001000000003 3.2000000999999996 3.4000000999999997
          1.826695906790323 2.8134712682419383 3.4000000999999997
          1.765891713580646 3.176942436483876 3.4000000999999997
          1.657890040580947 2.7793278195067725 3.4000000999999997
          1.5407799811618939 3.1086555390135446 3.4000000999999997
          1.4979079601882388 2.723881867381527 3.4000000999999997
          1.3333158203764777 2.9977636347630545 3.4000000999999997
          1.3507360312880714 2.6492641687119285 3.4000000999999997
          1.151471962576143 2.848528237423857 3.4000000999999997
          2.4604244723352906 2.6615216464588345 3.5500000999999983
          2.5833488446705815 2.8730431929176725 3.5500001
          2.313408901991672 2.710036854568425 3.5500000999999983
          2.4018177039833435 2.9700736091368505 3.5500001
          2.158672519058467 2.7399123722116965 3.550000100000002
          2.204844938116935 3.0298246444233916 3.5500001
          2.0000001 2.7500001 3.550000100000001
          2.0000000999999994 3.050000099999999 3.5500001
          1.841327680941534 2.7399123722116974 3.5500001
          1.7951552618830646 3.0298246444233916 3.5500001
          1.6865912980083275 2.710036854568425 3.5500001
          1.5981824960166562 2.970073609136851 3.5500001
          1.53957572766471 2.6615216464588354 3.550000099999998
          1.4166513553294178 2.8730431929176725 3.5500001
          1.4037690398770628 2.596231160122937 3.5500001
          1.257537979754125 2.7424622202458746 3.5500001
          2.418756704858821 2.5991614255361464 3.7000000999999996
          2.500013309717642 2.7483227510722905 3.7000001
          2.2847076445642904 2.6407458896300793 3.7000000999999996
          2.3444151891285805 2.831491679260158 3.7000001
          2.1440407449072585 2.666353476181454 3.7000000999999996
          2.1755813898145155 2.882706852362907 3.7000001
          2.0000001 2.6750001000000005 3.7000000999999996
          2.0000001 2.9000000999999997 3.7000001
          1.8559594550927425 2.666353476181454 3.7000000999999996
          1.8244188101854844 2.882706852362907 3.7000001
          1.7152925554357095 2.6407458896300793 3.7000000999999996
          1.6555850108714187 2.831491679260158 3.7000001
          1.581243495141179 2.599161425536146 3.7000000999999996
          1.4999868902823583 2.7483227510722905 3.7000001
          1.4568020484660535 2.5431981515339466 3.7000001
          1.363603996932107 2.6363962030678927 3.7000001
          1.2761183326184726 2.502092239811761 0.00000010000000000000002
          1.2761183326184717 2.5020922398117635 0.28571438571428576
          1.0022365652369456 2.666684379623523 0.0000001
          1.0022365652369456 2.666684379623523 0.2857143857142854
          0.7805113352896003 2.8148364417620844 0.0000001
          0.7805113352895997 2.8148364417620844 0.28571438571428576
          0.5587861053422548 2.9629885039006436 0.0000001
          0.5587861053422555 2.9629885039006436 0.28571438571428553
          0.33706087539490936 3.1111405660392046 0.0000001
          0.3370608753949096 3.1111405660392046 0.2857143857142857
          1.220672380493228 2.342110159419054 0.0000001
          1.2206723804932285 2.3421101594190548 0.2857143857142859
          0.8913446609864557 2.459220218838108 0.0000001
          0.8913446609864557 2.459220218838108 0.28571438571428587
          0.6449767856501127 2.561269134135465 0.0000001
          0.6449767856501126 2.5612691341354648 0.28571438571428576
          0.39860891031376955 2.6633180494328226 0.0000001
          0.398608910313769 2.663318049432822 0.2857143857142857
          0.15224103497742636 2.7653669647301795 0.0000001
          0.15224103497742636 2.7653669647301795 0.2857143857142857
          1.1865289317580618 2.1733042932096778 0.00000010000000000000001
          1.1865289317580607 2.17330429320968 0.2857143857142855
          0.8230577635161236 2.2341084864193546 0.0000001
          0.8230577635161236 2.2341084864193546 0.2857143857142854
          0.561515022075262 2.2861325722903216 0.0000001
          0.5615150220752625 2.2861325722903207 0.2857143857142854
          0.2999722806344005 2.3381566581612883 0.0000001
          0.2999722806344003 2.338156658161288 0.2857143857142853
          0.038429539193538975 2.390180744032256 0.0000001
          0.038429539193538975 2.390180744032256 0.2857143857142857
          1.1750001 2.0000001 0.0000001
          1.1750000999999999 2.0000001000000016 0.2857143857142857
          0.8000000999999999 2.0000001000000003 0.0000001
          0.8000000999999999 2.0000001 0.2857143857142854
          0.5333334333333332 2.0000001000000007 0.0000001
          0.533333433333333 2.0000001000000003 0.28571438571428565
          0.26666676666666667 2.0000000999999994 0.0000001
          0.266666766666667 2.0000001 0.28571438571428565
          0.00000009999999983634211 2.0000001 0.0000001
          0.00000009999999983634211 2.0000001 0.2857143857142857
          1.1865289317580614 1.826695906790323 0.0000001
          1.1865289317580607 1.8266959067903232 0.28571438571428576
          0.8230577635161231 1.7658917135806464 0.0000001
          0.8230577635161231 1.765891713580647 0.28571438571428587
          0.5615150220752617 1.7138676277096792 0.0000001
          0.5615150220752624 1.713867627709679 0.28571438571428565
          0.2999722806344003 1.6618435418387107 0.0000001
          0.2999722806344002 1.6618435418387119 0.28571438571428553
          0.038429539193538975 1.6098194559677435 0.0000001
          0.03842953919353875 1.609819455967744 0.2857143857142857
          1.2206723804932276 1.6578900405809465 0.0000001
          1.220672380493227 1.6578900405809462 0.2857143857142858
          0.8913446609864555 1.5407799811618927 0.0000001
          0.8913446609864555 1.540779981161893 0.28571438571428587
          0.6449767856501127 1.4387310658645351 0.0000001
          0.6449767856501128 1.4387310658645354 0.28571438571428576
          0.39860891031376966 1.336682150567177 0.0000001
          0.3986089103137693 1.336682150567177 0.28571438571428576
          0.15224103497742658 1.2346332352698197 0.0000001
          0.15224103497742636 1.2346332352698202 0.2857143857142857
          1.2761183326184726 1.4979079601882384 0.0000001
          1.2761183326184722 1.497907960188239 0.28571438571428587
          1.0022365652369456 1.3333158203764772 0.0000001
          1.002236565236946 1.3333158203764766 0.28571438571428587
          0.7805113352896003 1.1851637582379166 0.0000001
          0.7805113352896 1.1851637582379155 0.28571438571428576
          0.558786105342255 1.037011696099356 0.0000001
          0.5587861053422561 1.0370116960993547 0.28571438571428565
          0.3370608753949096 0.8888596339607953 0.0000001
          0.33706087539491003 0.8888596339607944 0.2857143857142857
          1.3507360312880712 1.3507360312880714 0.0000001
          1.3507360312880712 1.3507360312880716 0.28571438571428565
          1.1514719625761427 1.151471962576143 0.0000001
          1.1514719625761427 1.151471962576143 0.28571438571428565
          0.96291015425973 0.9629101542597303 0.0000001
          0.96291015425973 0.9629101542597301 0.28571438571428565
          0.7743483459433173 0.7743483459433176 0.0000001
          0.7743483459433173 0.7743483459433176 0.28571438571428565
          0.5857865376269045 0.5857865376269049 0.0000001
          0.5857865376269045 0.5857865376269049 0.2857143857142857
          1.2761183326184726 2.50209223981176 0.571428671428571
          1.0022365652369456 2.666684379623523 0.5714286714285715
          0.7805113352896006 2.8148364417620866 0.5714286714285716
          0.558786105342255 2.9629885039006436 0.5714286714285715
          0.3370608753949096 3.1111405660392046 0.5714286714285713
          1.220672380493228 2.342110159419054 0.5714286714285715
          0.8913446609864557 2.4592202188381074 0.5714286714285715
          0.6449767856501132 2.561269134135465 0.5714286714285715
          0.39860891031376977 2.663318049432823 0.5714286714285715
          0.15224103497742614 2.765366964730179 0.5714286714285713
          1.186528931758061 2.1733042932096778 0.5714286714285712
          0.8230577635161236 2.2341084864193546 0.5714286714285712
          0.5615150220752618 2.2861325722903216 0.5714286714285712
          0.2999722806344005 2.3381566581612887 0.5714286714285712
          0.038429539193538975 2.390180744032256 0.5714286714285713
          1.1750001 2.000000099999998 0.5714286714285715
          0.8000000999999999 2.0000001 0.5714286714285712
          0.5333334333333343 2.0000001000000007 0.5714286714285715
          0.26666676666666655 2.000000099999998 0.5714286714285715
          0.00000009999999983634211 2.0000000999999994 0.5714286714285713
          1.186528931758061 1.8266959067903226 0.5714286714285712
          0.8230577635161231 1.765891713580647 0.5714286714285712
          0.5615150220752615 1.71386762770968 0.5714286714285712
          0.29997228063439985 1.661843541838712 0.5714286714285712
          0.03842953919353875 1.609819455967744 0.5714286714285713
          1.220672380493228 1.6578900405809465 0.5714286714285717
          0.8913446609864555 1.540779981161893 0.5714286714285715
          0.6449767856501128 1.4387310658645356 0.5714286714285715
          0.3986089103137691 1.3366821505671778 0.5714286714285717
          0.15224103497742636 1.2346332352698202 0.5714286714285713
          1.2761183326184724 1.4979079601882377 0.5714286714285712
          1.002236565236946 1.3333158203764766 0.5714286714285712
          0.7805113352896008 1.1851637582379166 0.5714286714285712
          0.5587861053422549 1.0370116960993556 0.5714286714285712
          0.33706087539491003 0.8888596339607944 0.5714286714285713
          1.3507360312880712 1.3507360312880712 0.5714286714285715
          1.1514719625761427 1.151471962576143 0.5714286714285715
          0.9629101542597301 0.9629101542597305 0.5714286714285715
          0.7743483459433171 0.7743483459433177 0.5714286714285715
          0.5857865376269045 0.5857865376269049 0.5714286714285713
          1.2761183326184729 2.5020922398117618 0.857142957142857
          1.0022365652369458 2.666684379623523 0.8571429571428575
          0.7805113352896001 2.8148364417620844 0.8571429571428569
          0.558786105342255 2.962988503900645 0.857142957142857
          0.3370608753949098 3.1111405660392046 0.8571429571428569
          1.220672380493228 2.342110159419054 0.8571429571428568
          0.8913446609864557 2.459220218838108 0.8571429571428573
          0.644976785650113 2.5612691341354648 0.857142957142857
          0.39860891031376944 2.6633180494328226 0.857142957142857
          0.15224103497742636 2.7653669647301795 0.8571429571428569
          1.186528931758062 2.1733042932096787 0.8571429571428573
          0.8230577635161236 2.234108486419355 0.8571429571428573
          0.5615150220752625 2.2861325722903216 0.8571429571428575
          0.2999722806344005 2.33815665816129 0.857142957142857
          0.038429539193538975 2.3901807440322567 0.8571429571428569
          1.1750001000000003 2.0000001 0.857142957142857
          0.8000000999999999 2.0000001000000003 0.8571429571428568
          0.5333334333333329 2.000000100000001 0.8571429571428573
          0.26666676666666633 2.0000001 0.857142957142857
          0.00000009999999983634211 2.0000001 0.8571429571428569
          1.1865289317580618 1.826695906790324 0.8571429571428568
          0.8230577635161231 1.7658917135806462 0.8571429571428568
          0.5615150220752618 1.7138676277096765 0.857142957142857
          0.2999722806344002 1.6618435418387112 0.857142957142857
          0.038429539193538975 1.609819455967743 0.8571429571428569
          1.2206723804932267 1.6578900405809474 0.8571429571428568
          0.8913446609864555 1.5407799811618932 0.8571429571428568
          0.6449767856501125 1.4387310658645345 0.857142957142857
          0.3986089103137691 1.3366821505671789 0.857142957142857
          0.15224103497742636 1.2346332352698204 0.8571429571428569
          1.276118332618473 1.4979079601882377 0.857142957142857
          1.0022365652369454 1.3333158203764777 0.857142957142857
          0.7805113352895999 1.1851637582379178 0.857142957142857
          0.5587861053422543 1.0370116960993574 0.857142957142857
          0.3370608753949089 0.8888596339607959 0.8571429571428569
          1.3507360312880712 1.3507360312880716 0.857142957142857
          1.1514719625761427 1.151471962576143 0.857142957142857
          0.96291015425973 0.9629101542597301 0.857142957142857
          0.7743483459433171 0.7743483459433177 0.857142957142857
          0.5857865376269045 0.5857865376269049 0.8571429571428569
          1.2761183326184729 2.5020922398117613 1.1428572428571422
          1.0022365652369458 2.666684379623523 1.1428572428571426
          0.7805113352896006 2.814836441762085 1.1428572428571429
          0.558786105342255 2.962988503900642 1.1428572428571429
          0.3370608753949098 3.111140566039205 1.1428572428571429
          1.2206723804932278 2.342110159419054 1.1428572428571437
          0.8913446609864557 2.459220218838108 1.142857242857143
          0.6449767856501132 2.561269134135465 1.1428572428571429
          0.39860891031376955 2.663318049432823 1.1428572428571424
          0.15224103497742636 2.7653669647301795 1.1428572428571429
          1.186528931758062 2.1733042932096778 1.1428572428571429
          0.8230577635161236 2.2341084864193546 1.1428572428571429
          0.5615150220752619 2.2861325722903207 1.1428572428571433
          0.29997228063440073 2.3381566581612883 1.1428572428571426
          0.038429539193538975 2.390180744032256 1.1428572428571429
          1.1750001000000005 2.000000099999998 1.1428572428571433
          0.8000000999999999 2.0000001 1.1428572428571426
          0.5333334333333334 2.0000001000000016 1.142857242857143
          0.26666676666666667 2.000000099999998 1.142857242857143
          0.00000009999999983634211 2.0000001 1.1428572428571429
          1.186528931758062 1.826695906790324 1.1428572428571429
          0.8230577635161231 1.7658917135806471 1.1428572428571426
          0.5615150220752615 1.7138676277096794 1.1428572428571426
          0.2999722806344002 1.6618435418387114 1.1428572428571426
          0.038429539193538975 1.6098194559677435 1.1428572428571429
          1.2206723804932271 1.6578900405809458 1.1428572428571429
          0.8913446609864555 1.5407799811618932 1.1428572428571426
          0.644976785650113 1.4387310658645358 1.1428572428571426
          0.398608910313769 1.336682150567178 1.142857242857143
          0.15224103497742636 1.2346332352698204 1.1428572428571429
          1.276118332618473 1.4979079601882381 1.142857242857143
          1.0022365652369456 1.3333158203764772 1.1428572428571426
          0.7805113352896 1.185163758237917 1.1428572428571426
          0.5587861053422547 1.0370116960993558 1.1428572428571426
          0.3370608753949096 0.8888596339607953 1.1428572428571429
          1.3507360312880712 1.3507360312880712 1.1428572428571426
          1.1514719625761427 1.151471962576143 1.1428572428571429
          0.9629101542597301 0.9629101542597303 1.142857242857143
          0.7743483459433171 0.7743483459433176 1.142857242857143
          0.5857865376269045 0.5857865376269049 1.1428572428571429
          1.276118332618473 2.5020922398117604 1.428571528571429
          1.0022365652369458 2.666684379623523 1.4285715285714287
          0.7805113352896007 2.8148364417620844 1.4285715285714293
          0.5587861053422551 2.96298850390064 1.4285715285714273
          0.3370608753949098 3.1111405660392046 1.428571528571428
          1.2206723804932282 2.342110159419054 1.4285715285714302
          0.8913446609864557 2.459220218838108 1.4285715285714287
          0.6449767856501122 2.561269134135465 1.428571528571429
          0.39860891031376955 2.6633180494328235 1.4285715285714273
          0.15224103497742636 2.7653669647301795 1.4285715285714284
          1.1865289317580618 2.1733042932096795 1.4285715285714282
          0.8230577635161236 2.2341084864193546 1.4285715285714287
          0.561515022075262 2.2861325722903207 1.4285715285714295
          0.29997228063440073 2.338156658161287 1.4285715285714287
          0.038429539193538975 2.390180744032256 1.4285715285714284
          1.1750001000000005 2.0000001000000007 1.4285715285714284
          0.8000000999999999 2.0000001000000003 1.4285715285714282
          0.5333334333333329 2.000000100000001 1.4285715285714278
          0.26666676666666644 2.000000099999999 1.4285715285714269
          0.00000009999999983634211 2.0000001 1.4285715285714284
          1.1865289317580612 1.8266959067903235 1.4285715285714273
          0.8230577635161231 1.7658917135806464 1.4285715285714282
          0.5615150220752615 1.713867627709678 1.4285715285714276
          0.2999722806344002 1.661843541838712 1.4285715285714276
          0.038429539193538975 1.6098194559677435 1.4285715285714284
          1.220672380493228 1.6578900405809467 1.428571528571429
          0.8913446609864555 1.5407799811618932 1.4285715285714282
          0.6449767856501131 1.4387310658645356 1.4285715285714284
          0.39860891031376944 1.336682150567178 1.4285715285714293
          0.15224103497742636 1.2346332352698204 1.4285715285714284
          1.2761183326184722 1.4979079601882388 1.428571528571429
          1.002236565236946 1.3333158203764766 1.4285715285714284
          0.7805113352896008 1.1851637582379158 1.4285715285714273
          0.5587861053422553 1.0370116960993547 1.4285715285714276
          0.33706087539491003 0.8888596339607944 1.4285715285714284
          1.3507360312880712 1.3507360312880716 1.4285715285714282
          1.1514719625761427 1.151471962576143 1.4285715285714284
          0.9629101542597299 0.9629101542597303 1.4285715285714282
          0.7743483459433171 0.7743483459433176 1.4285715285714282
          0.5857865376269045 0.5857865376269049 1.4285715285714284
          1.2761183326184722 2.50209223981176 1.7142858142857138
          1.0022365652369456 2.666684379623523 1.714285814285714
          0.7805113352895997 2.8148364417620844 1.714285814285714
          0.558786105342255 2.962988503900642 1.7142858142857138
          0.3370608753949096 3.1111405660392046 1.714285814285714
          1.2206723804932273 2.3421101594190525 1.7142858142857138
          0.8913446609864557 2.459220218838108 1.714285814285714
          0.6449767856501131 2.561269134135463 1.714285814285714
          0.39860891031376955 2.663318049432822 1.714285814285714
          0.15224103497742636 2.7653669647301795 1.714285814285714
          1.1865289317580612 2.173304293209678 1.7142858142857147
          0.8230577635161236 2.2341084864193546 1.714285814285714
          0.561515022075262 2.2861325722903207 1.714285814285715
          0.2999722806344005 2.338156658161288 1.714285814285714
          0.038429539193538975 2.390180744032256 1.714285814285714
          1.1750000999999985 2.000000099999999 1.714285814285714
          0.8000000999999999 2.0000001 1.714285814285714
          0.533333433333333 2.000000100000002 1.7142858142857142
          0.2666667666666668 2.0000001 1.7142858142857142
          0.00000009999999983634211 2.0000001 1.714285814285714
          1.186528931758061 1.8266959067903226 1.7142858142857138
          0.8230577635161231 1.7658917135806464 1.714285814285714
          0.5615150220752615 1.7138676277096792 1.714285814285714
          0.29997228063439985 1.6618435418387103 1.7142858142857142
          0.038429539193538975 1.6098194559677435 1.714285814285714
          1.2206723804932276 1.6578900405809465 1.7142858142857147
          0.8913446609864555 1.5407799811618932 1.714285814285714
          0.644976785650113 1.438731065864535 1.7142858142857138
          0.39860891031376966 1.336682150567178 1.714285814285714
          0.15224103497742636 1.2346332352698204 1.714285814285714
          1.2761183326184726 1.4979079601882381 1.714285814285714
          1.0022365652369456 1.3333158203764772 1.714285814285714
          0.7805113352896 1.185163758237916 1.714285814285714
          0.5587861053422548 1.037011696099357 1.714285814285714
          0.3370608753949096 0.8888596339607953 1.714285814285714
          1.3507360312880712 1.350736031288071 1.7142858142857138
          1.1514719625761427 1.151471962576143 1.714285814285714
          0.96291015425973 0.9629101542597301 1.7142858142857142
          0.774348345943317 0.7743483459433176 1.7142858142857142
          0.5857865376269045 0.5857865376269049 1.714285814285714
          1.2761183326184726 2.502092239811761 2.0000001
          1.0022365652369456 2.666684379623523 2.0000001
          0.7805113352896003 2.8148364417620844 2.0000001
          0.5587861053422548 2.9629885039006436 2.0000001
          0.33706087539490936 3.1111405660392046 2.0000001
          1.220672380493228 2.342110159419054 2.0000001000000003
          0.8913446609864557 2.459220218838108 2.0000001
          0.6449767856501127 2.561269134135465 2.0000001
          0.39860891031376955 2.6633180494328226 2.0000001
          0.15224103497742636 2.7653669647301795 2.0000001
          1.1865289317580618 2.1733042932096778 2.0000001
          0.8230577635161236 2.2341084864193546 2.0000001
          0.561515022075262 2.2861325722903216 2.0000001000000003
          0.2999722806344005 2.3381566581612883 2.0000001
          0.038429539193538975 2.390180744032256 2.0000001
          1.1750001 2.0000001 2.0000001000000003
          0.8000000999999999 2.0000001000000003 2.0000001
          0.5333334333333332 2.0000001000000007 2.0000001
          0.26666676666666667 2.0000000999999994 2.0000001
          0.00000009999999983634211 2.0000001 2.0000001
          1.1865289317580614 1.826695906790323 2.0000001
          0.8230577635161231 1.7658917135806464 2.0000001
          0.5615150220752617 1.7138676277096792 2.0000001
          0.2999722806344003 1.6618435418387107 2.0000001
          0.038429539193538975 1.6098194559677435 2.0000001
          1.2206723804932276 1.6578900405809465 2.0000001000000003
          0.8913446609864555 1.5407799811618927 2.0000001
          0.6449767856501127 1.4387310658645351 2.0000001
          0.39860891031376966 1.336682150567177 2.0000001000000003
          0.15224103497742658 1.2346332352698197 2.0000001
          1.2761183326184726 1.4979079601882384 2.0000001000000003
          1.0022365652369456 1.3333158203764772 2.0000001
          0.7805113352896003 1.1851637582379166 2.0000001
          0.558786105342255 1.037011696099356 2.0000001
          0.3370608753949096 0.8888596339607953 2.0000001
          1.3507360312880712 1.3507360312880714 2.0000001
          1.1514719625761427 1.151471962576143 2.0000001
          0.96291015425973 0.9629101542597303 2.0000001
          0.7743483459433173 0.7743483459433176 2.0000001
          0.5857865376269045 0.5857865376269049 2.0000001
          1.2761183326184724 2.50209223981176 2.2800001000000005
          1.0022365652369458 2.666684379623523 2.2800000999999996
          1.2206723804932291 2.3421101594190543 2.280000100000002
          0.8913446609864557 2.459220218838108 2.2800000999999996
          1.1865289317580627 2.1733042932096787 2.2800000999999983
          0.8230577635161236 2.234108486419355 2.2800000999999996
          1.1750000999999997 2.0000001 2.2800000999999996
          0.8000000999999999 2.0000001 2.2800000999999996
          1.1865289317580616 1.8266959067903217 2.2800001000000005
          0.8230577635161231 1.7658917135806462 2.2800000999999996
          1.220672380493228 1.6578900405809476 2.2800001000000014
          0.8913446609864555 1.5407799811618932 2.2800000999999996
          1.276118332618473 1.497907960188238 2.2800001
          1.0022365652369456 1.3333158203764772 2.2800000999999996
          1.350736031288071 1.3507360312880714 2.2800000999999996
          1.1514719625761427 1.151471962576143 2.2800000999999996
          1.2761183326184726 2.5020922398117618 2.560000100000002
          1.0022365652369456 2.666684379623523 2.5600001
          1.220672380493229 2.342110159419054 2.560000099999999
          0.8913446609864561 2.4592202188381083 2.5600001
          1.1865289317580614 2.1733042932096787 2.560000100000001
          0.8230577635161236 2.2341084864193546 2.5600001
          1.1750000999999999 2.000000100000001 2.5600001000000008
          0.8000000999999999 2.0000001000000003 2.5600001
          1.186528931758061 1.8266959067903221 2.5600000999999994
          0.8230577635161231 1.7658917135806462 2.5600001
          1.2206723804932276 1.6578900405809465 2.5600001
          0.8913446609864555 1.5407799811618932 2.5600001
          1.276118332618473 1.4979079601882386 2.5600000999999994
          1.0022365652369454 1.3333158203764777 2.5600001
          1.3507360312880714 1.3507360312880712 2.5600001
          1.1514719625761427 1.151471962576143 2.5600001
          1.2761183326184729 2.5020922398117618 2.840000100000001
          1.0022365652369458 2.666684379623523 2.8400000999999997
          1.220672380493228 2.342110159419055 2.8400000999999997
          0.8913446609864557 2.459220218838108 2.8400000999999997
          1.186528931758061 2.173304293209679 2.8400000999999993
          0.8230577635161236 2.2341084864193546 2.8400000999999997
          1.1750000999999997 2.000000099999999 2.8400000999999997
          0.8000000999999999 2.0000001 2.8400000999999997
          1.186528931758061 1.8266959067903217 2.8400000999999993
          0.8230577635161231 1.7658917135806462 2.8400000999999997
          1.2206723804932278 1.6578900405809465 2.8400000999999997
          0.8913446609864555 1.5407799811618932 2.8400000999999997
          1.2761183326184722 1.4979079601882388 2.8400000999999997
          1.0022365652369456 1.3333158203764772 2.8400000999999997
          1.3507360312880712 1.350736031288071 2.8400000999999993
          1.1514719625761427 1.151471962576143 2.8400000999999997
          1.2761183326184722 2.5020922398117618 3.1200000999999995
          1.0022365652369458 2.666684379623523 3.1200001
          1.2206723804932273 2.342110159419053 3.120000100000001
          0.8913446609864557 2.459220218838108 3.1200000999999995
          1.186528931758062 2.1733042932096778 3.120000099999999
          0.8230577635161236 2.2341084864193546 3.1200000999999995
          1.1750000999999999 2.000000099999998 3.1200001000000013
          0.8000000999999999 2.0000001 3.1200000999999995
          1.186528931758061 1.8266959067903223 3.120000100000001
          0.8230577635161231 1.7658917135806464 3.1200000999999995
          1.2206723804932276 1.6578900405809467 3.1200001000000013
          0.8913446609864555 1.5407799811618932 3.1200000999999995
          1.2761183326184726 1.497907960188238 3.1200000999999995
          1.002236565236946 1.3333158203764766 3.1200000999999995
          1.350736031288071 1.350736031288071 3.1200000999999995
          1.1514719625761427 1.151471962576143 3.1200000999999995
          1.2761183326184726 2.502092239811761 3.4000000999999997
          1.0022365652369456 2.666684379623523 3.4000000999999997
          1.220672380493228 2.342110159419054 3.4000000999999997
          0.8913446609864557 2.459220218838108 3.4000000999999997
          1.1865289317580618 2.1733042932096778 3.4000000999999997
          0.8230577635161236 2.2341084864193546 3.4000000999999997
          1.1750001 2.0000001 3.4000000999999997
          0.8000000999999999 2.0000001000000003 3.4000000999999997
          1.1865289317580614 1.826695906790323 3.4000000999999997
          0.8230577635161231 1.7658917135806464 3.4000000999999997
          1.2206723804932276 1.6578900405809465 3.4000000999999997
          0.8913446609864555 1.5407799811618927 3.4000000999999997
          1.2761183326184726 1.4979079601882384 3.4000000999999997
          1.0022365652369456 1.3333158203764772 3.4000000999999997
          1.3507360312880712 1.3507360312880714 3.4000000999999997
          1.1514719625761427 1.151471962576143 3.4000000999999997
          1.3384785535411636 2.4604244723352906 3.5500000999999983
          1.1269570070823272 2.5833488446705815 3.5500001
          1.2899633454315749 2.313408901991672 3.5500000999999983
          1.029926590863149 2.4018177039833435 3.5500001
          1.2600878277883039 2.158672519058467 3.550000100000002
          0.9701755555766081 2.204844938116935 3.5500001
          1.2500001000000003 2.0000001 3.550000100000001
          0.9500001 2.0000001000000003 3.5500001
          1.2600878277883034 1.841327680941533 3.5500001
          0.9701755555766081 1.7951552618830653 3.5500001
          1.289963345431575 1.6865912980083275 3.5500001
          1.0299265908631487 1.5981824960166564 3.5500001
          1.3384785535411645 1.53957572766471 3.550000099999998
          1.1269570070823274 1.4166513553294178 3.5500001
          1.4037690398770624 1.4037690398770628 3.5500001
          1.257537979754125 1.2575379797541253 3.5500001
          1.400838774463855 2.418756704858821 3.7000000999999996
          1.2516774489277092 2.500013309717642 3.7000001
          1.359254310369921 2.2847076445642904 3.7000000999999996
          1.1685085207398416 2.3444151891285805 3.7000001
          1.3336467238185468 2.1440407449072576 3.7000000999999996
          1.1172933476370925 2.175581389814515 3.7000001
          1.3250001000000002 2.0000001 3.7000000999999996
          1.1000001 2.0000001 3.7000001
          1.3336467238185465 1.855959455092742 3.7000000999999996
          1.1172933476370925 1.8244188101854841 3.7000001
          1.359254310369921 1.7152925554357095 3.7000000999999996
          1.1685085207398418 1.6555850108714192 3.7000001
          1.4008387744638549 1.581243495141179 3.7000000999999996
          1.2516774489277092 1.4999868902823579 3.7000001
          1.4568020484660535 1.4568020484660535 3.7000001
          1.363603996932107 1.363603996932107 3.7000001
          1.4979079601882381 1.2761183326184726 0.00000010000000000000002
          1.497907960188238 1.2761183326184722 0.28571438571428576
          1.3333158203764768 1.0022365652369458 0.0000001
          1.3333158203764768 1.0022365652369458 0.2857143857142854
          1.1851637582379155 0.7805113352896005 0.0000001
          1.1851637582379149 0.7805113352896001 0.28571438571428576
          1.0370116960993556 0.5587861053422553 0.0000001
          1.0370116960993556 0.5587861053422548 0.28571438571428553
          0.8888596339607948 0.3370608753949098 0.0000001
          0.8888596339607948 0.3370608753949098 0.2857143857142857
          1.657890040580946 1.220672380493228 0.0000001
          1.657890040580947 1.2206723804932285 0.2857143857142859
          1.5407799811618919 0.8913446609864557 0.0000001
          1.5407799811618925 0.8913446609864557 0.28571438571428587
          1.438731065864534 0.6449767856501125 0.0000001
          1.4387310658645351 0.6449767856501126 0.28571438571428576
          1.3366821505671767 0.39860891031377 0.0000001
          1.3366821505671784 0.3986089103137692 0.2857143857142857
          1.2346332352698193 0.1522410349774268 0.0000001
          1.234633235269821 0.15224103497742614 0.2857143857142857
          1.8266959067903223 1.1865289317580618 0.00000010000000000000001
          1.826695906790323 1.1865289317580607 0.2857143857142855
          1.7658917135806456 0.8230577635161234 0.0000001
          1.7658917135806456 0.8230577635161234 0.2857143857142854
          1.7138676277096778 0.5615150220752618 0.0000001
          1.7138676277096778 0.561515022075262 0.2857143857142854
          1.6618435418387103 0.2999722806344005 0.0000001
          1.6618435418387099 0.2999722806344005 0.2857143857142853
          1.6098194559677426 0.038429539193538975 0.0000001
          1.6098194559677426 0.038429539193538975 0.2857143857142857
          2.0000001 1.1750001 0.0000001
          2.0000001 1.1750000999999999 0.2857143857142857
          2.0000001 0.8000000999999999 0.0000001
          2.0000000999999985 0.8000000999999999 0.2857143857142854
          2.0000000999999994 0.5333334333333329 0.0000001
          2.0000001000000003 0.533333433333333 0.28571438571428565
          2.0000000999999994 0.26666676666666667 0.0000001
          2.0000000999999985 0.2666667666666668 0.28571438571428565
          2.0000000999999994 0.00000009999999983634211 0.0000001
          2.0000000999999976 0.00000009999999983634211 0.2857143857142857
          2.173304293209677 1.1865289317580614 0.0000001
          2.1733042932096764 1.1865289317580607 0.28571438571428576
          2.234108486419353 0.8230577635161231 0.0000001
          2.234108486419352 0.8230577635161229 0.28571438571428587
          2.2861325722903203 0.5615150220752615 0.0000001
          2.286132572290318 0.5615150220752615 0.28571438571428565
          2.3381566581612874 0.29997228063440007 0.0000001
          2.3381566581612865 0.29997228063439996 0.28571438571428553
          2.390180744032255 0.03842953919353853 0.0000001
          2.390180744032255 0.03842953919353853 0.2857143857142857
          2.342110159419053 1.2206723804932276 0.0000001
          2.3421101594190525 1.220672380493227 0.2857143857142858
          2.4592202188381065 0.8913446609864553 0.0000001
          2.459220218838107 0.8913446609864555 0.28571438571428587
          2.561269134135464 0.6449767856501121 0.0000001
          2.561269134135462 0.6449767856501124 0.28571438571428576
          2.663318049432822 0.398608910313769 0.0000001
          2.6633180494328204 0.39860891031376844 0.28571438571428576
          2.765366964730179 0.15224103497742614 0.0000001
          2.765366964730178 0.15224103497742592 0.2857143857142857
          2.502092239811761 1.2761183326184726 0.0000001
          2.5020922398117604 1.2761183326184713 0.28571438571428587
          2.6666843796235216 1.0022365652369452 0.0000001
          2.6666843796235202 1.0022365652369443 0.28571438571428587
          2.814836441762082 0.7805113352895996 0.0000001
          2.8148364417620804 0.7805113352895978 0.28571438571428576
          2.962988503900643 0.5587861053422539 0.0000001
          2.9629885039006396 0.5587861053422528 0.28571438571428565
          3.111140566039203 0.3370608753949085 0.0000001
          3.1111405660392006 0.3370608753949069 0.2857143857142857
          1.4979079601882384 1.2761183326184726 0.571428671428571
          1.3333158203764772 1.0022365652369456 0.5714286714285715
          1.1851637582379155 0.7805113352896001 0.5714286714285716
          1.0370116960993556 0.558786105342255 0.5714286714285715
          0.8888596339607955 0.33706087539490914 0.5714286714285713
          1.6578900405809462 1.220672380493228 0.5714286714285715
          1.5407799811618925 0.8913446609864557 0.5714286714285715
          1.4387310658645351 0.6449767856501127 0.5714286714285715
          1.3366821505671784 0.39860891031376977 0.5714286714285715
          1.234633235269821 0.15224103497742614 0.5714286714285713
          1.8266959067903221 1.186528931758061 0.5714286714285712
          1.7658917135806456 0.8230577635161234 0.5714286714285712
          1.7138676277096787 0.5615150220752614 0.5714286714285712
          1.6618435418387096 0.2999722806344005 0.5714286714285712
          1.6098194559677426 0.038429539193538975 0.5714286714285713
          2.0000001 1.1750001 0.5714286714285715
          2.000000099999999 0.8000000999999999 0.5714286714285712
          2.0000000999999994 0.5333334333333343 0.5714286714285715
          2.0000000999999994 0.26666676666666655 0.5714286714285715
          2.0000000999999985 0.00000009999999983634211 0.5714286714285713
          2.173304293209677 1.186528931758061 0.5714286714285712
          2.234108486419352 0.8230577635161229 0.5714286714285712
          2.28613257229032 0.5615150220752619 0.5714286714285712
          2.338156658161287 0.2999722806344005 0.5714286714285712
          2.390180744032255 0.03842953919353853 0.5714286714285713
          2.3421101594190534 1.220672380493228 0.5714286714285717
          2.4592202188381065 0.8913446609864553 0.5714286714285715
          2.561269134135465 0.644976785650112 0.5714286714285715
          2.6633180494328226 0.3986089103137691 0.5714286714285717
          2.765366964730179 0.15224103497742614 0.5714286714285713
          2.5020922398117595 1.2761183326184715 0.5714286714285712
          2.6666843796235202 1.0022365652369443 0.5714286714285712
          2.8148364417620826 0.780511335289599 0.5714286714285712
          2.962988503900642 0.5587861053422527 0.5714286714285712
          3.1111405660392006 0.3370608753949069 0.5714286714285713
          1.4979079601882377 1.276118332618472 0.857142957142857
          1.3333158203764763 1.002236565236946 0.8571429571428575
          1.185163758237915 0.7805113352896001 0.8571429571428569
          1.0370116960993543 0.5587861053422564 0.857142957142857
          0.8888596339607941 0.33706087539491025 0.8571429571428569
          1.6578900405809462 1.220672380493228 0.8571429571428568
          1.5407799811618925 0.8913446609864557 0.8571429571428573
          1.4387310658645351 0.6449767856501121 0.857142957142857
          1.3366821505671784 0.39860891031376944 0.857142957142857
          1.234633235269821 0.15224103497742614 0.8571429571428569
          1.826695906790322 1.1865289317580616 0.8571429571428573
          1.7658917135806456 0.8230577635161234 0.8571429571428573
          1.7138676277096796 0.5615150220752616 0.8571429571428575
          1.6618435418387096 0.29997228063440073 0.857142957142857
          1.6098194559677426 0.038429539193538975 0.8571429571428569
          2.0000000999999994 1.1750001000000003 0.857142957142857
          2.000000099999999 0.8000000999999999 0.8571429571428568
          2.0000001000000003 0.5333334333333329 0.8571429571428573
          2.0000000999999994 0.26666676666666633 0.857142957142857
          2.0000000999999985 0.00000009999999983634211 0.8571429571428569
          2.1733042932096778 1.1865289317580614 0.8571429571428568
          2.234108486419352 0.8230577635161229 0.8571429571428568
          2.2861325722903203 0.5615150220752614 0.857142957142857
          2.338156658161287 0.2999722806344006 0.857142957142857
          2.390180744032255 0.03842953919353853 0.8571429571428569
          2.3421101594190534 1.2206723804932267 0.8571429571428568
          2.459220218838107 0.8913446609864555 0.8571429571428568
          2.561269134135465 0.6449767856501125 0.857142957142857
          2.663318049432821 0.39860891031376866 0.857142957142857
          2.765366964730178 0.15224103497742592 0.8571429571428569
          2.5020922398117595 1.2761183326184722 0.857142957142857
          2.6666843796235202 1.0022365652369443 0.857142957142857
          2.8148364417620804 0.7805113352895986 0.857142957142857
          2.9629885039006396 0.5587861053422523 0.857142957142857
          3.1111405660392006 0.3370608753949069 0.8571429571428569
          1.4979079601882386 1.2761183326184724 1.1428572428571422
          1.3333158203764777 1.0022365652369452 1.1428572428571426
          1.1851637582379166 0.7805113352895993 1.1428572428571429
          1.0370116960993567 0.5587861053422539 1.1428572428571429
          0.8888596339607964 0.3370608753949087 1.1428572428571429
          1.6578900405809462 1.2206723804932278 1.1428572428571437
          1.5407799811618925 0.8913446609864557 1.142857242857143
          1.4387310658645354 0.6449767856501127 1.1428572428571429
          1.3366821505671784 0.39860891031376955 1.1428572428571424
          1.234633235269821 0.15224103497742614 1.1428572428571429
          1.8266959067903226 1.186528931758062 1.1428572428571429
          1.7658917135806456 0.8230577635161234 1.1428572428571429
          1.713867627709678 0.5615150220752619 1.1428572428571433
          1.6618435418387099 0.2999722806344005 1.1428572428571426
          1.6098194559677426 0.038429539193538975 1.1428572428571429
          2.0000001 1.1750001000000005 1.1428572428571433
          2.000000099999999 0.8000000999999999 1.1428572428571426
          2.0000000999999985 0.5333334333333329 1.142857242857143
          2.0000000999999985 0.26666676666666667 1.142857242857143
          2.0000000999999985 0.00000009999999983634211 1.1428572428571429
          2.173304293209677 1.186528931758062 1.1428572428571429
          2.234108486419353 0.8230577635161231 1.1428572428571426
          2.2861325722903194 0.5615150220752615 1.1428572428571426
          2.3381566581612874 0.29997228063439996 1.1428572428571426
          2.390180744032255 0.03842953919353853 1.1428572428571429
          2.342110159419054 1.2206723804932271 1.1428572428571429
          2.459220218838106 0.891344660986455 1.1428572428571426
          2.561269134135463 0.6449767856501121 1.1428572428571426
          2.6633180494328204 0.39860891031376877 1.142857242857143
          2.765366964730178 0.15224103497742592 1.1428572428571429
          2.50209223981176 1.2761183326184722 1.142857242857143
          2.6666843796235202 1.0022365652369443 1.1428572428571426
          2.814836441762081 0.7805113352895983 1.1428572428571426
          2.9629885039006414 0.5587861053422525 1.1428572428571426
          3.1111405660392006 0.3370608753949069 1.1428572428571429
          1.4979079601882386 1.2761183326184726 1.428571528571429
          1.3333158203764777 1.0022365652369452 1.4285715285714287
          1.185163758237917 0.7805113352895998 1.4285715285714293
          1.037011696099357 0.5587861053422543 1.4285715285714273
          0.8888596339607964 0.3370608753949087 1.428571528571428
          1.6578900405809471 1.2206723804932282 1.4285715285714302
          1.5407799811618925 0.8913446609864557 1.4285715285714287
          1.4387310658645351 0.6449767856501122 1.428571528571429
          1.3366821505671767 0.39860891031376977 1.4285715285714273
          1.234633235269821 0.15224103497742614 1.4285715285714284
          1.8266959067903232 1.1865289317580618 1.4285715285714282
          1.7658917135806456 0.8230577635161234 1.4285715285714287
          1.7138676277096787 0.561515022075262 1.4285715285714295
          1.661843541838709 0.29997228063440073 1.4285715285714287
          1.6098194559677426 0.038429539193538975 1.4285715285714284
          2.0000000999999976 1.1750001000000005 1.4285715285714284
          2.0000000999999985 0.8000000999999999 1.4285715285714282
          2.0000000999999994 0.5333334333333329 1.4285715285714278
          2.0000000999999976 0.26666676666666644 1.4285715285714269
          2.0000000999999976 0.00000009999999983634211 1.4285715285714284
          2.173304293209677 1.1865289317580612 1.4285715285714273
          2.2341084864193523 0.8230577635161231 1.4285715285714282
          2.2861325722903203 0.5615150220752619 1.4285715285714276
          2.338156658161285 0.2999722806344004 1.4285715285714276
          2.390180744032254 0.03842953919353853 1.4285715285714284
          2.342110159419052 1.2206723804932285 1.428571528571429
          2.459220218838107 0.8913446609864555 1.4285715285714282
          2.5612691341354643 0.6449767856501122 1.4285715285714284
          2.6633180494328204 0.398608910313769 1.4285715285714293
          2.765366964730178 0.15224103497742592 1.4285715285714284
          2.50209223981176 1.2761183326184713 1.428571528571429
          2.6666843796235202 1.0022365652369443 1.4285715285714284
          2.8148364417620804 0.7805113352895986 1.4285715285714273
          2.9629885039006396 0.5587861053422528 1.4285715285714276
          3.1111405660392006 0.3370608753949069 1.4285715285714284
          1.4979079601882386 1.2761183326184717 1.7142858142857138
          1.3333158203764777 1.0022365652369452 1.714285814285714
          1.1851637582379162 0.7805113352895997 1.714285814285714
          1.0370116960993565 0.5587861053422537 1.7142858142857138
          0.8888596339607964 0.3370608753949087 1.714285814285714
          1.6578900405809462 1.2206723804932273 1.7142858142857138
          1.5407799811618919 0.8913446609864557 1.714285814285714
          1.4387310658645345 0.6449767856501126 1.714285814285714
          1.3366821505671775 0.39860891031376977 1.714285814285714
          1.2346332352698202 0.15224103497742636 1.714285814285714
          1.8266959067903223 1.1865289317580612 1.7142858142857147
          1.7658917135806456 0.8230577635161234 1.714285814285714
          1.7138676277096787 0.5615150220752616 1.714285814285715
          1.6618435418387096 0.2999722806344005 1.714285814285714
          1.6098194559677426 0.038429539193538975 1.714285814285714
          2.0000000999999994 1.1750000999999985 1.714285814285714
          2.0000000999999985 0.8000000999999999 1.714285814285714
          2.0000000999999994 0.5333334333333335 1.7142858142857142
          2.0000000999999976 0.2666667666666668 1.7142858142857142
          2.0000000999999976 0.00000009999999983634211 1.714285814285714
          2.173304293209677 1.186528931758061 1.7142858142857138
          2.2341084864193514 0.8230577635161229 1.714285814285714
          2.2861325722903185 0.5615150220752615 1.714285814285714
          2.3381566581612847 0.29997228063440007 1.7142858142857142
          2.390180744032254 0.03842953919353853 1.714285814285714
          2.342110159419053 1.2206723804932276 1.7142858142857147
          2.459220218838107 0.8913446609864555 1.714285814285714
          2.561269134135463 0.6449767856501121 1.7142858142857138
          2.6633180494328204 0.398608910313769 1.714285814285714
          2.765366964730178 0.15224103497742592 1.714285814285714
          2.502092239811761 1.2761183326184717 1.714285814285714
          2.6666843796235202 1.0022365652369443 1.714285814285714
          2.8148364417620786 0.7805113352895983 1.714285814285714
          2.9629885039006396 0.5587861053422526 1.714285814285714
          3.1111405660392006 0.3370608753949069 1.714285814285714
          1.4979079601882381 1.2761183326184726 2.0000001
          1.3333158203764768 1.0022365652369458 2.0000001
          1.1851637582379155 0.7805113352896005 2.0000001
          1.0370116960993556 0.5587861053422553 2.0000001
          0.8888596339607948 0.3370608753949098 2.0000001
          1.657890040580946 1.220672380493228 2.0000001000000003
          1.5407799811618919 0.8913446609864557 2.0000001
          1.438731065864534 0.6449767856501125 2.0000001
          1.3366821505671767 0.39860891031377 2.0000001
          1.2346332352698193 0.1522410349774268 2.0000001
          1.8266959067903223 1.1865289317580618 2.0000001
          1.7658917135806456 0.8230577635161234 2.0000001
          1.7138676277096778 0.5615150220752618 2.0000001000000003
          1.6618435418387103 0.2999722806344005 2.0000001
          1.6098194559677426 0.038429539193538975 2.0000001
          2.0000001 1.1750001 2.0000001000000003
          2.0000001 0.8000000999999999 2.0000001
          2.0000000999999994 0.5333334333333329 2.0000001
          2.0000000999999994 0.26666676666666667 2.0000001
          2.0000000999999994 0.00000009999999983634211 2.0000001
          2.173304293209677 1.1865289317580614 2.0000001
          2.234108486419353 0.8230577635161231 2.0000001
          2.2861325722903203 0.5615150220752615 2.0000001
          2.3381566581612874 0.29997228063440007 2.0000001
          2.390180744032255 0.03842953919353853 2.0000001
          2.342110159419053 1.2206723804932276 2.0000001000000003
          2.4592202188381065 0.8913446609864553 2.0000001
          2.561269134135464 0.6449767856501121 2.0000001
          2.663318049432822 0.398608910313769 2.0000001000000003
          2.765366964730179 0.15224103497742614 2.0000001
          2.502092239811761 1.2761183326184726 2.0000001000000003
          2.6666843796235216 1.0022365652369452 2.0000001
          2.814836441762082 0.7805113352895996 2.0000001
          2.962988503900643 0.5587861053422539 2.0000001
          3.111140566039203 0.3370608753949085 2.0000001
          1.4979079601882388 1.276118332618472 2.2800001000000005
          1.3333158203764772 1.0022365652369456 2.2800000999999996
          1.6578900405809471 1.2206723804932291 2.280000100000002
          1.5407799811618919 0.8913446609864557 2.2800000999999996
          1.8266959067903215 1.1865289317580627 2.2800000999999983
          1.7658917135806456 0.8230577635161234 2.2800000999999996
          2.000000099999999 1.1750000999999997 2.2800000999999996
          2.0000000999999985 0.8000000999999999 2.2800000999999996
          2.173304293209677 1.1865289317580616 2.2800001000000005
          2.2341084864193523 0.8230577635161231 2.2800000999999996
          2.3421101594190525 1.220672380493228 2.2800001000000014
          2.459220218838107 0.8913446609864555 2.2800000999999996
          2.5020922398117587 1.2761183326184722 2.2800001
          2.6666843796235202 1.0022365652369443 2.2800000999999996
          1.4979079601882368 1.2761183326184726 2.560000100000002
          1.3333158203764763 1.002236565236946 2.5600001
          1.6578900405809465 1.2206723804932285 2.560000099999999
          1.5407799811618925 0.8913446609864557 2.5600001
          1.826695906790323 1.1865289317580618 2.560000100000001
          1.7658917135806456 0.8230577635161234 2.5600001
          2.0000001000000003 1.1750000999999999 2.5600001000000008
          2.000000099999999 0.8000000999999999 2.5600001
          2.173304293209677 1.186528931758061 2.5600000999999994
          2.2341084864193514 0.8230577635161229 2.5600001
          2.3421101594190534 1.2206723804932276 2.5600001
          2.4592202188381074 0.8913446609864557 2.5600001
          2.5020922398117595 1.2761183326184722 2.5600000999999994
          2.6666843796235202 1.0022365652369443 2.5600001
          1.497907960188237 1.2761183326184729 2.840000100000001
          1.3333158203764772 1.0022365652369456 2.8400000999999997
          1.6578900405809474 1.220672380493228 2.8400000999999997
          1.5407799811618925 0.8913446609864557 2.8400000999999997
          1.8266959067903223 1.186528931758061 2.8400000999999993
          1.7658917135806456 0.8230577635161234 2.8400000999999997
          2.0000000999999994 1.1750000999999997 2.8400000999999997
          2.0000000999999985 0.8000000999999999 2.8400000999999997
          2.1733042932096778 1.186528931758061 2.8400000999999993
          2.2341084864193523 0.8230577635161231 2.8400000999999997
          2.342110159419053 1.2206723804932278 2.8400000999999997
          2.459220218838107 0.8913446609864555 2.8400000999999997
          2.5020922398117595 1.2761183326184713 2.8400000999999997
          2.6666843796235202 1.0022365652369443 2.8400000999999997
          1.4979079601882388 1.2761183326184717 3.1200000999999995
          1.3333158203764777 1.0022365652369452 3.1200001
          1.657890040580946 1.2206723804932273 3.120000100000001
          1.5407799811618919 0.8913446609864557 3.1200000999999995
          1.8266959067903232 1.186528931758062 3.120000099999999
          1.7658917135806456 0.8230577635161234 3.1200000999999995
          2.0000000999999976 1.1750000999999999 3.1200001000000013
          2.0000000999999985 0.8000000999999999 3.1200000999999995
          2.173304293209676 1.186528931758061 3.120000100000001
          2.2341084864193523 0.8230577635161231 3.1200000999999995
          2.342110159419052 1.2206723804932276 3.1200001000000013
          2.459220218838107 0.8913446609864555 3.1200000999999995
          2.50209223981176 1.2761183326184717 3.1200000999999995
          2.6666843796235202 1.0022365652369443 3.1200000999999995
          1.4979079601882381 1.2761183326184726 3.4000000999999997
          1.3333158203764768 1.0022365652369458 3.4000000999999997
          1.657890040580946 1.220672380493228 3.4000000999999997
          1.5407799811618919 0.8913446609864557 3.4000000999999997
          1.8266959067903223 1.1865289317580618 3.4000000999999997
          1.7658917135806456 0.8230577635161234 3.4000000999999997
          2.0000001 1.1750001 3.4000000999999997
          2.0000001 0.8000000999999999 3.4000000999999997
          2.173304293209677 1.1865289317580614 3.4000000999999997
          2.234108486419353 0.8230577635161231 3.4000000999999997
          2.342110159419053 1.2206723804932276 3.4000000999999997
          2.4592202188381065 0.8913446609864553 3.4000000999999997
          2.502092239811761 1.2761183326184726 3.4000000999999997
          2.6666843796235216 1.0022365652369452 3.4000000999999997
          1.5395757276647088 1.3384785535411636 3.5500000999999983
          1.4166513553294173 1.1269570070823278 3.5500001
          1.6865912980083275 1.2899633454315749 3.5500000999999983
          1.5981824960166557 1.0299265908631492 3.5500001
          1.841327680941532 1.2600878277883039 3.550000100000002
          1.7951552618830648 0.9701755555766081 3.5500001
          2.0000001000000003 1.2500001000000003 3.550000100000001
          2.0000001 0.9500001 3.5500001
          2.1586725190584675 1.2600878277883034 3.5500001
          2.204844938116934 0.9701755555766078 3.5500001
          2.313408901991672 1.289963345431575 3.5500001
          2.4018177039833435 1.0299265908631487 3.5500001
          2.4604244723352915 1.3384785535411645 3.550000099999998
          2.583348844670582 1.1269570070823274 3.5500001
          1.581243495141179 1.400838774463855 3.7000000999999996
          1.4999868902823579 1.2516774489277092 3.7000001
          1.7152925554357092 1.359254310369921 3.7000000999999996
          1.655585010871419 1.1685085207398418 3.7000001
          1.8559594550927418 1.3336467238185468 3.7000000999999996
          1.8244188101854841 1.1172933476370925 3.7000001
          2.0000001 1.3250001000000002 3.7000000999999996
          2.0000001 1.1000001 3.7000001
          2.1440407449072576 1.333646723818546 3.7000000999999996
          2.1755813898145147 1.117293347637092 3.7000001
          2.28470764456429 1.359254310369921 3.7000000999999996
          2.3444151891285805 1.1685085207398416 3.7000001
          2.418756704858821 1.4008387744638549 3.7000000999999996
          2.500013309717642 1.251677448927709 3.7000001
        </DataArray>
      </Points>
      <Cells>
        <DataArray type="Int64" Name="connectivity" format="ascii">
          0 1 2 3 4 5 6 7
          1 8 9 2 5 10 11 6
          8 12 13 9 10 14 15 11
          12 16 17 13 14 18 19 15
          16 20 21 17 18 22 23 19
          20 24 25 21 22 26 27 23
          24 28 29 25 26 30 31 27
          28 32 33 29 30 34 35 31
          3 2 36 37 7 6 38 39
          2 9 40 36 6 11 41 38
          9 13 42 40 11 15 43 41
          13 17 44 42 15 19 45 43
          17 21 46 44 19 23 47 45
          21 25 48 46 23 27 49 47
          25 29 50 48 27 31 51 49
          29 33 52 50 31 35 53 51
          37 36 54 55 39 38 56 57
          36 40 58 54 38 41 59 56
          40 42 60 58 41 43 61 59
          42 44 62 60 43 45 63 61
          44 46 64 62 45 47 65 63
          46 48 66 64 47 49 67 65
          48 50 68 66 49 51 69 67
          50 52 70 68 51 53 71 69
          55 54 72 73 57 56 74 75
          54 58 76 72 56 59 77 74
          58 60 78 76 59 61 79 77
          60 62 80 78 61 63 81 79
          62 64 82 80 63 65 83 81
          64 66 84 82 65 67 85 83
          66 68 86 84 67 69 87 85
          68 70 88 86 69 71 89 87
          73 72 90 91 75 74 92 93
          72 76 94 90 74 77 95 92
          76 78 96 94 77 79 97 95
          78 80 98 96 79 81 99 97
          80 82 100 98 81 83 101 99
          82 84 102 100 83 85 103 101
          84 86 104 102 85 87 105 103
          86 88 106 104 87 89 107 105
          91 90 108 109 93 92 110 111
          90 94 112 108 92 95 113 110
          94 96 114 112 95 97 115 113
          96 98 116 114 97 99 117 115
          98 100 118 116 99 101 119 117
          100 102 120 118 101 103 121 119
          102 104 122 120 103 105 123 121
          104 106 124 122 105 107 125 123
          109 108 126 127 111 110 128 129
          108 112 130 126 110 113 131 128
          112 114 132 130 113 115 133 131
          114 116 134 132 115 117 135 133
          116 118 136 134 117 119 137 135
          118 120 138 136 119 121 139 137
          120 122 140 138 121 123 141 139
          122 124 142 140 123 125 143 141
          127 126 144 145 129 128 146 147
          126 130 148 144 128 131 149 146
          130 132 150 148 131 133 151 149
          132 134 152 150 133 135 153 151
          134 136 154 152 135 137 155 153
          136 138 156 154 137 139 157 155
          138 140 158 156 139 141 159 157
          140 142 160 158 141 143 161 159
          4 5 6 7 162 163 164 165
          5 10 11 6 163 166 167 164
          10 14 15 11 166 168 169 167
          14 18 19 15 168 170 171 169
          18 22 23 19 170 172 173 171
          22 26 27 23 172 174 175 173
          26 30 31 27 174 176 177 175
          30 34 35 31 176 178 179 177
          7 6 38 39 165 164 180 181
          6 11 41 38 164 167 182 180
          11 15 43 41 167 169 183 182
          15 19 45 43 169 171 184 183
          19 23 47 45 171 173 185 184
          23 27 49 47 173 175 186 185
          27 31 51 49 175 177 187 186
          31 35 53 51 177 179 188 187
          39 38 56 57 181 180 189 190
          38 41 59 56 180 182 191 189
          41 43 61 59 182 183 192 191
          43 45 63 61 183 184 193 192
          45 47 65 63 184 185 194 193
          47 49 67 65 185 186 195 194
          49 51 69 67 186 187 196 195
          51 53 71 69 187 188 197 196
          57 56 74 75 190 189 198 199
          56 59 77 74 189 191 200 198
          59 61 79 77 191 192 201 200
          61 63 81 79 192 193 202 201
          63 65 83 81 193 194 203 202
          65 67 85 83 194 195 204 203
          67 69 87 85 195 196 205 204
          69 71 89 87 196 197 206 205
          75 74 92 93 199 198 207 208
          74 77 95 92 198 200 209 207
          77 79 97 95 200 201 210 209
          79 81 99 97 201 202 211 210
          81 83 101 99 202 203 212 211
          83 85 103 101 203 204 213 212
          85 87 105 103 204 205 214 213
          87 89 107 105 205 206 215 214
          93 92 110 111 208 207 216 217
          92 95 113 110 207 209 218 216
          95 97 115 113 209 210 219 218
          97 99 117 115 210 211 220 219
          99 101 119 117 211 212 221 220
          101 103 121 119 212 213 222 221
          103 105 123 121 213 214 223 222
          105 107 125 123 214 215 224 223
          111 110 128 129 217 216 225 226
          110 113 131 128 216 218 227 225
          113 115 133 131 218 219 228 227
          115 117 135 133 219 220 229 228
          117 119 137 135 220 221 230 229
          119 121 139 137 221 222 231 230
          121 123 141 139 222 223 232 231
          123 125 143 141 223 224 233 232
          129 128 146 147 226 225 234 235
          128 131 149 146 225 227 236 234
          131 133 151 149 227 228 237 236
          133 135 153 151 228 229 238 237
          135 137 155 153 229 230 239 238
          137 139 157 155 230 231 240 239
          139 141 159 157 231 232 241 240
          141 143 161 159 232 233 242 241
          162 163 164 165 243 244 245 246
          163 166 167 164 244 247 248 245
          166 168 169 167 247 249 250 248
          168 170 171 169 249 251 252 250
          170 172 173 171 251 253 254 252
          172 174 175 173 253 255 256 254
          174 176 177 175 255 257 258 256
          176 178 179 177 257 259 260 258
          165 164 180 181 246 245 261 262
          164 167 182 180 245 248 263 261
          167 169 183 182 248 250 264 263
          169 171 184 183 250 252 265 264
          171 173 185 184 252 254 266 265
          173 175 186 185 254 256 267 266
          175 177 187 186 256 258 268 267
          177 179 188 187 258 260 269 268
          181 180 189 190 262 261 270 271
          180 182 191 189 261 263 272 270
          182 183 192 191 263 264 273 272
          183 184 193 192 264 265 274 273
          184 185 194 193 265 266 275 274
          185 186 195 194 266 267 276 275
          186 187 196 195 267 268 277 276
          187 188 197 196 268 269 278 277
          190 189 198 199 271 270 279 280
          189 191 200 198 270 272 281 279
          191 192 201 200 272 273 282 281
          192 193 202 201 273 274 283 282
          193 194 203 202 274 275 284 283
          194 195 204 203 275 276 285 284
          195 196 205 204 276 277 286 285
          196 197 206 205 277 278 287 286
          199 198 207 208 280 279 288 289
          198 200 209 207 279 281 290 288
          200 201 210 209 281 282 291 290
          201 202 211 210 282 283 292 291
          202 203 212 211 283 284 293 292
          203 204 213 212 284 285 294 293
          204 205 214 213 285 286 295 294
          205 206 215 214 286 287 296 295
          208 207 216 217 289 288 297 298
          207 209 218 216 288 290 299 297
          209 210 219 218 290 291 300 299
          210 211 220 219 291 292 301 300
          211 212 221 220 292 293 302 301
          212 213 222 221 293 294 303 302
          213 214 223 222 294 295 304 303
          214 215 224 223 295 296 305 304
          217 216 225 226 298 297 306 307
          216 218 227 225 297 299 308 306
          218 219 228 227 299 300 309 308
          219 220 229 228 300 301 310 309
          220 221 230 229 301 302 311 310
          221 222 231 230 302 303 312 311
          222 223 232 231 303 304 313 312
          223 224 233 232 304 305 314 313
          226 225 234 235 307 306 315 316
          225 227 236 234 306 308 317 315
          227 228 237 236 308 309 318 317
          228 229 238 237 309 310 319 318
          229 230 239 238 310 311 320 319
          230 231 240 239 311 312 321 320
          231 232 241 240 312 313 322 321
          232 233 242 241 313 314 323 322
          243 244 245 246 324 325 326 327
          244 247 248 245 325 328 329 326
          247 249 250 248 328 330 331 329
          249 251 252 250 330 332 333 331
          251 253 254 252 332 334 335 333
          253 255 256 254 334 336 337 335
          255 257 258 256 336 338 339 337
          257 259 260 258 338 340 341 339
          246 245 261 262 327 326 342 343
          245 248 263 261 326 329 344 342
          248 250 264 263 329 331 345 344
          250 252 265 264 331 333 346 345
          252 254 266 265 333 335 347 346
          254 256 267 266 335 337 348 347
          256 258 268 267 337 339 349 348
          258 260 269 268 339 341 350 349
          262 261 270 271 343 342 351 352
          261 263 272 270 342 344 353 351
          263 264 273 272 344 345 354 353
          264 265 274 273 345 346 355 354
          265 266 275 274 346 347 356 355
          266 267 276 275 347 348 357 356
          267 268 277 276 348 349 358 357
          268 269 278 277 349 350 359 358
          271 270 279 280 352 351 360 361
          270 272 281 279 351 353 362 360
          272 273 282 281 353 354 363 362
          273 274 283 282 354 355 364 363
          274 275 284 283 355 356 365 364
          275 276 285 284 356 357 366 365
          276 277 286 285 357 358 367 366
          277 278 287 286 358 359 368 367
          280 279 288 289 361 360 369 370
          279 281 290 288 360 362 371 369
          281 282 291 290 362 363 372 371
          282 283 292 291 363 364 373 372
          283 284 293 292 364 365 374 373
          284 285 294 293 365 366 375 374
          285 286 295 294 366 367 376 375
          286 287 296 295 367 368 377 376
          289 288 297 298 370 369 378 379
          288 290 299 297 369 371 380 378
          290 291 300 299 371 372 381 380
          291 292 301 300 372 373 382 381
          292 293 302 301 373 374 383 382
          293 294 303 302 374 375 384 383
          294 295 304 303 375 376 385 384
          295 296 305 304 376 377 386 385
          298 297 306 307 379 378 387 388
          297 299 308 306 378 380 389 387
          299 300 309 308 380 381 390 389
          300 301 310 309 381 382 391 390
          301 302 311 310 382 383 392 391
          302 303 312 311 383 384 393 392
          303 304 313 312 384 385 394 393
          304 305 314 313 385 386 395 394
          307 306 315 316 388 387 396 397
          306 308 317 315 387 389 398 396
          308 309 318 317 389 390 399 398
          309 310 319 318 390 391 400 399
          310 311 320 319 391 392 401 400
          311 312 321 320 392 393 402 401
          312 313 322 321 393 394 403 402
          313 314 323 322 394 395 404 403
          324 325 326 327 405 406 407 408
          325 328 329 326 406 409 410 407
          328 330 331 329 409 411 412 410
          330 332 333 331 411 413 414 412
          332 334 335 333 413 415 416 414
          334 336 337 335 415 417 418 416
          336 338 339 337 417 419 420 418
          338 340 341 339 419 421 422 420
          327 326 342 343 408 407 423 424
          326 329 344 342 407 410 425 423
          329 331 345 344 410 412 426 425
          331 333 346 345 412 414 427 426
          333 335 347 346 414 416 428 427
          335 337 348 347 416 418 429 428
          337 339 349 348 418 420 430 429
          339 341 350 349 420 422 431 430
          343 342 351 352 424 423 432 433
          342 344 353 351 423 425 434 432
          344 345 354 353 425 426 435 434
          345 346 355 354 426 427 436 435
          346 347 356 355 427 428 437 436
          347 348 357 356 428 429 438 437
          348 349 358 357 429 430 439 438
          349 350 359 358 430 431 440 439
          352 351 360 361 433 432 441 442
          351 353 362 360 432 434 443 441
          353 354 363 362 434 435 444 443
          354 355 364 363 435 436 445 444
          355 356 365 364 436 437 446 445
          356 357 366 365 437 438 447 446
          357 358 367 366 438 439 448 447
          358 359 368 367 439 440 449 448
          361 360 369 370 442 441 450 451
          360 362 371 369 441 443 452 450
          362 363 372 371 443 444 453 452
          363 364 373 372 444 445 454 453
          364 365 374 373 445 446 455 454
          365 366 375 374 446 447 456 455
          366 367 376 375 447 448 457 456
          367 368 377 376 448 449 458 457
          370 369 378 379 451 450 459 460
          369 371 380 378 450 452 461 459
          371 372 381 380 452 453 462 461
          372 373 382 381 453 454 463 462
          373 374 383 382 454 455 464 463
          374 375 384 383 455 456 465 464
          375 376 385 384 456 457 466 465
          376 377 386 385 457 458 467 466
          379 378 387 388 460 459 468 469
          378 380 389 387 459 461 470 468
          380 381 390 389 461 462 471 470
          381 382 391 390 462 463 472 471
          382 383 392 391 463 464 473 472
          383 384 393 392 464 465 474 473
          384 385 394 393 465 466 475 474
          385 386 395 394 466 467 476 475
          388 387 396 397 469 468 477 478
          387 389 398 396 468 470 479 477
          389 390 399 398 470 471 480 479
          390 391 400 399 471 472 481 480
          391 392 401 400 472 473 482 481
          392 393 402 401 473 474 483 482
          393 394 403 402 474 475 484 483
          394 395 404 403 475 476 485 484
          405 406 407 408 486 487 488 489
          406 409 410 407 487 490 491 488
          409 411 412 410 490 492 493 491
          411 413 414 412 492 494 495 493
          413 415 416 414 494 496 497 495
          415 417 418 416 496 498 499 497
          417 419 420 418 498 500 501 499
          419 421 422 420 500 502 503 501
          408 407 423 424 489 488 504 505
          407 410 425 423 488 491 506 504
          410 412 426 425 491 493 507 506
          412 414 427 426 493 495 508 507
          414 416 428 427 495 497 509 508
          416 418 429 428 497 499 510 509
          418 420 430 429 499 501 511 510
          420 422 431 430 501 503 512 511
          424 423 432 433 505 504 513 514
          423 425 434 432 504 506 515 513
          425 426 435 434 506 507 516 515
          426 427 436 435 507 508 517 516
          427 428 437 436 508 509 518 517
          428 429 438 437 509 510 519 518
          429 430 439 438 510 511 520 519
          430 431 440 439 511 512 521 520
          433 432 441 442 514 513 522 523
          432 434 443 441 513 515 524 522
          434 435 444 443 515 516 525 524
          435 436 445 444 516 517 526 525
          436 437 446 445 517 518 527 526
          437 438 447 446 518 519 528 527
          438 439 448 447 519 520 529 528
          439 440 449 448 520 521 530 529
          442 441 450 451 523 522 531 532
          441 443 452 450 522 524 533 531
          443 444 453 452 524 525 534 533
          444 445 454 453 525 526 535 534
          445 446 455 454 526 527 536 535
          446 447 456 455 527 528 537 536
          447 448 457 456 528 529 538 537
          448 449 458 457 529 530 539 538
          451 450 459 460 532 531 540 541
          450 452 461 459 531 533 542 540
          452 453 462 461 533 534 543 542
          453 454 463 462 534 535 544 543
          454 455 464 463 535 536 545 544
          455 456 465 464 536 537 546 545
          456 457 466 465 537 538 547 546
          457 458 467 466 538 539 548 547
          460 459 468 469 541 540 549 550
          459 461 470 468 540 542 551 549
          461 462 471 470 542 543 552 551
          462 463 472 471 543 544 553 552
          463 464 473 472 544 545 554 553
          464 465 474 473 545 546 555 554
          465 466 475 474 546 547 556 555
          466 467 476 475 547 548 557 556
          469 468 477 478 550 549 558 559
          468 470 479 477 549 551 560 558
          470 471 480 479 551 552 561 560
          471 472 481 480 552 553 562 561
          472 473 482 481 553 554 563 562
          473 474 483 482 554 555 564 563
          474 475 484 483 555 556 565 564
          475 476 485 484 556 557 566 565
          486 487 488 489 567 568 569 570
          487 490 491 488 568 571 572 569
          490 492 493 491 571 573 574 572
          492 494 495 493 573 575 576 574
          494 496 497 495 575 577 578 576
          496 498 499 497 577 579 580 578
          498 500 501 499 579 581 582 580
          500 502 503 501 581 583 584 582
          489 488 504 505 570 569 585 586
          488 491 506 504 569 572 587 585
          491 493 507 506 572 574 588 587
          493 495 508 507 574 576 589 588
          495 497 509 508 576 578 590 589
          497 499 510 509 578 580 591 590
          499 501 511 510 580 582 592 591
          501 503 512 511 582 584 593 592
          505 504 513 514 586 585 594 595
          504 506 515 513 585 587 596 594
          506 507 516 515 587 588 597 596
          507 508 517 516 588 589 598 597
          508 509 518 517 589 590 599 598
          509 510 519 518 590 591 600 599
          510 511 520 519 591 592 601 600
          511 512 521 520 592 593 602 601
          514 513 522 523 595 594 603 604
          513 515 524 522 594 596 605 603
          515 516 525 524 596 597 606 605
          516 517 526 525 597 598 607 606
          517 518 527 526 598 599 608 607
          518 519 528 527 599 600 609 608
          519 520 529 528 600 601 610 609
          520 521 530 529 601 602 611 610
          523 522 531 532 604 603 612 613
          522 524 533 531 603 605 614 612
          524 525 534 533 605 606 615 614
          525 526 535 534 606 607 616 615
          526 527 536 535 607 608 617 616
          527 528 537 536 608 609 618 617
          528 529 538 537 609 610 619 618
          529 530 539 538 610 611 620 619
          532 531 540 541 613 612 621 622
          531 533 542 540 612 614 623 621
          533 534 543 542 614 615 624 623
          534 535 544 543 615 616 625 624
          535 536 545 544 616 617 626 625
          536 537 546 545 617 618 627 626
          537 538 547 546 618 619 628 627
          538 539 548 547 619 620 629 628
          541 540 549 550 622 621 630 631
          540 542 551 549 621 623 632 630
          542 543 552 551 623 624 633 632
          543 544 553 552 624 625 634 633
          544 545 554 553 625 626 635 634
          545 546 555 554 626 627 636 635
          546 547 556 555 627 628 637 636
          547 548 557 556 628 629 638 637
          550 549 558 559 631 630 639 640
          549 551 560 558 630 632 641 639
          551 552 561 560 632 633 642 641
          552 553 562 561 633 634 643 642
          553 554 563 562 634 635 644 643
          554 555 564 563 635 636 645 644
          555 556 565 564 636 637 646 645
          556 557 566 565 637 638 647 646
          567 568 569 570 648 649 650 651
          568 571 572 569 649 652 653 650
          571 573 574 572 652 654 655 653
          573 575 576 574 654 656 657 655
          575 577 578 576 656 658 659 657
          577 579 580 578 658 660 661 659
          579 581 582 580 660 662 663 661
          581 583 584 582 662 664 665 663
          570 569 585 586 651 650 666 667
          569 572 587 585 650 653 668 666
          572 574 588 587 653 655 669 668
          574 576 589 588 655 657 670 669
          576 578 590 589 657 659 671 670
          578 580 591 590 659 661 672 671
          580 582 592 591 661 663 673 672
          582 584 593 592 663 665 674 673
          586 585 594 595 667 666 675 676
          585 587 596 594 666 668 677 675
          587 588 597 596 668 669 678 677
          588 589 598 597 669 670 679 678
          589 590 599 598 670 671 680 679
          590 591 600 599 671 672 681 680
          591 592 601 600 672 673 682 681
          592 593 602 601 673 674 683 682
          595 594 603 604 676 675 684 685
          594 596 605 603 675 677 686 684
          596 597 606 605 677 678 687 686
          597 598 607 606 678 679 688 687
          598 599 608 607 679 680 689 688
          599 600 609 608 680 681 690 689
          600 601 610 609 681 682 691 690
          601 602 611 610 682 683 692 691
          604 603 612 613 685 684 693 694
          603 605 614 612 684 686 695 693
          605 606 615 614 686 687 696 695
          606 607 616 615 687 688 697 696
          607 608 617 616 688 689 698 697
          608 609 618 617 689 690 699 698
          609 610 619 618 690 691 700 699
          610 611 620 619 691 692 701 700
          613 612 621 622 694 693 702 703
          612 614 623 621 693 695 704 702
          614 615 624 623 695 696 705 704
          615 616 625 624 696 697 706 705
          616 617 626 625 697 698 707 706
          617 618 627 626 698 699 708 707
          618 619 628 627 699 700 709 708
          619 620 629 628 700 701 710 709
          622 621 630 631 703 702 711 712
          621 623 632 630 702 704 713 711
          623 624 633 632 704 705 714 713
          624 625 634 633 705 706 715 714
          625 626 635 634 706 707 716 715
          626 627 636 635 707 708 717 716
          627 628 637 636 708 709 718 717
          628 629 638 637 709 710 719 718
          631 630 639 640 712 711 720 721
          630 632 641 639 711 713 722 720
          632 633 642 641 713 714 723 722
          633 634 643 642 714 715 724 723
          634 635 644 643 715 716 725 724
          635 636 645 644 716 717 726 725
          636 637 646 645 717 718 727 726
          637 638 647 646 718 719 728 727
          648 649 650 651 729 730 731 732
          649 652 653 650 730 733 734 731
          652 654 655 653 733 735 736 734
          654 656 657 655 735 737 738 736
          656 658 659 657 737 739 740 738
          658 660 661 659 739 741 742 740
          660 662 663 661 741 743 744 742
          662 664 665 663 743 745 746 744
          651 650 666 667 732 731 747 748
          650 653 668 666 731 734 749 747
          653 655 669 668 734 736 750 749
          655 657 670 669 736 738 751 750
          657 659 671 670 738 740 752 751
          659 661 672 671 740 742 753 752
          661 663 673 672 742 744 754 753
          663 665 674 673 744 746 755 754
          667 666 675 676 748 747 756 757
          666 668 677 675 747 749 758 756
          668 669 678 677 749 750 759 758
          669 670 679 678 750 751 760 759
          670 671 680 679 751 752 761 760
          671 672 681 680 752 753 762 761
          672 673 682 681 753 754 763 762
          673 674 683 682 754 755 764 763
          676 675 684 685 757 756 765 766
          675 677 686 684 756 758 767 765
          677 678 687 686 758 759 768 767
          678 679 688 687 759 760 769 768
          679 680 689 688 760 761 770 769
          680 681 690 689 761 762 771 770
          681 682 691 690 762 763 772 771
          682 683 692 691 763 764 773 772
          685 684 693 694 766 765 774 775
          684 686 695 693 765 767 776 774
          686 687 696 695 767 768 777 776
          687 688 697 696 768 769 778 777
          688 689 698 697 769 770 779 778
          689 690 699 698 770 771 780 779
          690 691 700 699 771 772 781 780
          691 692 701 700 772 773 782 781
          694 693 702 703 775 774 783 784
          693 695 704 702 774 776 785 783
          695 696 705 704 776 777 786 785
          696 697 706 705 777 778 787 786
          697 698 707 706 778 779 788 787
          698 699 708 707 779 780 789 788
          699 700 709 708 780 781 790 789
          700 701 710 709 781 782 791 790
          703 702 711 712 784 783 792 793
          702 704 713 711 783 785 794 792
          704 705 714 713 785 786 795 794
          705 706 715 714 786 787 796 795
          706 707 716 715 787 788 797 796
          707 708 717 716 788 789 798 797
          708 709 718 717 789 790 799 798
          709 710 719 718 790 791 800 799
          712 711 720 721 793 792 801 802
          711 713 722 720 792 794 803 801
          713 714 723 722 794 795 804 803
          714 715 724 723 795 796 805 804
          715 716 725 724 796 797 806 805
          716 717 726 725 797 798 807 806
          717 718 727 726 798 799 808 807
          718 719 728 727 799 800 809 808
          729 730 731 732 810 811 812 813
          730 733 734 731 811 814 815 812
          733 735 736 734 814 816 817 815
          735 737 738 736 816 818 819 817
          737 739 740 738 818 820 821 819
          739 741 742 740 820 822 823 821
          741 743 744 742 822 824 825 823
          743 745 746 744 824 826 827 825
          732 731 747 748 813 812 828 829
          731 734 749 747 812 815 830 828
          734 736 750 749 815 817 831 830
          736 738 751 750 817 819 832 831
          738 740 752 751 819 821 833 832
          740 742 753 752 821 823 834 833
          742 744 754 753 823 825 835 834
          744 746 755 754 825 827 836 835
          748 747 756 757 829 828 837 838
          747 749 758 756 828 830 839 837
          749 750 759 758 830 831 840 839
          750 751 760 759 831 832 841 840
          751 752 761 760 832 833 842 841
          752 753 762 761 833 834 843 842
          753 754 763 762 834 835 844 843
          754 755 764 763 835 836 845 844
          757 756 765 766 838 837 846 847
          756 758 767 765 837 839 848 846
          758 759 768 767 839 840 849 848
          759 760 769 768 840 841 850 849
          760 761 770 769 841 842 851 850
          761 762 771 770 842 843 852 851
          762 763 772 771 843 844 853 852
          763 764 773 772 844 845 854 853
          766 765 774 775 847 846 855 856
          765 767 776 774 846 848 857 855
          767 768 777 776 848 849 858 857
          768 769 778 777 849 850 859 858
          769 770 779 778 850 851 860 859
          770 771 780 779 851 852 861 860
          771 772 781 780 852 853 862 861
          772 773 782 781 853 854 863 862
          775 774 783 784 856 855 864 865
          774 776 785 783 855 857 866 864
          776 777 786 785 857 858 867 866
          777 778 787 786 858 859 868 867
          778 779 788 787 859 860 869 868
          779 780 789 788 860 861 870 869
          780 781 790 789 861 862 871 870
          781 782 791 790 862 863 872 871
          784 783 792 793 865 864 873 874
          783 785 794 792 864 866 875 873
          785 786 795 794 866 867 876 875
          786 787 796 795 867 868 877 876
          787 788 797 796 868 869 878 877
          788 789 798 797 869 870 879 878
          789 790 799 798 870 871 880 879
          790 791 800 799 871 872 881 880
          793 792 801 802 874 873 882 883
          792 794 803 801 873 875 884 882
          794 795 804 803 875 876 885 884
          795 796 805 804 876 877 886 885
          796 797 806 805 877 878 887 886
          797 798 807 806 878 879 888 887
          798 799 808 807 879 880 889 888
          799 800 809 808 880 881 890 889
          810 811 812 813 891 892 893 894
          811 814 815 812 892 895 896 893
          814 816 817 815 895 897 898 896
          816 818 819 817 897 899 900 898
          818 820 821 819 899 901 902 900
          820 822 823 821 901 903 904 902
          822 824 825 823 903 905 906 904
          824 826 827 825 905 907 908 906
          813 812 828 829 894 893 909 910
          812 815 830 828 893 896 911 909
          815 817 831 830 896 898 912 911
          817 819 832 831 898 900 913 912
          819 821 833 832 900 902 914 913
          821 823 834 833 902 904 915 914
          823 825 835 834 904 906 916 915
          825 827 836 835 906 908 917 916
          829 828 837 838 910 909 918 919
          828 830 839 837 909 911 920 918
          830 831 840 839 911 912 921 920
          831 832 841 840 912 913 922 921
          832 833 842 841 913 914 923 922
          833 834 843 842 914 915 924 923
          834 835 844 843 915 916 925 924
          835 836 845 844 916 917 926 925
          838 837 846 847 919 918 927 928
          837 839 848 846 918 920 929 927
          839 840 849 848 920 921 930 929
          840 841 850 849 921 922 931 930
          841 842 851 850 922 923 932 931
          842 843 852 851 923 924 933 932
          843 844 853 852 924 925 934 933
          844 845 854 853 925 926 935 934
          847 846 855 856 928 927 936 937
          846 848 857 855 927 929 938 936
          848 849 858 857 929 930 939 938
          849 850 859 858 930 931 940 939
          850 851 860 859 931 932 941 940
          851 852 861 860 932 933 942 941
          852 853 862 861 933 934 943 942
          853 854 863 862 934 935 944 943
          856 855 864 865 937 936 945 946
          855 857 866 864 936 938 947 945
          857 858 867 866 938 939 948 947
          858 859 868 867 939 940 949 948
          859 860 869 868 940 941 950 949
          860 861 870 869 941 942 951 950
          861 862 871 870 942 943 952 951
          862 863 872 871 943 944 953 952
          865 864 873 874 946 945 954 955
          864 866 875 873 945 947 956 954
          866 867 876 875 947 948 957 956
          867 868 877 876 948 949 958 957
          868 869 878 877 949 950 959 958
          869 870 879 878 950 951 960 959
          870 871 880 879 951 952 961 960
          871 872 881 880 952 953 962 961
          874 873 882 883 955 954 963 964
          873 875 884 882 954 956 965 963
          875 876 885 884 956 957 966 965
          876 877 886 885 957 958 967 966
          877 878 887 886 958 959 968 967
          878 879 888 887 959 960 969 968
          879 880 889 888 960 961 970 969
          880 881 890 889 961 962 971 970
          891 892 893 894 972 973 974 975
          892 895 896 893 973 976 977 974
          895 897 898 896 976 978 979 977
          897 899 900 898 978 980 981 979
          899 901 902 900 980 982 983 981
          901 903 904 902 982 984 985 983
          903 905 906 904 984 986 987 985
          905 907 908 906 986 988 989 987
          894 893 909 910 975 974 990 991
          893 896 911 909 974 977 992 990
          896 898 912 911 977 979 993 992
          898 900 913 912 979 981 994 993
          900 902 914 913 981 983 995 994
          902 904 915 914 983 985 996 995
          904 906 916 915 985 987 997 996
          906 908 917 916 987 989 998 997
          910 909 918 919 991 990 999 1000
          909 911 920 918 990 992 1001 999
          911 912 921 920 992 993 1002 1001
          912 913 922 921 993 994 1003 1002
          913 914 923 922 994 995 1004 1003
          914 915 924 923 995 996 1005 1004
          915 916 925 924 996 997 1006 1005
          916 917 926 925 997 998 1007 1006
          919 918 927 928 1000 999 1008 1009
          918 920 929 927 999 1001 1010 1008
          920 921 930 929 1001 1002 1011 1010
          921 922 931 930 1002 1003 1012 1011
          922 923 932 931 1003 1004 1013 1012
          923 924 933 932 1004 1005 1014 1013
          924 925 934 933 1005 1006 1015 1014
          925 926 935 934 1006 1007 1016 1015
          928 927 936 937 1009 1008 1017 1018
          927 929 938 936 1008 1010 1019 1017
          929 930 939 938 1010 1011 1020 1019
          930 931 940 939 1011 1012 1021 1020
          931 932 941 940 1012 1013 1022 1021
          932 933 942 941 1013 1014 1023 1022
          933 934 943 942 1014 1015 1024 1023
          934 935 944 943 1015 1016 1025 1024
          937 936 945 946 1018 1017 1026 1027
          936 938 947 945 1017 1019 1028 1026
          938 939 948 947 1019 1020 1029 1028
          939 940 949 948 1020 1021 1030 1029
          940 941 950 949 1021 1022 1031 1030
          941 942 951 950 1022 1023 1032 1031
          942 943 952 951 1023 1024 1033 1032
          943 944 953 952 1024 1025 1034 1033
          946 945 954 955 1027 1026 1035 1036
          945 947 956 954 1026 1028 1037 1035
          947 948 957 956 1028 1029 1038 1037
          948 949 958 957 1029 1030 1039 1038
          949 950 959 958 1030 1031 1040 1039
          950 951 960 959 1031 1032 1041 1040
          951 952 961 960 1032 1033 1042 1041
          952 953 962 961 1033 1034 1043 1042
          955 954 963 964 1036 1035 1044 1045
          954 956 965 963 1035 1037 1046 1044
          956 957 966 965 1037 1038 1047 1046
          957 958 967 966 1038 1039 1048 1047
          958 959 968 967 1039 1040 1049 1048
          959 960 969 968 1040 1041 1050 1049
          960 961 970 969 1041 1042 1051 1050
          961 962 971 970 1042 1043 1052 1051
          972 973 974 975 1053 1054 1055 1056
          973 976 977 974 1054 1057 1058 1055
          976 978 979 977 1057 1059 1060 1058
          978 980 981 979 1059 1061 1062 1060
          980 982 983 981 1061 1063 1064 1062
          982 984 985 983 1063 1065 1066 1064
          984 986 987 985 1065 1067 1068 1066
          986 988 989 987 1067 1069 1070 1068
          975 974 990 991 1056 1055 1071 1072
          974 977 992 990 1055 1058 1073 1071
          977 979 993 992 1058 1060 1074 1073
          979 981 994 993 1060 1062 1075 1074
          981 983 995 994 1062 1064 1076 1075
          983 985 996 995 1064 1066 1077 1076
          985 987 997 996 1066 1068 1078 1077
          987 989 998 997 1068 1070 1079 1078
          991 990 999 1000 1072 1071 1080 1081
          990 992 1001 999 1071 1073 1082 1080
          992 993 1002 1001 1073 1074 1083 1082
          993 994 1003 1002 1074 1075 1084 1083
          994 995 1004 1003 1075 1076 1085 1084
          995 996 1005 1004 1076 1077 1086 1085
          996 997 1006 1005 1077 1078 1087 1086
          997 998 1007 1006 1078 1079 1088 1087
          1000 999 1008 1009 1081 1080 1089 1090
          999 1001 1010 1008 1080 1082 1091 1089
          1001 1002 1011 1010 1082 1083 1092 1091
          1002 1003 1012 1011 1083 1084 1093 1092
          1003 1004 1013 1012 1084 1085 1094 1093
          1004 1005 1014 1013 1085 1086 1095 1094
          1005 1006 1015 1014 1086 1087 1096 1095
          1006 1007 1016 1015 1087 1088 1097 1096
          1009 1008 1017 1018 1090 1089 1098 1099
          1008 1010 1019 1017 1089 1091 1100 1098
          1010 1011 1020 1019 1091 1092 1101 1100
          1011 1012 1021 1020 1092 1093 1102 1101
          1012 1013 1022 1021 1093 1094 1103 1102
          1013 1014 1023 1022 1094 1095 1104 1103
          1014 1015 1024 1023 1095 1096 1105 1104
          1015 1016 1025 1024 1096 1097 1106 1105
          1018 1017 1026 1027 1099 1098 1107 1108
          1017 1019 1028 1026 1098 1100 1109 1107
          1019 1020 1029 1028 1100 1101 1110 1109
          1020 1021 1030 1029 1101 1102 1111 1110
          1021 1022 1031 1030 1102 1103 1112 1111
          1022 1023 1032 1031 1103 1104 1113 1112
          1023 1024 1033 1032 1104 1105 1114 1113
          1024 1025 1034 1033 1105 1106 1115 1114
          1027 1026 1035 1036 1108 1107 1116 1117
          1026 1028 1037 1035 1107 1109 1118 1116
          1028 1029 1038 1037 1109 1110 1119 1118
          1029 1030 1039 1038 1110 1111 1120 1119
          1030 1031 1040 1039 1111 1112 1121 1120
          1031 1032 1041 1040 1112 1113 1122 1121
          1032 1033 1042 1041 1113 1114 1123 1122
          1033 1034 1043 1042 1114 1115 1124 1123
          1036 1035 1044 1045 1117 1116 1125 1126
          1035 1037 1046 1044 1116 1118 1127 1125
          1037 1038 1047 1046 1118 1119 1128 1127
          1038 1039 1048 1047 1119 1120 1129 1128
          1039 1040 1049 1048 1120 1121 1130 1129
          1040 1041 1050 1049 1121 1122 1131 1130
          1041 1042 1051 1050 1122 1123 1132 1131
          1042 1043 1052 1051 1123 1124 1133 1132
          1053 1054 1055 1056 1134 1135 1136 1137
          1054 1057 1058 1055 1135 1138 1139 1136
          1057 1059 1060 1058 1138 1140 1141 1139
          1059 1061 1062 1060 1140 1142 1143 1141
          1061 1063 1064 1062 1142 1144 1145 1143
          1063 1065 1066 1064 1144 1146 1147 1145
          1065 1067 1068 1066 1146 1148 1149 1147
          1067 1069 1070 1068 1148 1150 1151 1149
          1056 1055 1071 1072 1137 1136 1152 1153
          1055 1058 1073 1071 1136 1139 1154 1152
          1058 1060 1074 1073 1139 1141 1155 1154
          1060 1062 1075 1074 1141 1143 1156 1155
          1062 1064 1076 1075 1143 1145 1157 1156
          1064 1066 1077 1076 1145 1147 1158 1157
          1066 1068 1078 1077 1147 1149 1159 1158
          1068 1070 1079 1078 1149 1151 1160 1159
          1072 1071 1080 1081 1153 1152 1161 1162
          1071 1073 1082 1080 1152 1154 1163 1161
          1073 1074 1083 1082 1154 1155 1164 1163
          1074 1075 1084 1083 1155 1156 1165 1164
          1075 1076 1085 1084 1156 1157 1166 1165
          1076 1077 1086 1085 1157 1158 1167 1166
          1077 1078 1087 1086 1158 1159 1168 1167
          1078 1079 1088 1087 1159 1160 1169 1168
          1081 1080 1089 1090 1162 1161 1170 1171
          1080 1082 1091 1089 1161 1163 1172 1170
          1082 1083 1092 1091 1163 1164 1173 1172
          1083 1084 1093 1092 1164 1165 1174 1173
          1084 1085 1094 1093 1165 1166 1175 1174
          1085 1086 1095 1094 1166 1167 1176 1175
          1086 1087 1096 1095 1167 1168 1177 1176
          1087 1088 1097 1096 1168 1169 1178 1177
          1090 1089 1098 1099 1171 1170 1179 1180
          1089 1091 1100 1098 1170 1172 1181 1179
          1091 1092 1101 1100 1172 1173 1182 1181
          1092 1093 1102 1101 1173 1174 1183 1182
          1093 1094 1103 1102 1174 1175 1184 1183
          1094 1095 1104 1103 1175 1176 1185 1184
          1095 1096 1105 1104 1176 1177 1186 1185
          1096 1097 1106 1105 1177 1178 1187 1186
          1099 1098 1107 1108 1180 1179 1188 1189
          1098 1100 1109 1107 1179 1181 1190 1188
          1100 1101 1110 1109 1181 1182 1191 1190
          1101 1102 1111 1110 1182 1183 1192 1191
          1102 1103 1112 1111 1183 1184 1193 1192
          1103 1104 1113 1112 1184 1185 1194 1193
          1104 1105 1114 1113 1185 1186 1195 1194
          1105 1106 1115 1114 1186 1187 1196 1195
          1108 1107 1116 1117 1189 1188 1197 1198
          1107 1109 1118 1116 1188 1190 1199 1197
          1109 1110 1119 1118 1190 1191 1200 1199
          1110 1111 1120 1119 1191 1192 1201 1200
          1111 1112 1121 1120 1192 1193 1202 1201
          1112 1113 1122 1121 1193 1194 1203 1202
          1113 1114 1123 1122 1194 1195 1204 1203
          1114 1115 1124 1123 1195 1196 1205 1204
          1117 1116 1125 1126 1198 1197 1206 1207
          1116 1118 1127 1125 1197 1199 1208 1206
          1118 1119 1128 1127 1199 1200 1209 1208
          1119 1120 1129 1128 1200 1201 1210 1209
          1120 1121 1130 1129 1201 1202 1211 1210
          1121 1122 1131 1130 1202 1203 1212 1211
          1122 1123 1132 1131 1203 1204 1213 1212
          1123 1124 1133 1132 1204 1205 1214 1213
          32 1215 1216 33 34 1217 1218 35
          1215 1219 1220 1216 1217 1221 1222 1218
          1219 1223 1224 1220 1221 1225 1226 1222
          1223 1227 1228 1224 1225 1229 1230 1226
          1227 1231 1232 1228 1229 1233 1234 1230
          33 1216 1235 52 35 1218 1236 53
          1216 1220 1237 1235 1218 1222 1238 1236
          1220 1224 1239 1237 1222 1226 1240 1238
          1224 1228 1241 1239 1226 1230 1242 1240
          1228 1232 1243 1241 1230 1234 1244 1242
          52 1235 1245 70 53 1236 1246 71
          1235 1237 1247 1245 1236 1238 1248 1246
          1237 1239 1249 1247 1238 1240 1250 1248
          1239 1241 1251 1249 1240 1242 1252 1250
          1241 1243 1253 1251 1242 1244 1254 1252
          70 1245 1255 88 71 1246 1256 89
          1245 1247 1257 1255 1246 1248 1258 1256
          1247 1249 1259 1257 1248 1250 1260 1258
          1249 1251 1261 1259 1250 1252 1262 1260
          1251 1253 1263 1261 1252 1254 1264 1262
          88 1255 1265 106 89 1256 1266 107
          1255 1257 1267 1265 1256 1258 1268 1266
          1257 1259 1269 1267 1258 1260 1270 1268
          1259 1261 1271 1269 1260 1262 1272 1270
          1261 1263 1273 1271 1262 1264 1274 1272
          106 1265 1275 124 107 1266 1276 125
          1265 1267 1277 1275 1266 1268 1278 1276
          1267 1269 1279 1277 1268 1270 1280 1278
          1269 1271 1281 1279 1270 1272 1282 1280
          1271 1273 1283 1281 1272 1274 1284 1282
          124 1275 1285 142 125 1276 1286 143
          1275 1277 1287 1285 1276 1278 1288 1286
          1277 1279 1289 1287 1278 1280 1290 1288
          1279 1281 1291 1289 1280 1282 1292 1290
          1281 1283 1293 1291 1282 1284 1294 1292
          142 1285 1295 160 143 1286 1296 161
          1285 1287 1297 1295 1286 1288 1298 1296
          1287 1289 1299 1297 1288 1290 1300 1298
          1289 1291 1301 1299 1290 1292 1302 1300
          1291 1293 1303 1301 1292 1294 1304 1302
          34 1217 1218 35 178 1305 1306 179
          1217 1221 1222 1218 1305 1307 1308 1306
          1221 1225 1226 1222 1307 1309 1310 1308
          1225 1229 1230 1226 1309 1311 1312 1310
          1229 1233 1234 1230 1311 1313 1314 1312
          35 1218 1236 53 179 1306 1315 188
          1218 1222 1238 1236 1306 1308 1316 1315
          1222 1226 1240 1238 1308 1310 1317 1316
          1226 1230 1242 1240 1310 1312 1318 1317
          1230 1234 1244 1242 1312 1314 1319 1318
          53 1236 1246 71 188 1315 1320 197
          1236 1238 1248 1246 1315 1316 1321 1320
          1238 1240 1250 1248 1316 1317 1322 1321
          1240 1242 1252 1250 1317 1318 1323 1322
          1242 1244 1254 1252 1318 1319 1324 1323
          71 1246 1256 89 197 1320 1325 206
          1246 1248 1258 1256 1320 1321 1326 1325
          1248 1250 1260 1258 1321 1322 1327 1326
          1250 1252 1262 1260 1322 1323 1328 1327
          1252 1254 1264 1262 1323 1324 1329 1328
          89 1256 1266 107 206 1325 1330 215
          1256 1258 1268 1266 1325 1326 1331 1330
          1258 1260 1270 1268 1326 1327 1332 1331
          1260 1262 1272 1270 1327 1328 1333 1332
          1262 1264 1274 1272 1328 1329 1334 1333
          107 1266 1276 125 215 1330 1335 224
          1266 1268 1278 1276 1330 1331 1336 1335
          1268 1270 1280 1278 1331 1332 1337 1336
          1270 1272 1282 1280 1332 1333 1338 1337
          1272 1274 1284 1282 1333 1334 1339 1338
          125 1276 1286 143 224 1335 1340 233
          1276 1278 1288 1286 1335 1336 1341 1340
          1278 1280 1290 1288 1336 1337 1342 1341
          1280 1282 1292 1290 1337 1338 1343 1342
          1282 1284 1294 1292 1338 1339 1344 1343
          143 1286 1296 161 233 1340 1345 242
          1286 1288 1298 1296 1340 1341 1346 1345
          1288 1290 1300 1298 1341 1342 1347 1346
          1290 1292 1302 1300 1342 1343 1348 1347
          1292 1294 1304 1302 1343 1344 1349 1348
          178 1305 1306 179 259 1350 1351 260
          1305 1307 1308 1306 1350 1352 1353 1351
          1307 1309 1310 1308 1352 1354 1355 1353
          1309 1311 1312 1310 1354 1356 1357 1355
          1311 1313 1314 1312 1356 1358 1359 1357
          179 1306 1315 188 260 1351 1360 269
          1306 1308 1316 1315 1351 1353 1361 1360
          1308 1310 1317 1316 1353 1355 1362 1361
          1310 1312 1318 1317 1355 1357 1363 1362
          1312 1314 1319 1318 1357 1359 1364 1363
          188 1315 1320 197 269 1360 1365 278
          1315 1316 1321 1320 1360 1361 1366 1365
          1316 1317 1322 1321 1361 1362 1367 1366
          1317 1318 1323 1322 1362 1363 1368 1367
          1318 1319 1324 1323 1363 1364 1369 1368
          197 1320 1325 206 278 1365 1370 287
          1320 1321 1326 1325 1365 1366 1371 1370
          1321 1322 1327 1326 1366 1367 1372 1371
          1322 1323 1328 1327 1367 1368 1373 1372
          1323 1324 1329 1328 1368 1369 1374 1373
          206 1325 1330 215 287 1370 1375 296
          1325 1326 1331 1330 1370 1371 1376 1375
          1326 1327 1332 1331 1371 1372 1377 1376
          1327 1328 1333 1332 1372 1373 1378 1377
          1328 1329 1334 1333 1373 1374 1379 1378
          215 1330 1335 224 296 1375 1380 305
          1330 1331 1336 1335 1375 1376 1381 1380
          1331 1332 1337 1336 1376 1377 1382 1381
          1332 1333 1338 1337 1377 1378 1383 1382
          1333 1334 1339 1338 1378 1379 1384 1383
          224 1335 1340 233 305 1380 1385 314
          1335 1336 1341 1340 1380 1381 1386 1385
          1336 1337 1342 1341 1381 1382 1387 1386
          1337 1338 1343 1342 1382 1383 1388 1387
          1338 1339 1344 1343 1383 1384 1389 1388
          233 1340 1345 242 314 1385 1390 323
          1340 1341 1346 1345 1385 1386 1391 1390
          1341 1342 1347 1346 1386 1387 1392 1391
          1342 1343 1348 1347 1387 1388 1393 1392
          1343 1344 1349 1348 1388 1389 1394 1393
          259 1350 1351 260 340 1395 1396 341
          1350 1352 1353 1351 1395 1397 1398 1396
          1352 1354 1355 1353 1397 1399 1400 1398
          1354 1356 1357 1355 1399 1401 1402 1400
          1356 1358 1359 1357 1401 1403 1404 1402
          260 1351 1360 269 341 1396 1405 350
          1351 1353 1361 1360 1396 1398 1406 1405
          1353 1355 1362 1361 1398 1400 1407 1406
          1355 1357 1363 1362 1400 1402 1408 1407
          1357 1359 1364 1363 1402 1404 1409 1408
          269 1360 1365 278 350 1405 1410 359
          1360 1361 1366 1365 1405 1406 1411 1410
          1361 1362 1367 1366 1406 1407 1412 1411
          1362 1363 1368 1367 1407 1408 1413 1412
          1363 1364 1369 1368 1408 1409 1414 1413
          278 1365 1370 287 359 1410 1415 368
          1365 1366 1371 1370 1410 1411 1416 1415
          1366 1367 1372 1371 1411 1412 1417 1416
          1367 1368 1373 1372 1412 1413 1418 1417
          1368 1369 1374 1373 1413 1414 1419 1418
          287 1370 1375 296 368 1415 1420 377
          1370 1371 1376 1375 1415 1416 1421 1420
          1371 1372 1377 1376 1416 1417 1422 1421
          1372 1373 1378 1377 1417 1418 1423 1422
          1373 1374 1379 1378 1418 1419 1424 1423
          296 1375 1380 305 377 1420 1425 386
          1375 1376 1381 1380 1420 1421 1426 1425
          1376 1377 1382 1381 1421 1422 1427 1426
          1377 1378 1383 1382 1422 1423 1428 1427
          1378 1379 1384 1383 1423 1424 1429 1428
          305 1380 1385 314 386 1425 1430 395
          1380 1381 1386 1385 1425 1426 1431 1430
          1381 1382 1387 1386 1426 1427 1432 1431
          1382 1383 1388 1387 1427 1428 1433 1432
          1383 1384 1389 1388 1428 1429 1434 1433
          314 1385 1390 323 395 1430 1435 404
          1385 1386 1391 1390 1430 1431 1436 1435
          1386 1387 1392 1391 1431 1432 1437 1436
          1387 1388 1393 1392 1432 1433 1438 1437
          1388 1389 1394 1393 1433 1434 1439 1438
          340 1395 1396 341 421 1440 1441 422
          1395 1397 1398 1396 1440 1442 1443 1441
          1397 1399 1400 1398 1442 1444 1445 1443
          1399 1401 1402 1400 1444 1446 1447 1445
          1401 1403 1404 1402 1446 1448 1449 1447
          341 1396 1405 350 422 1441 1450 431
          1396 1398 1406 1405 1441 1443 1451 1450
          1398 1400 1407 1406 1443 1445 1452 1451
          1400 1402 1408 1407 1445 1447 1453 1452
          1402 1404 1409 1408 1447 1449 1454 1453
          350 1405 1410 359 431 1450 1455 440
          1405 1406 1411 1410 1450 1451 1456 1455
          1406 1407 1412 1411 1451 1452 1457 1456
          1407 1408 1413 1412 1452 1453 1458 1457
          1408 1409 1414 1413 1453 1454 1459 1458
          359 1410 1415 368 440 1455 1460 449
          1410 1411 1416 1415 1455 1456 1461 1460
          1411 1412 1417 1416 1456 1457 1462 1461
          1412 1413 1418 1417 1457 1458 1463 1462
          1413 1414 1419 1418 1458 1459 1464 1463
          368 1415 1420 377 449 1460 1465 458
          1415 1416 1421 1420 1460 1461 1466 1465
          1416 1417 1422 1421 1461 1462 1467 1466
          1417 1418 1423 1422 1462 1463 1468 1467
          1418 1419 1424 1423 1463 1464 1469 1468
          377 1420 1425 386 458 1465 1470 467
          1420 1421 1426 1425 1465 1466 1471 1470
          1421 1422 1427 1426 1466 1467 1472 1471
          1422 1423 1428 1427 1467 1468 1473 1472
          1423 1424 1429 1428 1468 1469 1474 1473
          386 1425 1430 395 467 1470 1475 476
          1425 1426 1431 1430 1470 1471 1476 1475
          1426 1427 1432 1431 1471 1472 1477 1476
          1427 1428 1433 1432 1472 1473 1478 1477
          1428 1429 1434 1433 1473 1474 1479 1478
          395 1430 1435 404 476 1475 1480 485
          1430 1431 1436 1435 1475 1476 1481 1480
          1431 1432 1437 1436 1476 1477 1482 1481
          1432 1433 1438 1437 1477 1478 1483 1482
          1433 1434 1439 1438 1478 1479 1484 1483
          421 1440 1441 422 502 1485 1486 503
          1440 1442 1443 1441 1485 1487 1488 1486
          1442 1444 1445 1443 1487 1489 1490 1488
          1444 1446 1447 1445 1489 1491 1492 1490
          1446 1448 1449 1447 1491 1493 1494 1492
          422 1441 1450 431 503 1486 1495 512
          1441 1443 1451 1450 1486 1488 1496 1495
          1443 1445 1452 1451 1488 1490 1497 1496
          1445 1447 1453 1452 1490 1492 1498 1497
          1447 1449 1454 1453 1492 1494 1499 1498
          431 1450 1455 440 512 1495 1500 521
          1450 1451 1456 1455 1495 1496 1501 1500
          1451 1452 1457 1456 1496 1497 1502 1501
          1452 1453 1458 1457 1497 1498 1503 1502
          1453 1454 1459 1458 1498 1499 1504 1503
          440 1455 1460 449 521 1500 1505 530
          1455 1456 1461 1460 1500 1501 1506 1505
          1456 1457 1462 1461 1501 1502 1507 1506
          1457 1458 1463 1462 1502 1503 1508 1507
          1458 1459 1464 1463 1503 1504 1509 1508
          449 1460 1465 458 530 1505 1510 539
          1460 1461 1466 1465 1505 1506 1511 1510
          1461 1462 1467 1466 1506 1507 1512 1511
          1462 1463 1468 1467 1507 1508 1513 1512
          1463 1464 1469 1468 1508 1509 1514 1513
          458 1465 1470 467 539 1510 1515 548
          1465 1466 1471 1470 1510 1511 1516 1515
          1466 1467 1472 1471 1511 1512 1517 1516
          1467 1468 1473 1472 1512 1513 1518 1517
          1468 1469 1474 1473 1513 1514 1519 1518
          467 1470 1475 476 548 1515 1520 557
          1470 1471 1476 1475 1515 1516 1521 1520
          1471 1472 1477 1476 1516 1517 1522 1521
          1472 1473 1478 1477 1517 1518 1523 1522
          1473 1474 1479 1478 1518 1519 1524 1523
          476 1475 1480 485 557 1520 1525 566
          1475 1476 1481 1480 1520 1521 1526 1525
          1476 1477 1482 1481 1521 1522 1527 1526
          1477 1478 1483 1482 1522 1523 1528 1527
          1478 1479 1484 1483 1523 1524 1529 1528
          502 1485 1486 503 583 1530 1531 584
          1485 1487 1488 1486 1530 1532 1533 1531
          1487 1489 1490 1488 1532 1534 1535 1533
          1489 1491 1492 1490 1534 1536 1537 1535
          1491 1493 1494 1492 1536 1538 1539 1537
          503 1486 1495 512 584 1531 1540 593
          1486 1488 1496 1495 1531 1533 1541 1540
          1488 1490 1497 1496 1533 1535 1542 1541
          1490 1492 1498 1497 1535 1537 1543 1542
          1492 1494 1499 1498 1537 1539 1544 1543
          512 1495 1500 521 593 1540 1545 602
          1495 1496 1501 1500 1540 1541 1546 1545
          1496 1497 1502 1501 1541 1542 1547 1546
          1497 1498 1503 1502 1542 1543 1548 1547
          1498 1499 1504 1503 1543 1544 1549 1548
          521 1500 1505 530 602 1545 1550 611
          1500 1501 1506 1505 1545 1546 1551 1550
          1501 1502 1507 1506 1546 1547 1552 1551
          1502 1503 1508 1507 1547 1548 1553 1552
          1503 1504 1509 1508 1548 1549 1554 1553
          530 1505 1510 539 611 1550 1555 620
          1505 1506 1511 1510 1550 1551 1556 1555
          1506 1507 1512 1511 1551 1552 1557 1556
          1507 1508 1513 1512 1552 1553 1558 1557
          1508 1509 1514 1513 1553 1554 1559 1558
          539 1510 1515 548 620 1555 1560 629
          1510 1511 1516 1515 1555 1556 1561 1560
          1511 1512 1517 1516 1556 1557 1562 1561
          1512 1513 1518 1517 1557 1558 1563 1562
          1513 1514 1519 1518 1558 1559 1564 1563
          548 1515 1520 557 629 1560 1565 638
          1515 1516 1521 1520 1560 1561 1566 1565
          1516 1517 1522 1521 1561 1562 1567 1566
          1517 1518 1523 1522 1562 1563 1568 1567
          1518 1519 1524 1523 1563 1564 1569 1568
          557 1520 1525 566 638 1565 1570 647
          1520 1521 1526 1525 1565 1566 1571 1570
          1521 1522 1527 1526 1566 1567 1572 1571
          1522 1523 1528 1527 1567 1568 1573 1572
          1523 1524 1529 1528 1568 1569 1574 1573
          583 1530 1531 584 664 1575 1576 665
          1530 1532 1533 1531 1575 1577 1578 1576
          584 1531 1540 593 665 1576 1579 674
          1531 1533 1541 1540 1576 1578 1580 1579
          593 1540 1545 602 674 1579 1581 683
          1540 1541 1546 1545 1579 1580 1582 1581
          602 1545 1550 611 683 1581 1583 692
          1545 1546 1551 1550 1581 1582 1584 1583
          611 1550 1555 620 692 1583 1585 701
          1550 1551 1556 1555 1583 1584 1586 1585
          620 1555 1560 629 701 1585 1587 710
          1555 1556 1561 1560 1585 1586 1588 1587
          629 1560 1565 638 710 1587 1589 719
          1560 1561 1566 1565 1587 1588 1590 1589
          638 1565 1570 647 719 1589 1591 728
          1565 1566 1571 1570 1589 1590 1592 1591
          664 1575 1576 665 745 1593 1594 746
          1575 1577 1578 1576 1593 1595 1596 1594
          665 1576 1579 674 746 1594 1597 755
          1576 1578 1580 1579 1594 1596 1598 1597
          674 1579 1581 683 755 1597 1599 764
          1579 1580 1582 1581 1597 1598 1600 1599
          683 1581 1583 692 764 1599 1601 773
          1581 1582 1584 1583 1599 1600 1602 1601
          692 1583 1585 701 773 1601 1603 782
          1583 1584 1586 1585 1601 1602 1604 1603
          701 1585 1587 710 782 1603 1605 791
          1585 1586 1588 1587 1603 1604 1606 1605
          710 1587 1589 719 791 1605 1607 800
          1587 1588 1590 1589 1605 1606 1608 1607
          719 1589 1591 728 800 1607 1609 809
          1589 1590 1592 1591 1607 1608 1610 1609
          745 1593 1594 746 826 1611 1612 827
          1593 1595 1596 1594 1611 1613 1614 1612
          746 1594 1597 755 827 1612 1615 836
          1594 1596 1598 1597 1612 1614 1616 1615
          755 1597 1599 764 836 1615 1617 845
          1597 1598 1600 1599 1615 1616 1618 1617
          764 1599 1601 773 845 1617 1619 854
          1599 1600 1602 1601 1617 1618 1620 1619
          773 1601 1603 782 854 1619 1621 863
          1601 1602 1604 1603 1619 1620 1622 1621
          782 1603 1605 791 863 1621 1623 872
          1603 1604 1606 1605 1621 1622 1624 1623
          791 1605 1607 800 872 1623 1625 881
          1605 1606 1608 1607 1623 1624 1626 1625
          800 1607 1609 809 881 1625 1627 890
          1607 1608 1610 1609 1625 1626 1628 1627
          826 1611 1612 827 907 1629 1630 908
          1611 1613 1614 1612 1629 1631 1632 1630
          827 1612 1615 836 908 1630 1633 917
          1612 1614 1616 1615 1630 1632 1634 1633
          836 1615 1617 845 917 1633 1635 926
          1615 1616 1618 1617 1633 1634 1636 1635
          845 1617 1619 854 926 1635 1637 935
          1617 1618 1620 1619 1635 1636 1638 1637
          854 1619 1621 863 935 1637 1639 944
          1619 1620 1622 1621 1637 1638 1640 1639
          863 1621 1623 872 944 1639 1641 953
          1621 1622 1624 1623 1639 1640 1642 1641
          872 1623 1625 881 953 1641 1643 962
          1623 1624 1626 1625 1641 1642 1644 1643
          881 1625 1627 890 962 1643 1645 971
          1625 1626 1628 1627 1643 1644 1646 1645
          907 1629 1630 908 988 1647 1648 989
          1629 1631 1632 1630 1647 1649 1650 1648
          908 1630 1633 917 989 1648 1651 998
          1630 1632 1634 1633 1648 1650 1652 1651
          917 1633 1635 926 998 1651 1653 1007
          1633 1634 1636 1635 1651 1652 1654 1653
          926 1635 1637 935 1007 1653 1655 1016
          1635 1636 1638 1637 1653 1654 1656 1655
          935 1637 1639 944 1016 1655 1657 1025
          1637 1638 1640 1639 1655 1656 1658 1657
          944 1639 1641 953 1025 1657 1659 1034
          1639 1640 1642 1641 1657 1658 1660 1659
          953 1641 1643 962 1034 1659 1661 1043
          1641 1642 1644 1643 1659 1660 1662 1661
          962 1643 1645 971 1043 1661 1663 1052
          1643 1644 1646 1645 1661 1662 1664 1663
          988 1647 1648 989 1069 1665 1666 1070
          1647 1649 1650 1648 1665 1667 1668 1666
          989 1648 1651 998 1070 1666 1669 1079
          1648 1650 1652 1651 1666 1668 1670 1669
          998 1651 1653 1007 1079 1669 1671 1088
          1651 1652 1654 1653 1669 1670 1672 1671
          1007 1653 1655 1016 1088 1671 1673 1097
          1653 1654 1656 1655 1671 1672 1674 1673
          1016 1655 1657 1025 1097 1673 1675 1106
          1655 1656 1658 1657 1673 1674 1676 1675
          1025 1657 1659 1034 1106 1675 1677 1115
          1657 1658 1660 1659 1675 1676 1678 1677
          1034 1659 1661 1043 1115 1677 1679 1124
          1659 1660 1662 1661 1677 1678 1680 1679
          1043 1661 1663 1052 1124 1679 1681 1133
          1661 1662 1664 1663 1679 1680 1682 1681
          1069 1665 1666 1070 1150 1683 1684 1151
          1665 1667 1668 1666 1683 1685 1686 1684
          1070 1666 1669 1079 1151 1684 1687 1160
          1666 1668 1670 1669 1684 1686 1688 1687
          1079 1669 1671 1088 1160 1687 1689 1169
          1669 1670 1672 1671 1687 1688 1690 1689
          1088 1671 1673 1097 1169 1689 1691 1178
          1671 1672 1674 1673 1689 1690 1692 1691
          1097 1673 1675 1106 1178 1691 1693 1187
          1673 1674 1676 1675 1691 1692 1694 1693
          1106 1675 1677 1115 1187 1693 1695 1196
          1675 1676 1678 1677 1693 1694 1696 1695
          1115 1677 1679 1124 1196 1695 1697 1205
          1677 1678 1680 1679 1695 1696 1698 1697
          1124 1679 1681 1133 1205 1697 1699 1214
          1679 1680 1682 1681 1697 1698 1700 1699
          160 1295 1701 158 161 1296 1702 159
          1295 1297 1703 1701 1296 1298 1704 1702
          1297 1299 1705 1703 1298 1300 1706 1704
          1299 1301 1707 1705 1300 1302 1708 1706
          1301 1303 1709 1707 1302 1304 1710 1708
          158 1701 1711 156 159 1702 1712 157
          1701 1703 1713 1711 1702 1704 1714 1712
          1703 1705 1715 1713 1704 1706 1716 1714
          1705 1707 1717 1715 1706 1708 1718 1716
          1707 1709 1719 1717 1708 1710 1720 1718
          156 1711 1721 154 157 1712 1722 155
          1711 1713 1723 1721 1712 1714 1724 1722
          1713 1715 1725 1723 1714 1716 1726 1724
          1715 1717 1727 1725 1716 1718 1728 1726
          1717 1719 1729 1727 1718 1720 1730 1728
          154 1721 1731 152 155 1722 1732 153
          1721 1723 1733 1731 1722 1724 1734 1732
          1723 1725 1735 1733 1724 1726 1736 1734
          1725 1727 1737 1735 1726 1728 1738 1736
          1727 1729 1739 1737 1728 1730 1740 1738
          152 1731 1741 150 153 1732 1742 151
          1731 1733 1743 1741 1732 1734 1744 1742
          1733 1735 1745 1743 1734 1736 1746 1744
          1735 1737 1747 1745 1736 1738 1748 1746
          1737 1739 1749 1747 1738 1740 1750 1748
          150 1741 1751 148 151 1742 1752 149
          1741 1743 1753 1751 1742 1744 1754 1752
          1743 1745 1755 1753 1744 1746 1756 1754
          1745 1747 1757 1755 1746 1748 1758 1756
          1747 1749 1759 1757 1748 1750 1760 1758
          148 1751 1761 144 149 1752 1762 146
          1751 1753 1763 1761 1752 1754 1764 1762
          1753 1755 1765 1763 1754 1756 1766 1764
          1755 1757 1767 1765 1756 1758 1768 1766
          1757 1759 1769 1767 1758 1760 1770 1768
          144 1761 1771 145 146 1762 1772 147
          1761 1763 1773 1771 1762 1764 1774 1772
          1763 1765 1775 1773 1764 1766 1776 1774
          1765 1767 1777 1775 1766 1768 1778 1776
          1767 1769 1779 1777 1768 1770 1780 1778
          161 1296 1702 159 242 1345 1781 241
          1296 1298 1704 1702 1345 1346 1782 1781
          1298 1300 1706 1704 1346 1347 1783 1782
          1300 1302 1708 1706 1347 1348 1784 1783
          1302 1304 1710 1708 1348 1349 1785 1784
          159 1702 1712 157 241 1781 1786 240
          1702 1704 1714 1712 1781 1782 1787 1786
          1704 1706 1716 1714 1782 1783 1788 1787
          1706 1708 1718 1716 1783 1784 1789 1788
          1708 1710 1720 1718 1784 1785 1790 1789
          157 1712 1722 155 240 1786 1791 239
          1712 1714 1724 1722 1786 1787 1792 1791
          1714 1716 1726 1724 1787 1788 1793 1792
          1716 1718 1728 1726 1788 1789 1794 1793
          1718 1720 1730 1728 1789 1790 1795 1794
          155 1722 1732 153 239 1791 1796 238
          1722 1724 1734 1732 1791 1792 1797 1796
          1724 1726 1736 1734 1792 1793 1798 1797
          1726 1728 1738 1736 1793 1794 1799 1798
          1728 1730 1740 1738 1794 1795 1800 1799
          153 1732 1742 151 238 1796 1801 237
          1732 1734 1744 1742 1796 1797 1802 1801
          1734 1736 1746 1744 1797 1798 1803 1802
          1736 1738 1748 1746 1798 1799 1804 1803
          1738 1740 1750 1748 1799 1800 1805 1804
          151 1742 1752 149 237 1801 1806 236
          1742 1744 1754 1752 1801 1802 1807 1806
          1744 1746 1756 1754 1802 1803 1808 1807
          1746 1748 1758 1756 1803 1804 1809 1808
          1748 1750 1760 1758 1804 1805 1810 1809
          149 1752 1762 146 236 1806 1811 234
          1752 1754 1764 1762 1806 1807 1812 1811
          1754 1756 1766 1764 1807 1808 1813 1812
          1756 1758 1768 1766 1808 1809 1814 1813
          1758 1760 1770 1768 1809 1810 1815 1814
          146 1762 1772 147 234 1811 1816 235
          1762 1764 1774 1772 1811 1812 1817 1816
          1764 1766 1776 1774 1812 1813 1818 1817
          1766 1768 1778 1776 1813 1814 1819 1818
          1768 1770 1780 1778 1814 1815 1820 1819
          242 1345 1781 241 323 1390 1821 322
          1345 1346 1782 1781 1390 1391 1822 1821
          1346 1347 1783 1782 1391 1392 1823 1822
          1347 1348 1784 1783 1392 1393 1824 1823
          1348 1349 1785 1784 1393 1394 1825 1824
          241 1781 1786 240 322 1821 1826 321
          1781 1782 1787 1786 1821 1822 1827 1826
          1782 1783 1788 1787 1822 1823 1828 1827
          1783 1784 1789 1788 1823 1824 1829 1828
          1784 1785 1790 1789 1824 1825 1830 1829
          240 1786 1791 239 321 1826 1831 320
          1786 1787 1792 1791 1826 1827 1832 1831
          1787 1788 1793 1792 1827 1828 1833 1832
          1788 1789 1794 1793 1828 1829 1834 1833
          1789 1790 1795 1794 1829 1830 1835 1834
          239 1791 1796 238 320 1831 1836 319
          1791 1792 1797 1796 1831 1832 1837 1836
          1792 1793 1798 1797 1832 1833 1838 1837
          1793 1794 1799 1798 1833 1834 1839 1838
          1794 1795 1800 1799 1834 1835 1840 1839
          238 1796 1801 237 319 1836 1841 318
          1796 1797 1802 1801 1836 1837 1842 1841
          1797 1798 1803 1802 1837 1838 1843 1842
          1798 1799 1804 1803 1838 1839 1844 1843
          1799 1800 1805 1804 1839 1840 1845 1844
          237 1801 1806 236 318 1841 1846 317
          1801 1802 1807 1806 1841 1842 1847 1846
          1802 1803 1808 1807 1842 1843 1848 1847
          1803 1804 1809 1808 1843 1844 1849 1848
          1804 1805 1810 1809 1844 1845 1850 1849
          236 1806 1811 234 317 1846 1851 315
          1806 1807 1812 1811 1846 1847 1852 1851
          1807 1808 1813 1812 1847 1848 1853 1852
          1808 1809 1814 1813 1848 1849 1854 1853
          1809 1810 1815 1814 1849 1850 1855 1854
          234 1811 1816 235 315 1851 1856 316
          1811 1812 1817 1816 1851 1852 1857 1856
          1812 1813 1818 1817 1852 1853 1858 1857
          1813 1814 1819 1818 1853 1854 1859 1858
          1814 1815 1820 1819 1854 1855 1860 1859
          323 1390 1821 322 404 1435 1861 403
          1390 1391 1822 1821 1435 1436 1862 1861
          1391 1392 1823 1822 1436 1437 1863 1862
          1392 1393 1824 1823 1437 1438 1864 1863
          1393 1394 1825 1824 1438 1439 1865 1864
          322 1821 1826 321 403 1861 1866 402
          1821 1822 1827 1826 1861 1862 1867 1866
          1822 1823 1828 1827 1862 1863 1868 1867
          1823 1824 1829 1828 1863 1864 1869 1868
          1824 1825 1830 1829 1864 1865 1870 1869
          321 1826 1831 320 402 1866 1871 401
          1826 1827 1832 1831 1866 1867 1872 1871
          1827 1828 1833 1832 1867 1868 1873 1872
          1828 1829 1834 1833 1868 1869 1874 1873
          1829 1830 1835 1834 1869 1870 1875 1874
          320 1831 1836 319 401 1871 1876 400
          1831 1832 1837 1836 1871 1872 1877 1876
          1832 1833 1838 1837 1872 1873 1878 1877
          1833 1834 1839 1838 1873 1874 1879 1878
          1834 1835 1840 1839 1874 1875 1880 1879
          319 1836 1841 318 400 1876 1881 399
          1836 1837 1842 1841 1876 1877 1882 1881
          1837 1838 1843 1842 1877 1878 1883 1882
          1838 1839 1844 1843 1878 1879 1884 1883
          1839 1840 1845 1844 1879 1880 1885 1884
          318 1841 1846 317 399 1881 1886 398
          1841 1842 1847 1846 1881 1882 1887 1886
          1842 1843 1848 1847 1882 1883 1888 1887
          1843 1844 1849 1848 1883 1884 1889 1888
          1844 1845 1850 1849 1884 1885 1890 1889
          317 1846 1851 315 398 1886 1891 396
          1846 1847 1852 1851 1886 1887 1892 1891
          1847 1848 1853 1852 1887 1888 1893 1892
          1848 1849 1854 1853 1888 1889 1894 1893
          1849 1850 1855 1854 1889 1890 1895 1894
          315 1851 1856 316 396 1891 1896 397
          1851 1852 1857 1856 1891 1892 1897 1896
          1852 1853 1858 1857 1892 1893 1898 1897
          1853 1854 1859 1858 1893 1894 1899 1898
          1854 1855 1860 1859 1894 1895 1900 1899
          404 1435 1861 403 485 1480 1901 484
          1435 1436 1862 1861 1480 1481 1902 1901
          1436 1437 1863 1862 1481 1482 1903 1902
          1437 1438 1864 1863 1482 1483 1904 1903
          1438 1439 1865 1864 1483 1484 1905 1904
          403 1861 1866 402 484 1901 1906 483
          1861 1862 1867 1866 1901 1902 1907 1906
          1862 1863 1868 1867 1902 1903 1908 1907
          1863 1864 1869 1868 1903 1904 1909 1908
          1864 1865 1870 1869 1904 1905 1910 1909
          402 1866 1871 401 483 1906 1911 482
          1866 1867 1872 1871 1906 1907 1912 1911
          1867 1868 1873 1872 1907 1908 1913 1912
          1868 1869 1874 1873 1908 1909 1914 1913
          1869 1870 1875 1874 1909 1910 1915 1914
          401 1871 1876 400 482 1911 1916 481
          1871 1872 1877 1876 1911 1912 1917 1916
          1872 1873 1878 1877 1912 1913 1918 1917
          1873 1874 1879 1878 1913 1914 1919 1918
          1874 1875 1880 1879 1914 1915 1920 1919
          400 1876 1881 399 481 1916 1921 480
          1876 1877 1882 1881 1916 1917 1922 1921
          1877 1878 1883 1882 1917 1918 1923 1922
          1878 1879 1884 1883 1918 1919 1924 1923
          1879 1880 1885 1884 1919 1920 1925 1924
          399 1881 1886 398 480 1921 1926 479
          1881 1882 1887 1886 1921 1922 1927 1926
          1882 1883 1888 1887 1922 1923 1928 1927
          1883 1884 1889 1888 1923 1924 1929 1928
          1884 1885 1890 1889 1924 1925 1930 1929
          398 1886 1891 396 479 1926 1931 477
          1886 1887 1892 1891 1926 1927 1932 1931
          1887 1888 1893 1892 1927 1928 1933 1932
          1888 1889 1894 1893 1928 1929 1934 1933
          1889 1890 1895 1894 1929 1930 1935 1934
          396 1891 1896 397 477 1931 1936 478
          1891 1892 1897 1896 1931 1932 1937 1936
          1892 1893 1898 1897 1932 1933 1938 1937
          1893 1894 1899 1898 1933 1934 1939 1938
          1894 1895 1900 1899 1934 1935 1940 1939
          485 1480 1901 484 566 1525 1941 565
          1480 1481 1902 1901 1525 1526 1942 1941
          1481 1482 1903 1902 1526 1527 1943 1942
          1482 1483 1904 1903 1527 1528 1944 1943
          1483 1484 1905 1904 1528 1529 1945 1944
          484 1901 1906 483 565 1941 1946 564
          1901 1902 1907 1906 1941 1942 1947 1946
          1902 1903 1908 1907 1942 1943 1948 1947
          1903 1904 1909 1908 1943 1944 1949 1948
          1904 1905 1910 1909 1944 1945 1950 1949
          483 1906 1911 482 564 1946 1951 563
          1906 1907 1912 1911 1946 1947 1952 1951
          1907 1908 1913 1912 1947 1948 1953 1952
          1908 1909 1914 1913 1948 1949 1954 1953
          1909 1910 1915 1914 1949 1950 1955 1954
          482 1911 1916 481 563 1951 1956 562
          1911 1912 1917 1916 1951 1952 1957 1956
          1912 1913 1918 1917 1952 1953 1958 1957
          1913 1914 1919 1918 1953 1954 1959 1958
          1914 1915 1920 1919 1954 1955 1960 1959
          481 1916 1921 480 562 1956 1961 561
          1916 1917 1922 1921 1956 1957 1962 1961
          1917 1918 1923 1922 1957 1958 1963 1962
          1918 1919 1924 1923 1958 1959 1964 1963
          1919 1920 1925 1924 1959 1960 1965 1964
          480 1921 1926 479 561 1961 1966 560
          1921 1922 1927 1926 1961 1962 1967 1966
          1922 1923 1928 1927 1962 1963 1968 1967
          1923 1924 1929 1928 1963 1964 1969 1968
          1924 1925 1930 1929 1964 1965 1970 1969
          479 1926 1931 477 560 1966 1971 558
          1926 1927 1932 1931 1966 1967 1972 1971
          1927 1928 1933 1932 1967 1968 1973 1972
          1928 1929 1934 1933 1968 1969 1974 1973
          1929 1930 1935 1934 1969 1970 1975 1974
          477 1931 1936 478 558 1971 1976 559
          1931 1932 1937 1936 1971 1972 1977 1976
          1932 1933 1938 1937 1972 1973 1978 1977
          1933 1934 1939 1938 1973 1974 1979 1978
          1934 1935 1940 1939 1974 1975 1980 1979
          566 1525 1941 565 647 1570 1981 646
          1525 1526 1942 1941 1570 1571 1982 1981
          1526 1527 1943 1942 1571 1572 1983 1982
          1527 1528 1944 1943 1572 1573 1984 1983
          1528 1529 1945 1944 1573 1574 1985 1984
          565 1941 1946 564 646 1981 1986 645
          1941 1942 1947 1946 1981 1982 1987 1986
          1942 1943 1948 1947 1982 1983 1988 1987
          1943 1944 1949 1948 1983 1984 1989 1988
          1944 1945 1950 1949 1984 1985 1990 1989
          564 1946 1951 563 645 1986 1991 644
          1946 1947 1952 1951 1986 1987 1992 1991
          1947 1948 1953 1952 1987 1988 1993 1992
          1948 1949 1954 1953 1988 1989 1994 1993
          1949 1950 1955 1954 1989 1990 1995 1994
          563 1951 1956 562 644 1991 1996 643
          1951 1952 1957 1956 1991 1992 1997 1996
          1952 1953 1958 1957 1992 1993 1998 1997
          1953 1954 1959 1958 1993 1994 1999 1998
          1954 1955 1960 1959 1994 1995 2000 1999
          562 1956 1961 561 643 1996 2001 642
          1956 1957 1962 1961 1996 1997 2002 2001
          1957 1958 1963 1962 1997 1998 2003 2002
          1958 1959 1964 1963 1998 1999 2004 2003
          1959 1960 1965 1964 1999 2000 2005 2004
          561 1961 1966 560 642 2001 2006 641
          1961 1962 1967 1966 2001 2002 2007 2006
          1962 1963 1968 1967 2002 2003 2008 2007
          1963 1964 1969 1968 2003 2004 2009 2008
          1964 1965 1970 1969 2004 2005 2010 2009
          560 1966 1971 558 641 2006 2011 639
          1966 1967 1972 1971 2006 2007 2012 2011
          1967 1968 1973 1972 2007 2008 2013 2012
          1968 1969 1974 1973 2008 2009 2014 2013
          1969 1970 1975 1974 2009 2010 2015 2014
          558 1971 1976 559 639 2011 2016 640
          1971 1972 1977 1976 2011 2012 2017 2016
          1972 1973 1978 1977 2012 2013 2018 2017
          1973 1974 1979 1978 2013 2014 2019 2018
          1974 1975 1980 1979 2014 2015 2020 2019
          647 1570 1981 646 728 1591 2021 727
          1570 1571 1982 1981 1591 1592 2022 2021
          646 1981 1986 645 727 2021 2023 726
          1981 1982 1987 1986 2021 2022 2024 2023
          645 1986 1991 644 726 2023 2025 725
          1986 1987 1992 1991 2023 2024 2026 2025
          644 1991 1996 643 725 2025 2027 724
          1991 1992 1997 1996 2025 2026 2028 2027
          643 1996 2001 642 724 2027 2029 723
          1996 1997 2002 2001 2027 2028 2030 2029
          642 2001 2006 641 723 2029 2031 722
          2001 2002 2007 2006 2029 2030 2032 2031
          641 2006 2011 639 722 2031 2033 720
          2006 2007 2012 2011 2031 2032 2034 2033
          639 2011 2016 640 720 2033 2035 721
          2011 2012 2017 2016 2033 2034 2036 2035
          728 1591 2021 727 809 1609 2037 808
          1591 1592 2022 2021 1609 1610 2038 2037
          727 2021 2023 726 808 2037 2039 807
          2021 2022 2024 2023 2037 2038 2040 2039
          726 2023 2025 725 807 2039 2041 806
          2023 2024 2026 2025 2039 2040 2042 2041
          725 2025 2027 724 806 2041 2043 805
          2025 2026 2028 2027 2041 2042 2044 2043
          724 2027 2029 723 805 2043 2045 804
          2027 2028 2030 2029 2043 2044 2046 2045
          723 2029 2031 722 804 2045 2047 803
          2029 2030 2032 2031 2045 2046 2048 2047
          722 2031 2033 720 803 2047 2049 801
          2031 2032 2034 2033 2047 2048 2050 2049
          720 2033 2035 721 801 2049 2051 802
          2033 2034 2036 2035 2049 2050 2052 2051
          809 1609 2037 808 890 1627 2053 889
          1609 1610 2038 2037 1627 1628 2054 2053
          808 2037 2039 807 889 2053 2055 888
          2037 2038 2040 2039 2053 2054 2056 2055
          807 2039 2041 806 888 2055 2057 887
          2039 2040 2042 2041 2055 2056 2058 2057
          806 2041 2043 805 887 2057 2059 886
          2041 2042 2044 2043 2057 2058 2060 2059
          805 2043 2045 804 886 2059 2061 885
          2043 2044 2046 2045 2059 2060 2062 2061
          804 2045 2047 803 885 2061 2063 884
          2045 2046 2048 2047 2061 2062 2064 2063
          803 2047 2049 801 884 2063 2065 882
          2047 2048 2050 2049 2063 2064 2066 2065
          801 2049 2051 802 882 2065 2067 883
          2049 2050 2052 2051 2065 2066 2068 2067
          890 1627 2053 889 971 1645 2069 970
          1627 1628 2054 2053 1645 1646 2070 2069
          889 2053 2055 888 970 2069 2071 969
          2053 2054 2056 2055 2069 2070 2072 2071
          888 2055 2057 887 969 2071 2073 968
          2055 2056 2058 2057 2071 2072 2074 2073
          887 2057 2059 886 968 2073 2075 967
          2057 2058 2060 2059 2073 2074 2076 2075
          886 2059 2061 885 967 2075 2077 966
          2059 2060 2062 2061 2075 2076 2078 2077
          885 2061 2063 884 966 2077 2079 965
          2061 2062 2064 2063 2077 2078 2080 2079
          884 2063 2065 882 965 2079 2081 963
          2063 2064 2066 2065 2079 2080 2082 2081
          882 2065 2067 883 963 2081 2083 964
          2065 2066 2068 2067 2081 2082 2084 2083
          971 1645 2069 970 1052 1663 2085 1051
          1645 1646 2070 2069 1663 1664 2086 2085
          970 2069 2071 969 1051 2085 2087 1050
          2069 2070 2072 2071 2085 2086 2088 2087
          969 2071 2073 968 1050 2087 2089 1049
          2071 2072 2074 2073 2087 2088 2090 2089
          968 2073 2075 967 1049 2089 2091 1048
          2073 2074 2076 2075 2089 2090 2092 2091
          967 2075 2077 966 1048 2091 2093 1047
          2075 2076 2078 2077 2091 2092 2094 2093
          966 2077 2079 965 1047 2093 2095 1046
          2077 2078 2080 2079 2093 2094 2096 2095
          965 2079 2081 963 1046 2095 2097 1044
          2079 2080 2082 2081 2095 2096 2098 2097
          963 2081 2083 964 1044 2097 2099 1045
          2081 2082 2084 2083 2097 2098 2100 2099
          1052 1663 2085 1051 1133 1681 2101 1132
          1663 1664 2086 2085 1681 1682 2102 2101
          1051 2085 2087 1050 1132 2101 2103 1131
          2085 2086 2088 2087 2101 2102 2104 2103
          1050 2087 2089 1049 1131 2103 2105 1130
          2087 2088 2090 2089 2103 2104 2106 2105
          1049 2089 2091 1048 1130 2105 2107 1129
          2089 2090 2092 2091 2105 2106 2108 2107
          1048 2091 2093 1047 1129 2107 2109 1128
          2091 2092 2094 2093 2107 2108 2110 2109
          1047 2093 2095 1046 1128 2109 2111 1127
          2093 2094 2096 2095 2109 2110 2112 2111
          1046 2095 2097 1044 1127 2111 2113 1125
          2095 2096 2098 2097 2111 2112 2114 2113
          1044 2097 2099 1045 1125 2113 2115 1126
          2097 2098 2100 2099 2113 2114 2116 2115
          1133 1681 2101 1132 1214 1699 2117 1213
          1681 1682 2102 2101 1699 1700 2118 2117
          1132 2101 2103 1131 1213 2117 2119 1212
          2101 2102 2104 2103 2117 2118 2120 2119
          1131 2103 2105 1130 1212 2119 2121 1211
          2103 2104 2106 2105 2119 2120 2122 2121
          1130 2105 2107 1129 1211 2121 2123 1210
          2105 2106 2108 2107 2121 2122 2124 2123
          1129 2107 2109 1128 1210 2123 2125 1209
          2107 2108 2110 2109 2123 2124 2126 2125
          1128 2109 2111 1127 1209 2125 2127 1208
          2109 2110 2112 2111 2125 2126 2128 2127
          1127 2111 2113 1125 1208 2127 2129 1206
          2111 2112 2114 2113 2127 2128 2130 2129
          1125 2113 2115 1126 1206 2129 2131 1207
          2113 2114 2116 2115 2129 2130 2132 2131
          145 1771 2133 127 147 1772 2134 129
          1771 1773 2135 2133 1772 1774 2136 2134
          1773 1775 2137 2135 1774 1776 2138 2136
          1775 1777 2139 2137 1776 1778 2140 2138
          1777 1779 2141 2139 1778 1780 2142 2140
          127 2133 2143 109 129 2134 2144 111
          2133 2135 2145 2143 2134 2136 2146 2144
          2135 2137 2147 2145 2136 2138 2148 2146
          2137 2139 2149 2147 2138 2140 2150 2148
          2139 2141 2151 2149 2140 2142 2152 2150
          109 2143 2153 91 111 2144 2154 93
          2143 2145 2155 2153 2144 2146 2156 2154
          2145 2147 2157 2155 2146 2148 2158 2156
          2147 2149 2159 2157 2148 2150 2160 2158
          2149 2151 2161 2159 2150 2152 2162 2160
          91 2153 2163 73 93 2154 2164 75
          2153 2155 2165 2163 2154 2156 2166 2164
          2155 2157 2167 2165 2156 2158 2168 2166
          2157 2159 2169 2167 2158 2160 2170 2168
          2159 2161 2171 2169 2160 2162 2172 2170
          73 2163 2173 55 75 2164 2174 57
          2163 2165 2175 2173 2164 2166 2176 2174
          2165 2167 2177 2175 2166 2168 2178 2176
          2167 2169 2179 2177 2168 2170 2180 2178
          2169 2171 2181 2179 2170 2172 2182 2180
          55 2173 2183 37 57 2174 2184 39
          2173 2175 2185 2183 2174 2176 2186 2184
          2175 2177 2187 2185 2176 2178 2188 2186
          2177 2179 2189 2187 2178 2180 2190 2188
          2179 2181 2191 2189 2180 2182 2192 2190
          37 2183 2193 3 39 2184 2194 7
          2183 2185 2195 2193 2184 2186 2196 2194
          2185 2187 2197 2195 2186 2188 2198 2196
          2187 2189 2199 2197 2188 2190 2200 2198
          2189 2191 2201 2199 2190 2192 2202 2200
          3 2193 2203 0 7 2194 2204 4
          2193 2195 2205 2203 2194 2196 2206 2204
          2195 2197 2207 2205 2196 2198 2208 2206
          2197 2199 2209 2207 2198 2200 2210 2208
          2199 2201 2211 2209 2200 2202 2212 2210
          147 1772 2134 129 235 1816 2213 226
          1772 1774 2136 2134 1816 1817 2214 2213
          1774 1776 2138 2136 1817 1818 2215 2214
          1776 1778 2140 2138 1818 1819 2216 2215
          1778 1780 2142 2140 1819 1820 2217 2216
          129 2134 2144 111 226 2213 2218 217
          2134 2136 2146 2144 2213 2214 2219 2218
          2136 2138 2148 2146 2214 2215 2220 2219
          2138 2140 2150 2148 2215 2216 2221 2220
          2140 2142 2152 2150 2216 2217 2222 2221
          111 2144 2154 93 217 2218 2223 208
          2144 2146 2156 2154 2218 2219 2224 2223
          2146 2148 2158 2156 2219 2220 2225 2224
          2148 2150 2160 2158 2220 2221 2226 2225
          2150 2152 2162 2160 2221 2222 2227 2226
          93 2154 2164 75 208 2223 2228 199
          2154 2156 2166 2164 2223 2224 2229 2228
          2156 2158 2168 2166 2224 2225 2230 2229
          2158 2160 2170 2168 2225 2226 2231 2230
          2160 2162 2172 2170 2226 2227 2232 2231
          75 2164 2174 57 199 2228 2233 190
          2164 2166 2176 2174 2228 2229 2234 2233
          2166 2168 2178 2176 2229 2230 2235 2234
          2168 2170 2180 2178 2230 2231 2236 2235
          2170 2172 2182 2180 2231 2232 2237 2236
          57 2174 2184 39 190 2233 2238 181
          2174 2176 2186 2184 2233 2234 2239 2238
          2176 2178 2188 2186 2234 2235 2240 2239
          2178 2180 2190 2188 2235 2236 2241 2240
          2180 2182 2192 2190 2236 2237 2242 2241
          39 2184 2194 7 181 2238 2243 165
          2184 2186 2196 2194 2238 2239 2244 2243
          2186 2188 2198 2196 2239 2240 2245 2244
          2188 2190 2200 2198 2240 2241 2246 2245
          2190 2192 2202 2200 2241 2242 2247 2246
          7 2194 2204 4 165 2243 2248 162
          2194 2196 2206 2204 2243 2244 2249 2248
          2196 2198 2208 2206 2244 2245 2250 2249
          2198 2200 2210 2208 2245 2246 2251 2250
          2200 2202 2212 2210 2246 2247 2252 2251
          235 1816 2213 226 316 1856 2253 307
          1816 1817 2214 2213 1856 1857 2254 2253
          1817 1818 2215 2214 1857 1858 2255 2254
          1818 1819 2216 2215 1858 1859 2256 2255
          1819 1820 2217 2216 1859 1860 2257 2256
          226 2213 2218 217 307 2253 2258 298
          2213 2214 2219 2218 2253 2254 2259 2258
          2214 2215 2220 2219 2254 2255 2260 2259
          2215 2216 2221 2220 2255 2256 2261 2260
          2216 2217 2222 2221 2256 2257 2262 2261
          217 2218 2223 208 298 2258 2263 289
          2218 2219 2224 2223 2258 2259 2264 2263
          2219 2220 2225 2224 2259 2260 2265 2264
          2220 2221 2226 2225 2260 2261 2266 2265
          2221 2222 2227 2226 2261 2262 2267 2266
          208 2223 2228 199 289 2263 2268 280
          2223 2224 2229 2228 2263 2264 2269 2268
          2224 2225 2230 2229 2264 2265 2270 2269
          2225 2226 2231 2230 2265 2266 2271 2270
          2226 2227 2232 2231 2266 2267 2272 2271
          199 2228 2233 190 280 2268 2273 271
          2228 2229 2234 2233 2268 2269 2274 2273
          2229 2230 2235 2234 2269 2270 2275 2274
          2230 2231 2236 2235 2270 2271 2276 2275
          2231 2232 2237 2236 2271 2272 2277 2276
          190 2233 2238 181 271 2273 2278 262
          2233 2234 2239 2238 2273 2274 2279 2278
          2234 2235 2240 2239 2274 2275 2280 2279
          2235 2236 2241 2240 2275 2276 2281 2280
          2236 2237 2242 2241 2276 2277 2282 2281
          181 2238 2243 165 262 2278 2283 246
          2238 2239 2244 2243 2278 2279 2284 2283
          2239 2240 2245 2244 2279 2280 2285 2284
          2240 2241 2246 2245 2280 2281 2286 2285
          2241 2242 2247 2246 2281 2282 2287 2286
          165 2243 2248 162 246 2283 2288 243
          2243 2244 2249 2248 2283 2284 2289 2288
          2244 2245 2250 2249 2284 2285 2290 2289
          2245 2246 2251 2250 2285 2286 2291 2290
          2246 2247 2252 2251 2286 2287 2292 2291
          316 1856 2253 307 397 1896 2293 388
          1856 1857 2254 2253 1896 1897 2294 2293
          1857 1858 2255 2254 1897 1898 2295 2294
          1858 1859 2256 2255 1898 1899 2296 2295
          1859 1860 2257 2256 1899 1900 2297 2296
          307 2253 2258 298 388 2293 2298 379
          2253 2254 2259 2258 2293 2294 2299 2298
          2254 2255 2260 2259 2294 2295 2300 2299
          2255 2256 2261 2260 2295 2296 2301 2300
          2256 2257 2262 2261 2296 2297 2302 2301
          298 2258 2263 289 379 2298 2303 370
          2258 2259 2264 2263 2298 2299 2304 2303
          2259 2260 2265 2264 2299 2300 2305 2304
          2260 2261 2266 2265 2300 2301 2306 2305
          2261 2262 2267 2266 2301 2302 2307 2306
          289 2263 2268 280 370 2303 2308 361
          2263 2264 2269 2268 2303 2304 2309 2308
          2264 2265 2270 2269 2304 2305 2310 2309
          2265 2266 2271 2270 2305 2306 2311 2310
          2266 2267 2272 2271 2306 2307 2312 2311
          280 2268 2273 271 361 2308 2313 352
          2268 2269 2274 2273 2308 2309 2314 2313
          2269 2270 2275 2274 2309 2310 2315 2314
          2270 2271 2276 2275 2310 2311 2316 2315
          2271 2272 2277 2276 2311 2312 2317 2316
          271 2273 2278 262 352 2313 2318 343
          2273 2274 2279 2278 2313 2314 2319 2318
          2274 2275 2280 2279 2314 2315 2320 2319
          2275 2276 2281 2280 2315 2316 2321 2320
          2276 2277 2282 2281 2316 2317 2322 2321
          262 2278 2283 246 343 2318 2323 327
          2278 2279 2284 2283 2318 2319 2324 2323
          2279 2280 2285 2284 2319 2320 2325 2324
          2280 2281 2286 2285 2320 2321 2326 2325
          2281 2282 2287 2286 2321 2322 2327 2326
          246 2283 2288 243 327 2323 2328 324
          2283 2284 2289 2288 2323 2324 2329 2328
          2284 2285 2290 2289 2324 2325 2330 2329
          2285 2286 2291 2290 2325 2326 2331 2330
          2286 2287 2292 2291 2326 2327 2332 2331
          397 1896 2293 388 478 1936 2333 469
          1896 1897 2294 2293 1936 1937 2334 2333
          1897 1898 2295 2294 1937 1938 2335 2334
          1898 1899 2296 2295 1938 1939 2336 2335
          1899 1900 2297 2296 1939 1940 2337 2336
          388 2293 2298 379 469 2333 2338 460
          2293 2294 2299 2298 2333 2334 2339 2338
          2294 2295 2300 2299 2334 2335 2340 2339
          2295 2296 2301 2300 2335 2336 2341 2340
          2296 2297 2302 2301 2336 2337 2342 2341
          379 2298 2303 370 460 2338 2343 451
          2298 2299 2304 2303 2338 2339 2344 2343
          2299 2300 2305 2304 2339 2340 2345 2344
          2300 2301 2306 2305 2340 2341 2346 2345
          2301 2302 2307 2306 2341 2342 2347 2346
          370 2303 2308 361 451 2343 2348 442
          2303 2304 2309 2308 2343 2344 2349 2348
          2304 2305 2310 2309 2344 2345 2350 2349
          2305 2306 2311 2310 2345 2346 2351 2350
          2306 2307 2312 2311 2346 2347 2352 2351
          361 2308 2313 352 442 2348 2353 433
          2308 2309 2314 2313 2348 2349 2354 2353
          2309 2310 2315 2314 2349 2350 2355 2354
          2310 2311 2316 2315 2350 2351 2356 2355
          2311 2312 2317 2316 2351 2352 2357 2356
          352 2313 2318 343 433 2353 2358 424
          2313 2314 2319 2318 2353 2354 2359 2358
          2314 2315 2320 2319 2354 2355 2360 2359
          2315 2316 2321 2320 2355 2356 2361 2360
          2316 2317 2322 2321 2356 2357 2362 2361
          343 2318 2323 327 424 2358 2363 408
          2318 2319 2324 2323 2358 2359 2364 2363
          2319 2320 2325 2324 2359 2360 2365 2364
          2320 2321 2326 2325 2360 2361 2366 2365
          2321 2322 2327 2326 2361 2362 2367 2366
          327 2323 2328 324 408 2363 2368 405
          2323 2324 2329 2328 2363 2364 2369 2368
          2324 2325 2330 2329 2364 2365 2370 2369
          2325 2326 2331 2330 2365 2366 2371 2370
          2326 2327 2332 2331 2366 2367 2372 2371
          478 1936 2333 469 559 1976 2373 550
          1936 1937 2334 2333 1976 1977 2374 2373
          1937 1938 2335 2334 1977 1978 2375 2374
          1938 1939 2336 2335 1978 1979 2376 2375
          1939 1940 2337 2336 1979 1980 2377 2376
          469 2333 2338 460 550 2373 2378 541
          2333 2334 2339 2338 2373 2374 2379 2378
          2334 2335 2340 2339 2374 2375 2380 2379
          2335 2336 2341 2340 2375 2376 2381 2380
          2336 2337 2342 2341 2376 2377 2382 2381
          460 2338 2343 451 541 2378 2383 532
          2338 2339 2344 2343 2378 2379 2384 2383
          2339 2340 2345 2344 2379 2380 2385 2384
          2340 2341 2346 2345 2380 2381 2386 2385
          2341 2342 2347 2346 2381 2382 2387 2386
          451 2343 2348 442 532 2383 2388 523
          2343 2344 2349 2348 2383 2384 2389 2388
          2344 2345 2350 2349 2384 2385 2390 2389
          2345 2346 2351 2350 2385 2386 2391 2390
          2346 2347 2352 2351 2386 2387 2392 2391
          442 2348 2353 433 523 2388 2393 514
          2348 2349 2354 2353 2388 2389 2394 2393
          2349 2350 2355 2354 2389 2390 2395 2394
          2350 2351 2356 2355 2390 2391 2396 2395
          2351 2352 2357 2356 2391 2392 2397 2396
          433 2353 2358 424 514 2393 2398 505
          2353 2354 2359 2358 2393 2394 2399 2398
          2354 2355 2360 2359 2394 2395 2400 2399
          2355 2356 2361 2360 2395 2396 2401 2400
          2356 2357 2362 2361 2396 2397 2402 2401
          424 2358 2363 408 505 2398 2403 489
          2358 2359 2364 2363 2398 2399 2404 2403
          2359 2360 2365 2364 2399 2400 2405 2404
          2360 2361 2366 2365 2400 2401 2406 2405
          2361 2362 2367 2366 2401 2402 2407 2406
          408 2363 2368 405 489 2403 2408 486
          2363 2364 2369 2368 2403 2404 2409 2408
          2364 2365 2370 2369 2404 2405 2410 2409
          2365 2366 2371 2370 2405 2406 2411 2410
          2366 2367 2372 2371 2406 2407 2412 2411
          559 1976 2373 550 640 2016 2413 631
          1976 1977 2374 2373 2016 2017 2414 2413
          1977 1978 2375 2374 2017 2018 2415 2414
          1978 1979 2376 2375 2018 2019 2416 2415
          1979 1980 2377 2376 2019 2020 2417 2416
          550 2373 2378 541 631 2413 2418 622
          2373 2374 2379 2378 2413 2414 2419 2418
          2374 2375 2380 2379 2414 2415 2420 2419
          2375 2376 2381 2380 2415 2416 2421 2420
          2376 2377 2382 2381 2416 2417 2422 2421
          541 2378 2383 532 622 2418 2423 613
          2378 2379 2384 2383 2418 2419 2424 2423
          2379 2380 2385 2384 2419 2420 2425 2424
          2380 2381 2386 2385 2420 2421 2426 2425
          2381 2382 2387 2386 2421 2422 2427 2426
          532 2383 2388 523 613 2423 2428 604
          2383 2384 2389 2388 2423 2424 2429 2428
          2384 2385 2390 2389 2424 2425 2430 2429
          2385 2386 2391 2390 2425 2426 2431 2430
          2386 2387 2392 2391 2426 2427 2432 2431
          523 2388 2393 514 604 2428 2433 595
          2388 2389 2394 2393 2428 2429 2434 2433
          2389 2390 2395 2394 2429 2430 2435 2434
          2390 2391 2396 2395 2430 2431 2436 2435
          2391 2392 2397 2396 2431 2432 2437 2436
          514 2393 2398 505 595 2433 2438 586
          2393 2394 2399 2398 2433 2434 2439 2438
          2394 2395 2400 2399 2434 2435 2440 2439
          2395 2396 2401 2400 2435 2436 2441 2440
          2396 2397 2402 2401 2436 2437 2442 2441
          505 2398 2403 489 586 2438 2443 570
          2398 2399 2404 2403 2438 2439 2444 2443
          2399 2400 2405 2404 2439 2440 2445 2444
          2400 2401 2406 2405 2440 2441 2446 2445
          2401 2402 2407 2406 2441 2442 2447 2446
          489 2403 2408 486 570 2443 2448 567
          2403 2404 2409 2408 2443 2444 2449 2448
          2404 2405 2410 2409 2444 2445 2450 2449
          2405 2406 2411 2410 2445 2446 2451 2450
          2406 2407 2412 2411 2446 2447 2452 2451
          640 2016 2413 631 721 2035 2453 712
          2016 2017 2414 2413 2035 2036 2454 2453
          631 2413 2418 622 712 2453 2455 703
          2413 2414 2419 2418 2453 2454 2456 2455
          622 2418 2423 613 703 2455 2457 694
          2418 2419 2424 2423 2455 2456 2458 2457
          613 2423 2428 604 694 2457 2459 685
          2423 2424 2429 2428 2457 2458 2460 2459
          604 2428 2433 595 685 2459 2461 676
          2428 2429 2434 2433 2459 2460 2462 2461
          595 2433 2438 586 676 2461 2463 667
          2433 2434 2439 2438 2461 2462 2464 2463
          586 2438 2443 570 667 2463 2465 651
          2438 2439 2444 2443 2463 2464 2466 2465
          570 2443 2448 567 651 2465 2467 648
          2443 2444 2449 2448 2465 2466 2468 2467
          721 2035 2453 712 802 2051 2469 793
          2035 2036 2454 2453 2051 2052 2470 2469
          712 2453 2455 703 793 2469 2471 784
          2453 2454 2456 2455 2469 2470 2472 2471
          703 2455 2457 694 784 2471 2473 775
          2455 2456 2458 2457 2471 2472 2474 2473
          694 2457 2459 685 775 2473 2475 766
          2457 2458 2460 2459 2473 2474 2476 2475
          685 2459 2461 676 766 2475 2477 757
          2459 2460 2462 2461 2475 2476 2478 2477
          676 2461 2463 667 757 2477 2479 748
          2461 2462 2464 2463 2477 2478 2480 2479
          667 2463 2465 651 748 2479 2481 732
          2463 2464 2466 2465 2479 2480 2482 2481
          651 2465 2467 648 732 2481 2483 729
          2465 2466 2468 2467 2481 2482 2484 2483
          802 2051 2469 793 883 2067 2485 874
          2051 2052 2470 2469 2067 2068 2486 2485
          793 2469 2471 784 874 2485 2487 865
          2469 2470 2472 2471 2485 2486 2488 2487
          784 2471 2473 775 865 2487 2489 856
          2471 2472 2474 2473 2487 2488 2490 2489
          775 2473 2475 766 856 2489 2491 847
          2473 2474 2476 2475 2489 2490 2492 2491
          766 2475 2477 757 847 2491 2493 838
          2475 2476 2478 2477 2491 2492 2494 2493
          757 2477 2479 748 838 2493 2495 829
          2477 2478 2480 2479 2493 2494 2496 2495
          748 2479 2481 732 829 2495 2497 813
          2479 2480 2482 2481 2495 2496 2498 2497
          732 2481 2483 729 813 2497 2499 810
          2481 2482 2484 2483 2497 2498 2500 2499
          883 2067 2485 874 964 2083 2501 955
          2067 2068 2486 2485 2083 2084 2502 2501
          874 2485 2487 865 955 2501 2503 946
          2485 2486 2488 2487 2501 2502 2504 2503
          865 2487 2489 856 946 2503 2505 937
          2487 2488 2490 2489 2503 2504 2506 2505
          856 2489 2491 847 937 2505 2507 928
          2489 2490 2492 2491 2505 2506 2508 2507
          847 2491 2493 838 928 2507 2509 919
          2491 2492 2494 2493 2507 2508 2510 2509
          838 2493 2495 829 919 2509 2511 910
          2493 2494 2496 2495 2509 2510 2512 2511
          829 2495 2497 813 910 2511 2513 894
          2495 2496 2498 2497 2511 2512 2514 2513
          813 2497 2499 810 894 2513 2515 891
          2497 2498 2500 2499 2513 2514 2516 2515
          964 2083 2501 955 1045 2099 2517 1036
          2083 2084 2502 2501 2099 2100 2518 2517
          955 2501 2503 946 1036 2517 2519 1027
          2501 2502 2504 2503 2517 2518 2520 2519
          946 2503 2505 937 1027 2519 2521 1018
          2503 2504 2506 2505 2519 2520 2522 2521
          937 2505 2507 928 1018 2521 2523 1009
          2505 2506 2508 2507 2521 2522 2524 2523
          928 2507 2509 919 1009 2523 2525 1000
          2507 2508 2510 2509 2523 2524 2526 2525
          919 2509 2511 910 1000 2525 2527 991
          2509 2510 2512 2511 2525 2526 2528 2527
          910 2511 2513 894 991 2527 2529 975
          2511 2512 2514 2513 2527 2528 2530 2529
          894 2513 2515 891 975 2529 2531 972
          2513 2514 2516 2515 2529 2530 2532 2531
          1045 2099 2517 1036 1126 2115 2533 1117
          2099 2100 2518 2517 2115 2116 2534 2533
          1036 2517 2519 1027 1117 2533 2535 1108
          2517 2518 2520 2519 2533 2534 2536 2535
          1027 2519 2521 1018 1108 2535 2537 1099
          2519 2520 2522 2521 2535 2536 2538 2537
          1018 2521 2523 1009 1099 2537 2539 1090
          2521 2522 2524 2523 2537 2538 2540 2539
          1009 2523 2525 1000 1090 2539 2541 1081
          2523 2524 2526 2525 2539 2540 2542 2541
          1000 2525 2527 991 1081 2541 2543 1072
          2525 2526 2528 2527 2541 2542 2544 2543
          991 2527 2529 975 1072 2543 2545 1056
          2527 2528 2530 2529 2543 2544 2546 2545
          975 2529 2531 972 1056 2545 2547 1053
          2529 2530 2532 2531 2545 2546 2548 2547
          1126 2115 2533 1117 1207 2131 2549 1198
          2115 2116 2534 2533 2131 2132 2550 2549
          1117 2533 2535 1108 1198 2549 2551 1189
          2533 2534 2536 2535 2549 2550 2552 2551
          1108 2535 2537 1099 1189 2551 2553 1180
          2535 2536 2538 2537 2551 2552 2554 2553
          1099 2537 2539 1090 1180 2553 2555 1171
          2537 2538 2540 2539 2553 2554 2556 2555
          1090 2539 2541 1081 1171 2555 2557 1162
          2539 2540 2542 2541 2555 2556 2558 2557
          1081 2541 2543 1072 1162 2557 2559 1153
          2541 2542 2544 2543 2557 2558 2560 2559
          1072 2543 2545 1056 1153 2559 2561 1137
          2543 2544 2546 2545 2559 2560 2562 2561
          1056 2545 2547 1053 1137 2561 2563 1134
          2545 2546 2548 2547 2561 2562 2564 2563
          0 2203 2565 1 4 2204 2566 5
          2203 2205 2567 2565 2204 2206 2568 2566
          2205 2207 2569 2567 2206 2208 2570 2568
          2207 2209 2571 2569 2208 2210 2572 2570
          2209 2211 2573 2571 2210 2212 2574 2572
          1 2565 2575 8 5 2566 2576 10
          2565 2567 2577 2575 2566 2568 2578 2576
          2567 2569 2579 2577 2568 2570 2580 2578
          2569 2571 2581 2579 2570 2572 2582 2580
          2571 2573 2583 2581 2572 2574 2584 2582
          8 2575 2585 12 10 2576 2586 14
          2575 2577 2587 2585 2576 2578 2588 2586
          2577 2579 2589 2587 2578 2580 2590 2588
          2579 2581 2591 2589 2580 2582 2592 2590
          2581 2583 2593 2591 2582 2584 2594 2592
          12 2585 2595 16 14 2586 2596 18
          2585 2587 2597 2595 2586 2588 2598 2596
          2587 2589 2599 2597 2588 2590 2600 2598
          2589 2591 2601 2599 2590 2592 2602 2600
          2591 2593 2603 2601 2592 2594 2604 2602
          16 2595 2605 20 18 2596 2606 22
          2595 2597 2607 2605 2596 2598 2608 2606
          2597 2599 2609 2607 2598 2600 2610 2608
          2599 2601 2611 2609 2600 2602 2612 2610
          2601 2603 2613 2611 2602 2604 2614 2612
          20 2605 2615 24 22 2606 2616 26
          2605 2607 2617 2615 2606 2608 2618 2616
          2607 2609 2619 2617 2608 2610 2620 2618
          2609 2611 2621 2619 2610 2612 2622 2620
          2611 2613 2623 2621 2612 2614 2624 2622
          24 2615 2625 28 26 2616 2626 30
          2615 2617 2627 2625 2616 2618 2628 2626
          2617 2619 2629 2627 2618 2620 2630 2628
          2619 2621 2631 2629 2620 2622 2632 2630
          2621 2623 2633 2631 2622 2624 2634 2632
          28 2625 1215 32 30 2626 1217 34
          2625 2627 1219 1215 2626 2628 1221 1217
          2627 2629 1223 1219 2628 2630 1225 1221
          2629 2631 1227 1223 2630 2632 1229 1225
          2631 2633 1231 1227 2632 2634 1233 1229
          4 2204 2566 5 162 2248 2635 163
          2204 2206 2568 2566 2248 2249 2636 2635
          2206 2208 2570 2568 2249 2250 2637 2636
          2208 2210 2572 2570 2250 2251 2638 2637
          2210 2212 2574 2572 2251 2252 2639 2638
          5 2566 2576 10 163 2635 2640 166
          2566 2568 2578 2576 2635 2636 2641 2640
          2568 2570 2580 2578 2636 2637 2642 2641
          2570 2572 2582 2580 2637 2638 2643 2642
          2572 2574 2584 2582 2638 2639 2644 2643
          10 2576 2586 14 166 2640 2645 168
          2576 2578 2588 2586 2640 2641 2646 2645
          2578 2580 2590 2588 2641 2642 2647 2646
          2580 2582 2592 2590 2642 2643 2648 2647
          2582 2584 2594 2592 2643 2644 2649 2648
          14 2586 2596 18 168 2645 2650 170
          2586 2588 2598 2596 2645 2646 2651 2650
          2588 2590 2600 2598 2646 2647 2652 2651
          2590 2592 2602 2600 2647 2648 2653 2652
          2592 2594 2604 2602 2648 2649 2654 2653
          18 2596 2606 22 170 2650 2655 172
          2596 2598 2608 2606 2650 2651 2656 2655
          2598 2600 2610 2608 2651 2652 2657 2656
          2600 2602 2612 2610 2652 2653 2658 2657
          2602 2604 2614 2612 2653 2654 2659 2658
          22 2606 2616 26 172 2655 2660 174
          2606 2608 2618 2616 2655 2656 2661 2660
          2608 2610 2620 2618 2656 2657 2662 2661
          2610 2612 2622 2620 2657 2658 2663 2662
          2612 2614 2624 2622 2658 2659 2664 2663
          26 2616 2626 30 174 2660 2665 176
          2616 2618 2628 2626 2660 2661 2666 2665
          2618 2620 2630 2628 2661 2662 2667 2666
          2620 2622 2632 2630 2662 2663 2668 2667
          2622 2624 2634 2632 2663 2664 2669 2668
          30 2626 1217 34 176 2665 1305 178
          2626 2628 1221 1217 2665 2666 1307 1305
          2628 2630 1225 1221 2666 2667 1309 1307
          2630 2632 1229 1225 2667 2668 1311 1309
          2632 2634 1233 1229 2668 2669 1313 1311
          162 2248 2635 163 243 2288 2670 244
          2248 2249 2636 2635 2288 2289 2671 2670
          2249 2250 2637 2636 2289 2290 2672 2671
          2250 2251 2638 2637 2290 2291 2673 2672
          2251 2252 2639 2638 2291 2292 2674 2673
          163 2635 2640 166 244 2670 2675 247
          2635 2636 2641 2640 2670 2671 2676 2675
          2636 2637 2642 2641 2671 2672 2677 2676
          2637 2638 2643 2642 2672 2673 2678 2677
          2638 2639 2644 2643 2673 2674 2679 2678
          166 2640 2645 168 247 2675 2680 249
          2640 2641 2646 2645 2675 2676 2681 2680
          2641 2642 2647 2646 2676 2677 2682 2681
          2642 2643 2648 2647 2677 2678 2683 2682
          2643 2644 2649 2648 2678 2679 2684 2683
          168 2645 2650 170 249 2680 2685 251
          2645 2646 2651 2650 2680 2681 2686 2685
          2646 2647 2652 2651 2681 2682 2687 2686
          2647 2648 2653 2652 2682 2683 2688 2687
          2648 2649 2654 2653 2683 2684 2689 2688
          170 2650 2655 172 251 2685 2690 253
          2650 2651 2656 2655 2685 2686 2691 2690
          2651 2652 2657 2656 2686 2687 2692 2691
          2652 2653 2658 2657 2687 2688 2693 2692
          2653 2654 2659 2658 2688 2689 2694 2693
          172 2655 2660 174 253 2690 2695 255
          2655 2656 2661 2660 2690 2691 2696 2695
          2656 2657 2662 2661 2691 2692 2697 2696
          2657 2658 2663 2662 2692 2693 2698 2697
          2658 2659 2664 2663 2693 2694 2699 2698
          174 2660 2665 176 255 2695 2700 257
          2660 2661 2666 2665 2695 2696 2701 2700
          2661 2662 2667 2666 2696 2697 2702 2701
          2662 2663 2668 2667 2697 2698 2703 2702
          2663 2664 2669 2668 2698 2699 2704 2703
          176 2665 1305 178 257 2700 1350 259
          2665 2666 1307 1305 2700 2701 1352 1350
          2666 2667 1309 1307 2701 2702 1354 1352
          2667 2668 1311 1309 2702 2703 1356 1354
          2668 2669 1313 1311 2703 2704 1358 1356
          243 2288 2670 244 324 2328 2705 325
          2288 2289 2671 2670 2328 2329 2706 2705
          2289 2290 2672 2671 2329 2330 2707 2706
          2290 2291 2673 2672 2330 2331 2708 2707
          2291 2292 2674 2673 2331 2332 2709 2708
          244 2670 2675 247 325 2705 2710 328
          2670 2671 2676 2675 2705 2706 2711 2710
          2671 2672 2677 2676 2706 2707 2712 2711
          2672 2673 2678 2677 2707 2708 2713 2712
          2673 2674 2679 2678 2708 2709 2714 2713
          247 2675 2680 249 328 2710 2715 330
          2675 2676 2681 2680 2710 2711 2716 2715
          2676 2677 2682 2681 2711 2712 2717 2716
          2677 2678 2683 2682 2712 2713 2718 2717
          2678 2679 2684 2683 2713 2714 2719 2718
          249 2680 2685 251 330 2715 2720 332
          2680 2681 2686 2685 2715 2716 2721 2720
          2681 2682 2687 2686 2716 2717 2722 2721
          2682 2683 2688 2687 2717 2718 2723 2722
          2683 2684 2689 2688 2718 2719 2724 2723
          251 2685 2690 253 332 2720 2725 334
          2685 2686 2691 2690 2720 2721 2726 2725
          2686 2687 2692 2691 2721 2722 2727 2726
          2687 2688 2693 2692 2722 2723 2728 2727
          2688 2689 2694 2693 2723 2724 2729 2728
          253 2690 2695 255 334 2725 2730 336
          2690 2691 2696 2695 2725 2726 2731 2730
          2691 2692 2697 2696 2726 2727 2732 2731
          2692 2693 2698 2697 2727 2728 2733 2732
          2693 2694 2699 2698 2728 2729 2734 2733
          255 2695 2700 257 336 2730 2735 338
          2695 2696 2701 2700 2730 2731 2736 2735
          2696 2697 2702 2701 2731 2732 2737 2736
          2697 2698 2703 2702 2732 2733 2738 2737
          2698 2699 2704 2703 2733 2734 2739 2738
          257 2700 1350 259 338 2735 1395 340
          2700 2701 1352 1350 2735 2736 1397 1395
          2701 2702 1354 1352 2736 2737 1399 1397
          2702 2703 1356 1354 2737 2738 1401 1399
          2703 2704 1358 1356 2738 2739 1403 1401
          324 2328 2705 325 405 2368 2740 406
          2328 2329 2706 2705 2368 2369 2741 2740
          2329 2330 2707 2706 2369 2370 2742 2741
          2330 2331 2708 2707 2370 2371 2743 2742
          2331 2332 2709 2708 2371 2372 2744 2743
          325 2705 2710 328 406 2740 2745 409
          2705 2706 2711 2710 2740 2741 2746 2745
          2706 2707 2712 2711 2741 2742 2747 2746
          2707 2708 2713 2712 2742 2743 2748 2747
          2708 2709 2714 2713 2743 2744 2749 2748
          328 2710 2715 330 409 2745 2750 411
          2710 2711 2716 2715 2745 2746 2751 2750
          2711 2712 2717 2716 2746 2747 2752 2751
          2712 2713 2718 2717 2747 2748 2753 2752
          2713 2714 2719 2718 2748 2749 2754 2753
          330 2715 2720 332 411 2750 2755 413
          2715 2716 2721 2720 2750 2751 2756 2755
          2716 2717 2722 2721 2751 2752 2757 2756
          2717 2718 2723 2722 2752 2753 2758 2757
          2718 2719 2724 2723 2753 2754 2759 2758
          332 2720 2725 334 413 2755 2760 415
          2720 2721 2726 2725 2755 2756 2761 2760
          2721 2722 2727 2726 2756 2757 2762 2761
          2722 2723 2728 2727 2757 2758 2763 2762
          2723 2724 2729 2728 2758 2759 2764 2763
          334 2725 2730 336 415 2760 2765 417
          2725 2726 2731 2730 2760 2761 2766 2765
          2726 2727 2732 2731 2761 2762 2767 2766
          2727 2728 2733 2732 2762 2763 2768 2767
          2728 2729 2734 2733 2763 2764 2769 2768
          336 2730 2735 338 417 2765 2770 419
          2730 2731 2736 2735 2765 2766 2771 2770
          2731 2732 2737 2736 2766 2767 2772 2771
          2732 2733 2738 2737 2767 2768 2773 2772
          2733 2734 2739 2738 2768 2769 2774 2773
          338 2735 1395 340 419 2770 1440 421
          2735 2736 1397 1395 2770 2771 1442 1440
          2736 2737 1399 1397 2771 2772 1444 1442
          2737 2738 1401 1399 2772 2773 1446 1444
          2738 2739 1403 1401 2773 2774 1448 1446
          405 2368 2740 406 486 2408 2775 487
          2368 2369 2741 2740 2408 2409 2776 2775
          2369 2370 2742 2741 2409 2410 2777 2776
          2370 2371 2743 2742 2410 2411 2778 2777
          2371 2372 2744 2743 2411 2412 2779 2778
          406 2740 2745 409 487 2775 2780 490
          2740 2741 2746 2745 2775 2776 2781 2780
          2741 2742 2747 2746 2776 2777 2782 2781
          2742 2743 2748 2747 2777 2778 2783 2782
          2743 2744 2749 2748 2778 2779 2784 2783
          409 2745 2750 411 490 2780 2785 492
          2745 2746 2751 2750 2780 2781 2786 2785
          2746 2747 2752 2751 2781 2782 2787 2786
          2747 2748 2753 2752 2782 2783 2788 2787
          2748 2749 2754 2753 2783 2784 2789 2788
          411 2750 2755 413 492 2785 2790 494
          2750 2751 2756 2755 2785 2786 2791 2790
          2751 2752 2757 2756 2786 2787 2792 2791
          2752 2753 2758 2757 2787 2788 2793 2792
          2753 2754 2759 2758 2788 2789 2794 2793
          413 2755 2760 415 494 2790 2795 496
          2755 2756 2761 2760 2790 2791 2796 2795
          2756 2757 2762 2761 2791 2792 2797 2796
          2757 2758 2763 2762 2792 2793 2798 2797
          2758 2759 2764 2763 2793 2794 2799 2798
          415 2760 2765 417 496 2795 2800 498
          2760 2761 2766 2765 2795 2796 2801 2800
          2761 2762 2767 2766 2796 2797 2802 2801
          2762 2763 2768 2767 2797 2798 2803 2802
          2763 2764 2769 2768 2798 2799 2804 2803
          417 2765 2770 419 498 2800 2805 500
          2765 2766 2771 2770 2800 2801 2806 2805
          2766 2767 2772 2771 2801 2802 2807 2806
          2767 2768 2773 2772 2802 2803 2808 2807
          2768 2769 2774 2773 2803 2804 2809 2808
          419 2770 1440 421 500 2805 1485 502
          2770 2771 1442 1440 2805 2806 1487 1485
          2771 2772 1444 1442 2806 2807 1489 1487
          2772 2773 1446 1444 2807 2808 1491 1489
          2773 2774 1448 1446 2808 2809 1493 1491
          486 2408 2775 487 567 2448 2810 568
          2408 2409 2776 2775 2448 2449 2811 2810
          2409 2410 2777 2776 2449 2450 2812 2811
          2410 2411 2778 2777 2450 2451 2813 2812
          2411 2412 2779 2778 2451 2452 2814 2813
          487 2775 2780 490 568 2810 2815 571
          2775 2776 2781 2780 2810 2811 2816 2815
          2776 2777 2782 2781 2811 2812 2817 2816
          2777 2778 2783 2782 2812 2813 2818 2817
          2778 2779 2784 2783 2813 2814 2819 2818
          490 2780 2785 492 571 2815 2820 573
          2780 2781 2786 2785 2815 2816 2821 2820
          2781 2782 2787 2786 2816 2817 2822 2821
          2782 2783 2788 2787 2817 2818 2823 2822
          2783 2784 2789 2788 2818 2819 2824 2823
          492 2785 2790 494 573 2820 2825 575
          2785 2786 2791 2790 2820 2821 2826 2825
          2786 2787 2792 2791 2821 2822 2827 2826
          2787 2788 2793 2792 2822 2823 2828 2827
          2788 2789 2794 2793 2823 2824 2829 2828
          494 2790 2795 496 575 2825 2830 577
          2790 2791 2796 2795 2825 2826 2831 2830
          2791 2792 2797 2796 2826 2827 2832 2831
          2792 2793 2798 2797 2827 2828 2833 2832
          2793 2794 2799 2798 2828 2829 2834 2833
          496 2795 2800 498 577 2830 2835 579
          2795 2796 2801 2800 2830 2831 2836 2835
          2796 2797 2802 2801 2831 2832 2837 2836
          2797 2798 2803 2802 2832 2833 2838 2837
          2798 2799 2804 2803 2833 2834 2839 2838
          498 2800 2805 500 579 2835 2840 581
          2800 2801 2806 2805 2835 2836 2841 2840
          2801 2802 2807 2806 2836 2837 2842 2841
          2802 2803 2808 2807 2837 2838 2843 2842
          2803 2804 2809 2808 2838 2839 2844 2843
          500 2805 1485 502 581 2840 1530 583
          2805 2806 1487 1485 2840 2841 1532 1530
          2806 2807 1489 1487 2841 2842 1534 1532
          2807 2808 1491 1489 2842 2843 1536 1534
          2808 2809 1493 1491 2843 2844 1538 1536
          567 2448 2810 568 648 2467 2845 649
          2448 2449 2811 2810 2467 2468 2846 2845
          568 2810 2815 571 649 2845 2847 652
          2810 2811 2816 2815 2845 2846 2848 2847
          571 2815 2820 573 652 2847 2849 654
          2815 2816 2821 2820 2847 2848 2850 2849
          573 2820 2825 575 654 2849 2851 656
          2820 2821 2826 2825 2849 2850 2852 2851
          575 2825 2830 577 656 2851 2853 658
          2825 2826 2831 2830 2851 2852 2854 2853
          577 2830 2835 579 658 2853 2855 660
          2830 2831 2836 2835 2853 2854 2856 2855
          579 2835 2840 581 660 2855 2857 662
          2835 2836 2841 2840 2855 2856 2858 2857
          581 2840 1530 583 662 2857 1575 664
          2840 2841 1532 1530 2857 2858 1577 1575
          648 2467 2845 649 729 2483 2859 730
          2467 2468 2846 2845 2483 2484 2860 2859
          649 2845 2847 652 730 2859 2861 733
          2845 2846 2848 2847 2859 2860 2862 2861
          652 2847 2849 654 733 2861 2863 735
          2847 2848 2850 2849 2861 2862 2864 2863
          654 2849 2851 656 735 2863 2865 737
          2849 2850 2852 2851 2863 2864 2866 2865
          656 2851 2853 658 737 2865 2867 739
          2851 2852 2854 2853 2865 2866 2868 2867
          658 2853 2855 660 739 2867 2869 741
          2853 2854 2856 2855 2867 2868 2870 2869
          660 2855 2857 662 741 2869 2871 743
          2855 2856 2858 2857 2869 2870 2872 2871
          662 2857 1575 664 743 2871 1593 745
          2857 2858 1577 1575 2871 2872 1595 1593
          729 2483 2859 730 810 2499 2873 811
          2483 2484 2860 2859 2499 2500 2874 2873
          730 2859 2861 733 811 2873 2875 814
          2859 2860 2862 2861 2873 2874 2876 2875
          733 2861 2863 735 814 2875 2877 816
          2861 2862 2864 2863 2875 2876 2878 2877
          735 2863 2865 737 816 2877 2879 818
          2863 2864 2866 2865 2877 2878 2880 2879
          737 2865 2867 739 818 2879 2881 820
          2865 2866 2868 2867 2879 2880 2882 2881
          739 2867 2869 741 820 2881 2883 822
          2867 2868 2870 2869 2881 2882 2884 2883
          741 2869 2871 743 822 2883 2885 824
          2869 2870 2872 2871 2883 2884 2886 2885
          743 2871 1593 745 824 2885 1611 826
          2871 2872 1595 1593 2885 2886 1613 1611
          810 2499 2873 811 891 2515 2887 892
          2499 2500 2874 2873 2515 2516 2888 2887
          811 2873 2875 814 892 2887 2889 895
          2873 2874 2876 2875 2887 2888 2890 2889
          814 2875 2877 816 895 2889 2891 897
          2875 2876 2878 2877 2889 2890 2892 2891
          816 2877 2879 818 897 2891 2893 899
          2877 2878 2880 2879 2891 2892 2894 2893
          818 2879 2881 820 899 2893 2895 901
          2879 2880 2882 2881 2893 2894 2896 2895
          820 2881 2883 822 901 2895 2897 903
          2881 2882 2884 2883 2895 2896 2898 2897
          822 2883 2885 824 903 2897 2899 905
          2883 2884 2886 2885 2897 2898 2900 2899
          824 2885 1611 826 905 2899 1629 907
          2885 2886 1613 1611 2899 2900 1631 1629
          891 2515 2887 892 972 2531 2901 973
          2515 2516 2888 2887 2531 2532 2902 2901
          892 2887 2889 895 973 2901 2903 976
          2887 2888 2890 2889 2901 2902 2904 2903
          895 2889 2891 897 976 2903 2905 978
          2889 2890 2892 2891 2903 2904 2906 2905
          897 2891 2893 899 978 2905 2907 980
          2891 2892 2894 2893 2905 2906 2908 2907
          899 2893 2895 901 980 2907 2909 982
          2893 2894 2896 2895 2907 2908 2910 2909
          901 2895 2897 903 982 2909 2911 984
          2895 2896 2898 2897 2909 2910 2912 2911
          903 2897 2899 905 984 2911 2913 986
          2897 2898 2900 2899 2911 2912 2914 2913
          905 2899 1629 907 986 2913 1647 988
          2899 2900 1631 1629 2913 2914 1649 1647
          972 2531 2901 973 1053 2547 2915 1054
          2531 2532 2902 2901 2547 2548 2916 2915
          973 2901 2903 976 1054 2915 2917 1057
          2901 2902 2904 2903 2915 2916 2918 2917
          976 2903 2905 978 1057 2917 2919 1059
          2903 2904 2906 2905 2917 2918 2920 2919
          978 2905 2907 980 1059 2919 2921 1061
          2905 2906 2908 2907 2919 2920 2922 2921
          980 2907 2909 982 1061 2921 2923 1063
          2907 2908 2910 2909 2921 2922 2924 2923
          982 2909 2911 984 1063 2923 2925 1065
          2909 2910 2912 2911 2923 2924 2926 2925
          984 2911 2913 986 1065 2925 2927 1067
          2911 2912 2914 2913 2925 2926 2928 2927
          986 2913 1647 988 1067 2927 1665 1069
          2913 2914 1649 1647 2927 2928 1667 1665
          1053 2547 2915 1054 1134 2563 2929 1135
          2547 2548 2916 2915 2563 2564 2930 2929
          1054 2915 2917 1057 1135 2929 2931 1138
          2915 2916 2918 2917 2929 2930 2932 2931
          1057 2917 2919 1059 1138 2931 2933 1140
          2917 2918 2920 2919 2931 2932 2934 2933
          1059 2919 2921 1061 1140 2933 2935 1142
          2919 2920 2922 2921 2933 2934 2936 2935
          1061 2921 2923 1063 1142 2935 2937 1144
          2921 2922 2924 2923 2935 2936 2938 2937
          1063 2923 2925 1065 1144 2937 2939 1146
          2923 2924 2926 2925 2937 2938 2940 2939
          1065 2925 2927 1067 1146 2939 2941 1148
          2925 2926 2928 2927 2939 2940 2942 2941
          1067 2927 1665 1069 1148 2941 1683 1150
          2927 2928 1667 1665 2941 2942 1685 1683
        </DataArray>
        <DataArray type="Int64" Name="offsets" format="ascii">
          8
          16
          24
          32
          40
          48
          56
          64
          72
          80
          88
          96
          104
          112
          120
          128
          136
          144
          152
          160
          168
          176
          184
          192
          200
          208
          216
          224
          232
          240
          248
          256
          264
          272
          280
          288
          296
          304
          312
          320
          328
          336
          344
          352
          360
          368
          376
          384
          392
          400
          408
          416
          424
          432
          440
          448
          456
          464
          472
          480
          488
          496
          504
          512
          520
          528
          536
          544
          552
          560
          568
          576
          584
          592
          600
          608
          616
          624
          632
          640
          648
          656
          664
          672
          680
          688
          696
          704
          712
          720
          728
          736
          744
          752
          760
          768
          776
          784
          792
          800
          808
          816
          824
          832
          840
          848
          856
          864
          872
          880
          888
          896
          904
          912
          920
          928
          936
          944
          952
          960
          968
          976
          984
          992
          1000
          1008
          1016
          1024
          1032
          1040
          1048
          1056
          1064
          1072
          1080
          1088
          1096
          1104
          1112
          1120
          1128
          1136
          1144
          1152
          1160
          1168
          1176
          1184
          1192
          1200
          1208
          1216
          1224
          1232
          1240
          1248
          1256
          1264
          1272
          1280
          1288
          1296
          1304
          1312
          1320
          1328
          1336
          1344
          1352
          1360
          1368
          1376
          1384
          1392
          1400
          1408
          1416
          1424
          1432
          1440
          1448
          1456
          1464
          1472
          1480
          1488
          1496
          1504
          1512
          1520
          1528
          1536
          1544
          1552
          1560
          1568
          1576
          1584
          1592
          1600
          1608
          1616
          1624
          1632
          1640
          1648
          1656
          1664
          1672
          1680
          1688
          1696
          1704
          1712
          1720
          1728
          1736
          1744
          1752
          1760
          1768
          1776
          1784
          1792
          1800
          1808
          1816
          1824
          1832
          1840
          1848
          1856
          1864
          1872
          1880
          1888
          1896
          1904
          1912
          1920
          1928
          1936
          1944
          1952
          1960
          1968
          1976
          1984
          1992
          2000
          2008
          2016
          2024
          2032
          2040
          2048
          2056
          2064
          2072
          2080
          2088
          2096
          2104
          2112
          2120
          2128
          2136
          2144
          2152
          2160
          2168
          2176
          2184
          2192
          2200
          2208
          2216
          2224
          2232
          2240
          2248
          2256
          2264
          2272
          2280
          2288
          2296
          2304
          2312
          2320
          2328
          2336
          2344
          2352
          2360
          2368
          2376
          2384
          2392
          2400
          2408
          2416
          2424
          2432
          2440
          2448
          2456
          2464
          2472
          2480
          2488
          2496
          2504
          2512
          2520
          2528
          2536
          2544
          2552
          2560
          2568
          2576
          2584
          2592
          2600
          2608
          2616
          2624
          2632
          2640
          2648
          2656
          2664
          2672
          2680
          2688
          2696
          2704
          2712
          2720
          2728
          2736
          2744
          2752
          2760
          2768
          2776
          2784
          2792
          2800
          2808
          2816
          2824
          2832
          2840
          2848
          2856
          2864
          2872
          2880
          2888
          2896
          2904
          2912
          2920
          2928
          2936
          2944
          2952
          2960
          2968
          2976
          2984
          2992
          3000
          3008
          3016
          3024
          3032
          3040
          3048
          3056
          3064
          3072
          3080
          3088
          3096
          3104
          3112
          3120
          3128
          3136
          3144
          3152
          3160
          3168
          3176
          3184
          3192
          3200
          3208
          3216
          3224
          3232
          3240
          3248
          3256
          3264
          3272
          3280
          3288
          3296
          3304
          3312
          3320
          3328
          3336
          3344
          3352
          3360
          3368
          3376
          3384
          3392
          3400
          3408
          3416
          3424
          3432
          3440
          3448
          3456
          3464
          3472
          3480
          3488
          3496
          3504
          3512
          3520
          3528
          3536
          3544
          3552
          3560
          3568
          3576
          3584
          3592
          3600
          3608
          3616
          3624
          3632
          3640
          3648
          3656
          3664
          3672
          3680
          3688
          3696
          3704
          3712
          3720
          3728
          3736
          3744
          3752
          3760
          3768
          3776
          3784
          3792
          3800
          3808
          3816
          3824
          3832
          3840
          3848
          3856
          3864
          3872
          3880
          3888
          3896
          3904
          3912
          3920
          3928
          3936
          3944
          3952
          3960
          3968
          3976
          3984
          3992
          4000
          4008
          4016
          4024
          4032
          4040
          4048
          4056
          4064
          4072
          4080
          4088
          4096
          4104
          4112
          4120
          4128
          4136
          4144
          4152
          4160
          4168
          4176
          4184
          4192
          4200
          4208
          4216
          4224
          4232
          4240
          4248
          4256
          4264
          4272
          4280
          4288
          4296
          4304
          4312
          4320
          4328
          4336
          4344
          4352
          4360
          4368
          4376
          4384
          4392
          4400
          4408
          4416
          4424
          4432
          4440
          4448
          4456
          4464
          4472
          4480
          4488
          4496
          4504
          4512
          4520
          4528
          4536
          4544
          4552
          4560
          4568
          4576
          4584
          4592
          4600
          4608
          4616
          4624
          4632
          4640
          4648
          4656
          4664
          4672
          4680
          4688
          4696
          4704
          4712
          4720
          4728
          4736
          4744
          4752
          4760
          4768
          4776
          4784
          4792
          4800
          4808
          4816
          4824
          4832
          4840
          4848
          4856
          4864
          4872
          4880
          4888
          4896
          4904
          4912
          4920
          4928
          4936
          4944
          4952
          4960
          4968
          4976
          4984
          4992
          5000
          5008
          5016
          5024
          5032
          5040
          5048
          5056
          5064
          5072
          5080
          5088
          5096
          5104
          5112
          5120
          5128
          5136
          5144
          5152
          5160
          5168
          5176
          5184
          5192
          5200
          5208
          5216
          5224
          5232
          5240
          5248
          5256
          5264
          5272
          5280
          5288
          5296
          5304
          5312
          5320
          5328
          5336
          5344
          5352
          5360
          5368
          5376
          5384
          5392
          5400
          5408
          5416
          5424
          5432
          5440
          5448
          5456
          5464
          5472
          5480
          5488
          5496
          5504
          5512
          5520
          5528
          5536
          5544
          5552
          5560
          5568
          5576
          5584
          5592
          5600
          5608
          5616
          5624
          5632
          5640
          5648
          5656
          5664
          5672
          5680
          5688
          5696
          5704
          5712
          5720
          5728
          5736
          5744
          5752
          5760
          5768
          5776
          5784
          5792
          5800
          5808
          5816
          5824
          5832
          5840
          5848
          5856
          5864
          5872
          5880
          5888
          5896
          5904
          5912
          5920
          5928
          5936
          5944
          5952
          5960
          5968
          5976
          5984
          5992
          6000
          6008
          6016
          6024
          6032
          6040
          6048
          6056
          6064
          6072
          6080
          6088
          6096
          6104
          6112
          6120
          6128
          6136
          6144
          6152
          6160
          6168
          6176
          6184
          6192
          6200
          6208
          6216
          6224
          6232
          6240
          6248
          6256
          6264
          6272
          6280
          6288
          6296
          6304
          6312
          6320
          6328
          6336
          6344
          6352
          6360
          6368
          6376
          6384
          6392
          6400
          6408
          6416
          6424
          6432
          6440
          6448
          6456
          6464
          6472
          6480
          6488
          6496
          6504
          6512
          6520
          6528
          6536
          6544
          6552
          6560
          6568
          6576
          6584
          6592
          6600
          6608
          6616
          6624
          6632
          6640
          6648
          6656
          6664
          6672
          6680
          6688
          6696
          6704
          6712
          6720
          6728
          6736
          6744
          6752
          6760
          6768
          6776
          6784
          6792
          6800
          6808
          6816
          6824
          6832
          6840
          6848
          6856
          6864
          6872
          6880
          6888
          6896
          6904
          6912
          6920
          6928
          6936
          6944
          6952
          6960
          6968
          6976
          6984
          6992
          7000
          7008
          7016
          7024
          7032
          7040
          7048
          7056
          7064
          7072
          7080
          7088
          7096
          7104
          7112
          7120
          7128
          7136
          7144
          7152
          7160
          7168
          7176
          7184
          7192
          7200
          7208
          7216
          7224
          7232
          7240
          7248
          7256
          7264
          7272
          7280
          7288
          7296
          7304
          7312
          7320
          7328
          7336
          7344
          7352
          7360
          7368
          7376
          7384
          7392
          7400
          7408
          7416
          7424
          7432
          7440
          7448
          7456
          7464
          7472
          7480
          7488
          7496
          7504
          7512
          7520
          7528
          7536
          7544
          7552
          7560
          7568
          7576
          7584
          7592
          7600
          7608
          7616
          7624
          7632
          7640
          7648
          7656
          7664
          7672
          7680
          7688
          7696
          7704
          7712
          7720
          7728
          7736
          7744
          7752
          7760
          7768
          7776
          7784
          7792
          7800
          7808
          7816
          7824
          7832
          7840
          7848
          7856
          7864
          7872
          7880
          7888
          7896
          7904
          7912
          7920
          7928
          7936
          7944
          7952
          7960
          7968
          7976
          7984
          7992
          8000
          8008
          8016
          8024
          8032
          8040
          8048
          8056
          8064
          8072
          8080
          8088
          8096
          8104
          8112
          8120
          8128
          8136
          8144
          8152
          8160
          8168
          8176
          8184
          8192
          8200
          8208
          8216
          8224
          8232
          8240
          8248
          8256
          8264
          8272
          8280
          8288
          8296
          8304
          8312
          8320
          8328
          8336
          8344
          8352
          8360
          8368
          8376
          8384
          8392
          8400
          8408
          8416
          8424
          8432
          8440
          8448
          8456
          8464
          8472
          8480
          8488
          8496
          8504
          8512
          8520
          8528
          8536
          8544
          8552
          8560
          8568
          8576
          8584
          8592
          8600
          8608
          8616
          8624
          8632
          8640
          8648
          8656
          8664
          8672
          8680
          8688
          8696
          8704
          8712
          8720
          8728
          8736
          8744
          8752
          8760
          8768
          8776
          8784
          8792
          8800
          8808
          8816
          8824
          8832
          8840
          8848
          8856
          8864
          8872
          8880
          8888
          8896
          8904
          8912
          8920
          8928
          8936
          8944
          8952
          8960
          8968
          8976
          8984
          8992
          9000
          9008
          9016
          9024
          9032
          9040
          9048
          9056
          9064
          9072
          9080
          9088
          9096
          9104
          9112
          9120
          9128
          9136
          9144
          9152
          9160
          9168
          9176
          9184
          9192
          9200
          9208
          9216
          9224
          9232
          9240
          9248
          9256
          9264
          9272
          9280
          9288
          9296
          9304
          9312
          9320
          9328
          9336
          9344
          9352
          9360
          9368
          9376
          9384
          9392
          9400
          9408
          9416
          9424
          9432
          9440
          9448
          9456
          9464
          9472
          9480
          9488
          9496
          9504
          9512
          9520
          9528
          9536
          9544
          9552
          9560
          9568
          9576
          9584
          9592
          9600
          9608
          9616
          9624
          9632
          9640
          9648
          9656
          9664
          9672
          9680
          9688
          9696
          9704
          9712
          9720
          9728
          9736
          9744
          9752
          9760
          9768
          9776
          9784
          9792
          9800
          9808
          9816
          9824
          9832
          9840
          9848
          9856
          9864
          9872
          9880
          9888
          9896
          9904
          9912
          9920
          9928
          9936
          9944
          9952
          9960
          9968
          9976
          9984
          9992
          10000
          10008
          10016
          10024
          10032
          10040
          10048
          10056
          10064
          10072
          10080
          10088
          10096
          10104
          10112
          10120
          10128
          10136
          10144
          10152
          10160
          10168
          10176
          10184
          10192
          10200
          10208
          10216
          10224
          10232
          10240
          10248
          10256
          10264
          10272
          10280
          10288
          10296
          10304
          10312
          10320
          10328
          10336
          10344
          10352
          10360
          10368
          10376
          10384
          10392
          10400
          10408
          10416
          10424
          10432
          10440
          10448
          10456
          10464
          10472
          10480
          10488
          10496
          10504
          10512
          10520
          10528
          10536
          10544
          10552
          10560
          10568
          10576
          10584
          10592
          10600
          10608
          10616
          10624
          10632
          10640
          10648
          10656
          10664
          10672
          10680
          10688
          10696
          10704
          10712
          10720
          10728
          10736
          10744
          10752
          10760
          10768
          10776
          10784
          10792
          10800
          10808
          10816
          10824
          10832
          10840
          10848
          10856
          10864
          10872
          10880
          10888
          10896
          10904
          10912
          10920
          10928
          10936
          10944
          10952
          10960
          10968
          10976
          10984
          10992
          11000
          11008
          11016
          11024
          11032
          11040
          11048
          11056
          11064
          11072
          11080
          11088
          11096
          11104
          11112
          11120
          11128
          11136
          11144
          11152
          11160
          11168
          11176
          11184
          11192
          11200
          11208
          11216
          11224
          11232
          11240
          11248
          11256
          11264
          11272
          11280
          11288
          11296
          11304
          11312
          11320
          11328
          11336
          11344
          11352
          11360
          11368
          11376
          11384
          11392
          11400
          11408
          11416
          11424
          11432
          11440
          11448
          11456
          11464
          11472
          11480
          11488
          11496
          11504
          11512
          11520
          11528
          11536
          11544
          11552
          11560
          11568
          11576
          11584
          11592
          11600
          11608
          11616
          11624
          11632
          11640
          11648
          11656
          11664
          11672
          11680
          11688
          11696
          11704
          11712
          11720
          11728
          11736
          11744
          11752
          11760
          11768
          11776
          11784
          11792
          11800
          11808
          11816
          11824
          11832
          11840
          11848
          11856
          11864
          11872
          11880
          11888
          11896
          11904
          11912
          11920
          11928
          11936
          11944
          11952
          11960
          11968
          11976
          11984
          11992
          12000
          12008
          12016
          12024
          12032
          12040
          12048
          12056
          12064
          12072
          12080
          12088
          12096
          12104
          12112
          12120
          12128
          12136
          12144
          12152
          12160
          12168
          12176
          12184
          12192
          12200
          12208
          12216
          12224
          12232
          12240
          12248
          12256
          12264
          12272
          12280
          12288
          12296
          12304
          12312
          12320
          12328
          12336
          12344
          12352
          12360
          12368
          12376
          12384
          12392
          12400
          12408
          12416
          12424
          12432
          12440
          12448
          12456
          12464
          12472
          12480
          12488
          12496
          12504
          12512
          12520
          12528
          12536
          12544
          12552
          12560
          12568
          12576
          12584
          12592
          12600
          12608
          12616
          12624
          12632
          12640
          12648
          12656
          12664
          12672
          12680
          12688
          12696
          12704
          12712
          12720
          12728
          12736
          12744
          12752
          12760
          12768
          12776
          12784
          12792
          12800
          12808
          12816
          12824
          12832
          12840
          12848
          12856
          12864
          12872
          12880
          12888
          12896
          12904
          12912
          12920
          12928
          12936
          12944
          12952
          12960
          12968
          12976
          12984
          12992
          13000
          13008
          13016
          13024
          13032
          13040
          13048
          13056
          13064
          13072
          13080
          13088
          13096
          13104
          13112
          13120
          13128
          13136
          13144
          13152
          13160
          13168
          13176
          13184
          13192
          13200
          13208
          13216
          13224
          13232
          13240
          13248
          13256
          13264
          13272
          13280
          13288
          13296
          13304
          13312
          13320
          13328
          13336
          13344
          13352
          13360
          13368
          13376
          13384
          13392
          13400
          13408
          13416
          13424
          13432
          13440
          13448
          13456
          13464
          13472
          13480
          13488
          13496
          13504
          13512
          13520
          13528
          13536
          13544
          13552
          13560
          13568
          13576
          13584
          13592
          13600
          13608
          13616
          13624
          13632
          13640
          13648
          13656
          13664
          13672
          13680
          13688
          13696
          13704
          13712
          13720
          13728
          13736
          13744
          13752
          13760
          13768
          13776
          13784
          13792
          13800
          13808
          13816
          13824
          13832
          13840
          13848
          13856
          13864
          13872
          13880
          13888
          13896
          13904
          13912
          13920
          13928
          13936
          13944
          13952
          13960
          13968
          13976
          13984
          13992
          14000
          14008
          14016
          14024
          14032
          14040
          14048
          14056
          14064
          14072
          14080
          14088
          14096
          14104
          14112
          14120
          14128
          14136
          14144
          14152
          14160
          14168
          14176
          14184
          14192
          14200
          14208
          14216
          14224
          14232
          14240
          14248
          14256
          14264
          14272
          14280
          14288
          14296
          14304
          14312
          14320
          14328
          14336
          14344
          14352
          14360
          14368
          14376
          14384
          14392
          14400
          14408
          14416
          14424
          14432
          14440
          14448
          14456
          14464
          14472
          14480
          14488
          14496
          14504
          14512
          14520
          14528
          14536
          14544
          14552
          14560
          14568
          14576
          14584
          14592
          14600
          14608
          14616
          14624
          14632
          14640
          14648
          14656
          14664
          14672
          14680
          14688
          14696
          14704
          14712
          14720
          14728
          14736
          14744
          14752
          14760
          14768
          14776
          14784
          14792
          14800
          14808
          14816
          14824
          14832
          14840
          14848
          14856
          14864
          14872
          14880
          14888
          14896
          14904
          14912
          14920
          14928
          14936
          14944
          14952
          14960
          14968
          14976
          14984
          14992
          15000
          15008
          15016
          15024
          15032
          15040
          15048
          15056
          15064
          15072
          15080
          15088
          15096
          15104
          15112
          15120
          15128
          15136
          15144
          15152
          15160
          15168
          15176
          15184
          15192
          15200
          15208
          15216
          15224
          15232
          15240
          15248
          15256
          15264
          15272
          15280
          15288
          15296
          15304
          15312
          15320
          15328
          15336
          15344
          15352
          15360
          15368
          15376
          15384
          15392
          15400
          15408
          15416
          15424
          15432
          15440
          15448
          15456
          15464
          15472
          15480
          15488
          15496
          15504
          15512
          15520
          15528
          15536
          15544
          15552
          15560
          15568
          15576
          15584
          15592
          15600
          15608
          15616
          15624
          15632
          15640
          15648
          15656
          15664
          15672
          15680
          15688
          15696
          15704
          15712
          15720
          15728
          15736
          15744
          15752
          15760
          15768
          15776
          15784
          15792
          15800
          15808
          15816
          15824
          15832
          15840
          15848
          15856
          15864
          15872
          15880
          15888
          15896
          15904
          15912
          15920
          15928
          15936
          15944
          15952
          15960
          15968
          15976
          15984
          15992
          16000
          16008
          16016
          16024
          16032
          16040
          16048
          16056
          16064
          16072
          16080
          16088
          16096
          16104
          16112
          16120
          16128
          16136
          16144
          16152
          16160
          16168
          16176
          16184
          16192
          16200
          16208
          16216
          16224
          16232
          16240
          16248
          16256
          16264
          16272
          16280
          16288
          16296
          16304
          16312
          16320
          16328
          16336
          16344
          16352
          16360
          16368
          16376
          16384
          16392
          16400
          16408
          16416
          16424
          16432
          16440
          16448
          16456
          16464
          16472
          16480
          16488
          16496
          16504
          16512
          16520
          16528
          16536
          16544
          16552
          16560
          16568
          16576
          16584
          16592
          16600
          16608
          16616
          16624
          16632
          16640
          16648
          16656
          16664
          16672
          16680
          16688
          16696
          16704
          16712
          16720
          16728
          16736
          16744
          16752
          16760
          16768
          16776
          16784
          16792
          16800
          16808
          16816
          16824
          16832
          16840
          16848
          16856
          16864
          16872
          16880
          16888
          16896
          16904
          16912
          16920
          16928
          16936
          16944
          16952
          16960
          16968
          16976
          16984
          16992
          17000
          17008
          17016
          17024
          17032
          17040
          17048
          17056
          17064
          17072
          17080
          17088
          17096
          17104
          17112
          17120
          17128
          17136
          17144
          17152
          17160
          17168
          17176
          17184
          17192
          17200
          17208
          17216
          17224
          17232
          17240
          17248
          17256
          17264
          17272
          17280
          17288
          17296
          17304
          17312
          17320
          17328
          17336
          17344
          17352
          17360
          17368
          17376
          17384
          17392
          17400
          17408
          17416
          17424
          17432
          17440
          17448
          17456
          17464
          17472
          17480
          17488
          17496
          17504
          17512
          17520
          17528
          17536
          17544
          17552
          17560
          17568
          17576
          17584
          17592
          17600
          17608
          17616
          17624
          17632
          17640
          17648
          17656
          17664
          17672
          17680
          17688
          17696
          17704
          17712
          17720
          17728
          17736
          17744
          17752
          17760
          17768
          17776
          17784
          17792
          17800
          17808
          17816
          17824
          17832
          17840
          17848
          17856
          17864
          17872
          17880
          17888
          17896
          17904
          17912
          17920
          17928
          17936
          17944
          17952
          17960
          17968
          17976
          17984
          17992
          18000
          18008
          18016
          18024
          18032
          18040
          18048
          18056
          18064
          18072
          18080
          18088
          18096
          18104
          18112
          18120
          18128
          18136
          18144
          18152
          18160
          18168
          18176
          18184
          18192
          18200
          18208
          18216
          18224
          18232
          18240
          18248
          18256
          18264
          18272
          18280
          18288
          18296
          18304
          18312
          18320
          18328
          18336
          18344
          18352
          18360
          18368
          18376
          18384
          18392
          18400
          18408
          18416
          18424
          18432
          18440
          18448
          18456
          18464
          18472
          18480
          18488
          18496
          18504
          18512
          18520
          18528
          18536
          18544
          18552
          18560
          18568
          18576
          18584
          18592
          18600
          18608
          18616
          18624
          18632
          18640
          18648
          18656
          18664
          18672
          18680
          18688
          18696
          18704
          18712
          18720
          18728
          18736
          18744
          18752
          18760
          18768
          18776
          18784
          18792
          18800
          18808
          18816
          18824
          18832
          18840
          18848
          18856
          18864
          18872
          18880
          18888
          18896
          18904
          18912
          18920
          18928
          18936
          18944
          18952
          18960
          18968
          18976
          18984
          18992
          19000
          19008
          19016
          19024
          19032
          19040
          19048
          19056
          19064
          19072
          19080
          19088
          19096
          19104
          19112
          19120
          19128
          19136
          19144
          19152
          19160
          19168
          19176
          19184
          19192
          19200
          19208
          19216
          19224
          19232
          19240
          19248
          19256
          19264
          19272
          19280
          19288
          19296
          19304
          19312
          19320
          19328
          19336
          19344
          19352
          19360
          19368
          19376
          19384
          19392
          19400
          19408
          19416
          19424
          19432
          19440
          19448
          19456
          19464
          19472
          19480
          19488
          19496
          19504
          19512
          19520
          19528
          19536
          19544
          19552
          19560
          19568
          19576
          19584
          19592
          19600
          19608
          19616
          19624
          19632
          19640
          19648
          19656
          19664
          19672
          19680
          19688
          19696
          19704
          19712
        </DataArray>
        <DataArray type="UInt8" Name="types" format="ascii">
          12
          12
          12
          12
          12
          12
          12
          12
          12
          12
          12
          12
          12
          12
          12
          12
          12
          12
          12
          12
          12
          12
          12
          12
          12
          12
          12
          12
          12
          12
          12
          12
          12
          12
          12
          12
          12
          12
          12
          12
          12
          12
          12
          12
          12
          12
          12
          12
          12
          12
          12
          12
          12
          12
          12
          12
          12
          12
          12
          12
          12
          12
          12
          12
          12
          12
          12
          12
          12
          12
          12
          12
          12
          12
          12
          12
          12
          12
          12
          12
          12
          12
          12
          12
          12
          12
          12
          12
          12
          12
          12
          12
          12
          12
          12
          12
          12
          12
          12
          12
          12
          12
          12
          12
          12
          12
          12
          12
          12
          12
          12
          12
          12
          12
          12
          12
          12
          12
          12
          12
          12
          12
          12
          12
          12
          12
          12
          12
          12
          12
          12
          12
          12
          12
          12
          12
          12
          12
          12
          12
          12
          12
          12
          12
          12
          12
          12
          12
          12
          12
          12
          12
          12
          12
          12
          12
          12
          12
          12
          12
          12
          12
          12
          12
          12
          12
          12
          12
          12
          12
          12
          12
          12
          12
          12
          12
          12
          12
          12
          12
          12
          12
          12
          12
          12
          12
          12
          12
          12
          12
          12
          12
          12
          12
          12
          12
          12
          12
          12
          12
          12
          12
          12
          12
          12
          12
          12
          12
          12
          12
          12
          12
          12
          12
          12
          12
          12
          12
          12
          12
          12
          12
          12
          12
          12
          12
          12
          12
          12
          12
          12
          12
          12
          12
          12
          12
          12
          12
          12
          12
          12
          12
          12
          12
          12
          12
          12
          12
          12
          12
          12
          12
          12
          12
          12
          12
          12
          12
          12
          12
          12
          12
          12
          12
          12
          12
          12
          12
          12
          12
          12
          12
          12
          12
          12
          12
          12
          12
          12
          12
          12
          12
          12
          12
          12
          12
          12
          12
          12
          12
          12
          12
          12
          12
          12
          12
          12
          12
          12
          12
          12
          12
          12
          12
          12
          12
          12
          12
          12
          12
          12
          12
          12
          12
          12
          12
          12
          12
          12
          12
          12
          12
          12
          12
          12
          12
          12
          12
          12
          12
          12
          12
          12
          12
          12
          12
          12
          12
          12
          12
          12
          12
          12
          12
          12
          12
          12
          12
          12
          12
          12
          12
          12
          12
          12
          12
          12
          12
          12
          12
          12
          12
          12
          12
          12
          12
          12
          12
          12
          12
          12
          12
          12
          12
          12
          12
          12
          12
          12
          12
          12
          12
          12
          12
          12
          12
          12
          12
          12
          12
          12
          12
          12
          12
          12
          12
          12
          12
          12
          12
          12
          12
          12
          12
          12
          12
          12
          12
          12
          12
          12
          12
          12
          12
          12
          12
          12
          12
          12
          12
          12
          12
          12
          12
          12
          12
          12
          12
          12
          12
          12
          12
          12
          12
          12
          12
          12
          12
          12
          12
          12
          12
          12
          12
          12
          12
          12
          12
          12
          12
          12
          12
          12
          12
          12
          12
          12
          12
          12
          12
          12
          12
          12
          12
          12
          12
          12
          12
          12
          12
          12
          12
          12
          12
          12
          12
          12
          12
          12
          12
          12
          12
          12
          12
          12
          12
          12
          12
          12
          12
          12
          12
          12
          12
          12
          12
          12
          12
          12
          12
          12
          12
          12
          12
          12
          12
          12
          12
          12
          12
          12
          12
          12
          12
          12
          12
          12
          12
          12
          12
          12
          12
          12
          12
          12
          12
          12
          12
          12
          12
          12
          12
          12
          12
          12
          12
          12
          12
          12
          12
          12
          12
          12
          12
          12
          12
          12
          12
          12
          12
          12
          12
          12
          12
          12
          12
          12
          12
          12
          12
          12
          12
          12
          12
          12
          12
          12
          12
          12
          12
          12
          12
          12
          12
          12
          12
          12
          12
          12
          12
          12
          12
          12
          12
          12
          12
          12
          12
          12
          12
          12
          12
          12
          12
          12
          12
          12
          12
          12
          12
          12
          12
          12
          12
          12
          12
          12
          12
          12
          12
          12
          12
          12
          12
          12
          12
          12
          12
          12
          12
          12
          12
          12
          12
          12
          12
          12
          12
          12
          12
          12
          12
          12
          12
          12
          12
          12
          12
          12
          12
          12
          12
          12
          12
          12
          12
          12
          12
          12
          12
          12
          12
          12
          12
          12
          12
          12
          12
          12
          12
          12
          12
          12
          12
          12
          12
          12
          12
          12
          12
          12
          12
          12
          12
          12
          12
          12
          12
          12
          12
          12
          12
          12
          12
          12
          12
          12
          12
          12
          12
          12
          12
          12
          12
          12
          12
          12
          12
          12
          12
          12
          12
          12
          12
          12
          12
          12
          12
          12
          12
          12
          12
          12
          12
          12
          12
          12
          12
          12
          12
          12
          12
          12
          12
          12
          12
          12
          12
          12
          12
          12
          12
          12
          12
          12
          12
          12
          12
          12
          12
          12
          12
          12
          12
          12
          12
          12
          12
          12
          12
          12
          12
          12
          12
          12
          12
          12
          12
          12
          12
          12
          12
          12
          12
          12
          12
          12
          12
          12
          12
          12
          12
          12
          12
          12
          12
          12
          12
          12
          12
          12
          12
          12
          12
          12
          12
          12
          12
          12
          12
          12
          12
          12
          12
          12
          12
          12
          12
          12
          12
          12
          12
          12
          12
          12
          12
          12
          12
          12
          12
          12
          12
          12
          12
          12
          12
          12
          12
          12
          12
          12
          12
          12
          12
          12
          12
          12
          12
          12
          12
          12
          12
          12
          12
          12
          12
          12
          12
          12
          12
          12
          12
          12
          12
          12
          12
          12
          12
          12
          12
          12
          12
          12
          12
          12
          12
          12
          12
          12
          12
          12
          12
          12
          12
          12
          12
          12
          12
          12
          12
          12
          12
          12
          12
          12
          12
          12
          12
          12
          12
          12
          12
          12
          12
          12
          12
          12
          12
          12
          12
          12
          12
          12
          12
          12
          12
          12
          12
          12
          12
          12
          12
          12
          12
          12
          12
          12
          12
          12
          12
          12
          12
          12
          12
          12
          12
          12
          12
          12
          12
          12
          12
          12
          12
          12
          12
          12
          12
          12
          12
          12
          12
          12
          12
          12
          12
          12
          12
          12
          12
          12
          12
          12
          12
          12
          12
          12
          12
          12
          12
          12
          12
          12
          12
          12
          12
          12
          12
          12
          12
          12
          12
          12
          12
          12
          12
          12
          12
          12
          12
          12
          12
          12
          12
          12
          12
          12
          12
          12
          12
          12
          12
          12
          12
          12
          12
          12
          12
          12
          12
          12
          12
          12
          12
          12
          12
          12
          12
          12
          12
          12
          12
          12
          12
          12
          12
          12
          12
          12
          12
          12
          12
          12
          12
          12
          12
          12
          12
          12
          12
          12
          12
          12
          12
          12
          12
          12
          12
          12
          12
          12
          12
          12
          12
          12
          12
          12
          12
          12
          12
          12
          12
          12
          12
          12
          12
          12
          12
          12
          12
          12
          12
          12
          12
          12
          12
          12
          12
          12
          12
          12
          12
          12
          12
          12
          12
          12
          12
          12
          12
          12
          12
          12
          12
          12
          12
          12
          12
          12
          12
          12
          12
          12
          12
          12
          12
          12
          12
          12
          12
          12
          12
          12
          12
          12
          12
          12
          12
          12
          12
          12
          12
          12
          12
          12
          12
          12
          12
          12
          12
          12
          12
          12
          12
          12
          12
          12
          12
          12
          12
          12
          12
          12
          12
          12
          12
          12
          12
          12
          12
          12
          12
          12
          12
          12
          12
          12
          12
          12
          12
          12
          12
          12
          12
          12
          12
          12
          12
          12
          12
          12
          12
          12
          12
          12
          12
          12
          12
          12
          12
          12
          12
          12
          12
          12
          12
          12
          12
          12
          12
          12
          12
          12
          12
          12
          12
          12
          12
          12
          12
          12
          12
          12
          12
          12
          12
          12
          12
          12
          12
          12
          12
          12
          12
          12
          12
          12
          12
          12
          12
          12
          12
          12
          12
          12
          12
          12
          12
          12
          12
          12
          12
          12
          12
          12
          12
          12
          12
          12
          12
          12
          12
          12
          12
          12
          12
          12
          12
          12
          12
          12
          12
          12
          12
          12
          12
          12
          12
          12
          12
          12
          12
          12
          12
          12
          12
          12
          12
          12
          12
          12
          12
          12
          12
          12
          12
          12
          12
          12
          12
          12
          12
          12
          12
          12
          12
          12
          12
          12
          12
          12
          12
          12
          12
          12
          12
          12
          12
          12
          12
          12
          12
          12
          12
          12
          12
          12
          12
          12
          12
          12
          12
          12
          12
          12
          12
          12
          12
          12
          12
          12
          12
          12
          12
          12
          12
          12
          12
          12
          12
          12
          12
          12
          12
          12
          12
          12
          12
          12
          12
          12
          12
          12
          12
          12
          12
          12
          12
          12
          12
          12
          12
          12
          12
          12
          12
          12
          12
          12
          12
          12
          12
          12
          12
          12
          12
          12
          12
          12
          12
          12
          12
          12
          12
          12
          12
          12
          12
          12
          12
          12
          12
          12
          12
          12
          12
          12
          12
          12
          12
          12
          12
          12
          12
          12
          12
          12
          12
          12
          12
          12
          12
          12
          12
          12
          12
          12
          12
          12
          12
          12
          12
          12
          12
          12
          12
          12
          12
          12
          12
          12
          12
          12
          12
          12
          12
          12
          12
          12
          12
          12
          12
          12
          12
          12
          12
          12
          12
          12
          12
          12
          12
          12
          12
          12
          12
          12
          12
          12
          12
          12
          12
          12
          12
          12
          12
          12
          12
          12
          12
          12
          12
          12
          12
          12
          12
          12
          12
          12
          12
          12
          12
          12
          12
          12
          12
          12
          12
          12
          12
          12
          12
          12
          12
          12
          12
          12
          12
          12
          12
          12
          12
          12
          12
          12
          12
          12
          12
          12
          12
          12
          12
          12
          12
          12
          12
          12
          12
          12
          12
          12
          12
          12
          12
          12
          12
          12
          12
          12
          12
          12
          12
          12
          12
          12
          12
          12
          12
          12
          12
          12
          12
          12
          12
          12
          12
          12
          12
          12
          12
          12
          12
          12
          12
          12
          12
          12
          12
          12
          12
          12
          12
          12
          12
          12
          12
          12
          12
          12
          12
          12
          12
          12
          12
          12
          12
          12
          12
          12
          12
          12
          12
          12
          12
          12
          12
          12
          12
          12
          12
          12
          12
          12
          12
          12
          12
          12
          12
          12
          12
          12
          12
          12
          12
          12
          12
          12
          12
          12
          12
          12
          12
          12
          12
          12
          12
          12
          12
          12
          12
          12
          12
          12
          12
          12
          12
          12
          12
          12
          12
          12
          12
          12
          12
          12
          12
          12
          12
          12
          12
          12
          12
          12
          12
          12
          12
          12
          12
          12
          12
          12
          12
          12
          12
          12
          12
          12
          12
          12
          12
          12
          12
          12
          12
          12
          12
          12
          12
          12
          12
          12
          12
          12
          12
          12
          12
          12
          12
          12
          12
          12
          12
          12
          12
          12
          12
          12
          12
          12
          12
          12
          12
          12
          12
          12
          12
          12
          12
          12
          12
          12
          12
          12
          12
          12
          12
          12
          12
          12
          12
          12
          12
          12
          12
          12
          12
          12
          12
          12
          12
          12
          12
          12
          12
          12
          12
          12
          12
          12
          12
          12
          12
          12
          12
          12
          12
          12
          12
          12
          12
          12
          12
          12
          12
          12
          12
          12
          12
          12
          12
          12
          12
          12
          12
          12
          12
          12
          12
          12
          12
          12
          12
          12
          12
          12
          12
          12
          12
          12
          12
          12
          12
          12
          12
          12
          12
          12
          12
          12
          12
          12
          12
          12
          12
          12
          12
          12
          12
          12
          12
          12
          12
          12
          12
          12
          12
          12
          12
          12
          12
          12
          12
          12
          12
          12
          12
          12
          12
          12
          12
          12
          12
          12
          12
          12
          12
          12
          12
          12
          12
          12
          12
          12
          12
          12
          12
          12
          12
          12
          12
          12
          12
          12
          12
          12
          12
          12
          12
          12
          12
          12
          12
          12
          12
          12
          12
          12
          12
          12
          12
          12
          12
          12
          12
          12
          12
          12
          12
          12
          12
          12
          12
          12
          12
          12
          12
          12
          12
          12
          12
          12
          12
          12
          12
          12
          12
          12
          12
          12
          12
          12
          12
          12
          12
          12
          12
          12
          12
          12
          12
          12
          12
          12
          12
          12
          12
          12
          12
          12
          12
          12
          12
          12
          12
          12
          12
          12
          12
          12
          12
          12
          12
          12
          12
          12
          12
          12
          12
          12
          12
          12
          12
          12
          12
          12
          12
          12
          12
          12
          12
          12
          12
          12
          12
          12
          12
          12
          12
          12
          12
          12
          12
          12
          12
          12
          12
          12
          12
          12
          12
          12
          12
          12
          12
          12
          12
          12
          12
          12
          12
          12
          12
          12
          12
          12
          12
          12
          12
          12
          12
          12
          12
          12
          12
          12
          12
          12
          12
          12
          12
          12
          12
          12
          12
          12
          12
          12
          12
          12
          12
          12
          12
          12
          12
          12
          12
          12
          12
          12
          12
          12
          12
          12
          12
          12
          12
          12
          12
          12
          12
          12
          12
          12
          12
          12
          12
          12
          12
          12
          12
          12
          12
          12
          12
          12
          12
          12
          12
          12
          12
          12
          12
          12
          12
          12
          12
          12
          12
          12
          12
          12
          12
          12
          12
          12
          12
          12
          12
          12
          12
          12
          12
          12
          12
          12
          12
          12
          12
          12
          12
          12
          12
          12
          12
          12
          12
          12
          12
          12
          12
          12
          12
          12
          12
          12
          12
          12
          12
          12
          12
          12
          12
          12
          12
          12
          12
          12
          12
          12
          12
          12
          12
          12
          12
          12
          12
          12
          12
          12
          12
          12
          12
          12
          12
          12
          12
          12
          12
          12
          12
          12
          12
          12
          12
          12
          12
          12
          12
          12
          12
          12
          12
          12
          12
          12
          12
          12
          12
          12
          12
          12
          12
          12
          12
          12
          12
          12
          12
          12
          12
          12
          12
          12
          12
          12
          12
          12
          12
          12
          12
          12
          12
          12
          12
          12
          12
          12
          12
          12
          12
          12
          12
          12
          12
          12
          12
          12
          12
          12
          12
          12
          12
          12
          12
          12
          12
          12
          12
          12
          12
          12
          12
          12
          12
          12
          12
          12
          12
          12
          12
          12
          12
          12
          12
          12
          12
          12
          12
          12
          12
          12
          12
          12
          12
          12
          12
          12
          12
          12
          12
          12
          12
          12
          12
          12
          12
          12
          12
          12
          12
          12
          12
          12
          12
          12
          12
          12
          12
          12
          12
          12
          12
          12
          12
          12
          12
          12
          12
          12
          12
          12
          12
          12
          12
          12
          12
          12
          12
          12
          12
          12
          12
          12
          12
          12
          12
          12
          12
          12
          12
          12
          12
          12
          12
          12
          12
          12
          12
          12
          12
          12
          12
          12
          12
          12
          12
          12
          12
          12
          12
          12
          12
          12
          12
          12
          12
          12
          12
          12
          12
          12
          12
          12
          12
          12
          12
          12
          12
          12
          12
          12
          12
          12
          12
          12
          12
          12
          12
          12
          12
          12
          12
          12
          12
          12
          12
          12
          12
          12
          12
          12
          12
          12
          12
          12
          12
          12
          12
          12
          12
          12
          12
          12
          12
          12
          12
          12
          12
          12
          12
          12
          12
          12
          12
          12
          12
          12
          12
          12
          12
          12
          12
          12
          12
          12
          12
          12
          12
          12
          12
          12
          12
          12
          12
          12
          12
          12
          12
          12
          12
          12
          12
          12
          12
          12
          12
          12
          12
          12
          12
          12
          12
          12
          12
          12
          12
          12
          12
          12
          12
          12
          12
          12
          12
          12
          12
          12
          12
          12
          12
          12
          12
          12
          12
          12
          12
          12
          12
          12
          12
          12
          12
          12
          12
          12
          12
          12
          12
          12
          12
          12
          12
          12
          12
          12
          12
          12
          12
          12
          12
          12
          12
          12
          12
          12
          12
          12
          12
          12
          12
          12
          12
          12
          12
          12
          12
          12
          12
          12
          12
          12
          12
          12
          12
          12
          12
          12
          12
          12
          12
          12
          12
          12
          12
          12
          12
          12
          12
          12
          12
          12
          12
          12
          12
          12
          12
          12
          12
          12
          12
          12
          12
          12
          12
          12
          12
          12
          12
          12
          12
          12
          12
          12
          12
        </DataArray>
      </Cells>
      <CellData>
        <DataArray type="UInt32" Name="part" format="ascii">
          0
          0
          0
          0
          0
          0
          0
          0
          0
          0
          0
          0
          0
          0
          0
          0
          0
          0
          0
          0
          0
          0
          0
          0
          0
          0
          0
          0
          0
          0
          0
          0
          0
          0
          0
          0
          0
          0
          0
          0
          0
          0
          0
          0
          0
          0
          0
          0
          0
          0
          0
          0
          0
          0
          0
          0
          0
          0
          0
          0
          0
          0
          0
          0
          0
          0
          0
          0
          0
          0
          0
          0
          0
          0
          0
          0
          0
          0
          0
          0
          0
          0
          0
          0
          0
          0
          0
          0
          0
          0
          0
          0
          0
          0
          0
          0
          0
          0
          0
          0
          0
          0
          0
          0
          0
          0
          0
          0
          0
          0
          0
          0
          0
          0
          0
          0
          0
          0
          0
          0
          0
          0
          0
          0
          0
          0
          0
          0
          0
          0
          0
          0
          0
          0
          0
          0
          0
          0
          0
          0
          0
          0
          0
          0
          0
          0
          0
          0
          0
          0
          0
          0
          0
          0
          0
          0
          0
          0
          0
          0
          0
          0
          0
          0
          0
          0
          0
          0
          0
          0
          0
          0
          0
          0
          0
          0
          0
          0
          0
          0
          0
          0
          0
          0
          0
          0
          0
          0
          0
          0
          0
          0
          0
          0
          0
          0
          0
          0
          0
          0
          0
          0
          0
          0
          0
          0
          0
          0
          0
          0
          0
          0
          0
          0
          0
          0
          0
          0
          0
          0
          0
          0
          0
          0
          0
          0
          0
          0
          0
          0
          0
          0
          0
          0
          0
          0
          0
          0
          0
          0
          0
          0
          0
          0
          0
          0
          0
          0
          0
          0
          0
          0
          0
          0
          0
          0
          0
          0
          0
          0
          0
          0
          0
          0
          0
          0
          0
          0
          0
          0
          0
          0
          0
          0
          0
          0
          0
          0
          0
          0
          0
          0
          0
          0
          0
          0
          0
          0
          0
          0
          0
          0
          0
          0
          0
          0
          0
          0
          0
          0
          0
          0
          0
          0
          0
          0
          0
          0
          0
          0
          0
          0
          0
          0
          0
          0
          0
          0
          0
          0
          0
          0
          0
          0
          0
          0
          0
          0
          0
          0
          0
          0
          0
          0
          0
          0
          0
          0
          0
          0
          0
          0
          0
          0
          0
          0
          0
          0
          0
          0
          0
          0
          0
          0
          0
          0
          0
          0
          0
          0
          0
          0
          0
          0
          0
          0
          0
          0
          0
          0
          0
          0
          0
          0
          0
          0
          0
          0
          0
          0
          0
          0
          0
          0
          0
          0
          0
          0
          0
          0
          0
          0
          0
          0
          0
          0
          0
          0
          0
          0
          0
          0
          0
          0
          0
          0
          0
          0
          0
          0
          0
          0
          0
          0
          0
          0
          0
          0
          0
          0
          0
          0
          0
          0
          0
          0
          0
          0
          0
          0
          0
          0
          0
          0
          0
          0
          0
          0
          0
          0
          0
          0
          0
          0
          0
          0
          0
          0
          0
          0
          0
          0
          0
          0
          0
          0
          0
          0
          0
          0
          0
          0
          0
          0
          0
          0
          0
          0
          0
          0
          0
          0
          0
          0
          0
          0
          0
          0
          0
          0
          0
          0
          0
          0
          0
          0
          0
          0
          0
          0
          0
          0
          0
          0
          0
          0
          0
          0
          0
          0
          0
          0
          0
          0
          0
          0
          0
          0
          0
          0
          0
          0
          0
          0
          0
          0
          0
          0
          0
          0
          0
          0
          0
          0
          0
          0
          0
          0
          0
          0
          0
          0
          0
          0
          0
          0
          0
          0
          0
          0
          0
          0
          0
          0
          0
          0
          0
          0
          0
          0
          0
          0
          0
          0
          0
          0
          0
          0
          0
          0
          0
          0
          0
          0
          0
          0
          0
          0
          0
          0
          0
          0
          0
          0
          0
          0
          0
          0
          0
          0
          0
          0
          0
          0
          0
          0
          0
          0
          0
          0
          0
          0
          0
          0
          0
          0
          0
          0
          0
          0
          0
          0
          0
          0
          0
          0
          0
          0
          0
          0
          0
          0
          0
          0
          0
          0
          0
          0
          0
          0
          0
          0
          0
          0
          0
          0
          0
          0
          0
          0
          0
          0
          0
          0
          0
          0
          0
          0
          0
          0
          0
          0
          0
          0
          0
          0
          0
          0
          0
          0
          0
          0
          0
          0
          0
          0
          0
          0
          0
          0
          0
          0
          0
          0
          0
          0
          0
          0
          0
          0
          0
          0
          0
          0
          0
          0
          0
          0
          0
          0
          0
          0
          0
          0
          0
          0
          0
          0
          0
          0
          0
          0
          0
          0
          0
          0
          0
          0
          0
          0
          0
          0
          0
          0
          0
          0
          0
          0
          0
          0
          0
          0
          0
          0
          0
          0
          0
          0
          0
          0
          0
          0
          0
          0
          0
          0
          0
          0
          0
          0
          0
          0
          0
          0
          0
          0
          0
          0
          0
          0
          0
          0
          0
          0
          0
          0
          0
          0
          0
          0
          0
          0
          0
          0
          0
          0
          0
          0
          0
          0
          0
          0
          0
          0
          0
          0
          0
          0
          0
          0
          0
          0
          0
          0
          0
          0
          0
          0
          0
          0
          0
          0
          0
          0
          0
          0
          0
          0
          0
          0
          0
          0
          0
          0
          0
          0
          0
          0
          0
          0
          0
          0
          0
          0
          0
          0
          0
          0
          0
          0
          0
          0
          0
          0
          0
          0
          0
          0
          0
          0
          0
          0
          0
          0
          0
          0
          0
          0
          0
          0
          0
          0
          0
          0
          0
          0
          0
          0
          0
          0
          0
          0
          0
          0
          0
          0
          0
          0
          0
          0
          0
          0
          0
          0
          0
          0
          0
          0
          0
          0
          0
          0
          0
          0
          0
          0
          0
          0
          0
          0
          0
          0
          0
          0
          0
          0
          0
          0
          0
          0
          0
          0
          0
          0
          0
          0
          0
          0
          0
          0
          0
          0
          0
          0
          0
          0
          1
          1
          1
          1
          1
          1
          1
          1
          1
          1
          1
          1
          1
          1
          1
          1
          1
          1
          1
          1
          1
          1
          1
          1
          1
          1
          1
          1
          1
          1
          1
          1
          1
          1
          1
          1
          1
          1
          1
          1
          1
          1
          1
          1
          1
          1
          1
          1
          1
          1
          1
          1
          1
          1
          1
          1
          1
          1
          1
          1
          1
          1
          1
          1
          1
          1
          1
          1
          1
          1
          1
          1
          1
          1
          1
          1
          1
          1
          1
          1
          1
          1
          1
          1
          1
          1
          1
          1
          1
          1
          1
          1
          1
          1
          1
          1
          1
          1
          1
          1
          1
          1
          1
          1
          1
          1
          1
          1
          1
          1
          1
          1
          1
          1
          1
          1
          1
          1
          1
          1
          1
          1
          1
          1
          1
          1
          1
          1
          1
          1
          1
          1
          1
          1
          1
          1
          1
          1
          1
          1
          1
          1
          1
          1
          1
          1
          1
          1
          1
          1
          1
          1
          1
          1
          1
          1
          1
          1
          1
          1
          1
          1
          1
          1
          1
          1
          1
          1
          1
          1
          1
          1
          1
          1
          1
          1
          1
          1
          1
          1
          1
          1
          1
          1
          1
          1
          1
          1
          1
          1
          1
          1
          1
          1
          1
          1
          1
          1
          1
          1
          1
          1
          1
          1
          1
          1
          1
          1
          1
          1
          1
          1
          1
          1
          1
          1
          1
          1
          1
          1
          1
          1
          1
          1
          1
          1
          1
          1
          1
          1
          1
          1
          1
          1
          1
          1
          1
          1
          1
          1
          1
          1
          1
          1
          1
          1
          1
          1
          1
          1
          1
          1
          1
          1
          1
          1
          1
          1
          1
          1
          1
          1
          1
          1
          1
          1
          1
          1
          1
          1
          1
          1
          1
          1
          1
          1
          1
          1
          1
          1
          1
          1
          1
          1
          1
          1
          1
          1
          1
          1
          1
          1
          1
          1
          1
          1
          1
          1
          1
          1
          1
          1
          1
          1
          1
          1
          1
          1
          1
          1
          1
          1
          1
          1
          1
          1
          1
          1
          1
          1
          1
          1
          1
          1
          1
          1
          1
          1
          1
          1
          1
          1
          1
          1
          1
          1
          1
          1
          1
          1
          1
          1
          1
          1
          1
          1
          1
          1
          1
          1
          1
          1
          1
          1
          1
          1
          1
          1
          1
          1
          1
          1
          1
          1
          1
          1
          1
          1
          1
          1
          1
          1
          1
          1
          1
          1
          1
          1
          1
          1
          1
          1
          1
          1
          1
          1
          1
          1
          1
          1
          1
          1
          2
          2
          2
          2
          2
          2
          2
          2
          2
          2
          2
          2
          2
          2
          2
          2
          2
          2
          2
          2
          2
          2
          2
          2
          2
          2
          2
          2
          2
          2
          2
          2
          2
          2
          2
          2
          2
          2
          2
          2
          2
          2
          2
          2
          2
          2
          2
          2
          2
          2
          2
          2
          2
          2
          2
          2
          2
          2
          2
          2
          2
          2
          2
          2
          2
          2
          2
          2
          2
          2
          2
          2
          2
          2
          2
          2
          2
          2
          2
          2
          2
          2
          2
          2
          2
          2
          2
          2
          2
          2
          2
          2
          2
          2
          2
          2
          2
          2
          2
          2
          2
          2
          2
          2
          2
          2
          2
          2
          2
          2
          2
          2
          2
          2
          2
          2
          2
          2
          2
          2
          2
          2
          2
          2
          2
          2
          2
          2
          2
          2
          2
          2
          2
          2
          2
          2
          2
          2
          2
          2
          2
          2
          2
          2
          2
          2
          2
          2
          2
          2
          2
          2
          2
          2
          2
          2
          2
          2
          2
          2
          2
          2
          2
          2
          2
          2
          2
          2
          2
          2
          2
          2
          2
          2
          2
          2
          2
          2
          2
          2
          2
          2
          2
          2
          2
          2
          2
          2
          2
          2
          2
          2
          2
          2
          2
          2
          2
          2
          2
          2
          2
          2
          2
          2
          2
          2
          2
          2
          2
          2
          2
          2
          2
          2
          2
          2
          2
          2
          2
          2
          2
          2
          2
          2
          2
          2
          2
          2
          2
          2
          2
          2
          2
          2
          2
          2
          2
          2
          2
          2
          2
          2
          2
          2
          2
          2
          2
          2
          2
          2
          2
          2
          2
          2
          2
          2
          2
          2
          2
          2
          2
          2
          2
          2
          2
          2
          2
          2
          2
          2
          2
          2
          2
          2
          2
          2
          2
          2
          2
          2
          2
          2
          2
          2
          2
          2
          2
          2
          2
          2
          2
          2
          2
          2
          2
          2
          2
          2
          2
          2
          2
          2
          2
          2
          2
          2
          2
          2
          2
          2
          2
          2
          2
          2
          2
          2
          2
          2
          2
          2
          2
          2
          2
          2
          2
          2
          2
          2
          2
          2
          2
          2
          2
          2
          2
          2
          2
          2
          2
          2
          2
          2
          2
          2
          2
          2
          2
          2
          2
          2
          2
          2
          2
          2
          2
          2
          2
          2
          2
          2
          2
          2
          2
          2
          2
          2
          2
          2
          2
          2
          2
          2
          2
          2
          2
          2
          2
          2
          2
          2
          2
          2
          2
          2
          2
          2
          2
          2
          2
          2
          2
          2
          3
          3
          3
          3
          3
          3
          3
          3
          3
          3
          3
          3
          3
          3
          3
          3
          3
          3
          3
          3
          3
          3
          3
          3
          3
          3
          3
          3
          3
          3
          3
          3
          3
          3
          3
          3
          3
          3
          3
          3
          3
          3
          3
          3
          3
          3
          3
          3
          3
          3
          3
          3
          3
          3
          3
          3
          3
          3
          3
          3
          3
          3
          3
          3
          3
          3
          3
          3
          3
          3
          3
          3
          3
          3
          3
          3
          3
          3
          3
          3
          3
          3
          3
          3
          3
          3
          3
          3
          3
          3
          3
          3
          3
          3
          3
          3
          3
          3
          3
          3
          3
          3
          3
          3
          3
          3
          3
          3
          3
          3
          3
          3
          3
          3
          3
          3
          3
          3
          3
          3
          3
          3
          3
          3
          3
          3
          3
          3
          3
          3
          3
          3
          3
          3
          3
          3
          3
          3
          3
          3
          3
          3
          3
          3
          3
          3
          3
          3
          3
          3
          3
          3
          3
          3
          3
          3
          3
          3
          3
          3
          3
          3
          3
          3
          3
          3
          3
          3
          3
          3
          3
          3
          3
          3
          3
          3
          3
          3
          3
          3
          3
          3
          3
          3
          3
          3
          3
          3
          3
          3
          3
          3
          3
          3
          3
          3
          3
          3
          3
          3
          3
          3
          3
          3
          3
          3
          3
          3
          3
          3
          3
          3
          3
          3
          3
          3
          3
          3
          3
          3
          3
          3
          3
          3
          3
          3
          3
          3
          3
          3
          3
          3
          3
          3
          3
          3
          3
          3
          3
          3
          3
          3
          3
          3
          3
          3
          3
          3
          3
          3
          3
          3
          3
          3
          3
          3
          3
          3
          3
          3
          3
          3
          3
          3
          3
          3
          3
          3
          3
          3
          3
          3
          3
          3
          3
          3
          3
          3
          3
          3
          3
          3
          3
          3
          3
          3
          3
          3
          3
          3
          3
          3
          3
          3
          3
          3
          3
          3
          3
          3
          3
          3
          3
          3
          3
          3
          3
          3
          3
          3
          3
          3
          3
          3
          3
          3
          3
          3
          3
          3
          3
          3
          3
          3
          3
          3
          3
          3
          3
          3
          3
          3
          3
          3
          3
          3
          3
          3
          3
          3
          3
          3
          3
          3
          3
          3
          3
          3
          3
          3
          3
          3
          3
          3
          3
          3
          3
          3
          3
          3
          3
          3
          3
          3
          3
          3
          3
          3
          3
          3
          3
          3
          3
          3
          3
          3
          3
          3
          3
          3
          3
          3
          3
          3
          3
          3
          3
          3
          3
          3
          3
          3
          4
          4
          4
          4
          4
          4
          4
          4
          4
          4
          4
          4
          4
          4
          4
          4
          4
          4
          4
          4
          4
          4
          4
          4
          4
          4
          4
          4
          4
          4
          4
          4
          4
          4
          4
          4
          4
          4
          4
          4
          4
          4
          4
          4
          4
          4
          4
          4
          4
          4
          4
          4
          4
          4
          4
          4
          4
          4
          4
          4
          4
          4
          4
          4
          4
          4
          4
          4
          4
          4
          4
          4
          4
          4
          4
          4
          4
          4
          4
          4
          4
          4
          4
          4
          4
          4
          4
          4
          4
          4
          4
          4
          4
          4
          4
          4
          4
          4
          4
          4
          4
          4
          4
          4
          4
          4
          4
          4
          4
          4
          4
          4
          4
          4
          4
          4
          4
          4
          4
          4
          4
          4
          4
          4
          4
          4
          4
          4
          4
          4
          4
          4
          4
          4
          4
          4
          4
          4
          4
          4
          4
          4
          4
          4
          4
          4
          4
          4
          4
          4
          4
          4
          4
          4
          4
          4
          4
          4
          4
          4
          4
          4
          4
          4
          4
          4
          4
          4
          4
          4
          4
          4
          4
          4
          4
          4
          4
          4
          4
          4
          4
          4
          4
          4
          4
          4
          4
          4
          4
          4
          4
          4
          4
          4
          4
          4
          4
          4
          4
          4
          4
          4
          4
          4
          4
          4
          4
          4
          4
          4
          4
          4
          4
          4
          4
          4
          4
          4
          4
          4
          4
          4
          4
          4
          4
          4
          4
          4
          4
          4
          4
          4
          4
          4
          4
          4
          4
          4
          4
          4
          4
          4
          4
          4
          4
          4
          4
          4
          4
          4
          4
          4
          4
          4
          4
          4
          4
          4
          4
          4
          4
          4
          4
          4
          4
          4
          4
          4
          4
          4
          4
          4
          4
          4
          4
          4
          4
          4
          4
          4
          4
          4
          4
          4
          4
          4
          4
          4
          4
          4
          4
          4
          4
          4
          4
          4
          4
          4
          4
          4
          4
          4
          4
          4
          4
          4
          4
          4
          4
          4
          4
          4
          4
          4
          4
          4
          4
          4
          4
          4
          4
          4
          4
          4
          4
          4
          4
          4
          4
          4
          4
          4
          4
          4
          4
          4
          4
          4
          4
          4
          4
          4
          4
          4
          4
          4
          4
          4
          4
          4
          4
          4
          4
          4
          4
          4
          4
          4
          4
          4
          4
          4
          4
          4
          4
          4
          4
          4
          4
          4
          4
          4
          4
          4
          4
          4
          4
          4
          4
          4
          4
          4
          4
          4
          4
          4
          4
          4
          4
          4
          4
          4
        </DataArray>
        <DataArray type="Float64" Name="scaled_jacobian" NumberOfComponents="1" format="ascii">
          1
          1
          1
          1
          1
          1
          1
          1
          1
          1
          1
          1
          1
          1
          1
          1
          1
          1
          1
          1
          1
          1
          1
          1
          1
          1
          1
          1
          1
          1
          1
          1
          1
          1
          1
          1
          1
          1
          1
          1
          1
          1
          1
          1
          1
          1
          1
          1
          1
          1
          1
          1
          1
          1
          1
          1
          1
          1
          1
          1
          1
          1
          1
          1
          1
          1
          1
          1
          1
          1
          1
          1
          1
          1
          1
          1
          1
          1
          1
          1
          1
          1
          1
          1
          1
          1
          1
          1
          1
          1
          1
          1
          1
          1
          1
          1
          1
          1
          1
          1
          1
          1
          1
          1
          1
          1
          1
          1
          1
          1
          1
          1
          1
          1
          1
          1
          1
          1
          1
          1
          1
          1
          1
          1
          1
          1
          1
          1
          1
          1
          1
          1
          1
          1
          1
          1
          1
          1
          1
          1
          1
          1
          1
          1
          1
          1
          1
          1
          1
          1
          1
          1
          1
          1
          1
          1
          1
          1
          1
          1
          1
          1
          1
          1
          1
          1
          1
          1
          1
          1
          1
          1
          1
          1
          1
          1
          1
          1
          1
          1
          1
          1
          1
          1
          1
          1
          1
          1
          1
          1
          1
          1
          1
          1
          1
          1
          1
          1
          1
          1
          1
          1
          1
          1
          1
          1
          1
          1
          1
          1
          1
          1
          1
          1
          1
          1
          1
          1
          1
          1
          1
          1
          1
          1
          1
          1
          1
          1
          1
          1
          1
          1
          1
          1
          1
          1
          1
          1
          1
          1
          1
          1
          1
          1
          1
          1
          1
          1
          1
          1
          1
          1
          1
          1
          1
          1
          1
          1
          1
          1
          1
          1
          1
          1
          1
          1
          1
          1
          1
          1
          1
          1
          1
          1
          1
          1
          1
          1
          1
          1
          1
          1
          1
          1
          1
          1
          1
          1
          1
          1
          1
          1
          1
          1
          1
          1
          1
          1
          1
          1
          1
          1
          1
          1
          1
          1
          1
          1
          1
          1
          1
          1
          1
          1
          1
          1
          1
          1
          1
          1
          1
          1
          1
          1
          1
          1
          1
          1
          1
          1
          1
          1
          1
          1
          1
          1
          1
          1
          1
          1
          1
          1
          1
          1
          1
          1
          1
          1
          1
          1
          1
          1
          1
          1
          1
          1
          1
          1
          1
          1
          1
          1
          1
          1
          1
          1
          1
          1
          1
          1
          1
          1
          1
          1
          1
          1
          1
          1
          1
          1
          1
          1
          1
          1
          1
          1
          1
          1
          1
          1
          1
          1
          1
          1
          1
          1
          1
          1
          1
          1
          1
          1
          1
          1
          1
          1
          1
          1
          1
          1
          1
          1
          1
          1
          1
          1
          1
          1
          1
          1
          1
          1
          1
          1
          1
          1
          1
          1
          1
          1
          1
          1
          1
          1
          1
          1
          1
          1
          1
          1
          1
          1
          1
          1
          1
          1
          1
          1
          1
          1
          1
          1
          1
          1
          1
          1
          1
          1
          1
          1
          1
          1
          1
          1
          1
          1
          1
          1
          1
          1
          1
          1
          1
          1
          1
          1
          1
          1
          1
          1
          1
          1
          1
          1
          1
          1
          1
          1
          1
          1
          1
          1
          1
          1
          1
          1
          1
          1
          1
          1
          1
          1
          1
          1
          1
          1
          1
          1
          1
          1
          1
          1
          1
          1
          1
          1
          1
          1
          1
          1
          1
          1
          1
          1
          1
          1
          1
          1
          1
          1
          1
          1
          1
          1
          1
          1
          1
          1
          1
          1
          1
          1
          1
          1
          1
          1
          1
          1
          1
          1
          1
          1
          1
          1
          1
          1
          1
          1
          1
          1
          1
          1
          1
          1
          1
          1
          1
          1
          1
          1
          1
          1
          1
          1
          1
          1
          1
          1
          1
          1
          1
          1
          1
          1
          1
          1
          1
          1
          1
          1
          1
          1
          1
          1
          1
          1
          1
          1
          1
          1
          1
          1
          1
          1
          1
          1
          1
          1
          1
          1
          1
          1
          1
          1
          1
          1
          1
          1
          1
          1
          1
          1
          1
          1
          1
          1
          1
          1
          1
          1
          1
          1
          1
          1
          1
          1
          1
          1
          1
          1
          1
          1
          1
          1
          1
          1
          1
          1
          1
          1
          1
          1
          1
          1
          1
          1
          1
          1
          1
          1
          1
          1
          1
          1
          1
          1
          1
          1
          1
          1
          1
          1
          1
          1
          1
          1
          1
          1
          1
          1
          1
          1
          1
          1
          1
          1
          1
          1
          1
          1
          1
          1
          1
          1
          1
          1
          1
          1
          1
          1
          1
          1
          1
          1
          1
          1
          1
          1
          1
          1
          1
          1
          1
          1
          1
          1
          1
          1
          1
          1
          1
          1
          1
          1
          1
          1
          1
          1
          1
          1
          1
          1
          1
          1
          1
          1
          1
          1
          1
          1
          1
          1
          1
          1
          1
          1
          1
          1
          1
          1
          1
          1
          1
          1
          1
          1
          1
          1
          1
          1
          1
          1
          1
          1
          1
          1
          1
          1
          1
          1
          1
          1
          1
          1
          1
          1
          1
          1
          1
          1
          1
          1
          1
          1
          1
          1
          1
          1
          1
          1
          1
          1
          1
          1
          1
          1
          1
          1
          1
          1
          1
          1
          1
          1
          1
          1
          1
          1
          1
          1
          1
          1
          1
          1
          1
          1
          1
          1
          1
          1
          1
          1
          1
          1
          1
          1
          1
          1
          1
          1
          1
          1
          1
          1
          1
          1
          1
          1
          1
          1
          1
          1
          1
          1
          1
          1
          1
          1
          1
          1
          1
          1
          1
          1
          1
          1
          1
          1
          1
          1
          1
          1
          1
          1
          1
          1
          1
          1
          1
          1
          1
          1
          1
          1
          1
          1
          1
          1
          1
          1
          1
          1
          1
          1
          1
          1
          1
          1
          1
          1
          1
          1
          1
          1
          1
          1
          0.7071067811865447
          0.9504369819088178
          0.9951847266721964
          0.9951847266721965
          0.9951847266721964
          0.8571294813806202
          0.9785481331780761
          0.9951847266721962
          0.9951847266721958
          0.9951847266721965
          0.9422004577865065
          0.9899227725878896
          0.9951847266721962
          0.9951847266721963
          0.9951847266721958
          0.9862944435669619
          0.9950711382732167
          0.9951847266721963
          0.9951847266721968
          0.9951847266721968
          0.9862944435669615
          0.9950711382732175
          0.9951847266721967
          0.9951847266721964
          0.9951847266721963
          0.9422004577865088
          0.9899227725878905
          0.9951847266721953
          0.995184726672196
          0.9951847266721969
          0.8571294813806212
          0.9785481331780738
          0.9951847266721964
          0.9951847266721965
          0.9951847266721964
          0.7071067811865476
          0.950436981908821
          0.9951847266721962
          0.9951847266721963
          0.9951847266721967
          0.7071067811865407
          0.9504369819088176
          0.9951847266721963
          0.9951847266721967
          0.9951847266721964
          0.8571294813806241
          0.9785481331780767
          0.9951847266721962
          0.9951847266721959
          0.9951847266721966
          0.9422004577865065
          0.9899227725878896
          0.9951847266721962
          0.9951847266721956
          0.9951847266721957
          0.9862944435669613
          0.9950711382732168
          0.9951847266721962
          0.9951847266721964
          0.9951847266721966
          0.9862944435669609
          0.9950711382732175
          0.9951847266721964
          0.9951847266721957
          0.9951847266721963
          0.9422004577865077
          0.9899227725878903
          0.9951847266721953
          0.9951847266721955
          0.9951847266721966
          0.8571294813806245
          0.9785481331780738
          0.9951847266721957
          0.9951847266721963
          0.9951847266721964
          0.7071067811865469
          0.9504369819088202
          0.9951847266721962
          0.9951847266721963
          0.9951847266721963
          0.7071067811865407
          0.9504369819088224
          0.9951847266721963
          0.9951847266721966
          0.9951847266721964
          0.8571294813806241
          0.9785481331780747
          0.9951847266721964
          0.9951847266721953
          0.9951847266721965
          0.9422004577865051
          0.9899227725878903
          0.9951847266721963
          0.9951847266721954
          0.9951847266721952
          0.9862944435669613
          0.9950711382732161
          0.995184726672195
          0.995184726672196
          0.9951847266721966
          0.9862944435669608
          0.9950711382732166
          0.9951847266721964
          0.9951847266721957
          0.9951847266721962
          0.9422004577865077
          0.9899227725878903
          0.9951847266721952
          0.9951847266721955
          0.9951847266721963
          0.8571294813806217
          0.9785481331780719
          0.9951847266721957
          0.995184726672196
          0.9951847266721965
          0.7071067811865439
          0.9504369819088202
          0.9951847266721964
          0.9951847266721955
          0.9951847266721963
          0.7071067811865422
          0.9504369819088189
          0.9951847266721963
          0.9951847266721965
          0.9951847266721964
          0.8571294813806234
          0.9785481331780747
          0.9951847266721959
          0.9951847266721953
          0.9951847266721966
          0.9422004577865051
          0.9899227725878909
          0.9951847266721964
          0.9951847266721953
          0.9951847266721952
          0.9862944435669612
          0.9950711382732152
          0.995184726672195
          0.995184726672196
          0.9951847266721955
          0.9862944435669627
          0.9950711382732161
          0.9951847266721962
          0.9951847266721949
          0.9951847266721962
          0.9422004577865082
          0.989922772587892
          0.9951847266721952
          0.9951847266721955
          0.9951847266721964
          0.8571294813806217
          0.9785481331780719
          0.995184726672196
          0.9951847266721963
          0.9951847266721964
          0.7071067811865439
          0.9504369819088199
          0.9951847266721963
          0.9951847266721955
          0.9951847266721965
          0.7071067811865421
          0.9504369819088189
          0.9951847266721963
          0.9951847266721965
          0.9951847266721965
          0.857129481380623
          0.9785481331780757
          0.995184726672196
          0.9951847266721962
          0.995184726672197
          0.9422004577865082
          0.9899227725878894
          0.9951847266721962
          0.9951847266721955
          0.9951847266721952
          0.9862944435669614
          0.9950711382732152
          0.995184726672196
          0.9951847266721964
          0.9951847266721955
          0.9862944435669616
          0.9950711382732161
          0.9951847266721956
          0.9951847266721947
          0.9951847266721965
          0.9422004577865086
          0.9899227725878917
          0.9951847266721966
          0.9951847266721963
          0.9951847266721964
          0.8571294813806206
          0.9785481331780747
          0.9951847266721966
          0.9951847266721968
          0.9951847266721964
          0.7071067811865447
          0.9504369819088199
          0.995184726672196
          0.995184726672196
          0.9951847266721965
          0.7071067811865411
          0.950436981908819
          0.9951847266721959
          0.995184726672196
          0.9951847266721965
          0.857129481380623
          0.9785481331780771
          0.9951847266721953
          0.9951847266721962
          0.995184726672196
          0.9422004577865082
          0.9899227725878893
          0.9951847266721963
          0.9951847266721962
          0.9951847266721962
          0.9862944435669617
          0.9950711382732164
          0.9951847266721963
          0.9951847266721946
          0.9951847266721955
          0.9862944435669617
          0.9950711382732168
          0.9951847266721956
          0.9951847266721952
          0.9951847266721942
          0.9422004577865072
          0.989922772587891
          0.9951847266721964
          0.9951847266721958
          0.9951847266721965
          0.8571294813806206
          0.9785481331780738
          0.9951847266721963
          0.9951847266721967
          0.9951847266721962
          0.7071067811865466
          0.9504369819088194
          0.995184726672196
          0.995184726672196
          0.9951847266721966
          0.7071067811865412
          0.9504369819088204
          0.9951847266721959
          0.995184726672196
          0.9951847266721968
          0.8571294813806201
          0.9785481331780762
          0.9951847266721952
          0.9951847266721959
          0.995184726672196
          0.9422004577865083
          0.9899227725878903
          0.9951847266721964
          0.9951847266721959
          0.995184726672196
          0.9862944435669617
          0.9950711382732169
          0.9951847266721963
          0.9951847266721946
          0.9951847266721956
          0.986294443566962
          0.9950711382732179
          0.9951847266721959
          0.9951847266721953
          0.9951847266721943
          0.9422004577865072
          0.989922772587891
          0.9951847266721964
          0.9951847266721959
          0.9951847266721965
          0.8571294813806212
          0.9785481331780737
          0.995184726672196
          0.9951847266721969
          0.9951847266721962
          0.7071067811865466
          0.9504369819088194
          0.995184726672196
          0.9951847266721959
          0.9951847266721966
          0.7071067811865397
          0.9504369819088168
          0.8571294813806202
          0.9785481331780762
          0.9422004577865085
          0.9899227725878873
          0.9862944435669609
          0.995071138273217
          0.9862944435669608
          0.9950711382732177
          0.9422004577865087
          0.9899227725878909
          0.8571294813806206
          0.9785481331780743
          0.7071067811865476
          0.95043698190882
          0.7071067811865398
          0.9504369819088169
          0.8571294813806261
          0.9785481331780799
          0.9422004577865055
          0.9899227725878873
          0.9862944435669609
          0.9950711382732171
          0.9862944435669606
          0.9950711382732177
          0.9422004577865085
          0.9899227725878905
          0.8571294813806207
          0.9785481331780742
          0.7071067811865427
          0.9504369819088188
          0.7071067811865421
          0.9504369819088196
          0.8571294813806223
          0.9785481331780786
          0.9422004577865055
          0.9899227725878895
          0.9862944435669622
          0.9950711382732168
          0.9862944435669619
          0.9950711382732172
          0.9422004577865086
          0.9899227725878905
          0.8571294813806196
          0.9785481331780734
          0.7071067811865427
          0.9504369819088188
          0.7071067811865411
          0.9504369819088179
          0.8571294813806223
          0.9785481331780788
          0.9422004577865069
          0.9899227725878905
          0.9862944435669617
          0.9950711382732168
          0.9862944435669619
          0.9950711382732172
          0.9422004577865094
          0.9899227725878906
          0.8571294813806197
          0.9785481331780719
          0.7071067811865476
          0.9504369819088195
          0.7071067811865411
          0.9504369819088179
          0.8571294813806202
          0.9785481331780762
          0.9422004577865069
          0.9899227725878907
          0.9862944435669618
          0.995071138273217
          0.9862944435669622
          0.9950711382732178
          0.9422004577865086
          0.9899227725878905
          0.8571294813806208
          0.9785481331780718
          0.7071067811865476
          0.9504369819088211
          0.707106781186542
          0.6979865292570805
          0.8571294813806201
          0.6977170011131197
          0.8854138447926324
          0.7005211024923741
          0.8900186830508063
          0.7037018687631894
          0.8900186830508077
          0.7037018687631892
          0.8854138447926354
          0.7005211024923798
          0.8571294813806211
          0.697717001113115
          0.7071067811865476
          0.6979865292570825
          0.707106781186542
          0.6945926747363498
          0.8646017865349915
          0.6947117102664447
          0.8860466874961754
          0.6991919590249723
          0.8904409369238552
          0.7037018687631904
          0.8904409369238527
          0.7037018687631901
          0.8860466874961784
          0.699191959024972
          0.8646017865349866
          0.6947117102664445
          0.7071067811865476
          0.6945926747363501
          0.7071067811865412
          0.9504369819088173
          0.9951847266721963
          0.9951847266721964
          0.9951847266721967
          0.8571294813806213
          0.9785481331780759
          0.9951847266721964
          0.9951847266721967
          0.9951847266721964
          0.9422004577865079
          0.9899227725878902
          0.995184726672196
          0.995184726672196
          0.9951847266721968
          0.9862944435669614
          0.9950711382732174
          0.9951847266721969
          0.9951847266721964
          0.9951847266721964
          0.9862944435669622
          0.9950711382732168
          0.9951847266721962
          0.9951847266721967
          0.9951847266721963
          0.9422004577865087
          0.9899227725878902
          0.9951847266721962
          0.9951847266721957
          0.9951847266721959
          0.8571294813806212
          0.9785481331780745
          0.9951847266721959
          0.9951847266721956
          0.995184726672196
          0.7071067811865476
          0.9504369819088209
          0.9951847266721964
          0.9951847266721967
          0.9951847266721964
          0.7071067811865411
          0.9504369819088173
          0.9951847266721963
          0.9951847266721952
          0.9951847266721967
          0.8571294813806272
          0.9785481331780752
          0.9951847266721955
          0.9951847266721967
          0.9951847266721958
          0.9422004577865079
          0.98992277258789
          0.9951847266721958
          0.9951847266721952
          0.9951847266721969
          0.9862944435669614
          0.9950711382732174
          0.9951847266721969
          0.9951847266721962
          0.9951847266721964
          0.9862944435669614
          0.9950711382732168
          0.9951847266721962
          0.9951847266721964
          0.9951847266721963
          0.9422004577865088
          0.9899227725878901
          0.9951847266721958
          0.9951847266721959
          0.9951847266721958
          0.8571294813806223
          0.9785481331780744
          0.9951847266721957
          0.9951847266721956
          0.995184726672196
          0.7071067811865464
          0.9504369819088213
          0.9951847266721964
          0.9951847266721963
          0.9951847266721963
          0.7071067811865428
          0.9504369819088194
          0.9951847266721966
          0.995184726672195
          0.9951847266721967
          0.8571294813806264
          0.9785481331780747
          0.9951847266721955
          0.9951847266721963
          0.9951847266721958
          0.9422004577865066
          0.9899227725878905
          0.9951847266721954
          0.9951847266721953
          0.9951847266721965
          0.9862944435669616
          0.9950711382732169
          0.9951847266721969
          0.9951847266721959
          0.9951847266721966
          0.9862944435669613
          0.9950711382732159
          0.9951847266721959
          0.9951847266721964
          0.9951847266721955
          0.9422004577865096
          0.9899227725878901
          0.9951847266721954
          0.995184726672194
          0.995184726672195
          0.8571294813806208
          0.9785481331780767
          0.9951847266721963
          0.9951847266721952
          0.9951847266721965
          0.7071067811865459
          0.9504369819088193
          0.9951847266721959
          0.9951847266721959
          0.9951847266721963
          0.707106781186542
          0.9504369819088158
          0.9951847266721966
          0.9951847266721963
          0.9951847266721966
          0.8571294813806227
          0.9785481331780747
          0.9951847266721959
          0.9951847266721959
          0.9951847266721964
          0.9422004577865066
          0.9899227725878911
          0.9951847266721952
          0.9951847266721959
          0.9951847266721955
          0.9862944435669616
          0.9950711382732168
          0.9951847266721964
          0.9951847266721947
          0.9951847266721965
          0.9862944435669626
          0.9950711382732158
          0.9951847266721958
          0.9951847266721964
          0.9951847266721955
          0.9422004577865093
          0.989922772587892
          0.9951847266721954
          0.9951847266721939
          0.9951847266721952
          0.8571294813806208
          0.9785481331780744
          0.9951847266721964
          0.9951847266721952
          0.9951847266721965
          0.7071067811865449
          0.9504369819088193
          0.995184726672196
          0.9951847266721958
          0.9951847266721966
          0.7071067811865421
          0.9504369819088152
          0.9951847266721968
          0.9951847266721957
          0.9951847266721966
          0.8571294813806227
          0.9785481331780782
          0.9951847266721964
          0.9951847266721955
          0.9951847266721957
          0.9422004577865094
          0.9899227725878902
          0.9951847266721957
          0.9951847266721958
          0.9951847266721954
          0.9862944435669613
          0.9950711382732171
          0.9951847266721964
          0.9951847266721949
          0.9951847266721953
          0.9862944435669619
          0.9950711382732162
          0.9951847266721965
          0.9951847266721965
          0.9951847266721962
          0.9422004577865093
          0.9899227725878904
          0.9951847266721958
          0.9951847266721962
          0.9951847266721958
          0.8571294813806206
          0.9785481331780744
          0.9951847266721958
          0.9951847266721964
          0.9951847266721967
          0.7071067811865449
          0.9504369819088195
          0.9951847266721962
          0.9951847266721965
          0.9951847266721965
          0.7071067811865427
          0.9504369819088152
          0.9951847266721966
          0.9951847266721957
          0.9951847266721963
          0.857129481380626
          0.978548133178075
          0.995184726672196
          0.9951847266721955
          0.9951847266721956
          0.9422004577865093
          0.98992277258789
          0.9951847266721955
          0.9951847266721946
          0.9951847266721972
          0.9862944435669613
          0.9950711382732178
          0.9951847266721968
          0.995184726672195
          0.995184726672195
          0.9862944435669615
          0.9950711382732174
          0.9951847266721962
          0.9951847266721958
          0.9951847266721958
          0.9422004577865083
          0.9899227725878906
          0.9951847266721956
          0.995184726672196
          0.9951847266721958
          0.8571294813806206
          0.9785481331780765
          0.9951847266721958
          0.9951847266721958
          0.9951847266721968
          0.7071067811865468
          0.95043698190882
          0.9951847266721963
          0.9951847266721963
          0.9951847266721965
          0.7071067811865427
          0.9504369819088184
          0.9951847266721966
          0.9951847266721957
          0.9951847266721963
          0.8571294813806212
          0.978548133178075
          0.9951847266721959
          0.9951847266721966
          0.9951847266721956
          0.9422004577865086
          0.9899227725878899
          0.9951847266721955
          0.9951847266721946
          0.9951847266721968
          0.9862944435669619
          0.9950711382732174
          0.9951847266721968
          0.9951847266721949
          0.9951847266721949
          0.9862944435669616
          0.9950711382732174
          0.9951847266721963
          0.9951847266721959
          0.9951847266721959
          0.9422004577865083
          0.9899227725878914
          0.9951847266721956
          0.9951847266721962
          0.9951847266721959
          0.8571294813806212
          0.9785481331780752
          0.995184726672196
          0.9951847266721958
          0.9951847266721969
          0.7071067811865468
          0.9504369819088209
          0.9951847266721963
          0.9951847266721964
          0.9951847266721966
          0.7071067811865392
          0.9504369819088146
          0.8571294813806213
          0.9785481331780759
          0.9422004577865088
          0.9899227725878885
          0.9862944435669606
          0.9950711382732176
          0.9862944435669605
          0.9950711382732175
          0.9422004577865098
          0.9899227725878903
          0.8571294813806196
          0.9785481331780753
          0.7071067811865477
          0.9504369819088168
          0.7071067811865391
          0.9504369819088146
          0.857129481380624
          0.9785481331780803
          0.9422004577865061
          0.9899227725878886
          0.9862944435669606
          0.9950711382732175
          0.9862944435669606
          0.995071138273218
          0.9422004577865106
          0.9899227725878902
          0.8571294813806196
          0.9785481331780769
          0.7071067811865422
          0.9504369819088169
          0.7071067811865405
          0.9504369819088165
          0.8571294813806214
          0.9785481331780764
          0.9422004577865061
          0.9899227725878915
          0.9862944435669623
          0.9950711382732174
          0.986294443566962
          0.9950711382732178
          0.9422004577865104
          0.9899227725878902
          0.8571294813806191
          0.9785481331780768
          0.7071067811865422
          0.9504369819088183
          0.7071067811865405
          0.9504369819088174
          0.8571294813806213
          0.9785481331780762
          0.942200457786508
          0.9899227725878912
          0.9862944435669622
          0.9950711382732177
          0.9862944435669617
          0.9950711382732178
          0.9422004577865101
          0.9899227725878903
          0.8571294813806192
          0.9785481331780745
          0.7071067811865467
          0.9504369819088198
          0.707106781186542
          0.9504369819088174
          0.8571294813806213
          0.9785481331780759
          0.942200457786508
          0.9899227725878907
          0.9862944435669622
          0.9950711382732175
          0.9862944435669618
          0.9950711382732174
          0.9422004577865097
          0.9899227725878907
          0.8571294813806211
          0.9785481331780744
          0.7071067811865467
          0.9504369819088208
          0.707106781186542
          0.69798652925708
          0.8571294813806213
          0.6977170011131193
          0.8854138447926317
          0.700521102492375
          0.8900186830508067
          0.7037018687631892
          0.8900186830508058
          0.7037018687631893
          0.8854138447926353
          0.7005211024923802
          0.8571294813806211
          0.6977170011131159
          0.7071067811865476
          0.6979865292570823
          0.707106781186542
          0.6945926747363496
          0.8646017865349931
          0.6947117102664451
          0.886046687496177
          0.6991919590249721
          0.8904409369238562
          0.7037018687631901
          0.8904409369238528
          0.7037018687631903
          0.8860466874961782
          0.6991919590249724
          0.8646017865349892
          0.6947117102664446
          0.7071067811865476
          0.6945926747363482
          0.7071067811865476
          0.950436981908821
          0.9951847266721966
          0.995184726672196
          0.9951847266721966
          0.8571294813806171
          0.9785481331780729
          0.9951847266721964
          0.9951847266721965
          0.9951847266721966
          0.9422004577865081
          0.9899227725878915
          0.9951847266721966
          0.9951847266721966
          0.9951847266721965
          0.9862944435669612
          0.9950711382732174
          0.9951847266721967
          0.9951847266721964
          0.9951847266721965
          0.9862944435669619
          0.9950711382732174
          0.9951847266721964
          0.9951847266721965
          0.9951847266721966
          0.9422004577865091
          0.9899227725878913
          0.9951847266721964
          0.9951847266721964
          0.9951847266721966
          0.8571294813806207
          0.9785481331780741
          0.9951847266721964
          0.9951847266721959
          0.9951847266721966
          0.7071067811865479
          0.9504369819088212
          0.9951847266721966
          0.9951847266721967
          0.9951847266721966
          0.7071067811865476
          0.9504369819088198
          0.9951847266721964
          0.995184726672195
          0.9951847266721965
          0.8571294813806172
          0.9785481331780729
          0.9951847266721955
          0.9951847266721965
          0.9951847266721963
          0.942200457786508
          0.9899227725878921
          0.9951847266721966
          0.9951847266721965
          0.9951847266721965
          0.9862944435669609
          0.9950711382732168
          0.9951847266721967
          0.995184726672196
          0.9951847266721965
          0.9862944435669614
          0.9950711382732171
          0.9951847266721966
          0.9951847266721964
          0.9951847266721963
          0.9422004577865092
          0.9899227725878915
          0.9951847266721964
          0.9951847266721963
          0.9951847266721967
          0.8571294813806195
          0.9785481331780734
          0.9951847266721964
          0.9951847266721959
          0.9951847266721965
          0.7071067811865485
          0.9504369819088215
          0.9951847266721966
          0.9951847266721967
          0.9951847266721965
          0.7071067811865478
          0.9504369819088198
          0.9951847266721964
          0.9951847266721952
          0.9951847266721966
          0.8571294813806197
          0.9785481331780739
          0.9951847266721954
          0.9951847266721966
          0.9951847266721963
          0.9422004577865081
          0.9899227725878914
          0.9951847266721966
          0.9951847266721964
          0.9951847266721965
          0.9862944435669607
          0.9950711382732168
          0.9951847266721966
          0.995184726672196
          0.9951847266721968
          0.9862944435669615
          0.9950711382732171
          0.995184726672196
          0.9951847266721964
          0.9951847266721963
          0.9422004577865092
          0.9899227725878901
          0.9951847266721964
          0.995184726672196
          0.9951847266721964
          0.8571294813806192
          0.9785481331780734
          0.9951847266721968
          0.995184726672196
          0.9951847266721965
          0.7071067811865483
          0.950436981908821
          0.9951847266721966
          0.9951847266721967
          0.9951847266721967
          0.7071067811865477
          0.9504369819088204
          0.9951847266721966
          0.9951847266721958
          0.9951847266721965
          0.8571294813806197
          0.9785481331780744
          0.9951847266721962
          0.9951847266721964
          0.9951847266721962
          0.9422004577865082
          0.989922772587891
          0.9951847266721963
          0.9951847266721967
          0.9951847266721965
          0.9862944435669613
          0.9950711382732174
          0.9951847266721968
          0.9951847266721955
          0.9951847266721968
          0.9862944435669625
          0.9950711382732171
          0.995184726672196
          0.9951847266721966
          0.9951847266721963
          0.9422004577865097
          0.9899227725878899
          0.9951847266721964
          0.995184726672196
          0.9951847266721964
          0.8571294813806176
          0.9785481331780762
          0.995184726672197
          0.995184726672196
          0.9951847266721965
          0.7071067811865483
          0.9504369819088208
          0.9951847266721966
          0.9951847266721967
          0.9951847266721967
          0.7071067811865485
          0.9504369819088204
          0.9951847266721966
          0.9951847266721949
          0.995184726672196
          0.8571294813806205
          0.9785481331780743
          0.9951847266721959
          0.9951847266721965
          0.9951847266721956
          0.9422004577865085
          0.9899227725878911
          0.9951847266721964
          0.9951847266721958
          0.9951847266721967
          0.9862944435669609
          0.9950711382732172
          0.995184726672197
          0.9951847266721954
          0.9951847266721963
          0.9862944435669623
          0.9950711382732169
          0.9951847266721962
          0.9951847266721966
          0.9951847266721963
          0.9422004577865096
          0.9899227725878906
          0.9951847266721966
          0.995184726672196
          0.9951847266721967
          0.8571294813806177
          0.9785481331780729
          0.9951847266721964
          0.9951847266721964
          0.9951847266721968
          0.7071067811865483
          0.9504369819088208
          0.9951847266721966
          0.9951847266721967
          0.9951847266721967
          0.7071067811865486
          0.95043698190882
          0.9951847266721967
          0.995184726672195
          0.9951847266721959
          0.8571294813806207
          0.9785481331780733
          0.9951847266721958
          0.9951847266721965
          0.9951847266721955
          0.9422004577865086
          0.9899227725878913
          0.995184726672196
          0.9951847266721959
          0.9951847266721967
          0.986294443566961
          0.9950711382732176
          0.995184726672197
          0.9951847266721957
          0.9951847266721963
          0.9862944435669623
          0.9950711382732168
          0.9951847266721959
          0.9951847266721962
          0.9951847266721965
          0.9422004577865093
          0.9899227725878919
          0.9951847266721962
          0.9951847266721963
          0.9951847266721965
          0.8571294813806204
          0.9785481331780728
          0.9951847266721964
          0.9951847266721965
          0.9951847266721964
          0.707106781186547
          0.9504369819088214
          0.9951847266721969
          0.9951847266721964
          0.9951847266721965
          0.7071067811865476
          0.95043698190882
          0.9951847266721966
          0.9951847266721957
          0.9951847266721962
          0.8571294813806207
          0.9785481331780733
          0.9951847266721958
          0.9951847266721968
          0.9951847266721962
          0.9422004577865085
          0.9899227725878912
          0.995184726672196
          0.995184726672196
          0.9951847266721968
          0.9862944435669617
          0.9950711382732177
          0.9951847266721968
          0.9951847266721958
          0.9951847266721966
          0.9862944435669619
          0.9950711382732174
          0.9951847266721959
          0.9951847266721963
          0.9951847266721967
          0.9422004577865092
          0.9899227725878913
          0.9951847266721962
          0.9951847266721966
          0.9951847266721966
          0.8571294813806204
          0.9785481331780747
          0.9951847266721964
          0.9951847266721965
          0.9951847266721963
          0.707106781186547
          0.9504369819088212
          0.9951847266721968
          0.9951847266721962
          0.9951847266721965
          0.7071067811865476
          0.9504369819088205
          0.8571294813806195
          0.9785481331780723
          0.942200457786508
          0.9899227725878914
          0.9862944435669616
          0.9950711382732176
          0.9862944435669616
          0.9950711382732175
          0.942200457786509
          0.9899227725878912
          0.8571294813806184
          0.9785481331780743
          0.707106781186548
          0.9504369819088202
          0.7071067811865499
          0.9504369819088206
          0.857129481380617
          0.9785481331780724
          0.9422004577865077
          0.9899227725878919
          0.9862944435669607
          0.9950711382732177
          0.9862944435669604
          0.9950711382732172
          0.9422004577865095
          0.9899227725878917
          0.8571294813806183
          0.9785481331780744
          0.7071067811865487
          0.9504369819088202
          0.7071067811865499
          0.9504369819088203
          0.857129481380617
          0.9785481331780732
          0.9422004577865073
          0.9899227725878924
          0.9862944435669608
          0.9950711382732175
          0.9862944435669604
          0.9950711382732172
          0.9422004577865083
          0.9899227725878921
          0.8571294813806194
          0.9785481331780738
          0.7071067811865485
          0.9504369819088208
          0.7071067811865483
          0.9504369819088202
          0.8571294813806182
          0.9785481331780738
          0.9422004577865072
          0.9899227725878905
          0.9862944435669615
          0.9950711382732175
          0.9862944435669617
          0.9950711382732175
          0.9422004577865083
          0.989922772587892
          0.8571294813806192
          0.9785481331780737
          0.7071067811865462
          0.950436981908821
          0.7071067811865477
          0.950436981908821
          0.8571294813806214
          0.9785481331780739
          0.9422004577865086
          0.9899227725878904
          0.9862944435669614
          0.9950711382732177
          0.9862944435669618
          0.9950711382732174
          0.9422004577865091
          0.9899227725878911
          0.8571294813806192
          0.9785481331780741
          0.7071067811865462
          0.950436981908821
          0.7071067811865477
          0.6979865292570798
          0.8571294813806217
          0.6977170011131196
          0.8854138447926337
          0.7005211024923749
          0.8900186830508053
          0.7037018687631897
          0.8900186830508036
          0.7037018687631894
          0.885413844792635
          0.7005211024923785
          0.8571294813806207
          0.6977170011131154
          0.7071067811865472
          0.697986529257082
          0.7071067811865466
          0.6945926747363487
          0.8646017865349865
          0.6947117102664446
          0.8860466874961758
          0.6991919590249718
          0.8904409369238553
          0.7037018687631892
          0.8904409369238537
          0.703701868763189
          0.8860466874961775
          0.6991919590249723
          0.8646017865349893
          0.6947117102664441
          0.7071067811865472
          0.694592674736349
          0.7071067811865471
          0.9504369819088216
          0.9951847266721968
          0.9951847266721962
          0.9951847266721968
          0.8571294813806183
          0.9785481331780723
          0.9951847266721965
          0.9951847266721967
          0.9951847266721967
          0.9422004577865087
          0.9899227725878913
          0.9951847266721966
          0.9951847266721967
          0.9951847266721966
          0.9862944435669618
          0.9950711382732169
          0.995184726672196
          0.9951847266721966
          0.9951847266721968
          0.986294443566962
          0.9950711382732175
          0.9951847266721967
          0.9951847266721962
          0.9951847266721966
          0.9422004577865094
          0.9899227725878913
          0.9951847266721966
          0.9951847266721964
          0.9951847266721964
          0.8571294813806212
          0.9785481331780747
          0.9951847266721962
          0.9951847266721967
          0.9951847266721967
          0.7071067811865464
          0.950436981908821
          0.9951847266721965
          0.9951847266721963
          0.9951847266721963
          0.7071067811865489
          0.9504369819088208
          0.9951847266721968
          0.9951847266721962
          0.9951847266721965
          0.8571294813806184
          0.9785481331780723
          0.9951847266721963
          0.9951847266721967
          0.9951847266721967
          0.9422004577865092
          0.9899227725878921
          0.9951847266721963
          0.995184726672197
          0.9951847266721965
          0.9862944435669603
          0.9950711382732171
          0.9951847266721962
          0.9951847266721959
          0.9951847266721969
          0.9862944435669616
          0.9950711382732175
          0.9951847266721964
          0.995184726672196
          0.9951847266721965
          0.9422004577865091
          0.9899227725878913
          0.9951847266721959
          0.9951847266721963
          0.9951847266721964
          0.8571294813806228
          0.9785481331780738
          0.9951847266721962
          0.9951847266721967
          0.9951847266721965
          0.7071067811865465
          0.9504369819088218
          0.9951847266721965
          0.9951847266721958
          0.9951847266721963
          0.7071067811865481
          0.9504369819088209
          0.9951847266721968
          0.9951847266721964
          0.9951847266721965
          0.857129481380619
          0.9785481331780727
          0.9951847266721963
          0.9951847266721963
          0.9951847266721969
          0.9422004577865082
          0.9899227725878915
          0.9951847266721962
          0.9951847266721968
          0.9951847266721965
          0.9862944435669603
          0.9950711382732171
          0.9951847266721964
          0.995184726672196
          0.9951847266721969
          0.9862944435669616
          0.9950711382732174
          0.9951847266721964
          0.9951847266721964
          0.9951847266721964
          0.9422004577865088
          0.9899227725878906
          0.9951847266721962
          0.9951847266721963
          0.9951847266721964
          0.8571294813806236
          0.9785481331780738
          0.9951847266721963
          0.995184726672196
          0.9951847266721967
          0.7071067811865464
          0.9504369819088204
          0.9951847266721963
          0.9951847266721958
          0.9951847266721963
          0.7071067811865481
          0.950436981908821
          0.9951847266721966
          0.9951847266721966
          0.9951847266721966
          0.8571294813806192
          0.9785481331780728
          0.9951847266721964
          0.9951847266721963
          0.9951847266721966
          0.9422004577865082
          0.9899227725878907
          0.9951847266721962
          0.9951847266721968
          0.9951847266721966
          0.9862944435669615
          0.9950711382732174
          0.9951847266721964
          0.995184726672196
          0.9951847266721969
          0.9862944435669624
          0.9950711382732176
          0.9951847266721966
          0.9951847266721964
          0.9951847266721964
          0.9422004577865087
          0.9899227725878909
          0.9951847266721964
          0.9951847266721964
          0.9951847266721964
          0.8571294813806202
          0.978548133178076
          0.9951847266721967
          0.995184726672196
          0.9951847266721967
          0.7071067811865464
          0.9504369819088204
          0.9951847266721965
          0.9951847266721962
          0.9951847266721963
          0.7071067811865481
          0.950436981908821
          0.9951847266721964
          0.9951847266721966
          0.9951847266721968
          0.8571294813806198
          0.978548133178074
          0.9951847266721963
          0.9951847266721968
          0.9951847266721962
          0.9422004577865092
          0.989922772587891
          0.9951847266721964
          0.9951847266721963
          0.9951847266721965
          0.9862944435669615
          0.9950711382732174
          0.9951847266721965
          0.9951847266721964
          0.9951847266721968
          0.9862944435669622
          0.9950711382732174
          0.9951847266721966
          0.9951847266721962
          0.9951847266721964
          0.9422004577865096
          0.989922772587891
          0.9951847266721965
          0.9951847266721959
          0.9951847266721964
          0.8571294813806201
          0.9785481331780727
          0.9951847266721967
          0.9951847266721964
          0.9951847266721966
          0.707106781186547
          0.950436981908821
          0.9951847266721966
          0.9951847266721964
          0.9951847266721963
          0.7071067811865481
          0.9504369819088216
          0.9951847266721968
          0.9951847266721963
          0.9951847266721966
          0.8571294813806183
          0.978548133178074
          0.9951847266721966
          0.9951847266721969
          0.995184726672196
          0.9422004577865092
          0.989922772587891
          0.9951847266721966
          0.9951847266721964
          0.9951847266721965
          0.986294443566962
          0.9950711382732175
          0.9951847266721964
          0.9951847266721962
          0.9951847266721968
          0.9862944435669622
          0.9950711382732174
          0.9951847266721966
          0.9951847266721962
          0.9951847266721962
          0.9422004577865093
          0.9899227725878917
          0.9951847266721968
          0.995184726672196
          0.9951847266721964
          0.857129481380622
          0.9785481331780727
          0.9951847266721964
          0.9951847266721963
          0.9951847266721966
          0.707106781186547
          0.9504369819088222
          0.995184726672196
          0.9951847266721964
          0.9951847266721965
          0.7071067811865471
          0.9504369819088216
          0.9951847266721968
          0.9951847266721964
          0.9951847266721967
          0.8571294813806181
          0.978548133178074
          0.9951847266721966
          0.9951847266721967
          0.9951847266721965
          0.9422004577865085
          0.9899227725878911
          0.9951847266721964
          0.9951847266721967
          0.9951847266721966
          0.9862944435669618
          0.9950711382732174
          0.9951847266721966
          0.9951847266721962
          0.9951847266721967
          0.9862944435669622
          0.9950711382732177
          0.9951847266721967
          0.9951847266721962
          0.995184726672196
          0.9422004577865095
          0.9899227725878915
          0.9951847266721967
          0.9951847266721963
          0.9951847266721966
          0.8571294813806212
          0.9785481331780748
          0.9951847266721964
          0.9951847266721966
          0.9951847266721965
          0.707106781186547
          0.9504369819088211
          0.995184726672196
          0.9951847266721965
          0.9951847266721964
          0.7071067811865472
          0.9504369819088216
          0.8571294813806181
          0.9785481331780715
          0.9422004577865085
          0.9899227725878914
          0.9862944435669615
          0.9950711382732175
          0.9862944435669622
          0.9950711382732177
          0.9422004577865094
          0.9899227725878915
          0.8571294813806211
          0.9785481331780743
          0.707106781186548
          0.9504369819088191
          0.7071067811865508
          0.9504369819088222
          0.8571294813806162
          0.9785481331780715
          0.9422004577865087
          0.9899227725878916
          0.9862944435669608
          0.9950711382732174
          0.986294443566961
          0.9950711382732176
          0.9422004577865098
          0.9899227725878915
          0.8571294813806226
          0.9785481331780744
          0.7071067811865489
          0.9504369819088191
          0.7071067811865507
          0.9504369819088213
          0.857129481380616
          0.9785481331780732
          0.9422004577865094
          0.9899227725878916
          0.9862944435669609
          0.9950711382732172
          0.9862944435669613
          0.9950711382732176
          0.9422004577865094
          0.9899227725878915
          0.8571294813806222
          0.9785481331780735
          0.7071067811865491
          0.9504369819088211
          0.7071067811865477
          0.9504369819088212
          0.8571294813806162
          0.978548133178074
          0.9422004577865088
          0.9899227725878904
          0.9862944435669618
          0.9950711382732175
          0.9862944435669622
          0.9950711382732174
          0.9422004577865094
          0.9899227725878914
          0.8571294813806222
          0.9785481331780735
          0.7071067811865469
          0.950436981908821
          0.7071067811865472
          0.9504369819088214
          0.8571294813806203
          0.978548133178074
          0.9422004577865086
          0.9899227725878903
          0.9862944435669617
          0.9950711382732175
          0.9862944435669622
          0.9950711382732172
          0.9422004577865094
          0.9899227725878915
          0.8571294813806211
          0.9785481331780744
          0.7071067811865468
          0.950436981908821
          0.7071067811865472
          0.6979865292570806
          0.8571294813806203
          0.6977170011131194
          0.8854138447926339
          0.7005211024923742
          0.890018683050806
          0.7037018687631896
          0.8900186830508038
          0.7037018687631895
          0.8854138447926352
          0.7005211024923785
          0.8571294813806212
          0.6977170011131156
          0.7071067811865474
          0.6979865292570818
          0.7071067811865477
          0.694592674736349
          0.8646017865349845
          0.6947117102664446
          0.8860466874961754
          0.6991919590249721
          0.8904409369238546
          0.7037018687631891
          0.8904409369238542
          0.703701868763189
          0.8860466874961778
          0.6991919590249723
          0.8646017865349862
          0.6947117102664444
          0.7071067811865467
          0.6945926747363488
        </DataArray>
        <DataArray type="Float64" Name="skew" NumberOfComponents="1" format="ascii">
          0
          0
          0
          0
          0
          0
          0
          0
          0
          0
          0
          0
          0
          0
          0
          0
          0
          0
          0
          0
          0
          0
          0
          0
          0
          0
          0
          0
          0
          0
          0
          0
          0
          0
          0
          0
          0
          0
          0
          0
          0
          0
          0
          0
          0
          0
          0
          0
          0
          0
          0
          0
          0
          0
          0
          0
          0
          0
          0
          0
          0
          0
          0
          0
          0
          0
          0
          0
          0
          0
          0
          0
          0
          0
          0
          0
          0
          0
          0
          0
          0
          0
          0
          0
          0
          0
          0
          0
          0
          0
          0
          0
          0
          0
          0
          0
          0
          0
          0
          0
          0
          0
          0
          0
          0
          0
          0
          0
          0
          0
          0
          0
          0
          0
          0
          0
          0
          0
          0
          0
          0
          0
          0
          0
          0
          0
          0
          0
          0
          0
          0
          0
          0
          0
          0
          0
          0
          0
          0
          0
          0
          0
          0
          0
          0
          0
          0
          0
          0
          0
          0
          0
          0
          0
          0
          0
          0
          0
          0
          0
          0
          0
          0
          0
          0
          0
          0
          0
          0
          0
          0
          0
          0
          0
          0
          0
          0
          0
          0
          0
          0
          0
          0
          0
          0
          0
          0
          0
          0
          0
          0
          0
          0
          0
          0
          0
          0
          0
          0
          0
          0
          0
          0
          0
          0
          0
          0
          0
          0
          0
          0
          0
          0
          0
          0
          0
          0
          0
          0
          0
          0
          0
          0
          0
          0
          0
          0
          0
          0
          0
          0
          0
          0
          0
          0
          0
          0
          0
          0
          0
          0
          0
          0
          0
          0
          0
          0
          0
          0
          0
          0
          0
          0
          0
          0
          0
          0
          0
          0
          0
          0
          0
          0
          0
          0
          0
          0
          0
          0
          0
          0
          0
          0
          0
          0
          0
          0
          0
          0
          0
          0
          0
          0
          0
          0
          0
          0
          0
          0
          0
          0
          0
          0
          0
          0
          0
          0
          0
          0
          0
          0
          0
          0
          0
          0
          0
          0
          0
          0
          0
          0
          0
          0
          0
          0
          0
          0
          0
          0
          0
          0
          0
          0
          0
          0
          0
          0
          0
          0
          0
          0
          0
          0
          0
          0
          0
          0
          0
          0
          0
          0
          0
          0
          0
          0
          0
          0
          0
          0
          0
          0
          0
          0
          0
          0
          0
          0
          0
          0
          0
          0
          0
          0
          0
          0
          0
          0
          0
          0
          0
          0
          0
          0
          0
          0
          0
          0
          0
          0
          0
          0
          0
          0
          0
          0
          0
          0
          0
          0
          0
          0
          0
          0
          0
          0
          0
          0
          0
          0
          0
          0
          0
          0
          0
          0
          0
          0
          0
          0
          0
          0
          0
          0
          0
          0
          0
          0
          0
          0
          0
          0
          0
          0
          0
          0
          0
          0
          0
          0
          0
          0
          0
          0
          0
          0
          0
          0
          0
          0
          0
          0
          0
          0
          0
          0
          0
          0
          0
          0
          0
          0
          0
          0
          0
          0
          0
          0
          0
          0
          0
          0
          0
          0
          0
          0
          0
          0
          0
          0
          0
          0
          0
          0
          0
          0
          0
          0
          0
          0
          0
          0
          0
          0
          0
          0
          0
          0
          0
          0
          0
          0
          0
          0
          0
          0
          0
          0
          0
          0
          0
          0
          0
          0
          0
          0
          0
          0
          0
          0
          0
          0
          0
          0
          0
          0
          0
          0
          0
          0
          0
          0
          0
          0
          0
          0
          0
          0
          0
          0
          0
          0
          0
          0
          0
          0
          0
          0
          0
          0
          0
          0
          0
          0
          0
          0
          0
          0
          0
          0
          0
          0
          0
          0
          0
          0
          0
          0
          0
          0
          0
          0
          0
          0
          0
          0
          0
          0
          0
          0
          0
          0
          0
          0
          0
          0
          0
          0
          0
          0
          0
          0
          0
          0
          0
          0
          0
          0
          0
          0
          0
          0
          0
          0
          0
          0
          0
          0
          0
          0
          0
          0
          0
          0
          0
          0
          0
          0
          0
          0
          0
          0
          0
          0
          0
          0
          0
          0
          0
          0
          0
          0
          0
          0
          0
          0
          0
          0
          0
          0
          0
          0
          0
          0
          0
          0
          0
          0
          0
          0
          0
          0
          0
          0
          0
          0
          0
          0
          0
          0
          0
          0
          0
          0
          0
          0
          0
          0
          0
          0
          0
          0
          0
          0
          0
          0
          0
          0
          0
          0
          0
          0
          0
          0
          0
          0
          0
          0
          0
          0
          0
          0
          0
          0
          0
          0
          0
          0
          0
          0
          0
          0
          0
          0
          0
          0
          0
          0
          0
          0
          0
          0
          0
          0
          0
          0
          0
          0
          0
          0
          0
          0
          0
          0
          0
          0
          0
          0
          0
          0
          0
          0
          0
          0
          0
          0
          0
          0
          0
          0
          0
          0
          0
          0
          0
          0
          0
          0
          0
          0
          0
          0
          0
          0
          0
          0
          0
          0
          0
          0
          0
          0
          0
          0
          0
          0
          0
          0
          0
          0
          0
          0
          0
          0
          0
          0
          0
          0
          0
          0
          0
          0
          0
          0
          0
          0
          0
          0
          0
          0
          0
          0
          0
          0
          0
          0
          0
          0
          0
          0
          0
          0
          0
          0
          0
          0
          0
          0
          0
          0
          0
          0
          0
          0
          0
          0
          0
          0
          0
          0
          0
          0
          0
          0
          0
          0
          0
          0
          0
          0
          0
          0
          0
          0
          0
          0
          0
          0
          0
          0
          0
          0
          0
          0
          0
          0
          0
          0
          0
          0
          0
          0
          0
          0
          0
          0
          0
          0
          0
          0
          0
          0
          0
          0
          0
          0
          0
          0
          0
          0
          0
          0
          0
          0
          0
          0
          0
          0
          0
          0
          0
          0
          0
          0
          0
          0
          0
          0
          0
          0
          0
          0
          0
          0
          0
          0
          0
          0
          0
          0
          0
          0
          0
          0
          0
          0
          0
          0.3669659223137998
          0.05809635283833298
          0.0000000000000015005079880225211
          0.000000000000002866448805358839
          0.0000000000000008845983767135187
          0.23397229994665641
          0.011819600827507866
          0.000000000000003652060947395736
          0.000000000000005744591603242241
          0.0000000000000014290552266881182
          0.1302182310014188
          0.0030229529009833424
          0.0000000000000055694790354225006
          0.000000000000008055497287863008
          0.0000000000000021705983158574233
          0.04182405714181436
          0.002537364885016244
          0.000000000000002187242267217281
          0.000000000000006329985518682615
          0.000000000000003042970791809632
          0.04182405714181814
          0.002537364885021288
          0.0000000000000006972775884337115
          0.0000000000000022563832765745675
          0.0000000000000019332094016280454
          0.13021823100141675
          0.0030229529009884264
          0.0000000000000033344249725696463
          0.000000000000003876312302391516
          0.0000000000000027896183410280034
          0.23397229994666052
          0.011819600827514744
          0.0000000000000033643921368694515
          0.0000000000000041756772573807796
          0.000000000000003183760156253635
          0.36696592231379294
          0.058096352838333046
          0.000000000000001144495857207178
          0.0000000000000028342928662647582
          0.0000000000000018022494075584074
          0.3669659223138
          0.05809635283833047
          0.000000000000002744257874054587
          0.000000000000005523142980243423
          0.0000000000000032152948095329807
          0.23397229994665486
          0.01181960082750742
          0.000000000000006115926762914364
          0.000000000000008201326736053805
          0.000000000000002346573257453832
          0.13021823100141833
          0.0030229529009823887
          0.00000000000000561935274963284
          0.000000000000009567515057365086
          0.0000000000000043894582816859145
          0.04182405714181521
          0.0025373648850159805
          0.0000000000000046265662964027505
          0.000000000000009873619031626211
          0.0000000000000070494971937825695
          0.0418240571418173
          0.0025373648850231865
          0.000000000000001993563479203212
          0.000000000000005499746813642195
          0.00000000000000419050546820375
          0.1302182310014216
          0.003022952900988096
          0.000000000000004373987656150566
          0.000000000000005502576537682756
          0.0000000000000014578354565389689
          0.23397229994665653
          0.011819600827511982
          0.000000000000003903168985733333
          0.00000000000000618454156408145
          0.00000000000000178631903336014
          0.3669659223137932
          0.05809635283833447
          0.000000000000001289560301637346
          0.000000000000004324366263001339
          0.0000000000000025925067730072338
          0.3669659223137948
          0.058096352838329056
          0.0000000000000023360889204036766
          0.00000000000000281886552952651
          0.000000000000002215035601366576
          0.23397229994666077
          0.01181960082751153
          0.000000000000004990973213383648
          0.0000000000000030163236652936343
          0.0000000000000016012626496856841
          0.1302182310014171
          0.003022952900984674
          0.0000000000000029475391489752724
          0.000000000000001833954207583069
          0.000000000000002384321074285281
          0.041824057141817916
          0.00253736488501628
          0.0000000000000061520827508922576
          0.000000000000001825730299257287
          0.0000000000000027198522921755374
          0.04182405714181687
          0.0025373648850199578
          0.0000000000000039303517817716776
          0.0000000000000035758869749931436
          0.000000000000001743748882101299
          0.13021823100141616
          0.0030229529009934675
          0.000000000000005051710226342502
          0.000000000000004709927851292915
          0.0000000000000045284483940249915
          0.23397229994666413
          0.011819600827511635
          0.000000000000004883947534168618
          0.000000000000002532387974712826
          0.0000000000000026373574711958504
          0.36696592231379666
          0.05809635283833349
          0.000000000000003598346039765638
          0.000000000000004584885518957683
          0.000000000000000830734786214901
          0.3669659223137963
          0.05809635283833225
          0.000000000000001636034556204037
          0.0000000000000022507619820337757
          0.0000000000000010201898011818167
          0.23397229994666274
          0.011819600827512152
          0.0000000000000037397470970573435
          0.000000000000004584885518957701
          0.0000000000000012768477830249061
          0.13021823100141078
          0.003022952900989107
          0.000000000000005053675649247804
          0.0000000000000051339084378589164
          0.000000000000006395022139429332
          0.04182405714182338
          0.0025373648850128138
          0.000000000000005351811823946902
          0.0000000000000028342928662647724
          0.00000000000000309787389111968
          0.04182405714181988
          0.0025373648850150377
          0.0000000000000027759397778416394
          0.000000000000004060572287039963
          0.0000000000000031827338614341488
          0.13021823100140884
          0.003022952900994037
          0.000000000000006152082750892358
          0.000000000000004793289406183058
          0.000000000000005335671290083618
          0.23397229994666738
          0.011819600827514706
          0.00000000000000690355827851066
          0.0000000000000033344621956055724
          0.000000000000004161996256469647
          0.36696592231379843
          0.05809635283833211
          0.0000000000000041140477637047285
          0.0000000000000050850548482985406
          0.000000000000003243980008692176
          0.3669659223138042
          0.058096352838330985
          0.0000000000000013004402562861798
          0.000000000000002891418310730101
          0.000000000000001812827124743747
          0.2339722999466594
          0.011819600827507978
          0.000000000000004401490098199408
          0.000000000000005891583991518626
          0.000000000000002641263759787117
          0.13021823100141042
          0.0030229529009863855
          0.000000000000004101388500594853
          0.000000000000004168077744507027
          0.000000000000004072807396061137
          0.041824057141823155
          0.0025373648850128827
          0.000000000000003319032665915772
          0.000000000000003700583595856243
          0.0000000000000056090417647508736
          0.04182405714181936
          0.0025373648850157684
          0.000000000000006852319811969475
          0.00000000000001139969263122664
          0.0000000000000033086861273796352
          0.1302182310014123
          0.003022952900990602
          0.000000000000004216155280849314
          0.0000000000000032530036890996635
          0.000000000000001964950936696161
          0.23397229994666444
          0.01181960082751283
          0.000000000000005179520861039427
          0.0000000000000023290830539241324
          0.0000000000000006430748520096496
          0.36696592231380004
          0.05809635283833206
          0.000000000000004927937311285507
          0.000000000000003179870405794169
          0.0000000000000015388928581631578
          0.366965922313803
          0.05809635283833006
          0.000000000000003401151439517714
          0.000000000000004941662951574998
          0.0000000000000007859803746784595
          0.2339722999466559
          0.011819600827507213
          0.0000000000000051017271592765995
          0.000000000000009044456067481851
          0.000000000000003145648751283265
          0.1302182310014182
          0.0030229529009824334
          0.0000000000000022045387296161647
          0.000000000000009837364445590897
          0.000000000000005597484370860017
          0.04182405714181685
          0.002537364885016475
          0.0000000000000031066163810766613
          0.000000000000005751947287419656
          0.000000000000005037419674075629
          0.04182405714181515
          0.002537364885020427
          0.00000000000000947820879100892
          0.000000000000013025242951584333
          0.000000000000005305367529079648
          0.1302182310014166
          0.0030229529009898376
          0.0000000000000010089799408294982
          0.000000000000005751947287419667
          0.0000000000000039697555168374575
          0.2339722999466636
          0.011819600827513214
          0.0000000000000029009821101768682
          0.0000000000000019169517094386854
          0.0000000000000010304139958442407
          0.36696592231379827
          0.05809635283833453
          0.000000000000002348310015898613
          0.000000000000002278505149176343
          0.0000000000000010003386586816758
          0.36696592231379926
          0.05809635283833098
          0.000000000000003601219171254055
          0.000000000000002586884840466352
          0.0000000000000024484816846206044
          0.23397229994666033
          0.011819600827510325
          0.0000000000000064021674155627735
          0.000000000000003790955371643371
          0.000000000000003181217708034365
          0.13021823100141736
          0.0030229529009858746
          0.0000000000000021507281161656
          0.0000000000000026675697564845026
          0.000000000000004033907068434175
          0.04182405714181651
          0.002537364885018254
          0.0000000000000021257196496985556
          0.000000000000007585901495002712
          0.0000000000000032647423296865006
          0.04182405714181241
          0.0025373648850218738
          0.000000000000005201761025144732
          0.000000000000008502878598794266
          0.000000000000006234253426426925
          0.1302182310014171
          0.003022952900988068
          0.000000000000002214047323707682
          0.000000000000004634503375505681
          0.0000000000000010431865079980812
          0.2339722999466635
          0.011819600827512908
          0.0000000000000029509990431109446
          0.0000000000000037827402315258175
          0.000000000000000928885897347273
          0.3669659223137973
          0.05809635283833516
          0.0000000000000022040711751490913
          0.0000000000000030348059613639922
          0.0000000000000010003386586816752
          0.3669659223138036
          0.058096352838332546
          0.23397229994665192
          0.011819600827508561
          0.13021823100142002
          0.0030229529009816445
          0.041824057141818964
          0.0025373648850180457
          0.04182405714181695
          0.002537364885020744
          0.13021823100141736
          0.0030229529009890314
          0.233972299946665
          0.01181960082751278
          0.36696592231379865
          0.058096352838333414
          0.36696592231380554
          0.0580963528383317
          0.23397229994664537
          0.011819600827504865
          0.13021823100142332
          0.003022952900979743
          0.04182405714181718
          0.002537364885019271
          0.0418240571418106
          0.002537364885021944
          0.1302182310014201
          0.0030229529009878436
          0.23397229994666052
          0.011819600827510563
          0.36696592231380154
          0.0580963528383349
          0.3669659223138028
          0.058096352838329784
          0.23397229994665292
          0.01181960082750532
          0.13021823100141855
          0.0030229529009843117
          0.04182405714181723
          0.002537364885018305
          0.04182405714180913
          0.0025373648850207154
          0.13021823100141408
          0.003022952900987844
          0.2339722999466601
          0.011819600827512561
          0.36696592231380004
          0.058096352838334794
          0.3669659223138062
          0.058096352838330374
          0.23397229994665603
          0.011819600827506561
          0.1302182310014156
          0.0030229529009873565
          0.04182405714181641
          0.002537364885021462
          0.04182405714180825
          0.002537364885021001
          0.13021823100141114
          0.0030229529009874094
          0.23397229994666802
          0.011819600827518388
          0.36696592231379443
          0.05809635283833068
          0.36696592231380415
          0.05809635283833095
          0.23397229994665988
          0.011819600827508514
          0.1302182310014167
          0.0030229529009874446
          0.041824057141813885
          0.0025373648850227867
          0.041824057141807224
          0.0025373648850217116
          0.13021823100141505
          0.0030229529009868747
          0.23397229994666838
          0.011819600827515831
          0.36696592231379443
          0.05809635283833011
          0.37303479536262013
          0.5977545132175042
          0.24099018620370044
          0.5970416836037901
          0.2411558527215507
          0.5974521144943459
          0.2413976624339699
          0.5980511865150414
          0.24139766243396973
          0.5980511865150402
          0.24115585272154832
          0.5974521144943445
          0.24099018620369703
          0.59704168360379
          0.3730347953626183
          0.597754513217504
          0.3817560005418826
          0.5973786631693963
          0.24063892298689527
          0.5961714457503327
          0.24096006832459446
          0.5969670679958778
          0.24137234695805768
          0.5979884686317978
          0.24137234695805992
          0.5979884686317961
          0.24096006832459482
          0.5969670679958784
          0.24063892298689488
          0.5961714457503344
          0.3817560005418837
          0.5973786631693953
          0.36696592231380215
          0.058096352838333046
          0.0000000000000026008805125723627
          0.00000000000000270337411133761
          0.0000000000000017264001310159507
          0.2339722999466539
          0.011819600827507666
          0.00000000000000235079584790196
          0.000000000000003759380901456624
          0.00000000000000164407574975423
          0.13021823100141816
          0.0030229529009868903
          0.0000000000000031921534229812113
          0.0000000000000051830240316419576
          0.0000000000000014597242576700512
          0.04182405714181768
          0.0025373648850208516
          0.0000000000000009890341099445477
          0.000000000000004168077744507016
          0.0000000000000019780682198890973
          0.04182405714181481
          0.002537364885017595
          0.000000000000001505785251583067
          0.0000000000000023867414079076746
          0.0000000000000015540975590233227
          0.1302182310014158
          0.003022952900986522
          0.000000000000003551202238320002
          0.000000000000002277174317329398
          0.000000000000003858449112057925
          0.23397229994665938
          0.011819600827512667
          0.000000000000005751947287419658
          0.0000000000000018554670798079403
          0.00000000000000207213007869777
          0.36696592231379144
          0.05809635283833259
          0.0000000000000021007111832315257
          0.00000000000000191623311913837
          0.0000000000000017148662720257328
          0.3669659223138012
          0.05809635283833396
          0.000000000000004277608527568976
          0.0000000000000052710785372481454
          0.000000000000002725359797381452
          0.23397229994665125
          0.011819600827508455
          0.0000000000000066022351472990916
          0.0000000000000063816912686735126
          0.000000000000003839048294327778
          0.13021823100141686
          0.0030229529009868903
          0.000000000000004151405433528965
          0.000000000000005546052498655627
          0.0000000000000030535443949633325
          0.04182405714181714
          0.002537364885019483
          0.0000000000000016165562519291022
          0.000000000000004689087462570392
          0.000000000000003125296738057945
          0.041824057141814475
          0.0025373648850209175
          0.000000000000003556231003492304
          0.000000000000005543667971793921
          0.00000000000000330469021171627
          0.13021823100141927
          0.0030229529009851873
          0.000000000000005128183061468841
          0.000000000000004421871356248786
          0.000000000000004037081015393933
          0.23397229994665739
          0.011819600827511116
          0.000000000000004251439299397138
          0.000000000000003372824582928597
          0.000000000000003181217708034367
          0.3669659223137924
          0.05809635283833186
          0.0000000000000024008127808360316
          0.00000000000000281179376309802
          0.000000000000001756701528555072
          0.366965922313795
          0.05809635283833275
          0.000000000000003101049841913192
          0.000000000000004334800854287293
          0.000000000000002423810146445124
          0.2339722999466585
          0.011819600827514152
          0.0000000000000061020658179582175
          0.00000000000000553043125391211
          0.000000000000003178871694456314
          0.13021823100141422
          0.003022952900987167
          0.0000000000000029413168941129172
          0.000000000000005331087016278923
          0.0000000000000026099175869539363
          0.04182405714181597
          0.0025373648850158365
          0.000000000000004665678369785788
          0.0000000000000049387243852211066
          0.0000000000000016294869517994147
          0.0418240571418161
          0.002537364885020418
          0.000000000000003734081383217448
          0.000000000000004545571271662113
          0.000000000000005626904955084489
          0.13021823100141539
          0.0030229529009867984
          0.000000000000004301456232331227
          0.000000000000010295152028932272
          0.000000000000006966644230104601
          0.2339722999466584
          0.011819600827507847
          0.0000000000000031941248753080157
          0.000000000000007585901495002663
          0.000000000000005224296773345663
          0.3669659223137995
          0.05809635283833046
          0.000000000000005401828756881086
          0.0000000000000009759432278672554
          0.000000000000002572299408038604
          0.3669659223138015
          0.05809635283833284
          0.000000000000001746847623221996
          0.0000000000000031677390858253255
          0.0000000000000034531540560203618
          0.2339722999466603
          0.011819600827510351
          0.0000000000000022007450490996902
          0.0000000000000007379782921881449
          0.0000000000000008574331360128733
          0.13021823100141106
          0.003022952900990071
          0.0000000000000016732891917449001
          0.000000000000004793289406183054
          0.0000000000000016791398913585383
          0.04182405714181875
          0.00253736488501604
          0.0000000000000024886218894709195
          0.000000000000007093735829930262
          0.0000000000000034551788801896395
          0.0418240571418187
          0.0025373648850142744
          0.0000000000000026878475225709144
          0.000000000000004522364352790101
          0.0000000000000030171748140324223
          0.13021823100140592
          0.003022952900990989
          0.00000000000000380128690299039
          0.00000000000000962825958981115
          0.000000000000007716898224115889
          0.2339722999466609
          0.011819600827509862
          0.000000000000004701591695803908
          0.00000000000000925313259280542
          0.000000000000004215712918729955
          0.36696592231379976
          0.058096352838332255
          0.000000000000005101727159276577
          0.0000000000000007617901715615585
          0.000000000000002308121047941069
          0.36696592231380837
          0.058096352838335856
          0.0000000000000027056248953325517
          0.000000000000003866676200874701
          0.000000000000002357941124035382
          0.2339722999466542
          0.011819600827505508
          0.0000000000000023007789149678607
          0.000000000000008919686373245039
          0.000000000000002617610154872069
          0.13021823100141264
          0.0030229529009895965
          0.000000000000007002370610771721
          0.000000000000005126735625743604
          0.000000000000003608364447387488
          0.04182405714181765
          0.002537364885019967
          0.0000000000000023132831482013808
          0.0000000000000057727876761422155
          0.0000000000000030743170989540662
          0.04182405714181585
          0.0025373648850176437
          0.000000000000003568828494040994
          0.0000000000000054581359229508635
          0.000000000000001049426528213367
          0.1302182310014087
          0.003022952900990138
          0.000000000000001905732166147766
          0.000000000000003380129084394907
          0.0000000000000029652895953778437
          0.23397229994666058
          0.011819600827511751
          0.000000000000002700914378440534
          0.000000000000003001015976045024
          0.000000000000002466800378788375
          0.36696592231379865
          0.05809635283833186
          0.000000000000004401490098199402
          0.0000000000000051089848681849766
          0.0000000000000015943505578391799
          0.3669659223138029
          0.058096352838336515
          0.0000000000000008153785608332922
          0.000000000000004918331738518233
          0.00000000000000664510680409969
          0.23397229994665147
          0.01181960082751048
          0.000000000000005101727159276575
          0.000000000000007605741446958856
          0.00000000000000364409082805473
          0.13021823100141686
          0.003022952900986033
          0.0000000000000070023706107717104
          0.000000000000010491206104299559
          0.00000000000000388450378669997
          0.04182405714181553
          0.0025373648850207154
          0.0000000000000029513502166486137
          0.000000000000006564722447598534
          0.000000000000002668872653071657
          0.04182405714181549
          0.002537364885021335
          0.0000000000000028654492098511465
          0.0000000000000027926120888196715
          0.000000000000006523049814642078
          0.13021823100141694
          0.003022952900988148
          0.000000000000004251439299397171
          0.000000000000002855226611794829
          0.0000000000000027152049307074236
          0.2339722999466583
          0.011819600827509328
          0.0000000000000017243536935096388
          0.0000000000000057100825697857385
          0.0000000000000030216791081151415
          0.36696592231379793
          0.05809635283832995
          0.00000000000000750253994011263
          0.0000000000000015955571354379588
          0.0000000000000019843322038530586
          0.36696592231379804
          0.05809635283833429
          0.0000000000000015494577821310045
          0.00000000000000487497768319737
          0.000000000000004787335009405162
          0.23397229994665814
          0.011819600827513701
          0.0000000000000027509313113746237
          0.000000000000002245538728935186
          0.0000000000000021113009971959667
          0.13021823100141464
          0.003022952900985546
          0.000000000000005101727159276553
          0.000000000000006210435839315431
          0.000000000000001374585815157071
          0.041824057141814475
          0.002537364885018496
          0.000000000000002275719539512661
          0.000000000000009190611426637926
          0.0000000000000032689638310490733
          0.0418240571418165
          0.002537364885021259
          0.000000000000002375804314368988
          0.0000000000000037512699700562615
          0.000000000000003512003687115317
          0.13021823100141605
          0.003022952900989142
          0.000000000000005952015019156037
          0.000000000000005168416403188694
          0.0000000000000032868270213826743
          0.23397229994666113
          0.011819600827509963
          0.000000000000000567803672599608
          0.000000000000004168077744506973
          0.0000000000000015005079880225217
          0.36696592231379727
          0.058096352838329715
          0.000000000000004601557829935734
          0.000000000000001650760651239766
          0.0000000000000016434135106913279
          0.3669659223138043
          0.05809635283833546
          0.2339722999466503
          0.011819600827506573
          0.13021823100142033
          0.003022952900984456
          0.04182405714181617
          0.0025373648850211435
          0.0418240571418151
          0.002537364885020966
          0.1302182310014155
          0.0030229529009871466
          0.23397229994665775
          0.011819600827509805
          0.36696592231380104
          0.05809635283833228
          0.3669659223138116
          0.05809635283833541
          0.2339722999466442
          0.011819600827502452
          0.13021823100141985
          0.0030229529009858946
          0.041824057141815606
          0.0025373648850224905
          0.04182405714180959
          0.0025373648850230677
          0.13021823100141766
          0.0030229529009862
          0.23397229994665306
          0.011819600827508821
          0.36696592231380365
          0.058096352838334114
          0.36696592231381037
          0.05809635283833159
          0.23397229994665858
          0.011819600827505439
          0.13021823100141044
          0.0030229529009922103
          0.04182405714181365
          0.0025373648850198316
          0.04182405714180959
          0.00253736488502343
          0.13021823100141808
          0.0030229529009860472
          0.2339722999466571
          0.011819600827508986
          0.3669659223138003
          0.058096352838333226
          0.36696592231380737
          0.05809635283833135
          0.23397229994666205
          0.011819600827508577
          0.13021823100140958
          0.0030229529009915823
          0.04182405714181101
          0.002537364885020559
          0.041824057141812386
          0.0025373648850237573
          0.13021823100141766
          0.003022952900986809
          0.2339722999466616
          0.011819600827510922
          0.3669659223137953
          0.05809635283833066
          0.36696592231380265
          0.05809635283833233
          0.233972299946659
          0.01181960082751071
          0.1302182310014136
          0.0030229529009870642
          0.04182405714181115
          0.0025373648850209986
          0.041824057141811845
          0.002537364885022816
          0.13021823100141555
          0.0030229529009879958
          0.23397229994666285
          0.011819600827512766
          0.3669659223137944
          0.058096352838329895
          0.37303479536261885
          0.5977545132175037
          0.24099018620370036
          0.5970416836037903
          0.2411558527215514
          0.5974521144943464
          0.24139766243397054
          0.5980511865150417
          0.2413976624339713
          0.598051186515041
          0.2411558527215499
          0.5974521144943454
          0.24099018620369653
          0.5970416836037895
          0.3730347953626158
          0.5977545132175037
          0.38175600054188163
          0.5973786631693958
          0.24063892298689465
          0.5961714457503322
          0.24096006832459327
          0.5969670679958772
          0.24137234695805745
          0.5979884686317977
          0.24137234695805984
          0.5979884686317961
          0.24096006832459468
          0.5969670679958785
          0.24063892298689601
          0.5961714457503358
          0.3817560005418801
          0.5973786631693963
          0.3669659223137938
          0.058096352838327196
          0.0000000000000019006434514951938
          0.0000000000000025842082015943516
          0.0000000000000011432441813504903
          0.23397229994667165
          0.011819600827514773
          0.000000000000002650897445506445
          0.0000000000000015838695429126606
          0.00000000000000035726380667202837
          0.1302182310014133
          0.003022952900993798
          0.0000000000000007218663060717038
          0.0000000000000013968379985849338
          0.0000000000000019292245560289517
          0.04182405714181953
          0.0025373648850216487
          0.0000000000000023132831482013855
          0.0000000000000034386641392182832
          0.000000000000001875634985028151
          0.041824057141815356
          0.0025373648850175582
          0.0000000000000010524255098496015
          0.000000000000002271602370756317
          0.0000000000000018160305473006154
          0.13021823100141294
          0.0030229529009900215
          0.0000000000000014504910550884375
          0.0000000000000018756349850281438
          0.0000000000000017472050400115564
          0.2339722999466642
          0.011819600827513706
          0.0000000000000023007789149678556
          0.000000000000002167400427143637
          0.0000000000000017070741993569874
          0.36696592231379543
          0.05809635283833207
          0.0000000000000010812820242561059
          0.0000000000000021316874811328403
          0.0000000000000023646640939625825
          0.3669659223137928
          0.0580963528383288
          0.0000000000000030809053146709427
          0.000000000000004334800854287305
          0.0000000000000010003386586816792
          0.23397229994667065
          0.011819600827514883
          0.000000000000006452184348496801
          0.000000000000003430014326064913
          0.0000000000000015719607493569246
          0.13021823100141033
          0.0030229529009951363
          0.0000000000000018835713304159696
          0.0000000000000037576722754237
          0.000000000000001730106023187134
          0.04182405714182087
          0.0025373648850193988
          0.0000000000000007829740361601242
          0.000000000000003251100640715461
          0.0000000000000023579411240353864
          0.04182405714181801
          0.0025373648850187227
          0.0000000000000011125308648064356
          0.000000000000004022195023449266
          0.0000000000000014459806484546846
          0.1302182310014112
          0.0030229529009918816
          0.0000000000000008101896304899935
          0.0000000000000014294070187549963
          0.0000000000000015719607493569228
          0.23397229994666605
          0.011819600827514673
          0.0000000000000015005079880225134
          0.0000000000000031217165445910155
          0.0000000000000021739966610692572
          0.3669659223137952
          0.05809635283833172
          0.0000000000000015064985861571923
          0.0000000000000016331007997910537
          0.000000000000001263678907032838
          0.36696592231379427
          0.05809635283833207
          0.0000000000000028355193959073
          0.0000000000000030843775309351913
          0.0000000000000010243803591597626
          0.23397229994666568
          0.011819600827514092
          0.000000000000006452184348496803
          0.000000000000001782923475899447
          0.000000000000002286488362700983
          0.1302182310014125
          0.003022952900991369
          0.000000000000001150389457483936
          0.0000000000000007085732165661891
          0.0000000000000023579411240353888
          0.04182405714181696
          0.002537364885017836
          0.0000000000000015310185432006754
          0.000000000000003480344916663338
          0.000000000000003309620333381085
          0.04182405714181724
          0.0025373648850203615
          0.0000000000000023898497215660873
          0.0000000000000033344621956055976
          0.0000000000000005372915692218388
          0.13021823100141292
          0.003022952900989406
          0.000000000000004700985154175528
          0.000000000000004334003806776439
          0.00000000000000285811045337623
          0.23397229994666524
          0.011819600827513507
          0.000000000000002018955055133373
          0.0000000000000035369554012546366
          0.000000000000004634394975438995
          0.36696592231379704
          0.05809635283832935
          0.0000000000000017762547970702966
          0.000000000000002297609807066193
          0.000000000000003087158449407563
          0.3669659223137959
          0.05809635283833077
          0.0000000000000013154528293900405
          0.000000000000002084038872253506
          0.000000000000002315344855430374
          0.2339722999466671
          0.011819600827513255
          0.000000000000003301117573649536
          0.0000000000000020840388722535003
          0.000000000000001364285550397023
          0.1302182310014161
          0.0030229529009895076
          0.0000000000000018506265185611135
          0.0000000000000023722922978200706
          0.000000000000001554483932325568
          0.04182405714181538
          0.002537364885018738
          0.000000000000001446633138259753
          0.000000000000004855810572350659
          0.000000000000003736150510060358
          0.04182405714181467
          0.0025373648850206616
          0.000000000000003914621162419117
          0.000000000000003584546860276016
          0.0000000000000006919357490490585
          0.13021823100141633
          0.0030229529009863014
          0.000000000000004248029641454181
          0.000000000000003709589192611236
          0.0000000000000027866576920418274
          0.23397229994666288
          0.011819600827510627
          0.000000000000001050355591615764
          0.0000000000000013831665781592035
          0.000000000000002643752169373011
          0.36696592231379815
          0.05809635283832967
          0.0000000000000015594887615521647
          0.0000000000000025795680535032877
          0.00000000000000249664361468623
          0.36696592231379566
          0.058096352838332706
          0.0000000000000016890087733644537
          0.000000000000004251439299397156
          0.000000000000008145614792122204
          0.23397229994666635
          0.011819600827513314
          0.000000000000002250761982033773
          0.00000000000000891968637324504
          0.0000000000000013249874038117315
          0.13021823100141564
          0.0030229529009910346
          0.000000000000002207910367042993
          0.000000000000003037863281502097
          0.000000000000001805581907340106
          0.04182405714181813
          0.0025373648850197357
          0.0000000000000025199702092511207
          0.000000000000007690103438615455
          0.000000000000004019217825060319
          0.0418240571418165
          0.002537364885019296
          0.000000000000001064960037700887
          0.000000000000005189256791911224
          0.000000000000002360962409786524
          0.13021823100141258
          0.003022952900989586
          0.0000000000000027369415507233562
          0.000000000000003362432889883896
          0.0000000000000025008466467041997
          0.23397229994666624
          0.011819600827513174
          0.000000000000002300778914967857
          0.0000000000000021674004271436254
          0.000000000000000857433136012867
          0.36696592231379616
          0.0580963528383317
          0.0000000000000033929833251134997
          0.000000000000004215138331754429
          0.0000000000000026648302703059024
          0.36696592231379355
          0.058096352838334184
          0.000000000000001801423803877767
          0.0000000000000040013546347267364
          0.000000000000007859803746784579
          0.23397229994666494
          0.011819600827515953
          0.0000000000000016384791110830663
          0.000000000000005418501067859126
          0.00000000000000232276229435509
          0.13021823100141333
          0.0030229529009912813
          0.000000000000003801286902990398
          0.000000000000004581343322066186
          0.0000000000000023579411240353785
          0.04182405714181645
          0.0025373648850218838
          0.0000000000000031571424427280023
          0.000000000000007127412943107024
          0.0000000000000028759736437098336
          0.041824057141814516
          0.0025373648850197618
          0.0000000000000017687084428133931
          0.000000000000005126735625743605
          0.0000000000000019587410461549197
          0.1302182310014102
          0.0030229529009921222
          0.0000000000000006473588938506688
          0.000000000000002828955378108733
          0.0000000000000025210743790022244
          0.2339722999466668
          0.011819600827514926
          0.000000000000004051371567660787
          0.000000000000003952496826297032
          0.0000000000000038872168372178326
          0.3669659223137957
          0.05809635283833151
          0.0000000000000007263277773235436
          0.0000000000000009169771037915425
          0.0000000000000020504805456909893
          0.3669659223137937
          0.05809635283833329
          0.0000000000000013004402562861847
          0.000000000000003667908415166175
          0.000000000000003286827021382653
          0.23397229994666527
          0.011819600827516472
          0.000000000000002500846646704193
          0.000000000000003249970882285521
          0.0000000000000014677414442587417
          0.1302182310014129
          0.0030229529009892725
          0.000000000000003551202238319979
          0.000000000000002200125597010488
          0.0000000000000014647816073553139
          0.04182405714181379
          0.0025373648850206955
          0.0000000000000013675415940329512
          0.0000000000000052100971806337745
          0.0000000000000015719607493569264
          0.04182405714181422
          0.0025373648850214926
          0.0000000000000021882408158661733
          0.000000000000006689764779933726
          0.0000000000000007083783064493961
          0.13021823100141222
          0.0030229529009913594
          0.0000000000000004001354634726719
          0.0000000000000008752963263464684
          0.0000000000000012505109822685258
          0.23397229994666566
          0.011819600827513231
          0.000000000000003101049841913201
          0.000000000000000822523373277163
          0.0000000000000017646012128184423
          0.366965922313797
          0.058096352838330506
          0.0000000000000004001354634726722
          0.0000000000000007988239819880794
          0.0000000000000022150356013665775
          0.3669659223137942
          0.05809635283833308
          0.2339722999466693
          0.011819600827515356
          0.13021823100141525
          0.003022952900991027
          0.041824057141813704
          0.0025373648850219735
          0.04182405714181567
          0.0025373648850206933
          0.13021823100141275
          0.0030229529009916513
          0.23397229994666693
          0.011819600827514288
          0.3669659223137975
          0.058096352838330666
          0.3669659223137956
          0.058096352838332234
          0.23397229994667326
          0.011819600827516602
          0.13021823100141233
          0.0030229529009935534
          0.04182405714181642
          0.002537364885023202
          0.0418240571418172
          0.0025373648850196906
          0.13021823100141214
          0.0030229529009933747
          0.233972299946666
          0.01181960082751325
          0.36696592231379804
          0.058096352838330596
          0.36696592231379765
          0.058096352838330735
          0.23397229994667204
          0.011819600827513701
          0.1302182310014113
          0.003022952900994796
          0.04182405714181966
          0.0025373648850208434
          0.04182405714181836
          0.0025373648850195345
          0.130218231001412
          0.0030229529009941345
          0.2339722999466668
          0.011819600827513137
          0.3669659223137962
          0.058096352838331075
          0.3669659223137955
          0.05809635283833114
          0.2339722999466679
          0.011819600827513219
          0.13021823100141489
          0.003022952900990796
          0.041824057141815474
          0.0025373648850190475
          0.04182405714181874
          0.002537364885021734
          0.13021823100141128
          0.0030229529009938964
          0.2339722999466681
          0.01181960082751477
          0.3669659223137967
          0.05809635283833155
          0.36696592231379455
          0.05809635283833119
          0.23397229994666596
          0.01181960082751548
          0.13021823100141522
          0.003022952900988076
          0.041824057141814246
          0.0025373648850193276
          0.041824057141817986
          0.00253736488502076
          0.13021823100141164
          0.0030229529009915043
          0.23397229994666605
          0.011819600827513937
          0.3669659223137975
          0.058096352838331124
          0.37303479536261197
          0.5977545132175033
          0.24099018620369628
          0.5970416836037887
          0.24115585272155143
          0.5974521144943461
          0.24139766243397132
          0.5980511865150419
          0.24139766243397318
          0.5980511865150422
          0.24115585272155177
          0.5974521144943465
          0.24099018620369805
          0.5970416836037898
          0.3730347953626164
          0.5977545132175043
          0.3817560005418794
          0.5973786631693981
          0.2406389229869015
          0.5961714457503353
          0.24096006832459416
          0.5969670679958782
          0.24137234695805862
          0.5979884686317989
          0.24137234695805987
          0.5979884686317966
          0.24096006832459427
          0.5969670679958783
          0.24063892298689696
          0.5961714457503364
          0.38175600054188275
          0.5973786631693969
          0.3669659223137945
          0.058096352838329576
          0.0000000000000009839029383936876
          0.000000000000002250761982033788
          0.0000000000000008574331360128692
          0.2339722999466707
          0.011819600827516543
          0.0000000000000027009143784405245
          0.0000000000000024415293914389574
          0.000000000000003633827259403806
          0.13021823100141108
          0.0030229529009908333
          0.0000000000000009503217257475975
          0.0000000000000015827610075213562
          0.0000000000000027040439902978985
          0.04182405714181633
          0.0025373648850177993
          0.0000000000000014129783553878719
          0.0000000000000019173157624732195
          0.000000000000002488922641299361
          0.041824057141815925
          0.0025373648850203472
          0.0000000000000026784214713463363
          0.0000000000000027859176385092897
          0.000000000000003169504869001405
          0.13021823100141078
          0.003022952900990642
          0.000000000000003527672499318306
          0.000000000000005396816492444879
          0.000000000000003048666102566528
          0.23397229994666366
          0.011819600827513349
          0.0000000000000042970310645179115
          0.00000000000000822461687958098
          0.000000000000008006660902361758
          0.36696592231379477
          0.058096352838328674
          0.00000000000000426226186381318
          0.000000000000006743324073496997
          0.000000000000006593205423173853
          0.3669659223137947
          0.058096352838329965
          0.0000000000000007644031507739888
          0.0000000000000026675697564844876
          0.000000000000000484502833103048
          0.2339722999466707
          0.011819600827516335
          0.0000000000000040013546347267
          0.0000000000000013262067315872032
          0.0000000000000006430748520096492
          0.1302182310014089
          0.0030229529009925546
          0.0000000000000012004063904180187
          0.0000000000000004584885518957719
          0.0000000000000015719607493569321
          0.04182405714181945
          0.0025373648850162806
          0.0000000000000014880037547890024
          0.000000000000004605725907680232
          0.000000000000001751764359463392
          0.04182405714181746
          0.0025373648850207146
          0.0000000000000027259228449075974
          0.0000000000000016624735275753231
          0.0000000000000017345523982349374
          0.1302182310014097
          0.0030229529009924956
          0.000000000000004193005986358534
          0.000000000000007427994912453636
          0.000000000000003796458135324095
          0.23397229994666502
          0.01181960082751418
          0.000000000000003573859867712478
          0.000000000000007469383088687949
          0.000000000000004053651900810616
          0.36696592231379194
          0.05809635283832861
          0.0000000000000030716028836414923
          0.00000000000000605751613109882
          0.000000000000002978328319803086
          0.3669659223137948
          0.05809635283832982
          0.0000000000000009003047928135128
          0.0000000000000018312437795663855
          0.0000000000000031580616167445525
          0.2339722999466697
          0.011819600827515825
          0.0000000000000025508635796382686
          0.000000000000001508161832646818
          0.000000000000002926250053497412
          0.13021823100141272
          0.0030229529009923664
          0.000000000000002450829713770116
          0.000000000000002250761982033788
          0.000000000000001964950936696165
          0.041824057141819575
          0.00253736488501813
          0.0000000000000025883762793388544
          0.000000000000005335139512968959
          0.00000000000000035726380667202837
          0.041824057141817444
          0.0025373648850212124
          0.000000000000004564045130235191
          0.000000000000001938156151195764
          0.0000000000000009467490876808771
          0.13021823100141328
          0.003022952900993165
          0.000000000000005151744092210625
          0.0000000000000006691918100720885
          0.000000000000002068676821485171
          0.23397229994666316
          0.011819600827511812
          0.000000000000003251100640715479
          0.00000000000000564923372483037
          0.000000000000004530980958563932
          0.36696592231379366
          0.05809635283833029
          0.0000000000000024008127808360087
          0.0000000000000040516972845589775
          0.0000000000000026210676231346384
          0.366965922313794
          0.05809635283832941
          0.0000000000000028457590116979554
          0.0000000000000041848485541965795
          0.000000000000005282467534682624
          0.23397229994666974
          0.011819600827515837
          0.0000000000000031753698028519174
          0.0000000000000040433853990768344
          0.000000000000004897679300065987
          0.13021823100141514
          0.0030229529009905055
          0.0000000000000017005757197588587
          0.000000000000001925914726207177
          0.0000000000000014290552266881202
          0.04182405714181712
          0.002537364885018781
          0.000000000000003990757472100144
          0.0000000000000035184498516169395
          0.00000000000000028618514494137714
          0.04182405714181532
          0.0025373648850216765
          0.00000000000000215539623661065
          0.000000000000003610900524780569
          0.0000000000000007186695378026704
          0.13021823100141627
          0.003022952900990596
          0.0000000000000027439199455278495
          0.000000000000002474555347247124
          0.0000000000000020006773173633595
          0.2339722999466618
          0.011819600827509115
          0.000000000000002347523221508356
          0.000000000000001667231097802811
          0.0000000000000018577717946945636
          0.36696592231379627
          0.05809635283833008
          0.0000000000000006002031952090019
          0.000000000000003417823750495713
          0.000000000000001628152366589325
          0.3669659223137953
          0.05809635283832957
          0.0000000000000006915602094539963
          0.000000000000002729827539234252
          0.0000000000000010965859040353768
          0.2339722999466685
          0.011819600827515429
          0.0000000000000015005079880225203
          0.000000000000003853152678674165
          0.000000000000002304481908260741
          0.1302182310014135
          0.0030229529009889286
          0.0000000000000017232660928358185
          0.0000000000000032511006407154757
          0.000000000000003786996350723519
          0.041824057141817875
          0.0025373648850191693
          0.000000000000002188240815866178
          0.000000000000003334462195605601
          0.000000000000003230433012853709
          0.041824057141815155
          0.0025373648850194265
          0.000000000000000938054470840668
          0.000000000000003688748803888706
          0.000000000000004083034231495831
          0.13021823100141072
          0.003022952900991357
          0.000000000000003334384081264856
          0.0000000000000027879382386396808
          0.000000000000003251100640715452
          0.23397229994666716
          0.011819600827513385
          0.0000000000000008876179714151418
          0.0000000000000029279727196173524
          0.0000000000000026587985058258155
          0.3669659223137944
          0.05809635283832897
          0.0000000000000016715293033029984
          0.000000000000003251100640715438
          0.0000000000000005621549437393328
          0.3669659223137939
          0.05809635283832958
          0.0000000000000012091043864463775
          0.0000000000000013337848782422365
          0.0000000000000015203039543388036
          0.23397229994666932
          0.011819600827516114
          0.0000000000000020632350597208293
          0.0000000000000031358491534420526
          0.000000000000002322762294355093
          0.1302182310014125
          0.0030229529009887855
          0.0000000000000024301352422848233
          0.000000000000004376481631732363
          0.000000000000003965628254059529
          0.04182405714181542
          0.002537364885020585
          0.000000000000003213587941014904
          0.000000000000006564722447598532
          0.000000000000002054266888364169
          0.04182405714181306
          0.0025373648850210134
          0.000000000000002754519470507129
          0.000000000000006898168667159125
          0.0000000000000034654589247186846
          0.13021823100140797
          0.003022952900993162
          0.0000000000000029068771864840652
          0.000000000000002375804314368981
          0.0000000000000053946834807476016
          0.23397229994666838
          0.01181960082751607
          0.000000000000003551202238319998
          0.0000000000000047974081557273474
          0.000000000000002572299408038623
          0.3669659223137932
          0.05809635283832753
          0.0000000000000015813531277957871
          0.0000000000000005835308842309747
          0.000000000000002429393885369767
          0.3669659223137944
          0.058096352838330305
          0.0000000000000021264797163918625
          0.0000000000000027878818487625533
          0.000000000000003284339477035205
          0.23397229994666896
          0.011819600827515143
          0.0000000000000020916519239033217
          0.0000000000000030579968562355504
          0.000000000000004477714564351917
          0.13021823100141397
          0.003022952900989118
          0.0000000000000015004775485038724
          0.0000000000000011391349002036065
          0.0000000000000010988124291836102
          0.041824057141813815
          0.00253736488502064
          0.000000000000001716161232989693
          0.000000000000003459504527940815
          0.0000000000000038349363966550694
          0.04182405714181322
          0.0025373648850224315
          0.000000000000003626126033679328
          0.000000000000005179784676386478
          0.000000000000006177789357392734
          0.13021823100141097
          0.003022952900992069
          0.0000000000000027623901686639097
          0.000000000000005949536285965583
          0.000000000000005413941931471963
          0.23397229994666546
          0.011819600827512723
          0.0000000000000051490059371382725
          0.000000000000008461360488357535
          0.000000000000007490033698023148
          0.3669659223137954
          0.05809635283832833
          0.0000000000000046335670237926506
          0.000000000000007185915787274778
          0.000000000000006444529074999032
          0.36696592231379443
          0.0580963528383307
          0.23397229994667218
          0.011819600827517542
          0.13021823100141447
          0.0030229529009904994
          0.041824057141813906
          0.0025373648850221683
          0.041824057141814135
          0.002537364885021211
          0.1302182310014111
          0.003022952900991261
          0.23397229994666385
          0.011819600827513299
          0.36696592231379643
          0.05809635283833194
          0.3669659223137941
          0.05809635283832954
          0.23397229994667537
          0.01181960082751844
          0.13021823100141267
          0.0030229529009909288
          0.041824057141814065
          0.0025373648850211994
          0.04182405714181594
          0.0025373648850225317
          0.13021823100141044
          0.0030229529009922055
          0.23397229994666358
          0.011819600827513568
          0.36696592231379527
          0.05809635283833187
          0.3669659223137968
          0.05809635283832827
          0.23397229994667312
          0.011819600827516076
          0.13021823100141025
          0.0030229529009909335
          0.04182405714181671
          0.0025373648850180886
          0.04182405714181763
          0.0025373648850225317
          0.13021823100141022
          0.0030229529009936397
          0.2339722999466656
          0.011819600827513993
          0.3669659223137917
          0.05809635283832979
          0.36696592231379577
          0.05809635283832963
          0.23397229994666918
          0.011819600827515526
          0.13021823100141308
          0.0030229529009885006
          0.041824057141816834
          0.002537364885020057
          0.04182405714181418
          0.002537364885019785
          0.13021823100140842
          0.0030229529009918334
          0.2339722999466662
          0.011819600827515724
          0.36696592231379144
          0.05809635283832963
          0.3669659223137952
          0.05809635283833063
          0.2339722999466674
          0.011819600827514942
          0.13021823100141577
          0.0030229529009874437
          0.04182405714181587
          0.0025373648850210797
          0.04182405714181423
          0.002537364885018565
          0.1302182310014093
          0.0030229529009902596
          0.23397229994666438
          0.011819600827513908
          0.36696592231379516
          0.058096352838329854
          0.373034795362614
          0.5977545132175034
          0.24099018620369678
          0.597041683603789
          0.241155852721551
          0.597452114494346
          0.24139766243397123
          0.5980511865150419
          0.24139766243397312
          0.598051186515042
          0.24115585272155154
          0.5974521144943462
          0.2409901862036968
          0.5970416836037893
          0.3730347953626171
          0.5977545132175026
          0.38175600054188114
          0.5973786631693987
          0.24063892298690162
          0.5961714457503354
          0.2409600683245944
          0.5969670679958782
          0.24137234695805856
          0.5979884686317989
          0.24137234695805934
          0.597988468631796
          0.24096006832459385
          0.5969670679958778
          0.24063892298689762
          0.5961714457503365
          0.38175600054188463
          0.5973786631693974
        </DataArray>
        <DataArray type="Float64" Name="aspect_ratio" NumberOfComponents="1" format="ascii">
          2.5396825396825387
          2.5396825396825387
          2.5396825396825387
          2.5396825396825435
          2.5396825396825387
          2.5396825396825435
          2.5396825396825435
          2.5396825396825387
          2.5396825396825387
          2.5396825396825387
          2.5396825396825387
          2.5396825396825435
          2.5396825396825387
          2.5396825396825435
          2.5396825396825435
          2.5396825396825387
          2.5396825396825387
          2.5396825396825387
          2.5396825396825387
          2.5396825396825435
          2.5396825396825387
          2.5396825396825435
          2.5396825396825435
          2.5396825396825387
          2.5396825396825435
          2.5396825396825435
          2.5396825396825435
          2.5396825396825435
          2.5396825396825435
          2.5396825396825435
          2.5396825396825435
          2.5396825396825435
          2.5396825396825387
          2.5396825396825387
          2.5396825396825387
          2.5396825396825435
          2.5396825396825333
          2.5396825396825435
          2.5396825396825435
          2.5396825396825333
          2.5396825396825435
          2.5396825396825435
          2.5396825396825435
          2.5396825396825435
          2.5396825396825435
          2.5396825396825435
          2.5396825396825435
          2.5396825396825435
          2.5396825396825435
          2.5396825396825435
          2.5396825396825435
          2.5396825396825435
          2.5396825396825435
          2.5396825396825435
          2.5396825396825435
          2.5396825396825435
          2.5396825396825387
          2.5396825396825387
          2.5396825396825387
          2.5396825396825435
          2.5396825396825333
          2.5396825396825435
          2.5396825396825435
          2.5396825396825333
          2.539682539682538
          2.539682539682538
          2.539682539682538
          2.539682539682543
          2.539682539682538
          2.539682539682543
          2.539682539682543
          2.539682539682538
          2.539682539682538
          2.539682539682538
          2.539682539682538
          2.539682539682543
          2.539682539682538
          2.539682539682543
          2.539682539682543
          2.539682539682538
          2.539682539682538
          2.539682539682538
          2.539682539682538
          2.539682539682543
          2.539682539682538
          2.539682539682543
          2.539682539682543
          2.539682539682538
          2.539682539682543
          2.539682539682543
          2.539682539682543
          2.539682539682543
          2.539682539682543
          2.539682539682543
          2.539682539682543
          2.539682539682543
          2.539682539682538
          2.539682539682538
          2.539682539682538
          2.539682539682543
          2.539682539682533
          2.539682539682543
          2.539682539682543
          2.539682539682533
          2.539682539682543
          2.539682539682543
          2.539682539682543
          2.539682539682543
          2.539682539682543
          2.539682539682543
          2.539682539682543
          2.539682539682543
          2.539682539682543
          2.539682539682543
          2.539682539682543
          2.539682539682543
          2.539682539682543
          2.539682539682543
          2.539682539682543
          2.539682539682543
          2.539682539682538
          2.539682539682538
          2.539682539682538
          2.539682539682543
          2.539682539682533
          2.539682539682543
          2.539682539682543
          2.539682539682533
          2.5396825396825378
          2.5396825396825378
          2.5396825396825378
          2.5396825396825427
          2.5396825396825378
          2.5396825396825427
          2.5396825396825427
          2.5396825396825378
          2.5396825396825378
          2.5396825396825378
          2.5396825396825378
          2.5396825396825427
          2.5396825396825378
          2.5396825396825427
          2.5396825396825427
          2.5396825396825378
          2.5396825396825378
          2.5396825396825378
          2.5396825396825378
          2.5396825396825427
          2.5396825396825378
          2.5396825396825427
          2.5396825396825427
          2.5396825396825378
          2.5396825396825427
          2.5396825396825427
          2.5396825396825427
          2.5396825396825427
          2.5396825396825427
          2.5396825396825427
          2.5396825396825427
          2.5396825396825427
          2.5396825396825378
          2.5396825396825378
          2.5396825396825378
          2.5396825396825427
          2.5396825396825324
          2.5396825396825427
          2.5396825396825427
          2.5396825396825324
          2.5396825396825427
          2.5396825396825427
          2.5396825396825427
          2.5396825396825427
          2.5396825396825427
          2.5396825396825427
          2.5396825396825427
          2.5396825396825427
          2.5396825396825427
          2.5396825396825427
          2.5396825396825427
          2.5396825396825427
          2.5396825396825427
          2.5396825396825427
          2.5396825396825427
          2.5396825396825427
          2.5396825396825378
          2.5396825396825378
          2.5396825396825378
          2.5396825396825427
          2.5396825396825324
          2.5396825396825427
          2.5396825396825427
          2.5396825396825324
          2.5396825396825404
          2.5396825396825404
          2.5396825396825404
          2.5396825396825453
          2.5396825396825404
          2.5396825396825453
          2.5396825396825453
          2.5396825396825404
          2.5396825396825404
          2.5396825396825404
          2.5396825396825404
          2.5396825396825453
          2.5396825396825404
          2.5396825396825453
          2.5396825396825453
          2.5396825396825404
          2.5396825396825404
          2.5396825396825404
          2.5396825396825404
          2.5396825396825453
          2.5396825396825404
          2.5396825396825453
          2.5396825396825453
          2.5396825396825404
          2.5396825396825453
          2.5396825396825453
          2.5396825396825453
          2.5396825396825453
          2.5396825396825453
          2.5396825396825453
          2.5396825396825453
          2.5396825396825453
          2.5396825396825404
          2.5396825396825404
          2.5396825396825404
          2.5396825396825453
          2.5396825396825355
          2.5396825396825453
          2.5396825396825453
          2.5396825396825355
          2.5396825396825453
          2.5396825396825453
          2.5396825396825453
          2.5396825396825453
          2.5396825396825453
          2.5396825396825453
          2.5396825396825453
          2.5396825396825453
          2.5396825396825453
          2.5396825396825453
          2.5396825396825453
          2.5396825396825453
          2.5396825396825453
          2.5396825396825453
          2.5396825396825453
          2.5396825396825453
          2.5396825396825404
          2.5396825396825404
          2.5396825396825404
          2.5396825396825453
          2.5396825396825355
          2.5396825396825453
          2.5396825396825453
          2.5396825396825355
          2.5396825396825378
          2.5396825396825378
          2.5396825396825378
          2.5396825396825427
          2.5396825396825378
          2.5396825396825427
          2.5396825396825427
          2.5396825396825378
          2.5396825396825378
          2.5396825396825378
          2.5396825396825378
          2.5396825396825427
          2.5396825396825378
          2.5396825396825427
          2.5396825396825427
          2.5396825396825378
          2.5396825396825378
          2.5396825396825378
          2.5396825396825378
          2.5396825396825427
          2.5396825396825378
          2.5396825396825427
          2.5396825396825427
          2.5396825396825378
          2.5396825396825427
          2.5396825396825427
          2.5396825396825427
          2.5396825396825427
          2.5396825396825427
          2.5396825396825427
          2.5396825396825427
          2.5396825396825427
          2.5396825396825378
          2.5396825396825378
          2.5396825396825378
          2.5396825396825427
          2.5396825396825324
          2.5396825396825427
          2.5396825396825427
          2.5396825396825324
          2.5396825396825427
          2.5396825396825427
          2.5396825396825427
          2.5396825396825427
          2.5396825396825427
          2.5396825396825427
          2.5396825396825427
          2.5396825396825427
          2.5396825396825427
          2.5396825396825427
          2.5396825396825427
          2.5396825396825427
          2.5396825396825427
          2.5396825396825427
          2.5396825396825427
          2.5396825396825427
          2.5396825396825378
          2.5396825396825378
          2.5396825396825378
          2.5396825396825427
          2.5396825396825324
          2.5396825396825427
          2.5396825396825427
          2.5396825396825324
          2.5396825396825378
          2.5396825396825378
          2.5396825396825378
          2.5396825396825427
          2.5396825396825378
          2.5396825396825427
          2.5396825396825427
          2.5396825396825378
          2.5396825396825378
          2.5396825396825378
          2.5396825396825378
          2.5396825396825427
          2.5396825396825378
          2.5396825396825427
          2.5396825396825427
          2.5396825396825378
          2.5396825396825378
          2.5396825396825378
          2.5396825396825378
          2.5396825396825427
          2.5396825396825378
          2.5396825396825427
          2.5396825396825427
          2.5396825396825378
          2.5396825396825427
          2.5396825396825427
          2.5396825396825427
          2.5396825396825427
          2.5396825396825427
          2.5396825396825427
          2.5396825396825427
          2.5396825396825427
          2.5396825396825378
          2.5396825396825378
          2.5396825396825378
          2.5396825396825427
          2.5396825396825324
          2.5396825396825427
          2.5396825396825427
          2.5396825396825324
          2.5396825396825427
          2.5396825396825427
          2.5396825396825427
          2.5396825396825427
          2.5396825396825427
          2.5396825396825427
          2.5396825396825427
          2.5396825396825427
          2.5396825396825427
          2.5396825396825427
          2.5396825396825427
          2.5396825396825427
          2.5396825396825427
          2.5396825396825427
          2.5396825396825427
          2.5396825396825427
          2.5396825396825378
          2.5396825396825378
          2.5396825396825378
          2.5396825396825427
          2.5396825396825324
          2.5396825396825427
          2.5396825396825427
          2.5396825396825324
          2.5396825396825395
          2.5396825396825395
          2.5396825396825395
          2.5396825396825444
          2.5396825396825395
          2.5396825396825444
          2.5396825396825444
          2.5396825396825395
          2.5396825396825395
          2.5396825396825395
          2.5396825396825395
          2.5396825396825444
          2.5396825396825395
          2.5396825396825444
          2.5396825396825444
          2.5396825396825395
          2.5396825396825395
          2.5396825396825395
          2.5396825396825395
          2.5396825396825444
          2.5396825396825395
          2.5396825396825444
          2.5396825396825444
          2.5396825396825395
          2.5396825396825444
          2.5396825396825444
          2.5396825396825444
          2.5396825396825444
          2.5396825396825444
          2.5396825396825444
          2.5396825396825444
          2.5396825396825444
          2.5396825396825395
          2.5396825396825395
          2.5396825396825395
          2.5396825396825444
          2.5396825396825347
          2.5396825396825444
          2.5396825396825444
          2.5396825396825347
          2.5396825396825444
          2.5396825396825444
          2.5396825396825444
          2.5396825396825444
          2.5396825396825444
          2.5396825396825444
          2.5396825396825444
          2.5396825396825444
          2.5396825396825444
          2.5396825396825444
          2.5396825396825444
          2.5396825396825444
          2.5396825396825444
          2.5396825396825444
          2.5396825396825444
          2.5396825396825444
          2.5396825396825395
          2.5396825396825395
          2.5396825396825395
          2.5396825396825444
          2.5396825396825347
          2.5396825396825444
          2.5396825396825444
          2.5396825396825347
          2.4888888888888863
          2.4888888888888863
          2.4888888888888863
          2.488888888888891
          2.4888888888888863
          2.488888888888891
          2.488888888888891
          2.4888888888888863
          2.4888888888888863
          2.4888888888888863
          2.4888888888888863
          2.488888888888891
          2.4888888888888863
          2.488888888888891
          2.488888888888891
          2.4888888888888863
          2.4888888888888863
          2.4888888888888863
          2.4888888888888863
          2.488888888888891
          2.4888888888888863
          2.488888888888891
          2.488888888888891
          2.4888888888888863
          2.488888888888891
          2.488888888888891
          2.488888888888891
          2.488888888888891
          2.488888888888891
          2.488888888888891
          2.488888888888891
          2.488888888888891
          2.4888888888888863
          2.4888888888888863
          2.4888888888888863
          2.488888888888891
          2.4888888888888814
          2.488888888888891
          2.488888888888891
          2.4888888888888814
          2.488888888888891
          2.488888888888891
          2.488888888888891
          2.488888888888891
          2.488888888888891
          2.488888888888891
          2.488888888888891
          2.488888888888891
          2.488888888888891
          2.488888888888891
          2.488888888888891
          2.488888888888891
          2.488888888888891
          2.488888888888891
          2.488888888888891
          2.488888888888891
          2.4888888888888863
          2.4888888888888863
          2.4888888888888863
          2.488888888888891
          2.4888888888888814
          2.488888888888891
          2.488888888888891
          2.4888888888888814
          2.4888888888888903
          2.4888888888888903
          2.4888888888888903
          2.488888888888895
          2.4888888888888903
          2.488888888888895
          2.488888888888895
          2.4888888888888903
          2.4888888888888903
          2.4888888888888903
          2.4888888888888903
          2.488888888888895
          2.4888888888888903
          2.488888888888895
          2.488888888888895
          2.4888888888888903
          2.4888888888888903
          2.4888888888888903
          2.4888888888888903
          2.488888888888895
          2.4888888888888903
          2.488888888888895
          2.488888888888895
          2.4888888888888903
          2.488888888888895
          2.488888888888895
          2.488888888888895
          2.488888888888895
          2.488888888888895
          2.488888888888895
          2.488888888888895
          2.488888888888895
          2.4888888888888903
          2.4888888888888903
          2.4888888888888903
          2.488888888888895
          2.4888888888888854
          2.488888888888895
          2.488888888888895
          2.4888888888888854
          2.488888888888895
          2.488888888888895
          2.488888888888895
          2.488888888888895
          2.488888888888895
          2.488888888888895
          2.488888888888895
          2.488888888888895
          2.488888888888895
          2.488888888888895
          2.488888888888895
          2.488888888888895
          2.488888888888895
          2.488888888888895
          2.488888888888895
          2.488888888888895
          2.4888888888888903
          2.4888888888888903
          2.4888888888888903
          2.488888888888895
          2.4888888888888854
          2.488888888888895
          2.488888888888895
          2.4888888888888854
          2.4888888888888863
          2.4888888888888863
          2.4888888888888863
          2.488888888888891
          2.4888888888888863
          2.488888888888891
          2.488888888888891
          2.4888888888888863
          2.4888888888888863
          2.4888888888888863
          2.4888888888888863
          2.488888888888891
          2.4888888888888863
          2.488888888888891
          2.488888888888891
          2.4888888888888863
          2.4888888888888863
          2.4888888888888863
          2.4888888888888863
          2.488888888888891
          2.4888888888888863
          2.488888888888891
          2.488888888888891
          2.4888888888888863
          2.488888888888891
          2.488888888888891
          2.488888888888891
          2.488888888888891
          2.488888888888891
          2.488888888888891
          2.488888888888891
          2.488888888888891
          2.4888888888888863
          2.4888888888888863
          2.4888888888888863
          2.488888888888891
          2.4888888888888814
          2.488888888888891
          2.488888888888891
          2.4888888888888814
          2.488888888888891
          2.488888888888891
          2.488888888888891
          2.488888888888891
          2.488888888888891
          2.488888888888891
          2.488888888888891
          2.488888888888891
          2.488888888888891
          2.488888888888891
          2.488888888888891
          2.488888888888891
          2.488888888888891
          2.488888888888891
          2.488888888888891
          2.488888888888891
          2.4888888888888863
          2.4888888888888863
          2.4888888888888863
          2.488888888888891
          2.4888888888888814
          2.488888888888891
          2.488888888888891
          2.4888888888888814
          2.4888888888888863
          2.4888888888888863
          2.4888888888888863
          2.488888888888891
          2.4888888888888863
          2.488888888888891
          2.488888888888891
          2.4888888888888863
          2.4888888888888863
          2.4888888888888863
          2.4888888888888863
          2.488888888888891
          2.4888888888888863
          2.488888888888891
          2.488888888888891
          2.4888888888888863
          2.4888888888888863
          2.4888888888888863
          2.4888888888888863
          2.488888888888891
          2.4888888888888863
          2.488888888888891
          2.488888888888891
          2.4888888888888863
          2.488888888888891
          2.488888888888891
          2.488888888888891
          2.488888888888891
          2.488888888888891
          2.488888888888891
          2.488888888888891
          2.488888888888891
          2.4888888888888863
          2.4888888888888863
          2.4888888888888863
          2.488888888888891
          2.4888888888888814
          2.488888888888891
          2.488888888888891
          2.4888888888888814
          2.488888888888891
          2.488888888888891
          2.488888888888891
          2.488888888888891
          2.488888888888891
          2.488888888888891
          2.488888888888891
          2.488888888888891
          2.488888888888891
          2.488888888888891
          2.488888888888891
          2.488888888888891
          2.488888888888891
          2.488888888888891
          2.488888888888891
          2.488888888888891
          2.4888888888888863
          2.4888888888888863
          2.4888888888888863
          2.488888888888891
          2.4888888888888814
          2.488888888888891
          2.488888888888891
          2.4888888888888814
          2.4888888888888903
          2.4888888888888903
          2.4888888888888903
          2.488888888888895
          2.4888888888888903
          2.488888888888895
          2.488888888888895
          2.4888888888888903
          2.4888888888888903
          2.4888888888888903
          2.4888888888888903
          2.488888888888895
          2.4888888888888903
          2.488888888888895
          2.488888888888895
          2.4888888888888903
          2.4888888888888903
          2.4888888888888903
          2.4888888888888903
          2.488888888888895
          2.4888888888888903
          2.488888888888895
          2.488888888888895
          2.4888888888888903
          2.488888888888895
          2.488888888888895
          2.488888888888895
          2.488888888888895
          2.488888888888895
          2.488888888888895
          2.488888888888895
          2.488888888888895
          2.4888888888888903
          2.4888888888888903
          2.4888888888888903
          2.488888888888895
          2.4888888888888854
          2.488888888888895
          2.488888888888895
          2.4888888888888854
          2.488888888888895
          2.488888888888895
          2.488888888888895
          2.488888888888895
          2.488888888888895
          2.488888888888895
          2.488888888888895
          2.488888888888895
          2.488888888888895
          2.488888888888895
          2.488888888888895
          2.488888888888895
          2.488888888888895
          2.488888888888895
          2.488888888888895
          2.488888888888895
          2.4888888888888903
          2.4888888888888903
          2.4888888888888903
          2.488888888888895
          2.4888888888888854
          2.488888888888895
          2.488888888888895
          2.4888888888888854
          1.333333333333336
          1.333333333333336
          1.333333333333336
          1.3333333333333386
          1.333333333333336
          1.3333333333333386
          1.3333333333333386
          1.333333333333336
          1.333333333333336
          1.333333333333336
          1.333333333333336
          1.3333333333333386
          1.333333333333336
          1.3333333333333386
          1.3333333333333386
          1.333333333333336
          1.333333333333336
          1.333333333333336
          1.333333333333336
          1.3333333333333386
          1.333333333333336
          1.3333333333333386
          1.3333333333333386
          1.333333333333336
          1.3333333333333386
          1.3333333333333386
          1.3333333333333386
          1.3333333333333386
          1.3333333333333386
          1.3333333333333386
          1.3333333333333386
          1.3333333333333386
          1.333333333333336
          1.333333333333336
          1.333333333333336
          1.3333333333333386
          1.3333333333333333
          1.3333333333333386
          1.3333333333333386
          1.3333333333333333
          1.3333333333333386
          1.3333333333333386
          1.3333333333333386
          1.3333333333333386
          1.3333333333333386
          1.3333333333333386
          1.3333333333333386
          1.3333333333333386
          1.3333333333333386
          1.3333333333333386
          1.3333333333333386
          1.3333333333333386
          1.3333333333333386
          1.3333333333333386
          1.3333333333333386
          1.3333333333333386
          1.333333333333336
          1.333333333333336
          1.333333333333336
          1.3333333333333386
          1.3333333333333333
          1.3333333333333386
          1.3333333333333386
          1.3333333333333333
          1.333333333333332
          1.333333333333332
          1.333333333333332
          1.3333333333333346
          1.333333333333332
          1.3333333333333346
          1.3333333333333346
          1.333333333333332
          1.333333333333332
          1.333333333333332
          1.333333333333332
          1.3333333333333346
          1.333333333333332
          1.3333333333333346
          1.3333333333333346
          1.333333333333332
          1.333333333333332
          1.333333333333332
          1.333333333333332
          1.3333333333333346
          1.333333333333332
          1.3333333333333346
          1.3333333333333346
          1.333333333333332
          1.3333333333333346
          1.3333333333333346
          1.3333333333333346
          1.3333333333333346
          1.3333333333333346
          1.3333333333333346
          1.3333333333333346
          1.3333333333333346
          1.333333333333332
          1.333333333333332
          1.333333333333332
          1.3333333333333346
          1.3333333333333295
          1.3333333333333346
          1.3333333333333346
          1.3333333333333295
          1.3333333333333346
          1.3333333333333346
          1.3333333333333346
          1.3333333333333346
          1.3333333333333346
          1.3333333333333346
          1.3333333333333346
          1.3333333333333346
          1.3333333333333346
          1.3333333333333346
          1.3333333333333346
          1.3333333333333346
          1.3333333333333346
          1.3333333333333346
          1.3333333333333346
          1.3333333333333346
          1.333333333333332
          1.333333333333332
          1.333333333333332
          1.3333333333333346
          1.3333333333333295
          1.3333333333333346
          1.3333333333333346
          1.3333333333333295
          2.2091696920937607
          1.4998836596007343
          1.0931032754333907
          1.1818968402859718
          1.378879647000296
          2.394201007440546
          1.6505733082004865
          1.0931032754333994
          1.1818968402859633
          1.378879647000292
          2.5241835197894646
          1.7573672724029483
          1.0931032754333891
          1.1818968402859713
          1.3788796470002977
          2.590473111269567
          1.8122035143478863
          1.093103275433388
          1.1818968402859793
          1.3788796470002969
          2.5904731112695654
          1.812203514347888
          1.0931032754333947
          1.1818968402859682
          1.3788796470002984
          2.5241835197894877
          1.7573672724029652
          1.0931032754333956
          1.181896840285967
          1.3788796470002933
          2.394201007440551
          1.6505733082004728
          1.0931032754333883
          1.1818968402859715
          1.3788796470002975
          2.209169692093748
          1.4998836596007263
          1.0931032754333936
          1.1818968402859744
          1.3788796470002997
          2.2091696920937642
          1.4998836596007319
          1.0931032754333891
          1.181896840285974
          1.3788796470003004
          2.3942010074405484
          1.650573308200487
          1.0931032754334025
          1.1818968402859589
          1.378879647000288
          2.52418351978946
          1.7573672724029463
          1.0931032754333885
          1.1818968402859715
          1.3788796470003022
          2.590473111269571
          1.8122035143478838
          1.0931032754333885
          1.1818968402859764
          1.3788796470003033
          2.590473111269559
          1.812203514347887
          1.0931032754333965
          1.1818968402859646
          1.3788796470003
          2.524183519789486
          1.7573672724029654
          1.0931032754333967
          1.1818968402859684
          1.3788796470002946
          2.3942010074405604
          1.650573308200475
          1.0931032754333856
          1.1818968402859724
          1.3788796470002984
          2.20916969209374
          1.4998836596007261
          1.0931032754333918
          1.1818968402859737
          1.3788796470003029
          2.2091696920937576
          1.499883659600727
          1.093103275433388
          1.181896840285973
          1.3788796470003046
          2.394201007440555
          1.6505733082004916
          1.0931032754334016
          1.1818968402859569
          1.3788796470002942
          2.5241835197894567
          1.7573672724029505
          1.0931032754333914
          1.181896840285967
          1.3788796470003104
          2.590473111269577
          1.8122035143478896
          1.093103275433386
          1.1818968402859813
          1.378879647000311
          2.5904731112695454
          1.8122035143478854
          1.093103275433396
          1.1818968402859653
          1.3788796470003066
          2.524183519789477
          1.7573672724029665
          1.0931032754333982
          1.181896840285961
          1.3788796470003013
          2.394201007440556
          1.650573308200481
          1.093103275433382
          1.1818968402859713
          1.3788796470003069
          2.209169692093743
          1.4998836596007314
          1.093103275433396
          1.1818968402859662
          1.378879647000308
          2.2091696920937545
          1.4998836596007272
          1.0931032754333885
          1.1818968402859737
          1.3788796470003024
          2.3942010074405555
          1.6505733082004963
          1.0931032754334002
          1.1818968402859615
          1.3788796470002986
          2.5241835197894624
          1.7573672724029479
          1.0931032754333916
          1.1818968402859693
          1.3788796470003057
          2.5904731112695742
          1.8122035143478905
          1.0931032754333858
          1.1818968402859884
          1.3788796470003006
          2.590473111269553
          1.8122035143478876
          1.0931032754333943
          1.1818968402859755
          1.3788796470003093
          2.524183519789477
          1.757367272402965
          1.0931032754333985
          1.1818968402859589
          1.3788796470002993
          2.3942010074405484
          1.6505733082004788
          1.0931032754333827
          1.1818968402859737
          1.3788796470003042
          2.2091696920937505
          1.4998836596007303
          1.0931032754333962
          1.181896840285973
          1.3788796470003053
          2.209169692093762
          1.4998836596007366
          1.0931032754333894
          1.1818968402859742
          1.3788796470003013
          2.3942010074405364
          1.650573308200491
          1.0931032754333998
          1.1818968402859675
          1.3788796470002986
          2.52418351978946
          1.75736727240295
          1.0931032754333907
          1.1818968402859746
          1.3788796470003037
          2.5904731112695747
          1.8122035143478965
          1.0931032754333896
          1.1818968402859797
          1.3788796470003009
          2.590473111269552
          1.8122035143478925
          1.093103275433391
          1.181896840285976
          1.3788796470003093
          2.5241835197894726
          1.7573672724029676
          1.093103275433398
          1.1818968402859658
          1.3788796470002929
          2.3942010074405458
          1.65057330820048
          1.0931032754333847
          1.1818968402859777
          1.378879647000298
          2.2091696920937456
          1.499883659600733
          1.0931032754333916
          1.1818968402859766
          1.3788796470003
          2.2091696920937607
          1.4998836596007348
          1.0931032754333891
          1.1818968402859709
          1.378879647000301
          2.3942010074405378
          1.6505733082004874
          1.0931032754333958
          1.1818968402859669
          1.3788796470002889
          2.5241835197894638
          1.7573672724029523
          1.0931032754333874
          1.1818968402859795
          1.3788796470002986
          2.590473111269571
          1.812203514347895
          1.0931032754333911
          1.181896840285974
          1.3788796470003095
          2.590473111269551
          1.8122035143478914
          1.0931032754333954
          1.181896840285965
          1.3788796470003084
          2.524183519789471
          1.7573672724029719
          1.0931032754333974
          1.1818968402859658
          1.3788796470002918
          2.3942010074405475
          1.6505733082004852
          1.093103275433387
          1.181896840285969
          1.3788796470002969
          2.2091696920937354
          1.4998836596007314
          1.0931032754333956
          1.1818968402859713
          1.3788796470003
          2.209169692093755
          1.499883659600732
          1.093103275433392
          1.1818968402859704
          1.3788796470003
          2.3942010074405413
          1.650573308200488
          1.0931032754333965
          1.1818968402859702
          1.3788796470002878
          2.5241835197894735
          1.7573672724029583
          1.093103275433391
          1.181896840285981
          1.378879647000295
          2.59047311126956
          1.8122035143478876
          1.0931032754333894
          1.1818968402859757
          1.3788796470003077
          2.590473111269558
          1.8122035143478938
          1.0931032754333931
          1.1818968402859664
          1.3788796470003062
          2.524183519789466
          1.75736727240297
          1.0931032754333971
          1.1818968402859675
          1.3788796470002924
          2.3942010074405453
          1.6505733082004854
          1.0931032754333865
          1.1818968402859724
          1.3788796470002966
          2.209169692093738
          1.4998836596007326
          1.093103275433396
          1.181896840285972
          1.3788796470003
          2.209169692093758
          1.4998836596007368
          2.394201007440527
          1.6505733082004814
          2.524183519789487
          1.7573672724029625
          2.5904731112695627
          1.81220351434789
          2.590473111269545
          1.8122035143478914
          2.5241835197894784
          1.757367272402974
          2.3942010074405404
          1.6505733082004799
          2.209169692093747
          1.499883659600734
          2.2091696920937642
          1.4998836596007354
          2.3942010074405298
          1.6505733082004777
          2.524183519789491
          1.7573672724029545
          2.590473111269578
          1.8122035143478887
          2.5904731112695414
          1.8122035143478845
          2.524183519789479
          1.7573672724029727
          2.394201007440551
          1.6505733082004779
          2.2091696920937465
          1.4998836596007357
          2.2091696920937665
          1.499883659600732
          2.3942010074405395
          1.65057330820048
          2.5241835197894833
          1.7573672724029477
          2.5904731112695796
          1.8122035143478856
          2.590473111269554
          1.8122035143478832
          2.5241835197894806
          1.7573672724029707
          2.394201007440544
          1.650573308200478
          2.209169692093748
          1.4998836596007372
          2.2091696920937633
          1.4998836596007357
          2.39420100744053
          1.6505733082004852
          2.5241835197894797
          1.7573672724029563
          2.5904731112695742
          1.8122035143478876
          2.590473111269554
          1.8122035143478847
          2.524183519789477
          1.7573672724029752
          2.39420100744053
          1.6505733082004779
          2.209169692093753
          1.4998836596007337
          2.209169692093758
          1.4998836596007379
          2.39420100744053
          1.6505733082004883
          2.524183519789469
          1.7573672724029605
          2.590473111269572
          1.812203514347891
          2.590473111269554
          1.812203514347888
          2.5241835197894655
          1.757367272402971
          2.3942010074405364
          1.6505733082004785
          2.209169692093753
          1.499883659600733
          1.9824798308032472
          1.3951552843577526
          2.181416081981881
          1.579345787795377
          2.320324882341567
          1.7115424497252427
          2.390910837509991
          1.779992810123403
          2.390910837509992
          1.7799928101234082
          2.320324882341564
          1.7115424497252467
          2.181416081981886
          1.5793457877953747
          1.98247983080324
          1.3951552843577526
          1.4920453054602065
          1.1272076189333269
          1.7210151615925608
          1.3111544272505262
          1.8789075362667904
          1.4421759049004106
          1.958523663476261
          1.5087807370957809
          1.958523663476259
          1.5087807370957738
          1.878907536266792
          1.4421759049004126
          1.7210151615925633
          1.3111544272505247
          1.492045305460203
          1.1272076189333302
          2.209169692093757
          1.4998836596007308
          1.0931032754333903
          1.1818968402859769
          1.378879647000299
          2.394201007440536
          1.6505733082004819
          1.093103275433398
          1.1818968402859662
          1.3788796470002869
          2.524183519789484
          1.7573672724029579
          1.093103275433388
          1.1818968402859797
          1.3788796470002964
          2.590473111269564
          1.8122035143478863
          1.0931032754333938
          1.1818968402859678
          1.3788796470002957
          2.590473111269566
          1.8122035143478827
          1.093103275433388
          1.1818968402859722
          1.3788796470003017
          2.5241835197894806
          1.7573672724029679
          1.0931032754334002
          1.181896840285958
          1.3788796470003044
          2.3942010074405466
          1.650573308200473
          1.0931032754333894
          1.181896840285967
          1.3788796470003013
          2.2091696920937505
          1.4998836596007237
          1.0931032754333903
          1.1818968402859722
          1.3788796470002982
          2.2091696920937576
          1.4998836596007301
          1.093103275433393
          1.1818968402859802
          1.3788796470003004
          2.3942010074405404
          1.6505733082004839
          1.093103275433397
          1.181896840285969
          1.3788796470002844
          2.524183519789483
          1.7573672724029579
          1.0931032754333876
          1.1818968402859835
          1.3788796470002997
          2.5904731112695534
          1.8122035143478825
          1.0931032754333951
          1.1818968402859675
          1.3788796470002962
          2.5904731112695667
          1.8122035143478872
          1.0931032754333887
          1.1818968402859713
          1.3788796470003015
          2.5241835197894793
          1.7573672724029696
          1.093103275433399
          1.1818968402859638
          1.378879647000305
          2.3942010074405484
          1.6505733082004723
          1.0931032754333878
          1.1818968402859693
          1.3788796470002982
          2.209169692093749
          1.4998836596007243
          1.0931032754333903
          1.1818968402859706
          1.3788796470002975
          2.2091696920937594
          1.4998836596007277
          1.0931032754333931
          1.1818968402859744
          1.3788796470003057
          2.39420100744054
          1.6505733082004852
          1.0931032754333925
          1.181896840285973
          1.3788796470002946
          2.5241835197894766
          1.7573672724029596
          1.09310327543339
          1.18189684028598
          1.3788796470003042
          2.5904731112695467
          1.8122035143478845
          1.0931032754333958
          1.18189684028597
          1.3788796470003046
          2.5904731112695756
          1.812203514347895
          1.0931032754333885
          1.1818968402859733
          1.3788796470003064
          2.5241835197894726
          1.7573672724029703
          1.093103275433397
          1.1818968402859664
          1.3788796470003095
          2.3942010074405338
          1.6505733082004748
          1.0931032754333885
          1.1818968402859644
          1.3788796470003026
          2.2091696920937545
          1.4998836596007326
          1.093103275433392
          1.181896840285966
          1.3788796470003024
          2.2091696920937642
          1.4998836596007314
          1.093103275433393
          1.1818968402859713
          1.3788796470003049
          2.394201007440531
          1.6505733082004859
          1.0931032754333923
          1.181896840285972
          1.3788796470003022
          2.5241835197894757
          1.7573672724029556
          1.0931032754333905
          1.181896840285971
          1.3788796470003009
          2.59047311126956
          1.8122035143478865
          1.0931032754333958
          1.1818968402859753
          1.3788796470003049
          2.5904731112695827
          1.81220351434789
          1.0931032754333867
          1.181896840285979
          1.378879647000306
          2.5241835197894678
          1.757367272402964
          1.0931032754333974
          1.1818968402859622
          1.3788796470003089
          2.394201007440534
          1.6505733082004777
          1.0931032754333896
          1.1818968402859613
          1.3788796470003073
          2.2091696920937562
          1.4998836596007314
          1.0931032754333918
          1.181896840285967
          1.3788796470003029
          2.2091696920937576
          1.4998836596007386
          1.0931032754333927
          1.1818968402859753
          1.3788796470003022
          2.394201007440527
          1.65057330820049
          1.0931032754333967
          1.1818968402859669
          1.3788796470002977
          2.52418351978948
          1.7573672724029596
          1.0931032754333905
          1.1818968402859766
          1.3788796470003057
          2.590473111269559
          1.8122035143478867
          1.0931032754333934
          1.1818968402859737
          1.378879647000301
          2.5904731112695694
          1.8122035143478858
          1.093103275433387
          1.181896840285978
          1.378879647000299
          2.524183519789477
          1.757367272402972
          1.0931032754333976
          1.1818968402859678
          1.378879647000299
          2.3942010074405284
          1.6505733082004759
          1.093103275433386
          1.1818968402859718
          1.378879647000298
          2.2091696920937527
          1.4998836596007323
          1.0931032754333911
          1.1818968402859689
          1.3788796470002973
          2.2091696920937522
          1.4998836596007337
          1.09310327543339
          1.1818968402859773
          1.378879647000305
          2.3942010074405276
          1.650573308200487
          1.093103275433395
          1.1818968402859598
          1.3788796470002858
          2.524183519789491
          1.757367272402967
          1.0931032754333863
          1.1818968402859862
          1.3788796470003064
          2.5904731112695485
          1.8122035143478856
          1.0931032754333947
          1.1818968402859626
          1.378879647000303
          2.5904731112695614
          1.8122035143478847
          1.0931032754333907
          1.1818968402859698
          1.378879647000306
          2.5241835197894877
          1.7573672724029772
          1.093103275433401
          1.1818968402859638
          1.378879647000299
          2.394201007440526
          1.6505733082004712
          1.0931032754333856
          1.1818968402859742
          1.378879647000298
          2.2091696920937545
          1.4998836596007312
          1.0931032754333943
          1.1818968402859662
          1.378879647000297
          2.2091696920937505
          1.4998836596007308
          1.0931032754333916
          1.1818968402859764
          1.3788796470003024
          2.394201007440531
          1.6505733082004872
          1.0931032754333962
          1.1818968402859653
          1.378879647000285
          2.52418351978948
          1.7573672724029648
          1.0931032754333896
          1.1818968402859835
          1.3788796470002989
          2.5904731112695516
          1.8122035143478883
          1.0931032754333945
          1.181896840285963
          1.3788796470003033
          2.5904731112695667
          1.8122035143478885
          1.0931032754333896
          1.181896840285967
          1.378879647000309
          2.5241835197894824
          1.7573672724029754
          1.0931032754334005
          1.1818968402859626
          1.3788796470002997
          2.394201007440529
          1.6505733082004734
          1.0931032754333871
          1.181896840285973
          1.3788796470003004
          2.209169692093754
          1.4998836596007301
          1.093103275433392
          1.181896840285969
          1.3788796470003004
          2.2091696920937487
          1.499883659600734
          2.394201007440539
          1.6505733082004856
          2.5241835197894846
          1.7573672724029612
          2.5904731112695574
          1.8122035143478885
          2.5904731112695583
          1.8122035143478845
          2.524183519789494
          1.7573672724029803
          2.394201007440516
          1.6505733082004725
          2.2091696920937522
          1.4998836596007346
          2.2091696920937505
          1.4998836596007386
          2.394201007440535
          1.6505733082004825
          2.524183519789495
          1.7573672724029594
          2.590473111269564
          1.8122035143478852
          2.590473111269551
          1.8122035143478779
          2.5241835197895006
          1.7573672724029834
          2.3942010074405187
          1.6505733082004723
          2.2091696920937514
          1.499883659600734
          2.2091696920937567
          1.4998836596007399
          2.3942010074405298
          1.6505733082004899
          2.5241835197894753
          1.7573672724029583
          2.590473111269556
          1.812203514347885
          2.5904731112695627
          1.8122035143478843
          2.5241835197894913
          1.7573672724029772
          2.3942010074405333
          1.6505733082004745
          2.209169692093751
          1.4998836596007292
          2.209169692093762
          1.4998836596007399
          2.3942010074405187
          1.6505733082004923
          2.524183519789466
          1.757367272402963
          2.5904731112695525
          1.8122035143478858
          2.5904731112695702
          1.8122035143478872
          2.5241835197894877
          1.7573672724029745
          2.394201007440537
          1.6505733082004723
          2.209169692093751
          1.4998836596007261
          2.209169692093758
          1.4998836596007366
          2.3942010074405196
          1.6505733082004868
          2.5241835197894726
          1.7573672724029634
          2.5904731112695627
          1.8122035143478892
          2.5904731112695654
          1.8122035143478863
          2.52418351978948
          1.7573672724029759
          2.3942010074405347
          1.650573308200474
          2.209169692093751
          1.4998836596007277
          1.982479830803245
          1.3951552843577526
          2.1814160819818755
          1.5793457877953776
          2.3203248823415654
          1.7115424497252432
          2.390910837509992
          1.7799928101234022
          2.390910837510004
          1.779992810123406
          2.3203248823415605
          1.7115424497252458
          2.1814160819818826
          1.5793457877953772
          1.9824798308032392
          1.3951552843577537
          1.4920453054602079
          1.1272076189333249
          1.7210151615925549
          1.3111544272505264
          1.878907536266793
          1.442175904900417
          1.9585236634762575
          1.508780737095776
          1.958523663476272
          1.5087807370957829
          1.8789075362667818
          1.442175904900411
          1.7210151615925628
          1.3111544272505309
          1.4920453054602012
          1.1272076189333253
          2.2091696920937607
          1.4998836596007306
          1.093103275433394
          1.1818968402859718
          1.378879647000297
          2.3942010074405333
          1.6505733082004834
          1.09310327543339
          1.1818968402859744
          1.3788796470002993
          2.524183519789482
          1.7573672724029714
          1.093103275433393
          1.181896840285972
          1.3788796470003022
          2.590473111269551
          1.812203514347884
          1.0931032754333916
          1.1818968402859689
          1.3788796470002973
          2.590473111269561
          1.8122035143478927
          1.0931032754333931
          1.1818968402859693
          1.3788796470002969
          2.5241835197894713
          1.7573672724029634
          1.093103275433392
          1.1818968402859713
          1.3788796470003033
          2.394201007440538
          1.6505733082004777
          1.0931032754333887
          1.1818968402859735
          1.3788796470003006
          2.209169692093754
          1.4998836596007348
          1.0931032754333945
          1.181896840285969
          1.3788796470002946
          2.209169692093759
          1.4998836596007308
          1.0931032754333967
          1.1818968402859722
          1.378879647000298
          2.394201007440535
          1.6505733082004845
          1.093103275433388
          1.1818968402859766
          1.3788796470002995
          2.524183519789482
          1.7573672724029707
          1.0931032754333936
          1.1818968402859718
          1.3788796470003017
          2.590473111269542
          1.812203514347878
          1.0931032754333925
          1.1818968402859693
          1.3788796470002993
          2.5904731112695663
          1.8122035143478967
          1.093103275433395
          1.1818968402859642
          1.378879647000294
          2.524183519789473
          1.757367272402963
          1.0931032754333905
          1.1818968402859715
          1.3788796470003042
          2.3942010074405364
          1.6505733082004743
          1.093103275433386
          1.181896840285974
          1.3788796470003037
          2.209169692093756
          1.499883659600736
          1.0931032754333951
          1.181896840285967
          1.378879647000293
          2.209169692093752
          1.4998836596007339
          1.0931032754333958
          1.1818968402859704
          1.3788796470003013
          2.394201007440535
          1.6505733082004865
          1.0931032754333874
          1.181896840285975
          1.3788796470003013
          2.5241835197894793
          1.7573672724029734
          1.0931032754333956
          1.1818968402859695
          1.3788796470002995
          2.5904731112695365
          1.8122035143478799
          1.093103275433393
          1.181896840285971
          1.3788796470003026
          2.5904731112695765
          1.8122035143479016
          1.0931032754333907
          1.1818968402859682
          1.3788796470002966
          2.5241835197894726
          1.757367272402968
          1.093103275433393
          1.1818968402859704
          1.3788796470003009
          2.394201007440524
          1.650573308200472
          1.0931032754333903
          1.18189684028597
          1.3788796470003
          2.2091696920937625
          1.499883659600736
          1.0931032754333923
          1.1818968402859704
          1.3788796470002977
          2.2091696920937567
          1.4998836596007332
          1.093103275433395
          1.1818968402859729
          1.378879647000299
          2.3942010074405267
          1.6505733082004834
          1.0931032754333896
          1.1818968402859722
          1.3788796470002993
          2.5241835197894806
          1.7573672724029743
          1.0931032754333938
          1.1818968402859702
          1.3788796470003006
          2.5904731112695356
          1.8122035143478818
          1.0931032754333943
          1.1818968402859704
          1.378879647000301
          2.590473111269581
          1.812203514347907
          1.0931032754333896
          1.1818968402859718
          1.3788796470002977
          2.5241835197894638
          1.7573672724029656
          1.0931032754333943
          1.1818968402859689
          1.3788796470002993
          2.3942010074405276
          1.6505733082004737
          1.0931032754333916
          1.1818968402859693
          1.3788796470002993
          2.209169692093761
          1.4998836596007357
          1.0931032754333907
          1.1818968402859722
          1.3788796470002995
          2.2091696920937505
          1.4998836596007339
          1.0931032754333956
          1.1818968402859789
          1.378879647000297
          2.394201007440529
          1.6505733082004872
          1.0931032754333907
          1.1818968402859704
          1.378879647000292
          2.5241835197894873
          1.7573672724029747
          1.093103275433393
          1.181896840285977
          1.3788796470003033
          2.5904731112695356
          1.8122035143478825
          1.0931032754333947
          1.1818968402859686
          1.378879647000298
          2.590473111269574
          1.812203514347904
          1.0931032754333894
          1.1818968402859689
          1.3788796470002957
          2.5241835197894624
          1.7573672724029636
          1.0931032754333925
          1.1818968402859702
          1.378879647000301
          2.3942010074405364
          1.6505733082004765
          1.0931032754333867
          1.1818968402859722
          1.3788796470003042
          2.209169692093756
          1.4998836596007359
          1.093103275433393
          1.1818968402859673
          1.3788796470002964
          2.2091696920937456
          1.4998836596007323
          1.0931032754333938
          1.1818968402859789
          1.378879647000297
          2.394201007440531
          1.650573308200488
          1.0931032754333858
          1.1818968402859726
          1.3788796470002915
          2.524183519789495
          1.757367272402977
          1.0931032754333923
          1.181896840285974
          1.3788796470003026
          2.590473111269541
          1.8122035143478796
          1.093103275433396
          1.1818968402859662
          1.3788796470002962
          2.5904731112695702
          1.8122035143478934
          1.0931032754333911
          1.1818968402859724
          1.3788796470002986
          2.5241835197894713
          1.7573672724029676
          1.0931032754333938
          1.1818968402859706
          1.3788796470003002
          2.3942010074405333
          1.6505733082004763
          1.0931032754333878
          1.1818968402859737
          1.3788796470003013
          2.209169692093756
          1.4998836596007343
          1.0931032754333962
          1.1818968402859686
          1.378879647000296
          2.209169692093748
          1.4998836596007317
          1.0931032754333945
          1.1818968402859749
          1.3788796470002975
          2.394201007440533
          1.6505733082004868
          1.0931032754333891
          1.1818968402859735
          1.3788796470002962
          2.5241835197894864
          1.7573672724029736
          1.0931032754333947
          1.1818968402859709
          1.378879647000301
          2.590473111269546
          1.8122035143478812
          1.0931032754333943
          1.181896840285968
          1.3788796470002973
          2.590473111269573
          1.8122035143478943
          1.0931032754333916
          1.1818968402859724
          1.3788796470003
          2.5241835197894744
          1.7573672724029672
          1.093103275433392
          1.181896840285971
          1.378879647000301
          2.394201007440531
          1.6505733082004779
          1.0931032754333905
          1.1818968402859715
          1.3788796470002977
          2.209169692093757
          1.4998836596007332
          1.0931032754333934
          1.1818968402859718
          1.3788796470002977
          2.209169692093744
          1.4998836596007312
          2.3942010074405413
          1.650573308200492
          2.5241835197894757
          1.7573672724029752
          2.5904731112695454
          1.8122035143478845
          2.590473111269561
          1.812203514347892
          2.5241835197894837
          1.7573672724029736
          2.394201007440521
          1.650573308200477
          2.20916969209376
          1.4998836596007357
          2.209169692093744
          1.4998836596007308
          2.394201007440542
          1.6505733082004932
          2.5241835197894797
          1.7573672724029747
          2.5904731112695463
          1.8122035143478843
          2.5904731112695525
          1.8122035143478856
          2.524183519789486
          1.7573672724029759
          2.394201007440521
          1.6505733082004772
          2.2091696920937567
          1.4998836596007348
          2.209169692093754
          1.4998836596007332
          2.39420100744054
          1.6505733082004876
          2.5241835197894846
          1.7573672724029687
          2.59047311126954
          1.8122035143478805
          2.5904731112695605
          1.8122035143478872
          2.524183519789485
          1.7573672724029716
          2.394201007440531
          1.6505733082004803
          2.20916969209375
          1.499883659600731
          2.2091696920937616
          1.4998836596007334
          2.3942010074405315
          1.6505733082004823
          2.524183519789486
          1.757367272402971
          2.590473111269531
          1.8122035143478756
          2.590473111269575
          1.8122035143478956
          2.524183519789488
          1.7573672724029714
          2.394201007440531
          1.6505733082004754
          2.209169692093756
          1.499883659600733
          2.209169692093758
          1.4998836596007332
          2.394201007440529
          1.6505733082004828
          2.5241835197894815
          1.7573672724029734
          2.5904731112695423
          1.812203514347883
          2.590473111269573
          1.8122035143478976
          2.5241835197894775
          1.757367272402968
          2.3942010074405307
          1.6505733082004752
          2.20916969209376
          1.4998836596007352
          1.982479830803243
          1.395155284357752
          2.1814160819818804
          1.579345787795379
          2.3203248823415676
          1.7115424497252467
          2.390910837509986
          1.7799928101234053
          2.3909108375099986
          1.7799928101234077
          2.3203248823415614
          1.7115424497252458
          2.181416081981884
          1.5793457877953763
          1.9824798308032434
          1.3951552843577522
          1.4920453054602043
          1.1272076189333269
          1.7210151615925537
          1.3111544272505289
          1.8789075362667875
          1.4421759049004186
          1.9585236634762564
          1.5087807370957862
          1.9585236634762626
          1.5087807370957844
          1.8789075362667842
          1.4421759049004172
          1.7210151615925606
          1.3111544272505313
          1.4920453054602014
          1.1272076189333282
          2.2091696920937576
          1.4998836596007334
          1.0931032754333947
          1.1818968402859702
          1.3788796470002982
          2.3942010074405267
          1.6505733082004808
          1.093103275433389
          1.1818968402859753
          1.3788796470003013
          2.5241835197894735
          1.7573672724029692
          1.0931032754333936
          1.1818968402859695
          1.3788796470002966
          2.590473111269564
          1.8122035143478934
          1.0931032754333907
          1.1818968402859724
          1.3788796470002973
          2.590473111269563
          1.8122035143478974
          1.093103275433398
          1.1818968402859662
          1.3788796470002966
          2.5241835197894784
          1.7573672724029639
          1.093103275433391
          1.1818968402859715
          1.3788796470003033
          2.394201007440538
          1.6505733082004863
          1.0931032754333956
          1.181896840285966
          1.3788796470002929
          2.209169692093745
          1.4998836596007203
          1.0931032754333858
          1.1818968402859777
          1.378879647000306
          2.209169692093756
          1.4998836596007323
          1.093103275433395
          1.1818968402859709
          1.3788796470002993
          2.3942010074405276
          1.6505733082004805
          1.0931032754333883
          1.1818968402859777
          1.3788796470003029
          2.524183519789473
          1.75736727240297
          1.0931032754333947
          1.1818968402859669
          1.3788796470002924
          2.5904731112695667
          1.812203514347894
          1.0931032754333943
          1.181896840285971
          1.378879647000297
          2.5904731112695636
          1.8122035143478967
          1.0931032754333987
          1.1818968402859635
          1.3788796470002966
          2.5241835197894753
          1.7573672724029605
          1.0931032754333878
          1.1818968402859742
          1.378879647000303
          2.394201007440546
          1.6505733082004943
          1.0931032754333974
          1.1818968402859638
          1.3788796470002886
          2.2091696920937385
          1.499883659600714
          1.0931032754333834
          1.1818968402859806
          1.3788796470003108
          2.2091696920937567
          1.4998836596007332
          1.0931032754333945
          1.1818968402859693
          1.3788796470002964
          2.3942010074405338
          1.6505733082004785
          1.0931032754333871
          1.181896840285981
          1.3788796470003044
          2.524183519789473
          1.7573672724029716
          1.0931032754333936
          1.1818968402859695
          1.3788796470002918
          2.590473111269563
          1.8122035143478932
          1.093103275433396
          1.1818968402859704
          1.3788796470002993
          2.5904731112695547
          1.8122035143478947
          1.093103275433397
          1.181896840285966
          1.3788796470002953
          2.52418351978948
          1.7573672724029619
          1.0931032754333865
          1.1818968402859773
          1.3788796470003022
          2.3942010074405506
          1.6505733082004974
          1.0931032754334
          1.1818968402859609
          1.3788796470002886
          2.2091696920937336
          1.499883659600715
          1.0931032754333831
          1.1818968402859815
          1.3788796470003126
          2.2091696920937562
          1.4998836596007317
          1.0931032754333925
          1.1818968402859718
          1.3788796470002995
          2.394201007440533
          1.6505733082004805
          1.0931032754333894
          1.181896840285978
          1.378879647000303
          2.524183519789475
          1.7573672724029725
          1.0931032754333943
          1.181896840285968
          1.3788796470002924
          2.5904731112695596
          1.8122035143478958
          1.0931032754333954
          1.1818968402859706
          1.378879647000298
          2.5904731112695494
          1.8122035143478945
          1.0931032754333956
          1.181896840285969
          1.3788796470002973
          2.524183519789482
          1.7573672724029652
          1.0931032754333903
          1.1818968402859726
          1.3788796470002995
          2.3942010074405538
          1.6505733082004943
          1.0931032754333996
          1.1818968402859618
          1.3788796470002904
          2.2091696920937327
          1.499883659600716
          1.0931032754333818
          1.1818968402859824
          1.3788796470003108
          2.2091696920937514
          1.499883659600729
          1.0931032754333894
          1.1818968402859757
          1.378879647000305
          2.3942010074405284
          1.6505733082004854
          1.0931032754333945
          1.1818968402859693
          1.3788796470002969
          2.5241835197894735
          1.757367272402973
          1.093103275433396
          1.181896840285967
          1.3788796470002938
          2.5904731112695725
          1.8122035143479043
          1.0931032754333951
          1.181896840285969
          1.3788796470002964
          2.590473111269545
          1.8122035143478907
          1.0931032754333916
          1.181896840285969
          1.3788796470002969
          2.5241835197894793
          1.7573672724029685
          1.093103275433391
          1.1818968402859733
          1.3788796470003013
          2.394201007440549
          1.6505733082004947
          1.093103275433398
          1.1818968402859642
          1.3788796470002895
          2.209169692093736
          1.4998836596007152
          1.0931032754333805
          1.181896840285982
          1.378879647000309
          2.2091696920937522
          1.4998836596007277
          1.0931032754333885
          1.1818968402859746
          1.3788796470003055
          2.3942010074405307
          1.6505733082004859
          1.0931032754333914
          1.1818968402859684
          1.3788796470002957
          2.524183519789477
          1.7573672724029705
          1.093103275433391
          1.1818968402859698
          1.3788796470002955
          2.5904731112695782
          1.8122035143479023
          1.093103275433396
          1.181896840285968
          1.3788796470002949
          2.5904731112695503
          1.812203514347888
          1.0931032754333982
          1.1818968402859658
          1.3788796470002949
          2.524183519789481
          1.7573672724029636
          1.0931032754333891
          1.1818968402859773
          1.3788796470003033
          2.39420100744054
          1.6505733082004939
          1.0931032754334027
          1.1818968402859606
          1.3788796470002864
          2.209169692093742
          1.499883659600715
          1.0931032754333811
          1.1818968402859855
          1.378879647000309
          2.209169692093755
          1.4998836596007303
          1.0931032754333925
          1.181896840285972
          1.3788796470003024
          2.394201007440536
          1.6505733082004848
          1.093103275433393
          1.181896840285971
          1.3788796470002964
          2.5241835197894775
          1.7573672724029679
          1.0931032754333914
          1.1818968402859726
          1.3788796470002982
          2.590473111269564
          1.8122035143478916
          1.0931032754333934
          1.18189684028597
          1.378879647000297
          2.5904731112695605
          1.8122035143478943
          1.0931032754333974
          1.1818968402859662
          1.3788796470002946
          2.5241835197894793
          1.7573672724029636
          1.0931032754333905
          1.1818968402859757
          1.3788796470003046
          2.394201007440536
          1.6505733082004874
          1.0931032754333978
          1.1818968402859633
          1.3788796470002922
          2.2091696920937487
          1.4998836596007226
          1.0931032754333845
          1.1818968402859786
          1.3788796470003069
          2.209169692093752
          1.499883659600731
          2.394201007440529
          1.6505733082004865
          2.5241835197894793
          1.7573672724029754
          2.59047311126956
          1.8122035143478934
          2.5904731112695534
          1.8122035143478936
          2.524183519789479
          1.7573672724029683
          2.3942010074405418
          1.6505733082004928
          2.209169692093736
          1.499883659600722
          2.2091696920937585
          1.4998836596007334
          2.394201007440521
          1.650573308200481
          2.524183519789476
          1.757367272402977
          2.5904731112695623
          1.812203514347896
          2.5904731112695565
          1.8122035143478947
          2.524183519789476
          1.7573672724029608
          2.394201007440551
          1.6505733082005019
          2.2091696920937274
          1.4998836596007163
          2.20916969209377
          1.4998836596007372
          2.394201007440512
          1.6505733082004728
          2.5241835197894775
          1.7573672724029732
          2.5904731112695645
          1.8122035143478954
          2.5904731112695587
          1.8122035143478927
          2.5241835197894806
          1.75736727240296
          2.394201007440551
          1.6505733082004999
          2.209169692093735
          1.4998836596007175
          2.2091696920937607
          1.49988365960073
          2.3942010074405258
          1.650573308200481
          2.5241835197894784
          1.7573672724029699
          2.590473111269578
          1.8122035143479027
          2.5904731112695516
          1.812203514347886
          2.524183519789484
          1.7573672724029648
          2.3942010074405435
          1.6505733082004959
          2.209169692093741
          1.4998836596007172
          2.209169692093755
          1.4998836596007294
          2.394201007440538
          1.6505733082004856
          2.52418351978947
          1.7573672724029674
          2.590473111269573
          1.8122035143479005
          2.590473111269555
          1.812203514347892
          2.524183519789479
          1.757367272402966
          2.394201007440536
          1.6505733082004883
          2.2091696920937465
          1.499883659600723
          1.9824798308032454
          1.3951552843577508
          2.1814160819818813
          1.5793457877953778
          2.3203248823415685
          1.7115424497252472
          2.3909108375099875
          1.7799928101234053
          2.390910837509992
          1.7799928101234082
          2.3203248823415707
          1.7115424497252463
          2.181416081981878
          1.5793457877953776
          1.9824798308032467
          1.3951552843577526
          1.4920453054602032
          1.127207618933329
          1.7210151615925589
          1.3111544272505282
          1.8789075362667897
          1.4421759049004188
          1.9585236634762553
          1.5087807370957815
          1.958523663476259
          1.5087807370957873
          1.8789075362667913
          1.4421759049004166
          1.721015161592554
          1.3111544272505264
          1.4920453054602076
          1.1272076189333304
        </DataArray>
      </CellData>
    </Piece>
  </UnstructuredGrid>
</VTKFile>
