<?xml version="1.0"?>
<VTKFile type="UnstructuredGrid" version="0.1" byte_order="LittleEndian">
  <UnstructuredGrid>
    <Piece NumberOfPoints="4274" NumberOfCells="3584">
      <Points>
        <DataArray type="Float64" NumberOfComponents="3" format="ascii">
          3.4000001 0.527207893864 0.527207893864
          3.6500001 0.5272078938642144 0.5272078938642144
          3.6500001000000006 0.7999736805647166 0.3033547978554183
          3.4000001 0.7999736805645472 0.3033547978551663
          3.4000001 0.597918571983 0.597918571983
          3.6500001000000006 0.597918571982869 0.597918571982869
          3.6500001000000015 0.8555307038666765 0.3865017590856725
          3.4000000999999997 0.8555307038667788 0.38650175908582673
          3.9000000999999997 0.5272078938642144 0.5272078938642144
          3.9000000999999993 0.7999736805647151 0.3033547978554192
          3.9000000999999997 0.597918571982869 0.597918571982869
          3.9000000999999997 0.8555307038666755 0.3865017590856734
          4.1500001 0.5272078938642144 0.5272078938642144
          4.1500001 0.7999736805647166 0.3033547978554183
          4.1500001 0.597918571982869 0.597918571982869
          4.1500001 0.8555307038666764 0.3865017590856725
          4.4000001 0.527207893864 0.527207893864
          4.4000001 0.7999736805645472 0.3033547978551663
          4.4000001 0.597918571983 0.597918571983
          4.4000001 0.8555307038667788 0.38650175908582673
          3.6500001000000006 1.1111699217428386 0.13701694147968402
          3.4000001 1.1111699217427224 0.13701694147940335
          3.6500001000000015 1.1494382649793482 0.22940489473081271
          3.4000001 1.1494382649794184 0.22940489473098347
          3.9000000999999993 1.1111699217428386 0.13701694147968402
          3.9000000999999993 1.1494382649793478 0.2294048947308126
          4.1500001 1.1111699217428386 0.13701694147968402
          4.1500001 1.1494382649793482 0.22940489473081238
          4.4000001 1.1111699217427224 0.13701694147940335
          4.4000001 1.1494382649794184 0.22940489473098347
          3.6500001000000006 1.4488375203709685 0.03458659527418528
          3.4000001 1.44883752037091 0.034586595273887966
          3.6500001000000015 1.468346552572583 0.13266512331450786
          3.4000001000000006 1.4683465525726183 0.13266512331468983
          3.9000001000000006 1.4488375203709685 0.03458659527418528
          3.9000000999999997 1.468346552572583 0.13266512331450786
          4.150000099999999 1.4488375203709685 0.03458659527418528
          4.1500001 1.4683465525725832 0.13266512331450775
          4.4000001 1.44883752037091 0.034586595273887966
          4.4000001 1.4683465525726183 0.13266512331468983
          3.6500001000000006 1.800000100000001 0.00000010000000005838672
          3.4000001 1.8000001 0.00000009999969652341179
          3.6500001000000015 1.8000001000000019 0.10000009999999993
          3.4000001 1.8000000999999999 0.100000100000185
          3.900000099999999 1.8000000999999999 0.00000010000000005838672
          3.9000000999999997 1.8000001 0.10000009999999993
          4.1500001 1.8000001 0.00000010000000005838672
          4.1500001 1.8000001 0.10000009999999993
          4.4000001 1.8000001 0.00000009999969652341179
          4.4000001 1.8000000999999999 0.100000100000185
          3.6500001 2.1511626796290306 0.03458659527418528
          3.4000001 2.15116267962909 0.0345865952738873
          3.6500001000000015 2.131653647427418 0.1326651233145082
          3.4000001000000006 2.131653647427382 0.1326651233146895
          3.9000000999999993 2.1511626796290306 0.03458659527418528
          3.9000000999999997 2.1316536474274193 0.13266512331450797
          4.150000099999999 2.1511626796290306 0.03458659527418528
          4.1500001 2.1316536474274184 0.1326651233145082
          4.4000001 2.15116267962909 0.0345865952738873
          4.4000001 2.131653647427382 0.1326651233146895
          3.6500001000000006 2.488830278257161 0.13701694147968357
          3.4000001 2.4888302782572778 0.13701694147940358
          3.6500001000000024 2.450561935020653 0.22940489473081227
          3.4000000999999997 2.4505619350205823 0.22940489473098336
          3.900000099999999 2.488830278257161 0.13701694147968357
          3.9000000999999997 2.4505619350206533 0.22940489473081227
          4.1500001 2.488830278257161 0.13701694147968357
          4.1500001 2.450561935020653 0.22940489473081227
          4.4000001 2.4888302782572778 0.13701694147940358
          4.4000001 2.4505619350205823 0.22940489473098336
          3.650000100000001 2.800026519435283 0.3033547978554183
          3.4000001 2.8000265194354528 0.30335479785516606
          3.6500001000000015 2.7444694961333216 0.3865017590856725
          3.4000001 2.7444694961332203 0.3865017590858264
          3.9000000999999993 2.800026519435283 0.3033547978554181
          3.9000000999999997 2.7444694961333234 0.3865017590856723
          4.1500001 2.800026519435283 0.3033547978554183
          4.1500001 2.744469496133323 0.3865017590856725
          4.4000001 2.8000265194354528 0.30335479785516606
          4.4000001 2.7444694961332203 0.3865017590858264
          3.6500001 3.072792306135785 0.5272078938642144
          3.4000001 3.072792306136 0.527207893864
          3.6500001000000006 3.002081628017131 0.597918571982869
          3.4000001 3.0020816280169997 0.597918571983
          3.9000000999999997 3.072792306135785 0.5272078938642144
          3.9000000999999997 3.002081628017131 0.597918571982869
          4.1500001 3.072792306135785 0.5272078938642144
          4.1500001 3.002081628017131 0.597918571982869
          4.4000001 3.072792306136 0.527207893864
          4.4000001 3.0020816280169997 0.597918571983
          3.4000001 0.668629250102 0.668629250102
          3.6500001 0.6686292501015239 0.6686292501015239
          3.6500001000000006 0.911087727168637 0.4696487203159272
          3.4000001 0.9110877271690105 0.4696487203164872
          3.9000000999999997 0.6686292501015239 0.6686292501015239
          3.9000000999999993 0.911087727168637 0.4696487203159272
          4.1500001 0.6686292501015239 0.6686292501015239
          4.1500001 0.911087727168637 0.4696487203159272
          4.4000001 0.668629250102 0.668629250102
          4.4000001 0.9110877271690105 0.4696487203164872
          3.6500001000000006 1.1877066082158565 0.3217928479819412
          3.4000001 1.187706608216114 0.32179284798256336
          3.9000000999999993 1.1877066082158558 0.3217928479819414
          4.1500001 1.1877066082158565 0.3217928479819412
          4.4000001 1.187706608216114 0.32179284798256336
          3.6500001000000006 1.4878555847741954 0.2307436513548311
          3.4000001 1.4878555847743264 0.23074365135549169
          3.9000001000000006 1.487855584774195 0.23074365135483133
          4.150000099999999 1.4878555847741954 0.2307436513548311
          4.4000001 1.4878555847743264 0.23074365135549169
          3.6500001000000006 1.800000100000001 0.20000010000000001
          3.4000001 1.8000001 0.20000010000067348
          3.900000099999999 1.8000001000000005 0.20000010000000001
          4.1500001 1.8000001 0.20000010000000001
          4.4000001 1.8000001 0.20000010000067348
          3.6500001 2.112144615225805 0.23074365135483133
          3.4000001 2.1121446152256738 0.23074365135549169
          3.9000000999999993 2.1121446152258048 0.2307436513548311
          4.150000099999999 2.112144615225805 0.23074365135483133
          4.4000001 2.1121446152256738 0.23074365135549169
          3.6500001000000006 2.412293591784143 0.32179284798194097
          3.4000001 2.4122935917838855 0.32179284798256313
          3.900000099999999 2.412293591784143 0.32179284798194097
          4.1500001 2.412293591784143 0.32179284798194097
          4.4000001 2.4122935917838855 0.32179284798256313
          3.650000100000001 2.6889124728313627 0.4696487203159272
          3.4000001 2.6889124728309883 0.46964872031648675
          3.9000000999999993 2.6889124728313623 0.46964872031592675
          4.1500001 2.6889124728313627 0.46964872031592697
          4.4000001 2.6889124728309883 0.46964872031648675
          3.6500001 2.9313709498984766 0.6686292501015239
          3.4000001 2.931370949898 0.668629250102
          3.9000000999999997 2.9313709498984766 0.6686292501015239
          4.1500001 2.9313709498984766 0.6686292501015239
          4.4000001 2.931370949898 0.668629250102
          1.4000001 0.668629250102 0.668629250102
          1.6666667666666666 0.6686292501015239 0.6686292501015239
          1.6666667666666666 0.911087727168637 0.4696487203159272
          1.4000001 0.9110877271690105 0.4696487203164872
          1.4000001 0.8100506063390001 0.8100506063390001
          1.6666667666666668 0.8100506063388335 0.8100506063388335
          1.6666667666666675 1.022201773772557 0.6359426427764366
          1.4000000999999997 1.0222017737726876 0.6359426427766325
          1.9333334333333334 0.6686292501015239 0.6686292501015239
          1.9333334333333336 0.911087727168637 0.4696487203159272
          1.9333334333333336 0.8100506063388336 0.8100506063388336
          1.9333334333333334 1.0222017737725562 0.635942642776437
          2.2000001 0.668629250102 0.668629250102
          2.2000001 0.9110877271690105 0.4696487203164872
          2.2000001 0.8100506063390001 0.8100506063390001
          2.2000001 1.0222017737726876 0.6359426427766325
          3.4000001 0.8100506063390001 0.8100506063390001
          3.6500001000000006 0.8100506063388336 0.8100506063388336
          3.6500001000000015 1.022201773772557 0.635942642776437
          3.4000000999999997 1.0222017737726876 0.6359426427766325
          3.9000000999999997 0.8100506063388336 0.8100506063388336
          3.9000001000000015 1.0222017737725566 0.6359426427764366
          4.1500001 0.8100506063388336 0.8100506063388336
          4.150000099999999 1.022201773772557 0.6359426427764371
          4.4000001 0.8100506063390001 0.8100506063390001
          4.4000001 1.0222017737726876 0.6359426427766325
          1.6666667666666664 1.1877066082158563 0.3217928479819412
          1.4000001 1.187706608216114 0.32179284798256336
          1.6666667666666648 1.2642432946888746 0.5065687544841985
          1.4000000999999997 1.2642432946889646 0.5065687544844163
          1.933333433333333 1.1877066082158563 0.3217928479819412
          1.9333334333333332 1.2642432946888744 0.5065687544841989
          2.2000001 1.187706608216114 0.32179284798256336
          2.2000000999999996 1.2642432946889646 0.5065687544844163
          3.6500001000000015 1.2642432946888749 0.5065687544841985
          3.4000000999999997 1.2642432946889646 0.5065687544844163
          3.900000099999999 1.2642432946888738 0.5065687544841987
          4.150000099999999 1.2642432946888749 0.5065687544841985
          4.4000001 1.2642432946889646 0.5065687544844163
          1.6666667666666666 1.4878555847741957 0.2307436513548311
          1.4000001 1.4878555847743264 0.23074365135549169
          1.6666667666666666 1.5268736491774206 0.42690070743547714
          1.4000000999999997 1.5268736491774662 0.4269007074357083
          1.9333334333333336 1.4878555847741957 0.2307436513548311
          1.9333334333333325 1.5268736491774215 0.42690070743547714
          2.2000001 1.4878555847743264 0.23074365135549169
          2.200000099999999 1.5268736491774662 0.4269007074357083
          3.6500000999999997 1.52687364917742 0.4269007074354775
          3.4000000999999993 1.5268736491774662 0.4269007074357083
          3.9000000999999993 1.5268736491774206 0.4269007074354776
          4.1500001 1.5268736491774197 0.42690070743547737
          4.4000001 1.5268736491774662 0.4269007074357083
          1.6666667666666666 1.800000100000001 0.20000010000000001
          1.4000001 1.8000001 0.20000010000067348
          1.6666667666666675 1.800000099999998 0.4000001000000005
          1.4000000999999997 1.8000000999999997 0.40000010000023567
          1.9333334333333336 1.800000100000001 0.20000010000000001
          1.9333334333333323 1.8000000999999999 0.4000001000000005
          2.2000001 1.8000001 0.20000010000067348
          2.200000099999999 1.8000000999999997 0.40000010000023567
          3.6500001000000015 1.8000001 0.4000001000000004
          3.4000001000000006 1.8000000999999997 0.40000010000023567
          3.9000001000000015 1.8000000999999992 0.4000001000000005
          4.150000099999999 1.800000099999999 0.4000001000000005
          4.4000001 1.8000000999999997 0.40000010000023567
          1.6666667666666664 2.1121446152258048 0.2307436513548311
          1.4000001 2.1121446152256738 0.23074365135549169
          1.6666667666666664 2.0731265508225802 0.42690070743547726
          1.4000000999999997 2.0731265508225336 0.4269007074357084
          1.9333334333333327 2.1121446152258048 0.2307436513548311
          1.9333334333333323 2.0731265508225802 0.42690070743547726
          2.2000001 2.1121446152256738 0.23074365135549169
          2.2000000999999996 2.0731265508225336 0.4269007074357084
          3.6500000999999997 2.0731265508225802 0.4269007074354776
          3.4000000999999993 2.0731265508225336 0.4269007074357084
          3.9000000999999993 2.073126550822579 0.42690070743547726
          4.1500001 2.07312655082258 0.4269007074354775
          4.4000001 2.0731265508225336 0.4269007074357084
          1.6666667666666666 2.412293591784143 0.32179284798194097
          1.4000001 2.4122935917838855 0.32179284798256313
          1.6666667666666657 2.335756905311125 0.5065687544841987
          1.4000000999999997 2.335756905311035 0.5065687544844163
          1.9333334333333336 2.412293591784143 0.32179284798194097
          1.9333334333333325 2.3357569053111233 0.5065687544841989
          2.2000001 2.4122935917838855 0.32179284798256313
          2.200000099999999 2.335756905311035 0.5065687544844163
          3.6500001000000015 2.3357569053111225 0.5065687544841989
          3.4000000999999997 2.335756905311035 0.5065687544844163
          3.9000001000000015 2.335756905311125 0.5065687544841989
          4.1500001 2.3357569053111242 0.5065687544841987
          4.4000001 2.335756905311035 0.5065687544844163
          1.6666667666666666 2.6889124728313627 0.46964872031592697
          1.4000001 2.6889124728309883 0.46964872031648675
          1.6666667666666666 2.5777984262274414 0.6359426427764362
          1.4000000999999997 2.577798426227312 0.6359426427766323
          1.9333334333333336 2.6889124728313627 0.4696487203159272
          1.9333334333333332 2.5777984262274414 0.6359426427764368
          2.2000001 2.6889124728309883 0.46964872031648675
          2.2000000999999996 2.577798426227312 0.6359426427766323
          3.650000100000001 2.577798426227441 0.6359426427764365
          3.4000000999999997 2.577798426227312 0.6359426427766323
          3.900000099999999 2.5777984262274427 0.6359426427764366
          4.150000099999999 2.5777984262274427 0.6359426427764366
          4.4000001 2.577798426227312 0.6359426427766323
          1.6666667666666666 2.9313709498984766 0.6686292501015239
          1.4000001 2.931370949898 0.668629250102
          1.6666667666666668 2.7899495936611665 0.8100506063388335
          1.4000001 2.789949593661 0.8100506063390001
          1.9333334333333334 2.9313709498984766 0.6686292501015239
          1.9333334333333336 2.7899495936611665 0.8100506063388336
          2.2000001 2.931370949898 0.668629250102
          2.2000001 2.789949593661 0.8100506063390001
          3.6500001000000006 2.789949593661166 0.8100506063388336
          3.4000001 2.789949593661 0.8100506063390001
          3.9000000999999997 2.7899495936611665 0.8100506063388336
          4.1500001 2.789949593661166 0.8100506063388336
          4.4000001 2.789949593661 0.8100506063390001
          1.4000001 0.951471962576 0.951471962576
          1.6666667666666666 0.9514719625761432 0.9514719625761432
          1.6666667666666666 1.133315820376478 0.8022365652369456
          1.4000001 1.133315820376365 0.8022365652367776
          1.9333334333333334 0.9514719625761432 0.9514719625761432
          1.9333334333333336 1.1333158203764768 0.8022365652369463
          2.2000001 0.951471962576 0.951471962576
          2.2000001 1.133315820376365 0.8022365652367776
          3.4000001 0.951471962576 0.951471962576
          3.6500001 0.9514719625761432 0.9514719625761432
          3.6500001000000006 1.133315820376478 0.8022365652369456
          3.4000001 1.133315820376365 0.8022365652367776
          3.9000000999999997 0.9514719625761432 0.9514719625761432
          3.9000000999999993 1.1333158203764768 0.8022365652369463
          4.1500001 0.9514719625761432 0.9514719625761432
          4.1500001 1.133315820376478 0.8022365652369456
          4.4000001 0.951471962576 0.951471962576
          4.4000001 1.133315820376365 0.8022365652367776
          1.6666667666666664 1.3407799811618921 0.691344660986456
          1.4000001 1.3407799811618148 0.6913446609862692
          1.933333433333333 1.3407799811618921 0.691344660986456
          2.2000001 1.3407799811618148 0.6913446609862692
          3.6500001000000006 1.3407799811618926 0.691344660986456
          3.4000001 1.3407799811618148 0.6913446609862692
          3.9000000999999993 1.3407799811618921 0.6913446609864562
          4.1500001 1.3407799811618926 0.691344660986456
          4.4000001 1.3407799811618148 0.6913446609862692
          1.6666667666666666 1.5658917135806465 0.6230577635161234
          1.4000001 1.5658917135806065 0.6230577635159249
          1.9333334333333336 1.565891713580646 0.6230577635161236
          2.2000001 1.5658917135806065 0.6230577635159249
          3.6500001000000006 1.5658917135806458 0.6230577635161236
          3.4000001 1.5658917135806065 0.6230577635159249
          3.9000001000000006 1.5658917135806458 0.6230577635161236
          4.150000099999999 1.5658917135806458 0.6230577635161236
          4.4000001 1.5658917135806065 0.6230577635159249
          1.6666667666666666 1.8000000999999992 0.6000001000000001
          1.4000001 1.8000000999999994 0.6000000999997976
          1.9333334333333336 1.8000000999999992 0.6000001000000001
          2.2000001 1.8000000999999994 0.6000000999997976
          3.6500001000000006 1.8000000999999992 0.6000001000000001
          3.4000001 1.8000000999999994 0.6000000999997976
          3.900000099999999 1.8000000999999988 0.6000001000000001
          4.1500001 1.8000000999999992 0.6000001000000001
          4.4000001 1.8000000999999994 0.6000000999997976
          1.6666667666666664 2.0341084864193535 0.6230577635161234
          1.4000001 2.0341084864193935 0.6230577635159251
          1.9333334333333327 2.0341084864193535 0.6230577635161234
          2.2000001 2.0341084864193935 0.6230577635159251
          3.6500001 2.0341084864193544 0.6230577635161236
          3.4000001 2.0341084864193935 0.6230577635159251
          3.9000000999999993 2.034108486419354 0.6230577635161236
          4.150000099999999 2.034108486419354 0.6230577635161236
          4.4000001 2.0341084864193935 0.6230577635159251
          1.6666667666666666 2.2592202188381085 0.6913446609864564
          1.4000001 2.259220218838186 0.6913446609862692
          1.9333334333333336 2.2592202188381085 0.6913446609864564
          2.2000001 2.259220218838186 0.6913446609862692
          3.6500001000000006 2.2592202188381085 0.6913446609864564
          3.4000001 2.259220218838186 0.6913446609862692
          3.900000099999999 2.2592202188381085 0.6913446609864564
          4.1500001 2.2592202188381076 0.691344660986456
          4.4000001 2.259220218838186 0.6913446609862692
          1.6666667666666666 2.4666843796235223 0.8022365652369454
          1.4000001 2.466684379623635 0.8022365652367774
          1.9333334333333336 2.4666843796235223 0.8022365652369454
          2.2000001 2.466684379623635 0.8022365652367774
          3.650000100000001 2.4666843796235227 0.8022365652369458
          3.4000001 2.466684379623635 0.8022365652367774
          3.9000000999999993 2.4666843796235223 0.8022365652369458
          4.1500001 2.4666843796235223 0.8022365652369454
          4.4000001 2.466684379623635 0.8022365652367774
          1.6666667666666666 2.648528237423857 0.9514719625761429
          1.4000001 2.648528237424 0.951471962576
          1.9333334333333334 2.648528237423857 0.9514719625761429
          2.2000001 2.648528237424 0.951471962576
          3.6500001 2.648528237423857 0.9514719625761429
          3.4000001 2.648528237424 0.951471962576
          3.9000000999999997 2.648528237423857 0.9514719625761429
          4.1500001 2.648528237423857 0.9514719625761429
          4.4000001 2.648528237424 0.951471962576
          1.4000001 1.0221826406945 1.0221826406945
          1.6666667666666666 1.0221826406947976 1.0221826406947976
          1.6666667666666675 1.1888728436784375 0.8853835264671996
          1.4000000999999997 1.1888728436782035 0.8853835264668504
          1.9333334333333334 1.0221826406947976 1.0221826406947976
          1.9333334333333336 1.1888728436784364 0.8853835264672005
          2.2000001 1.0221826406945 1.0221826406945
          2.2000001 1.1888728436782035 0.8853835264668504
          2.5000001000000003 0.9514719625761432 0.9514719625761432
          2.5000001000000003 1.133315820376478 0.8022365652369456
          2.5000001000000003 1.0221826406947978 1.0221826406947978
          2.500000099999998 1.188872843678438 0.8853835264672003
          2.8000001 0.9514719625761432 0.9514719625761432
          2.8000000999999997 1.133315820376478 0.8022365652369456
          2.8000001 1.0221826406947976 1.0221826406947976
          2.8000000999999997 1.1888728436784377 0.8853835264672003
          3.1000001 0.9514719625761432 0.9514719625761432
          3.1000000999999995 1.133315820376478 0.8022365652369456
          3.1000001 1.0221826406947976 1.0221826406947976
          3.100000099999998 1.1888728436784373 0.8853835264672001
          3.4000001 1.0221826406945 1.0221826406945
          3.4000000999999997 1.1888728436782035 0.8853835264668504
          3.6500001000000006 1.0221826406947976 1.0221826406947976
          3.6500001000000015 1.188872843678438 0.8853835264672003
          3.9000000999999997 1.0221826406947976 1.0221826406947976
          3.9000000999999997 1.1888728436784362 0.8853835264672008
          4.1500001 1.0221826406947976 1.0221826406947976
          4.1500001 1.188872843678438 0.8853835264672005
          4.4000001 1.0221826406945 1.0221826406945
          4.4000001 1.1888728436782035 0.8853835264668504
          1.6666667666666666 1.3790483243984006 0.7837326142375847
          1.4000001 1.3790483243982403 0.7837326142371959
          1.9333334333333332 1.3790483243984009 0.7837326142375847
          2.2000001000000005 1.3790483243982403 0.7837326142371959
          2.500000100000001 1.3407799811618917 0.6913446609864564
          2.5000001000000007 1.3790483243984017 0.7837326142375851
          2.8000000999999997 1.3407799811618921 0.6913446609864562
          2.8000000999999997 1.3790483243984015 0.7837326142375842
          3.1000000999999995 1.3407799811618921 0.691344660986456
          3.1000000999999995 1.3790483243984015 0.7837326142375851
          3.4000001 1.3790483243982403 0.7837326142371959
          3.6500001000000015 1.3790483243984024 0.7837326142375847
          3.9000000999999993 1.3790483243984017 0.783732614237584
          4.1500001 1.3790483243984017 0.7837326142375847
          4.4000001 1.3790483243982403 0.7837326142371959
          1.6666667666666666 1.5854007457822596 0.7211362915564465
          1.4000001 1.5854007457821766 0.7211362915560335
          1.9333334333333334 1.5854007457822585 0.7211362915564463
          2.2000001000000005 1.5854007457821766 0.7211362915560335
          2.5000001 1.5658917135806465 0.6230577635161234
          2.500000100000001 1.5854007457822588 0.7211362915564463
          2.800000100000001 1.565891713580646 0.6230577635161236
          2.800000100000002 1.5854007457822585 0.7211362915564465
          3.100000100000001 1.565891713580646 0.6230577635161236
          3.1000001000000017 1.5854007457822588 0.7211362915564465
          3.4000001000000006 1.5854007457821766 0.7211362915560335
          3.6500001000000015 1.585400745782259 0.7211362915564465
          3.9000000999999997 1.5854007457822588 0.7211362915564465
          4.1500001 1.585400745782259 0.7211362915564465
          4.4000001 1.5854007457821766 0.7211362915560335
          1.6666667666666668 1.8000001000000008 0.7000000999999998
          1.4000000999999997 1.8000001 0.7000000999995786
          1.9333334333333319 1.800000099999999 0.7000001
          2.2000001 1.8000001 0.7000000999995786
          2.5000001000000003 1.8000000999999988 0.6000001000000001
          2.500000100000001 1.8000000999999994 0.7000000999999998
          2.8000000999999997 1.8000000999999992 0.6000001000000001
          2.8000001 1.8000000999999992 0.7000000999999998
          3.1000000999999995 1.8000000999999992 0.6000001000000001
          3.100000099999998 1.8000001 0.7000000999999993
          3.4000001 1.8000001 0.7000000999995786
          3.6500001000000015 1.8000000999999983 0.7000000999999996
          3.9000000999999997 1.800000100000001 0.7000000999999993
          4.1500001 1.8000000999999994 0.7000000999999996
          4.4000001 1.8000001 0.7000000999995786
          1.6666667666666677 2.0145994542177412 0.7211362915564465
          1.4000001 2.014599454217824 0.7211362915560331
          1.9333334333333316 2.0145994542177386 0.7211362915564463
          2.2000001 2.014599454217824 0.7211362915560331
          2.5000001000000007 2.034108486419354 0.6230577635161236
          2.500000100000002 2.0145994542177412 0.7211362915564463
          2.8000001000000005 2.0341084864193544 0.6230577635161236
          2.8000001 2.0145994542177403 0.7211362915564461
          3.1000000999999995 2.0341084864193544 0.6230577635161236
          3.1000001 2.0145994542177412 0.7211362915564463
          3.4000001000000006 2.014599454217824 0.7211362915560331
          3.6500001000000015 2.0145994542177412 0.7211362915564465
          3.9000000999999997 2.014599454217742 0.7211362915564465
          4.1500001 2.0145994542177412 0.7211362915564461
          4.4000001 2.014599454217824 0.7211362915560331
          1.6666667666666657 2.2209518756015987 0.783732614237584
          1.4000001 2.2209518756017603 0.7837326142371954
          1.9333334333333334 2.2209518756015987 0.7837326142375844
          2.2000001 2.2209518756017603 0.7837326142371954
          2.5000001000000007 2.2592202188381085 0.6913446609864564
          2.500000100000001 2.2209518756015982 0.7837326142375842
          2.8000001 2.2592202188381085 0.6913446609864564
          2.8000001 2.2209518756015982 0.7837326142375842
          3.100000099999999 2.2592202188381085 0.6913446609864564
          3.100000099999998 2.2209518756015987 0.7837326142375844
          3.4000000999999997 2.2209518756017603 0.7837326142371954
          3.6500001000000024 2.2209518756015982 0.783732614237584
          3.9000000999999997 2.2209518756015987 0.7837326142375844
          4.1500001 2.2209518756015973 0.7837326142375838
          4.4000001 2.2209518756017603 0.7837326142371954
          1.6666667666666666 2.4111273563215634 0.8853835264672001
          1.4000001 2.4111273563217974 0.8853835264668499
          1.9333334333333325 2.4111273563215634 0.8853835264672001
          2.2000001 2.4111273563217974 0.8853835264668499
          2.5000001000000003 2.4666843796235223 0.8022365652369456
          2.5000001000000003 2.411127356321563 0.885383526467201
          2.8000001 2.4666843796235223 0.8022365652369458
          2.8000001 2.411127356321562 0.8853835264672003
          3.100000099999999 2.4666843796235223 0.8022365652369458
          3.1000001 2.411127356321564 0.8853835264672005
          3.4000001 2.4111273563217974 0.8853835264668499
          3.6500001000000015 2.411127356321563 0.8853835264672003
          3.9000000999999997 2.4111273563215634 0.8853835264671999
          4.1500001 2.411127356321563 0.8853835264672001
          4.4000001 2.4111273563217974 0.8853835264668499
          1.6666667666666666 2.577817559305203 1.0221826406947976
          1.4000001 2.5778175593055 1.0221826406945
          1.9333334333333334 2.5778175593052026 1.0221826406947976
          2.2000001 2.5778175593055 1.0221826406945
          2.5000001000000003 2.648528237423857 0.9514719625761429
          2.5000001000000003 2.5778175593052026 1.0221826406947978
          2.8000001 2.648528237423857 0.9514719625761429
          2.8000001 2.5778175593052026 1.0221826406947976
          3.1000001 2.648528237423857 0.9514719625761429
          3.1000001 2.577817559305203 1.0221826406947976
          3.4000001 2.5778175593055 1.0221826406945
          3.6500001000000006 2.5778175593052026 1.0221826406947976
          3.9000000999999997 2.577817559305203 1.0221826406947976
          4.1500001 2.5778175593052026 1.0221826406947976
          4.4000001 2.5778175593055 1.0221826406945
          1.4000001 1.092893318813 1.092893318813
          1.6666667666666666 1.0928933188134526 1.0928933188134526
          1.6666667666666666 1.2444298669803981 0.9685304876974546
          1.4000001 1.2444298669800422 0.9685304876969226
          1.9333334333333334 1.0928933188134526 1.0928933188134526
          1.9333334333333336 1.2444298669803975 0.9685304876974552
          2.2000001 1.092893318813 1.092893318813
          2.2000001 1.2444298669800422 0.9685304876969226
          2.5000001000000003 1.0928933188134526 1.0928933188134526
          2.5000001000000003 1.2444298669803981 0.9685304876974546
          2.8000001 1.0928933188134526 1.0928933188134526
          2.8000000999999997 1.2444298669803981 0.9685304876974546
          3.1000001 1.0928933188134526 1.0928933188134526
          3.1000000999999995 1.2444298669803981 0.9685304876974546
          3.4000001 1.092893318813 1.092893318813
          3.4000001 1.2444298669800422 0.9685304876969226
          3.6500001 1.0928933188134526 1.0928933188134526
          3.6500001000000006 1.2444298669803981 0.9685304876974546
          3.9000000999999997 1.0928933188134526 1.0928933188134526
          3.9000000999999993 1.2444298669803975 0.9685304876974552
          4.1500001 1.0928933188134526 1.0928933188134526
          4.1500001 1.2444298669803981 0.9685304876974546
          4.4000001 1.092893318813 1.092893318813
          4.4000001 1.2444298669800422 0.9685304876969226
          1.6666667666666664 1.4173166676349094 0.8761205674887137
          1.4000001 1.4173166676346651 0.8761205674881221
          1.933333433333333 1.4173166676349094 0.8761205674887137
          2.2000001 1.4173166676346651 0.8761205674881221
          2.500000100000001 1.4173166676349098 0.8761205674887136
          2.8000000999999997 1.41731666763491 0.8761205674887135
          3.1000000999999995 1.4173166676349098 0.8761205674887136
          3.4000001 1.4173166676346651 0.8761205674881221
          3.6500001000000006 1.4173166676349105 0.8761205674887134
          3.9000000999999993 1.41731666763491 0.8761205674887135
          4.1500001 1.4173166676349096 0.8761205674887137
          4.4000001 1.4173166676346651 0.8761205674881221
          1.6666667666666666 1.6049097779838721 0.8192148195967696
          1.4000001 1.6049097779837467 0.8192148195961417
          1.9333334333333336 1.6049097779838717 0.8192148195967697
          2.2000001 1.6049097779837467 0.8192148195961417
          2.5000001 1.6049097779838721 0.8192148195967696
          2.800000100000001 1.6049097779838717 0.8192148195967697
          3.100000100000001 1.6049097779838717 0.8192148195967697
          3.4000001 1.6049097779837467 0.8192148195961417
          3.6500001000000006 1.6049097779838715 0.8192148195967697
          3.9000001000000006 1.6049097779838715 0.8192148195967697
          4.150000099999999 1.6049097779838715 0.8192148195967697
          4.4000001 1.6049097779837467 0.8192148195961417
          1.6666667666666666 1.8000000999999992 0.8000001000000001
          1.4000001 1.8000000999999997 0.8000000999993597
          1.9333334333333336 1.8000000999999992 0.8000001000000001
          2.2000001 1.8000000999999997 0.8000000999993597
          2.5000001000000003 1.8000000999999994 0.8000001000000001
          2.8000000999999997 1.8000001 0.8000001000000001
          3.1000000999999995 1.8000000999999997 0.8000001000000001
          3.4000001 1.8000000999999997 0.8000000999993597
          3.6500001000000006 1.8000000999999992 0.8000001000000001
          3.900000099999999 1.8000000999999994 0.8000001000000001
          4.1500001 1.8000000999999997 0.8000001000000001
          4.4000001 1.8000000999999997 0.8000000999993597
          1.6666667666666664 1.9950904220161272 0.8192148195967695
          1.4000001 1.9950904220162524 0.8192148195961415
          1.9333334333333327 1.9950904220161272 0.8192148195967695
          2.2000001 1.9950904220162524 0.8192148195961415
          2.5000001000000007 1.9950904220161272 0.8192148195967695
          2.8000001000000005 1.9950904220161279 0.8192148195967696
          3.1000000999999995 1.9950904220161274 0.8192148195967695
          3.4000001 1.9950904220162524 0.8192148195961415
          3.6500001 1.9950904220161274 0.8192148195967695
          3.9000000999999993 1.9950904220161274 0.8192148195967695
          4.150000099999999 1.9950904220161274 0.8192148195967695
          4.4000001 1.9950904220162524 0.8192148195961415
          1.6666667666666666 2.1826835323650897 0.8761205674887131
          1.4000001 2.1826835323653344 0.8761205674881217
          1.9333334333333336 2.1826835323650897 0.8761205674887133
          2.2000001 2.1826835323653344 0.8761205674881217
          2.5000001000000007 2.1826835323650897 0.8761205674887131
          2.8000001 2.1826835323650897 0.8761205674887131
          3.100000099999999 2.1826835323650897 0.8761205674887133
          3.4000001 2.1826835323653344 0.8761205674881217
          3.6500001000000006 2.1826835323650897 0.8761205674887131
          3.900000099999999 2.1826835323650897 0.8761205674887131
          4.1500001 2.1826835323650897 0.8761205674887131
          4.4000001 2.1826835323653344 0.8761205674881217
          1.6666667666666666 2.355570333019602 0.9685304876974545
          1.4000001 2.3555703330199576 0.9685304876969223
          1.9333334333333336 2.355570333019602 0.9685304876974545
          2.2000001 2.3555703330199576 0.9685304876969223
          2.5000001000000003 2.355570333019602 0.9685304876974545
          2.8000001 2.355570333019602 0.9685304876974544
          3.100000099999999 2.355570333019602 0.9685304876974545
          3.4000001 2.3555703330199576 0.9685304876969223
          3.650000100000001 2.3555703330196014 0.9685304876974544
          3.9000000999999993 2.355570333019602 0.9685304876974544
          4.1500001 2.355570333019602 0.9685304876974545
          4.4000001 2.3555703330199576 0.9685304876969223
          1.6666667666666666 2.5071068811865476 1.0928933188134524
          1.4000001 2.507106881187 1.092893318813
          1.9333334333333334 2.5071068811865476 1.0928933188134524
          2.2000001 2.507106881187 1.092893318813
          2.5000001000000003 2.5071068811865476 1.0928933188134524
          2.8000001 2.5071068811865476 1.0928933188134524
          3.1000001 2.5071068811865476 1.0928933188134524
          3.4000001 2.507106881187 1.092893318813
          3.6500001 2.5071068811865476 1.0928933188134524
          3.9000000999999997 2.5071068811865476 1.0928933188134524
          4.1500001 2.5071068811865476 1.0928933188134524
          4.4000001 2.507106881187 1.092893318813
          0.0000001 1.234314675051 1.234314675051
          0.10000010000047965 1.1636039969323388 1.1636039969323388
          0.10000010000047965 1.2999868902825402 1.0516774489279814
          0.0000001 1.3555439135845049 1.1348244101582434
          0.0000001 1.3171573875255 1.3171573875255
          0.10000010000023983 1.2818020484661696 1.2818020484661696
          0.10000010000023984 1.3999934951412707 1.2258387744639914
          0.0000001 1.4277720067922524 1.2674122550791218
          0.2000001 1.092893318813 1.092893318813
          0.2000001 1.2444298669800422 0.9685304876969226
          0.2000001 1.2464467094065 1.2464467094065
          0.2000001 1.3722149834900212 1.1842652938484615
          0.5000001 1.0928933188134526 1.0928933188134526
          0.5000001 1.244429866980398 0.968530487697455
          0.5000001000000001 1.2464467094067266 1.2464467094067266
          0.5000001 1.3722149834901995 1.1842652938487277
          0.8000001 1.0928933188134526 1.0928933188134526
          0.8000001 1.2444298669803981 0.9685304876974546
          0.8000001 1.2464467094067264 1.2464467094067264
          0.8000001000000004 1.3722149834902 1.1842652938487275
          1.1000001 1.0928933188134526 1.0928933188134526
          1.1000001 1.2444298669803981 0.9685304876974546
          1.1000001 1.2464467094067264 1.2464467094067264
          1.1000000999999995 1.3722149834901989 1.184265293848728
          1.4000001 1.2464467094065 1.2464467094065
          1.4000000999999995 1.3722149834900212 1.1842652938484615
          1.6666667666666666 1.2464467094067264 1.2464467094067264
          1.6666667666666657 1.3722149834901998 1.1842652938487277
          1.9333334333333334 1.2464467094067264 1.2464467094067264
          1.9333334333333336 1.3722149834901998 1.1842652938487277
          2.2000001 1.2464467094065 1.2464467094065
          2.2000001 1.3722149834900212 1.1842652938484615
          2.5000001000000003 1.2464467094067264 1.2464467094067264
          2.500000099999999 1.3722149834901995 1.1842652938487277
          2.8000001 1.2464467094067264 1.2464467094067264
          2.8000000999999997 1.3722149834902 1.1842652938487275
          3.1000001 1.2464467094067264 1.2464467094067264
          3.100000100000002 1.3722149834901998 1.1842652938487275
          3.4000001 1.2464467094065 1.2464467094065
          3.4000000999999997 1.3722149834900212 1.1842652938484615
          3.6500001 1.2464467094067266 1.2464467094067266
          3.650000099999998 1.3722149834901995 1.1842652938487277
          3.9000000999999997 1.2464467094067264 1.2464467094067264
          3.9000000999999993 1.3722149834901995 1.1842652938487273
          4.1500001 1.2464467094067264 1.2464467094067264
          4.150000099999999 1.3722149834901995 1.1842652938487277
          4.4000001 1.2464467094065 1.2464467094065
          4.4000001 1.3722149834900212 1.1842652938484615
          0.10000010000047965 1.4555850108715442 0.9685085207401446
          0.0000001 1.4938533541080568 1.0608964739912814
          0.1000001000002399 1.5277925554357736 1.1842543103700727
          0.0000001 1.5469267270540283 1.2304482869956408
          0.2000001 1.4173166676346651 0.8761205674881221
          0.20000009999999996 1.5086583838173329 1.1380603337440611
          0.5000001 1.4173166676349098 0.8761205674887136
          0.5000001000000005 1.5086583838174559 1.1380603337443571
          0.8000001000000002 1.41731666763491 0.8761205674887135
          0.8000001000000008 1.5086583838174563 1.138060333744357
          1.1000001 1.41731666763491 0.8761205674887135
          1.1000001000000004 1.508658383817456 1.138060333744357
          1.4000001000000002 1.5086583838173329 1.1380603337440611
          1.6666667666666657 1.5086583838174554 1.138060333744357
          1.9333334333333332 1.5086583838174554 1.1380603337443573
          2.2000001 1.5086583838173329 1.1380603337440611
          2.500000100000001 1.508658383817456 1.1380603337443571
          2.8000000999999997 1.5086583838174563 1.138060333744357
          3.1000000999999995 1.5086583838174554 1.1380603337443567
          3.4000001000000006 1.5086583838173329 1.1380603337440611
          3.6500001000000033 1.508658383817456 1.138060333744357
          3.9000000999999997 1.508658383817455 1.1380603337443578
          4.150000099999999 1.5086583838174559 1.1380603337443573
          4.4000001 1.5086583838173329 1.1380603337440611
          0.10000010000047965 1.6244188101855483 0.9172933476374138
          0.0000001 1.6439278423871628 1.0153718756777457
          0.10000010000023993 1.662209455092773 1.1586467238187068
          0.0000001 1.6719639711935814 1.207685987838873
          0.2000001 1.6049097779837467 0.8192148195961417
          0.20000009999999996 1.6524549389918732 1.1096074597980707
          0.5000000999999998 1.604909777983872 0.8192148195967697
          0.5000001 1.6524549389919354 1.1096074597983856
          0.8000001 1.6049097779838717 0.8192148195967697
          0.8000001000000004 1.6524549389919336 1.1096074597983852
          1.1000000999999997 1.6049097779838715 0.8192148195967697
          1.1000000999999997 1.6524549389919347 1.1096074597983852
          1.4000000999999997 1.6524549389918732 1.1096074597980707
          1.666666766666666 1.6524549389919354 1.1096074597983843
          1.9333334333333334 1.6524549389919354 1.1096074597983852
          2.200000100000001 1.6524549389918732 1.1096074597980707
          2.500000100000001 1.652454938991935 1.1096074597983852
          2.8000001000000023 1.6524549389919336 1.1096074597983852
          3.100000100000002 1.6524549389919354 1.1096074597983852
          3.400000100000001 1.6524549389918732 1.1096074597980707
          3.650000100000004 1.6524549389919354 1.1096074597983852
          3.9000000999999997 1.6524549389919354 1.1096074597983843
          4.1500001 1.6524549389919354 1.1096074597983843
          4.4000001 1.6524549389918732 1.1096074597980707
          0.10000010000047943 1.8000000999999994 0.9000001000003277
          0.0000001 1.8000000999999997 1.0000001000003365
          0.10000010000023975 1.8000001000000003 1.1500001000001638
          0.0000001 1.8000001 1.2000001000001685
          0.2000001 1.8000000999999997 0.8000000999993597
          0.2000001 1.8000001 1.1000000999996797
          0.5000000999999998 1.8000000999999994 0.8000001000000001
          0.5000000999999996 1.8000001000000012 1.1000001000000004
          0.8000001000000001 1.8000001 0.8000001000000001
          0.8000000999999994 1.8000001000000003 1.1000001000000004
          1.1000000999999997 1.8000000999999997 0.8000001000000001
          1.1000000999999997 1.8000001 1.1000001000000004
          1.4000000999999997 1.8000001 1.1000000999996797
          1.6666667666666657 1.8000001 1.1000001
          1.9333334333333325 1.8000001 1.1000001000000006
          2.2000001 1.8000001 1.1000000999996797
          2.5000001000000016 1.8000000999999999 1.1000001000000006
          2.8000001 1.8000001000000003 1.1000001000000004
          3.1000001000000004 1.8000000999999999 1.1000001000000004
          3.4000001000000006 1.8000001 1.1000000999996797
          3.650000100000002 1.8000001 1.1000001000000004
          3.9000000999999997 1.8000000999999999 1.1000001
          4.1500001 1.8000001 1.1000001000000004
          4.4000001 1.8000001 1.1000000999996797
          0.10000010000047965 1.9755813898144514 0.9172933476374138
          0.0000001 1.956072357612837 1.0153718756777455
          0.10000010000023987 1.9377907449072245 1.1586467238187068
          0.0000001 1.9280362288064181 1.2076859878388728
          0.2000001 1.9950904220162524 0.8192148195961415
          0.20000009999999996 1.947545261008126 1.1096074597980707
          0.5000000999999998 1.9950904220161276 0.8192148195967695
          0.5000001000000002 1.947545261008064 1.1096074597983852
          0.8000001000000001 1.9950904220161279 0.8192148195967696
          0.8000000999999994 1.9475452610080648 1.1096074597983852
          1.1000000999999997 1.9950904220161274 0.8192148195967695
          1.1000001 1.947545261008063 1.1096074597983852
          1.4000001 1.947545261008126 1.1096074597980707
          1.6666667666666668 1.947545261008063 1.1096074597983847
          1.9333334333333325 1.947545261008063 1.1096074597983852
          2.2000001 1.947545261008126 1.1096074597980707
          2.5000001000000016 1.947545261008064 1.1096074597983847
          2.8000001 1.9475452610080648 1.1096074597983852
          3.1000001 1.9475452610080641 1.1096074597983852
          3.400000100000001 1.947545261008126 1.1096074597980707
          3.6500001000000015 1.947545261008064 1.1096074597983852
          3.9000000999999993 1.9475452610080637 1.1096074597983852
          4.1500001 1.947545261008064 1.1096074597983852
          4.4000001 1.947545261008126 1.1096074597980707
          0.10000010000047932 2.1444151891284546 0.9685085207401443
          0.0000001 2.1061468458919426 1.0608964739912812
          0.10000010000023962 2.0722076445642266 1.1842543103700722
          0.0000001 2.0530734729459716 1.2304482869956406
          0.2000001 2.1826835323653344 0.8761205674881217
          0.2000001 2.0913418161826676 1.1380603337440611
          0.5000001 2.1826835323650897 0.8761205674887131
          0.5000001000000004 2.091341816182545 1.1380603337443576
          0.8000001 2.1826835323650897 0.8761205674887131
          0.8000001000000008 2.0913418161825437 1.1380603337443571
          1.1000001 2.1826835323650897 0.8761205674887131
          1.1000000999999995 2.091341816182546 1.1380603337443573
          1.4000001000000002 2.0913418161826676 1.1380603337440611
          1.6666667666666648 2.091341816182544 1.138060333744357
          1.9333334333333343 2.0913418161825446 1.1380603337443573
          2.2000001 2.0913418161826676 1.1380603337440611
          2.5000001000000007 2.091341816182545 1.1380603337443573
          2.8000000999999983 2.0913418161825437 1.1380603337443571
          3.100000099999998 2.0913418161825454 1.1380603337443573
          3.4000000999999993 2.0913418161826676 1.1380603337440611
          3.650000099999998 2.0913418161825432 1.1380603337443573
          3.900000099999998 2.0913418161825454 1.138060333744357
          4.150000099999997 2.091341816182546 1.1380603337443573
          4.4000001 2.0913418161826676 1.1380603337440611
          0.10000010000047965 2.3000133097174595 1.0516774489279812
          0.0000001 2.2444562864154944 1.1348244101582434
          0.10000010000023991 2.2000067048587293 1.2258387744639911
          0.0000001 2.172228193207747 1.2674122550791216
          0.2000001 2.3555703330199576 0.9685304876969223
          0.20000009999999996 2.2277852165099787 1.184265293848461
          0.5000000999999998 2.355570333019602 0.9685304876974545
          0.5000001 2.2277852165098 1.1842652938487284
          0.8000001 2.355570333019602 0.9685304876974544
          0.8000001000000001 2.2277852165098 1.1842652938487275
          1.1000001 2.355570333019602 0.9685304876974545
          1.1000000999999995 2.2277852165098 1.1842652938487275
          1.4000000999999997 2.2277852165099787 1.184265293848461
          1.666666766666666 2.2277852165097993 1.1842652938487275
          1.9333334333333334 2.2277852165098 1.1842652938487275
          2.2000001 2.2277852165099787 1.184265293848461
          2.500000100000001 2.2277852165098 1.1842652938487273
          2.8000001 2.2277852165098 1.1842652938487275
          3.100000099999998 2.2277852165098 1.184265293848727
          3.4000001 2.2277852165099787 1.184265293848461
          3.6500001000000015 2.2277852165097998 1.1842652938487277
          3.9000000999999993 2.2277852165098 1.1842652938487268
          4.1500001 2.2277852165097998 1.1842652938487273
          4.4000001 2.2277852165099787 1.184265293848461
          0.10000010000047932 2.4363962030676607 1.1636039969323388
          0.0000001 2.365685524949 1.234314675051
          0.10000010000023966 2.3181981515338297 1.2818020484661696
          0.0000001 2.2828428124744997 1.3171573875255
          0.2000001 2.507106881187 1.092893318813
          0.2000001 2.3535534905935 1.2464467094065
          0.5000001 2.5071068811865476 1.0928933188134524
          0.5000001000000001 2.353553490593274 1.2464467094067266
          0.8000001 2.5071068811865476 1.0928933188134524
          0.8000001 2.3535534905932742 1.2464467094067264
          1.1000001 2.5071068811865476 1.0928933188134524
          1.1000001 2.3535534905932742 1.2464467094067264
          1.4000001 2.3535534905935 1.2464467094065
          1.6666667666666666 2.3535534905932742 1.2464467094067264
          1.9333334333333334 2.3535534905932742 1.2464467094067264
          2.2000001 2.3535534905935 1.2464467094065
          2.5000001000000003 2.3535534905932742 1.2464467094067264
          2.8000001 2.3535534905932742 1.2464467094067264
          3.1000001 2.353553490593274 1.2464467094067264
          3.4000001 2.3535534905935 1.2464467094065
          3.6500001 2.353553490593274 1.2464467094067266
          3.9000000999999997 2.353553490593274 1.2464467094067264
          4.1500001 2.3535534905932742 1.2464467094067264
          4.4000001 2.3535534905935 1.2464467094065
          0.0000001 1.4000001 1.4000001
          0.1000001 1.4000001 1.4000001
          0.1000001 1.5000001000000003 1.4000001000000002
          0.0000001 1.5000001 1.4000001
          0.2000001 1.4000001 1.4000001
          0.2000001 1.5000001 1.4000001
          0.5000001 1.4000001 1.4000001
          0.5000001000000001 1.5000001 1.4000001
          0.8000001 1.4000001 1.4000001
          0.8000001 1.5000001000000003 1.4000001000000002
          1.1000001 1.4000001 1.4000001
          1.1000001 1.5000001 1.4000001
          1.4000001 1.4000001 1.4000001
          1.4000001 1.5000001 1.4000001
          1.6666667666666666 1.4000001 1.4000001
          1.6666667666666666 1.5000001000000005 1.4000001
          1.9333334333333334 1.4000001 1.4000001
          1.9333334333333332 1.5000001 1.4000001
          2.2000001 1.4000001 1.4000001
          2.2000001 1.5000001 1.4000001
          2.5000001000000003 1.4000001 1.4000001
          2.5000001000000003 1.5000001 1.4000001000000002
          2.8000001 1.4000001 1.4000001
          2.8000001 1.5000001000000003 1.4000001000000002
          3.1000001 1.4000001 1.4000001
          3.1000001 1.5000000999999998 1.4000000999999997
          3.4000001 1.4000001 1.4000001
          3.4000001 1.5000001 1.4000001
          3.6500001 1.4000001 1.4000001
          3.6500000999999993 1.5000001 1.4000000999999997
          3.9000000999999997 1.4000001 1.4000001
          3.9000000999999993 1.5000001 1.4000001000000004
          4.1500001 1.4000001 1.4000001
          4.1500001 1.5000000999999996 1.4000001000000002
          4.4000001 1.4000001 1.4000001
          4.4000001 1.5000001 1.4000001
          0.10000010000000002 1.6000001 1.4000001
          0.0000001 1.6000001 1.4000001
          0.2000001 1.6000001 1.4000001
          0.5000001000000001 1.6000001000000001 1.4000001000000002
          0.8000000999999999 1.6000001 1.4000001
          1.1000001 1.6000001 1.4000001
          1.4000001 1.6000001 1.4000001
          1.6666667666666664 1.6000001 1.4000001
          1.9333334333333334 1.6000001 1.4000001000000002
          2.2000001 1.6000001 1.4000001
          2.5000001000000007 1.6000000999999997 1.4000001000000002
          2.8000001 1.6000001 1.4000001
          3.1000001 1.6000001000000001 1.4000001000000002
          3.4000001 1.6000001 1.4000001
          3.6500000999999997 1.6000001 1.4000000999999995
          3.9000001 1.6000001 1.4000001000000004
          4.1500001 1.6000001 1.4000001
          4.4000001 1.6000001 1.4000001
          0.10000010000000002 1.7000000999999998 1.4000001
          0.0000001 1.7000001 1.4000001
          0.2000001 1.7000001 1.4000001
          0.5000001 1.7000001 1.4000001
          0.8000001000000001 1.7000000999999998 1.4000001
          1.1000000999999997 1.7000001 1.4000000999999997
          1.4000001 1.7000001 1.4000001
          1.6666667666666664 1.7000001 1.4000001
          1.9333334333333334 1.7000001 1.4000001000000002
          2.2000001 1.7000001 1.4000001
          2.5000001000000003 1.7000001 1.4000000999999997
          2.8000001 1.7000000999999998 1.4000001
          3.1000001 1.7000001 1.4000000999999997
          3.4000001 1.7000001 1.4000001
          3.6500001000000015 1.7000001 1.4000000999999993
          3.9000000999999997 1.7000001 1.4000001000000002
          4.1500001 1.7000001 1.4000001
          4.4000001 1.7000001 1.4000001
          0.1000001 1.8000001 1.4000001000000002
          0.0000001 1.8000001 1.4000001
          0.2000001 1.8000001 1.4000001
          0.5000001 1.8000001 1.4000001000000002
          0.8000001 1.8000001 1.4000001000000002
          1.1000001 1.8000001 1.4000001
          1.4000001 1.8000001 1.4000001
          1.6666667666666664 1.8000001 1.4000000999999997
          1.9333334333333334 1.8000001 1.4000001
          2.2000001 1.8000001 1.4000001
          2.5000001000000007 1.8000001000000003 1.4000001
          2.8000001 1.8000001 1.4000001000000002
          3.1000001 1.8000001 1.4000001
          3.4000001 1.8000001 1.4000001
          3.6500000999999993 1.8000001 1.4000000999999995
          3.9000000999999997 1.8000001 1.4000001000000004
          4.1500001 1.8000001 1.4000001
          4.4000001 1.8000001 1.4000001
          0.10000010000000001 1.9000000999999997 1.4000001
          0.0000001 1.9000001 1.4000001
          0.2000001 1.9000001 1.4000001
          0.5000001000000001 1.9000001000000004 1.4000001000000002
          0.8000000999999999 1.9000000999999997 1.4000001
          1.1000001 1.9000001000000002 1.4000001
          1.4000001 1.9000001 1.4000001
          1.6666667666666666 1.9000001000000004 1.4000001000000002
          1.9333334333333334 1.9000001000000004 1.4000001000000002
          2.2000001 1.9000001 1.4000001
          2.5000001000000003 1.9000001000000002 1.4000001
          2.8000001 1.9000000999999997 1.4000001
          3.1000001 1.9000001000000006 1.4000001
          3.4000001 1.9000001 1.4000001
          3.6500001000000015 1.9000001000000004 1.4000000999999997
          3.9000000999999997 1.9000000999999997 1.4000001000000004
          4.1500001 1.9000001000000004 1.4000001
          4.4000001 1.9000001 1.4000001
          0.1000001 2.0000001000000003 1.4000000999999997
          0.0000001 2.0000001000000003 1.4000001
          0.2000001 2.0000001000000003 1.4000001
          0.5000001000000001 2.0000001000000003 1.4000001000000002
          0.8000001 2.0000001000000003 1.4000000999999997
          1.1000001 2.0000001000000003 1.4000001
          1.4000001 2.0000001000000003 1.4000001
          1.6666667666666666 2.0000001000000003 1.4000000999999997
          1.9333334333333334 2.0000001000000003 1.4000000999999997
          2.2000001 2.0000001000000003 1.4000001
          2.5000001000000003 2.0000001000000003 1.4000000999999997
          2.8000001 2.0000001000000003 1.4000000999999997
          3.1000001 2.0000001000000003 1.4000000999999997
          3.4000001 2.0000001000000003 1.4000001
          3.6500000999999993 2.0000001000000003 1.4000000999999995
          3.9000000999999997 2.0000001000000003 1.4000001000000004
          4.1500001 2.0000001000000003 1.4000001
          4.4000001 2.0000001000000003 1.4000001
          0.10000010000000001 2.1000001 1.4000001
          0.0000001 2.1000001 1.4000001
          0.2000001 2.1000001 1.4000001
          0.5000001000000001 2.1000001 1.4000001
          0.8000001 2.1000001 1.4000001
          1.1000001 2.1000001 1.4000001
          1.4000001 2.1000001 1.4000001
          1.6666667666666664 2.1000001 1.4000001
          1.9333334333333334 2.1000001 1.4000000999999997
          2.2000001 2.1000001 1.4000001
          2.5000001000000003 2.1000001 1.4000001
          2.8000001 2.1000001 1.4000001
          3.1000001 2.1000001 1.4000000999999997
          3.4000001 2.1000001 1.4000001
          3.6500000999999997 2.1000001 1.4000000999999997
          3.9000000999999997 2.1000001 1.4000001000000004
          4.1500001 2.1000001 1.4000001
          4.4000001 2.1000001 1.4000001
          0.1000001 2.2000001 1.4000001
          0.0000001 2.2000001 1.4000001
          0.2000001 2.2000001 1.4000001
          0.5000001 2.2000001 1.4000001
          0.8000001 2.2000001 1.4000001
          1.1000001 2.2000001 1.4000001
          1.4000001 2.2000001 1.4000001
          1.6666667666666666 2.2000001 1.4000001
          1.9333334333333334 2.2000001 1.4000001
          2.2000001 2.2000001 1.4000001
          2.5000001000000003 2.2000001 1.4000001
          2.8000001 2.2000001 1.4000001
          3.1000001 2.2000001 1.4000001
          3.4000001 2.2000001 1.4000001
          3.6500001 2.2000001 1.4000001
          3.9000000999999997 2.2000001 1.4000001
          4.1500001 2.2000001 1.4000001
          4.4000001 2.2000001 1.4000001
          3.4000001 0.3033547978551663 0.7999736805645472
          3.650000100000001 0.30335479785541897 0.7999736805647155
          3.6500001000000015 0.38650175908567297 0.8555307038666761
          3.4000001000000006 0.38650175908582673 0.8555307038667788
          3.9000001 0.3033547978554194 0.7999736805647149
          3.9000000999999997 0.38650175908567297 0.8555307038666757
          4.1500001 0.30335479785541897 0.7999736805647155
          4.1500001 0.38650175908567275 0.8555307038666764
          4.4000001 0.3033547978551663 0.7999736805645472
          4.4000001 0.38650175908582673 0.8555307038667788
          3.650000100000001 0.4696487203159272 0.9110877271686373
          3.4000001 0.4696487203164872 0.9110877271690105
          3.9000001 0.4696487203159274 0.9110877271686366
          4.1500001 0.4696487203159272 0.9110877271686373
          4.4000001 0.4696487203164872 0.9110877271690105
          1.4000001 0.4696487203164872 0.9110877271690105
          1.6666667666666664 0.4696487203159274 0.9110877271686366
          1.666666766666666 0.6359426427764371 1.022201773772557
          1.4000001000000002 0.6359426427766325 1.0222017737726876
          1.9333334333333332 0.4696487203159274 0.9110877271686366
          1.9333334333333332 0.635942642776437 1.022201773772556
          2.2000001 0.4696487203164872 0.9110877271690105
          2.200000099999999 0.6359426427766325 1.0222017737726876
          3.6500001000000015 0.6359426427764371 1.0222017737725575
          3.4000001000000006 0.6359426427766325 1.0222017737726876
          3.900000099999999 0.6359426427764371 1.0222017737725566
          4.1500001 0.6359426427764372 1.0222017737725577
          4.400000100000001 0.6359426427766325 1.0222017737726876
          1.6666667666666664 0.8022365652369464 1.1333158203764766
          1.4000001 0.8022365652367776 1.133315820376365
          1.9333334333333332 0.8022365652369464 1.1333158203764766
          2.2000001 0.8022365652367776 1.133315820376365
          3.650000100000001 0.8022365652369461 1.133315820376477
          3.4000001 0.8022365652367776 1.133315820376365
          3.9000001 0.8022365652369464 1.1333158203764766
          4.1500001 0.8022365652369461 1.133315820376477
          4.4000001 0.8022365652367776 1.133315820376365
          1.6666667666666668 0.885383526467201 1.1888728436784377
          1.4000001000000002 0.8853835264668504 1.1888728436782035
          1.9333334333333334 0.8853835264672005 1.1888728436784373
          2.2000001 0.8853835264668504 1.1888728436782035
          2.5000000999999994 0.8022365652369461 1.133315820376477
          2.5000000999999994 0.8853835264672008 1.1888728436784375
          2.8000000999999997 0.8022365652369464 1.1333158203764766
          2.8000000999999997 0.8853835264672008 1.1888728436784373
          3.1000001 0.8022365652369464 1.1333158203764766
          3.100000099999998 0.885383526467201 1.1888728436784377
          3.4000001000000006 0.8853835264668504 1.1888728436782035
          3.6500001000000015 0.8853835264672003 1.1888728436784375
          3.9000000999999997 0.8853835264672012 1.188872843678438
          4.1500001 0.885383526467201 1.1888728436784375
          4.4000001 0.8853835264668504 1.1888728436782035
          1.6666667666666664 0.9685304876974548 1.244429866980398
          1.4000001 0.9685304876969226 1.2444298669800422
          1.9333334333333332 0.9685304876974548 1.244429866980398
          2.2000001 0.9685304876969226 1.2444298669800422
          2.5000000999999994 0.9685304876974545 1.2444298669803984
          2.8000000999999997 0.9685304876974548 1.244429866980398
          3.1000001 0.9685304876974548 1.244429866980398
          3.4000001 0.9685304876969226 1.2444298669800422
          3.650000100000001 0.9685304876974545 1.2444298669803984
          3.9000001 0.9685304876974548 1.244429866980398
          4.1500001 0.9685304876974545 1.2444298669803984
          4.4000001 0.9685304876969226 1.2444298669800422
          0.0000001 1.1348244101582434 1.3555439135845049
          0.10000010000047965 1.0516774489279817 1.29998689028254
          0.1000001000002399 1.225838774463992 1.3999934951412714
          0.0000001 1.2674122550791216 1.4277720067922524
          0.2000001 0.9685304876969226 1.2444298669800422
          0.20000010000000001 1.1842652938484617 1.372214983490021
          0.5000001 0.9685304876974545 1.2444298669803984
          0.5000001000000002 1.184265293848727 1.3722149834901989
          0.8000001 0.9685304876974548 1.244429866980398
          0.8000001000000004 1.184265293848728 1.372214983490199
          1.1000001 0.9685304876974548 1.244429866980398
          1.100000100000001 1.1842652938487275 1.3722149834901989
          1.4000001000000002 1.1842652938484617 1.372214983490021
          1.6666667666666668 1.1842652938487273 1.3722149834901989
          1.9333334333333332 1.1842652938487273 1.3722149834901989
          2.2000001 1.1842652938484617 1.372214983490021
          2.5000001 1.1842652938487273 1.3722149834901995
          2.800000100000001 1.184265293848728 1.372214983490199
          3.1000001 1.1842652938487268 1.3722149834901987
          3.4000001 1.1842652938484617 1.372214983490021
          3.6500001000000015 1.1842652938487284 1.3722149834901998
          3.900000099999999 1.184265293848728 1.372214983490199
          4.1500001 1.1842652938487284 1.3722149834901998
          4.4000001 1.1842652938484617 1.372214983490021
          0.1000001 1.4000000999999997 1.5000001
          0.0000001 1.4000001 1.5000001
          0.2000001 1.4000001 1.5000001
          0.5000001000000001 1.4000000999999995 1.5000000999999996
          0.8000001 1.4000000999999997 1.5000001
          1.1000001 1.4000000999999995 1.5000001
          1.4000001 1.4000001 1.5000001
          1.6666667666666664 1.4000000999999993 1.5000001
          1.9333334333333332 1.4000000999999995 1.5000001
          2.2000001 1.4000001 1.5000001
          2.5000001000000003 1.4000000999999995 1.5000001
          2.8000001 1.4000000999999997 1.5000001
          3.1000001 1.4000000999999993 1.5000000999999998
          3.4000001 1.4000001 1.5000001
          3.6500000999999997 1.4000000999999997 1.5000000999999996
          3.9000000999999997 1.4000000999999997 1.5000001
          4.1500001 1.4000000999999997 1.5000000999999996
          4.4000001 1.4000001 1.5000001
          0.10000010000000004 1.500000100000001 1.5000001
          0.00000010000000000000001 1.5000001000000003 1.5000001000000003
          0.2000001 1.5000001000000003 1.5000001000000003
          0.5000001000000002 1.5000000999999992 1.5000001
          0.8000000999999995 1.500000100000001 1.5000001
          1.1000001000000006 1.500000099999999 1.5000001000000007
          1.4000000999999995 1.5000001000000003 1.5000001000000003
          1.6666667666666675 1.5000001000000003 1.5000001000000012
          1.9333334333333327 1.5000001000000003 1.5000001000000012
          2.2000001 1.5000001000000003 1.5000001000000003
          2.5000001000000016 1.5000000999999992 1.500000100000001
          2.8000000999999997 1.500000100000001 1.5000001
          3.100000099999999 1.5000000999999983 1.5000000999999992
          3.4000000999999993 1.5000001000000003 1.5000001000000003
          3.650000099999997 1.500000100000001 1.5000000999999998
          3.9000000999999984 1.5000001 1.5000001000000003
          4.150000099999998 1.5000000999999998 1.5000000999999998
          4.4000001 1.5000001000000003 1.5000001000000003
          0.1000001 1.6000000999999995 1.5000001000000007
          0.00000010000000000000002 1.6000001 1.5000001
          0.2000001 1.6000001 1.5000001
          0.5000001000000001 1.6000001000000006 1.5000001
          0.8000000999999999 1.6000000999999995 1.5000001000000007
          1.1000001 1.6000000999999997 1.500000100000001
          1.4000001 1.6000001 1.5000001
          1.6666667666666648 1.6000000999999988 1.500000100000001
          1.9333334333333345 1.6000000999999997 1.500000100000001
          2.2000001000000005 1.6000001 1.5000001
          2.500000100000001 1.6000000999999986 1.5000001000000007
          2.800000100000002 1.6000000999999995 1.5000001000000007
          3.1000001 1.6000000999999988 1.500000100000001
          3.4000001 1.6000001 1.5000001
          3.6500000999999997 1.6000000999999997 1.5000000999999992
          3.9000001000000015 1.6000000999999997 1.5000000999999998
          4.1500001 1.6000000999999997 1.5000000999999992
          4.400000100000001 1.6000001 1.5000001
          0.10000010000000006 1.7000001 1.5000000999999998
          0.0000001 1.7000001 1.5000001
          0.2000001 1.7000001 1.5000001
          0.5000001000000004 1.7000000999999991 1.5000001000000003
          0.8000001000000003 1.7000001 1.5000000999999998
          1.1000001000000004 1.7000001000000002 1.5000000999999994
          1.4000001000000002 1.7000001 1.5000001
          1.6666667666666657 1.7000000999999991 1.5000001000000003
          1.9333334333333343 1.7000001 1.5000001000000003
          2.200000100000001 1.7000001 1.5000001
          2.5000001000000025 1.7000001 1.500000099999999
          2.800000100000002 1.7000001 1.5000000999999998
          3.1000001000000004 1.7000000999999991 1.5000000999999992
          3.400000100000001 1.7000001 1.5000001
          3.650000100000001 1.7000001 1.5000000999999994
          3.900000099999998 1.7000000999999998 1.5000001000000003
          4.150000099999998 1.7000001 1.500000099999999
          4.4000001 1.7000001 1.5000001
          0.10000010000000004 1.8000001 1.5000001000000012
          0.0000001 1.8000001 1.5000001
          0.20000010000000001 1.8000001 1.5000001
          0.5000001 1.800000099999999 1.5000000999999998
          0.8000000999999999 1.8000001 1.5000001000000012
          1.1000001 1.8000000999999999 1.500000100000001
          1.4000000999999997 1.8000001 1.5000001
          1.666666766666666 1.8000000999999992 1.5000001
          1.9333334333333334 1.8000000999999992 1.500000100000001
          2.2000001 1.8000001 1.5000001
          2.5000001000000003 1.8000001000000005 1.5000001000000007
          2.800000099999999 1.8000001 1.5000001000000012
          3.1000001 1.8000000999999992 1.5000001000000012
          3.4000001 1.8000001 1.5000001
          3.6500000999999997 1.800000099999999 1.5000000999999998
          3.9000000999999993 1.8000000999999992 1.5000001000000012
          4.1500001 1.800000099999999 1.5000000999999998
          4.4000001 1.8000001 1.5000001
          0.10000009999999998 1.9000000999999997 1.500000099999999
          0.0000001 1.9000001000000004 1.5000000999999996
          0.20000009999999993 1.9000001000000004 1.5000000999999996
          0.5000001000000004 1.9000001000000017 1.5000000999999998
          0.8000001000000008 1.9000000999999997 1.500000099999999
          1.1000001000000008 1.9000001 1.5000001
          1.4000001000000002 1.9000001000000004 1.5000000999999996
          1.6666667666666675 1.900000099999999 1.5000000999999992
          1.9333334333333325 1.9000001000000009 1.5000000999999992
          2.2000001 1.9000001000000004 1.5000000999999996
          2.500000100000001 1.9000000999999997 1.500000099999999
          2.800000100000002 1.9000000999999997 1.500000099999999
          3.100000100000002 1.9000001000000015 1.500000099999999
          3.400000100000001 1.9000001000000004 1.5000000999999996
          3.6500001000000024 1.9000001000000017 1.5000000999999987
          3.9000000999999997 1.9000000999999997 1.5000000999999998
          4.1500001 1.9000001000000015 1.500000099999998
          4.400000100000001 1.9000001000000004 1.5000000999999996
          0.10000009999999998 2.0000001000000003 1.5000000999999998
          0.0000001 2.0000001000000003 1.5000001000000007
          0.20000010000000001 2.0000001000000003 1.5000001000000007
          0.5000001000000001 2.0000001000000003 1.500000100000001
          0.8000000999999999 2.0000001000000003 1.5000000999999998
          1.1000001 2.0000001 1.5000001000000012
          1.4000001 2.0000001000000003 1.5000001000000007
          1.6666667666666668 2.0000001000000003 1.5000001
          1.9333334333333334 2.0000001000000003 1.5000001000000003
          2.2000001 2.0000001000000003 1.5000001000000007
          2.5000001000000003 2.0000001000000003 1.5000001
          2.800000100000002 2.0000001000000003 1.5000000999999998
          3.1000000999999986 2.0000001000000003 1.5000001
          3.4000000999999993 2.0000001000000003 1.5000001000000007
          3.6500001 2.0000001000000003 1.500000100000001
          3.9000000999999993 2.0000001000000003 1.5000000999999998
          4.1500001 2.0000001000000003 1.5000001
          4.4000001 2.0000001000000003 1.5000001000000007
          0.10000010000000004 2.1000001 1.5000001000000003
          0.0000001 2.1000001 1.5000001
          0.2000001 2.1000001 1.5000001
          0.5000001000000002 2.1000001000000004 1.5000001
          0.8000000999999995 2.1000001 1.5000001000000003
          1.1000001000000006 2.100000100000001 1.5000001000000012
          1.4000001 2.1000001 1.5000001
          1.6666667666666657 2.1000001 1.500000100000001
          1.9333334333333336 2.1000001 1.5000001
          2.2000001 2.1000001 1.5000001
          2.5000001000000016 2.1000001 1.500000100000001
          2.8000001000000014 2.1000001 1.5000001000000003
          3.1000001000000004 2.1000001 1.5000000999999994
          3.4000001 2.1000001 1.5000001
          3.650000099999999 2.1000001 1.5000001
          3.9000000999999984 2.1000001 1.5000001000000003
          4.150000099999998 2.100000100000001 1.5000001
          4.4000001 2.1000001 1.5000001
          0.1000001 2.2000001 1.5000001
          0.0000001 2.2000001 1.5000001
          0.2000001 2.2000001 1.5000001
          0.5000001000000001 2.2000001000000005 1.5000000999999996
          0.8000001 2.2000001 1.5000001
          1.1000001 2.2000001 1.5000001
          1.4000001 2.2000001 1.5000001
          1.6666667666666664 2.2000001 1.5000001
          1.9333334333333332 2.2000001 1.5000001
          2.2000001 2.2000001 1.5000001
          2.5000001000000003 2.2000001 1.5000001
          2.8000001 2.2000001 1.5000001
          3.1000001 2.2000001 1.5000000999999998
          3.4000001 2.2000001 1.5000001
          3.6500000999999997 2.2000001000000005 1.5000000999999996
          3.9000000999999997 2.2000001 1.5000001
          4.1500001 2.2000001 1.5000000999999996
          4.4000001 2.2000001 1.5000001
          0.10000010000023962 2.3741614255360095 1.3999934951412702
          0.0000001 2.3325879449208786 1.4277720067922521
          0.2000001 2.4157349061515387 1.372214983490021
          0.5000001 2.415734906151274 1.3722149834901987
          0.8000001000000009 2.4157349061512736 1.3722149834901987
          1.1000001 2.4157349061512745 1.3722149834901987
          1.4000001 2.4157349061515387 1.372214983490021
          1.6666667666666655 2.4157349061512736 1.3722149834901987
          1.9333334333333336 2.4157349061512736 1.3722149834901987
          2.2000001 2.4157349061515387 1.372214983490021
          2.5000001000000007 2.415734906151274 1.3722149834901987
          2.8000001000000014 2.4157349061512736 1.3722149834901987
          3.1000001000000017 2.4157349061512745 1.3722149834901987
          3.400000100000001 2.4157349061515387 1.372214983490021
          3.6500000999999997 2.415734906151274 1.3722149834901989
          3.9000000999999997 2.4157349061512736 1.3722149834901987
          4.1500001 2.4157349061512745 1.3722149834901987
          4.4000001 2.4157349061515387 1.372214983490021
          0.10000010000047932 2.5483227510720177 1.2999868902825398
          0.0000001 2.4651757898417563 1.3555439135845049
          0.2000001 2.6314697123030775 1.2444298669800422
          0.5000001 2.631469712302545 1.2444298669803975
          0.8000001 2.631469712302545 1.2444298669803977
          1.1000001 2.631469712302545 1.2444298669803975
          1.4000001 2.6314697123030775 1.2444298669800422
          1.6666667666666664 2.631469712302545 1.2444298669803977
          1.9333334333333332 2.6314697123025454 1.244429866980398
          2.2000001 2.6314697123030775 1.2444298669800422
          2.5000000999999994 2.631469712302545 1.2444298669803977
          2.8000000999999997 2.631469712302545 1.2444298669803977
          3.1000001 2.631469712302545 1.2444298669803975
          3.4000001 2.6314697123030775 1.2444298669800422
          3.650000100000001 2.631469712302545 1.2444298669803975
          3.9000001 2.631469712302545 1.2444298669803977
          4.1500001 2.631469712302545 1.2444298669803975
          4.4000001 2.6314697123030775 1.2444298669800422
          1.6666667666666657 2.7146166735327992 1.1888728436784375
          1.4000001 2.71461667353315 1.1888728436782037
          1.933333433333333 2.7146166735327992 1.1888728436784377
          2.2000001 2.71461667353315 1.1888728436782037
          2.5000001000000003 2.7146166735327992 1.1888728436784377
          2.8000001 2.7146166735328 1.188872843678438
          3.100000099999998 2.7146166735327992 1.1888728436784377
          3.4000001 2.71461667353315 1.1888728436782037
          3.6500001000000006 2.714616673532799 1.1888728436784375
          3.9000000999999997 2.7146166735327997 1.1888728436784382
          4.150000099999999 2.7146166735327992 1.1888728436784377
          4.4000001 2.71461667353315 1.1888728436782037
          1.6666667666666664 2.7977636347630543 1.133315820376477
          1.4000001 2.797763634763222 1.133315820376365
          1.9333334333333332 2.7977636347630543 1.133315820376477
          2.2000001 2.797763634763222 1.133315820376365
          2.5000000999999994 2.7977636347630543 1.133315820376477
          2.8000000999999997 2.7977636347630543 1.133315820376477
          3.1000001 2.797763634763054 1.133315820376477
          3.4000001 2.797763634763222 1.133315820376365
          3.650000100000001 2.797763634763054 1.133315820376477
          3.9000001 2.7977636347630543 1.133315820376477
          4.1500001 2.797763634763054 1.133315820376477
          4.4000001 2.797763634763222 1.133315820376365
          1.6666667666666668 2.964057557223566 1.022201773772557
          1.4000001000000002 2.964057557223368 1.0222017737726878
          1.9333334333333334 2.9640575572235646 1.0222017737725566
          2.2000001 2.964057557223368 1.0222017737726878
          3.6500001000000015 2.964057557223564 1.0222017737725564
          3.4000001000000006 2.964057557223368 1.0222017737726878
          3.9000000999999997 2.964057557223564 1.022201773772557
          4.1500001 2.964057557223564 1.022201773772557
          4.4000001 2.964057557223368 1.0222017737726878
          1.6666667666666664 3.130351479684073 0.9110877271686371
          1.4000001 3.130351479683513 0.9110877271690105
          1.9333334333333332 3.130351479684073 0.911087727168637
          2.2000001 3.130351479683513 0.9110877271690105
          3.650000100000001 3.130351479684073 0.9110877271686367
          3.4000001 3.130351479683513 0.9110877271690105
          3.9000001 3.130351479684073 0.9110877271686367
          4.1500001 3.130351479684073 0.9110877271686367
          4.4000001 3.130351479683513 0.9110877271690105
          3.6500001000000006 3.213498440914324 0.8555307038666763
          3.4000000999999993 3.2134984409141727 0.855530703866779
          3.9000001 3.213498440914326 0.8555307038666761
          4.150000099999999 3.213498440914324 0.8555307038666764
          4.4000001 3.2134984409141727 0.855530703866779
          3.650000100000001 3.296645402144581 0.7999736805647153
          3.4000001 3.2966454021448337 0.7999736805645472
          3.9000001 3.2966454021445815 0.7999736805647153
          4.1500001 3.296645402144581 0.7999736805647153
          4.4000001 3.2966454021448337 0.7999736805645472
          3.4000001 0.13701694147940335 1.1111699217427224
          3.6500001000000006 0.13701694147968424 1.1111699217428375
          3.6500001000000015 0.22940489473081305 1.1494382649793464
          3.4000001 0.22940489473098347 1.1494382649794184
          3.9000000999999993 0.13701694147968424 1.1111699217428375
          3.9000000999999997 0.22940489473081294 1.1494382649793469
          4.1500001 0.13701694147968424 1.1111699217428375
          4.1500001 0.22940489473081316 1.1494382649793469
          4.4000001 0.13701694147940335 1.1111699217427224
          4.4000001 0.22940489473098347 1.1494382649794184
          3.6500001000000006 0.32179284798194185 1.187706608215855
          3.4000001 0.32179284798256336 1.187706608216114
          3.9000000999999993 0.32179284798194185 1.187706608215855
          4.1500001 0.32179284798194185 1.187706608215855
          4.4000001 0.32179284798256336 1.187706608216114
          1.4000001 0.32179284798256336 1.187706608216114
          1.6666667666666666 0.32179284798194163 1.1877066082158556
          1.6666667666666657 0.5065687544841992 1.2642432946888738
          1.4000001000000002 0.5065687544844164 1.2642432946889646
          1.9333334333333339 0.32179284798194163 1.1877066082158556
          1.9333334333333339 0.5065687544841992 1.264243294688874
          2.2000001 0.32179284798256336 1.187706608216114
          2.200000099999999 0.5065687544844164 1.2642432946889646
          3.6500001000000015 0.5065687544841992 1.2642432946888735
          3.4000001000000006 0.5065687544844164 1.2642432946889646
          3.900000099999999 0.5065687544841989 1.2642432946888733
          4.150000099999999 0.5065687544841992 1.264243294688873
          4.4000001 0.5065687544844164 1.2642432946889646
          1.6666667666666666 0.6913446609864564 1.3407799811618917
          1.4000001 0.6913446609862692 1.3407799811618148
          1.9333334333333339 0.6913446609864564 1.3407799811618917
          2.2000001 0.6913446609862692 1.3407799811618148
          3.6500001000000006 0.6913446609864564 1.3407799811618917
          3.4000001 0.6913446609862692 1.3407799811618148
          3.9000000999999993 0.6913446609864564 1.3407799811618917
          4.1500001 0.6913446609864564 1.3407799811618917
          4.4000001 0.6913446609862692 1.3407799811618148
          1.6666667666666668 0.783732614237586 1.3790483243984015
          1.4000001 0.7837326142371959 1.3790483243982408
          1.933333433333334 0.7837326142375851 1.3790483243984015
          2.2000001 0.7837326142371959 1.3790483243982408
          2.500000100000001 0.6913446609864564 1.3407799811618917
          2.5000001000000003 0.7837326142375856 1.3790483243984017
          2.8000001000000005 0.6913446609864564 1.3407799811618917
          2.8000000999999997 0.7837326142375856 1.3790483243984006
          3.1000000999999995 0.6913446609864564 1.3407799811618912
          3.1000000999999995 0.7837326142375856 1.3790483243984017
          3.4000001 0.7837326142371959 1.3790483243982408
          3.6500001000000015 0.7837326142375851 1.3790483243984015
          3.9000000999999997 0.7837326142375858 1.3790483243984017
          4.1500001 0.783732614237586 1.3790483243984015
          4.4000001 0.7837326142371959 1.3790483243982408
          1.6666667666666666 0.8761205674887136 1.4173166676349098
          1.4000001 0.8761205674881221 1.4173166676346651
          1.9333334333333339 0.8761205674887136 1.4173166676349098
          2.2000001 0.8761205674881221 1.4173166676346651
          2.500000100000001 0.8761205674887136 1.4173166676349098
          2.8000001000000005 0.8761205674887136 1.4173166676349098
          3.1000000999999995 0.8761205674887137 1.4173166676349094
          3.4000001 0.8761205674881221 1.4173166676346651
          3.6500001000000006 0.8761205674887136 1.4173166676349098
          3.9000000999999993 0.8761205674887136 1.4173166676349098
          4.1500001 0.8761205674887136 1.4173166676349098
          4.4000001 0.8761205674881221 1.4173166676346651
          0.0000001 1.0608964739912814 1.4938533541080568
          0.10000010000047987 0.9685085207401444 1.455585010871544
          0.10000010000023987 1.1842543103700724 1.5277925554357727
          0.0000001 1.2304482869956408 1.5469267270540288
          0.2000001 0.8761205674881221 1.4173166676346651
          0.2000000999999999 1.1380603337440613 1.5086583838173329
          0.5000001 0.8761205674887136 1.4173166676349098
          0.5000001000000004 1.1380603337443576 1.5086583838174559
          0.8000001 0.8761205674887136 1.4173166676349098
          0.8000001000000004 1.1380603337443573 1.508658383817456
          1.1000001 0.8761205674887136 1.4173166676349098
          1.1000001 1.1380603337443573 1.5086583838174552
          1.4000001000000002 1.1380603337440613 1.5086583838173329
          1.6666667666666666 1.1380603337443573 1.5086583838174557
          1.9333334333333343 1.1380603337443571 1.5086583838174552
          2.200000099999999 1.1380603337440613 1.5086583838173329
          2.5000001000000007 1.1380603337443571 1.508658383817456
          2.8000000999999997 1.1380603337443573 1.508658383817456
          3.1000001000000017 1.1380603337443578 1.5086583838174545
          3.4000001000000006 1.1380603337440613 1.5086583838173329
          3.6500001000000015 1.1380603337443571 1.508658383817454
          3.9000000999999997 1.1380603337443573 1.5086583838174552
          4.1500001 1.1380603337443571 1.508658383817454
          4.4000001 1.1380603337440613 1.5086583838173329
          0.10000009999999998 1.4000001 1.6000001
          0.0000001 1.4000001 1.6000001
          0.2000001 1.4000001 1.6000001
          0.5000001000000001 1.4000001000000002 1.6000001000000001
          0.8000001 1.4000001 1.6000001
          1.1000001 1.4000001 1.6000001
          1.4000001 1.4000001 1.6000001
          1.6666667666666664 1.4000001 1.6000001
          1.9333334333333334 1.4000001000000002 1.6000001
          2.2000001 1.4000001 1.6000001
          2.5000001000000007 1.4000000999999997 1.6000001000000001
          2.8000001 1.4000001 1.6000001
          3.1000001 1.4000001000000002 1.6000001
          3.4000001 1.4000001 1.6000001
          3.6500001000000006 1.4000001 1.6000001
          3.9000001 1.4000000999999997 1.6000001
          4.1500001 1.4000001 1.6000001
          4.4000001 1.4000001 1.6000001
          0.10000009999999988 1.500000099999999 1.6000000999999997
          0.00000010000000000000002 1.5000000999999996 1.6000001
          0.20000009999999993 1.5000000999999996 1.6000001
          0.5000001000000001 1.5000001 1.6000001000000006
          0.8000000999999994 1.500000099999999 1.6000000999999997
          1.1000000999999995 1.5000000999999992 1.6000000999999997
          1.4000000999999995 1.5000000999999996 1.6000001
          1.666666766666666 1.5000001 1.6000000999999997
          1.933333433333333 1.5000001 1.6000000999999997
          2.2000001000000005 1.5000000999999996 1.6000001
          2.5000001000000016 1.5000001 1.6000000999999997
          2.800000100000002 1.500000099999999 1.6000000999999997
          3.100000100000003 1.5000000999999994 1.6000001000000001
          3.4000000999999997 1.5000000999999996 1.6000001
          3.6500001 1.5000000999999992 1.6000000999999997
          3.9000000999999993 1.500000099999999 1.6000001
          4.1500001 1.5000000999999974 1.6000000999999997
          4.4000001 1.5000000999999996 1.6000001
          0.10000009999999998 1.6000000999999995 1.6000000999999995
          0.00000010000000000000001 1.6000001000000001 1.6000001000000001
          0.20000009999999993 1.6000001000000001 1.6000001000000001
          0.5000001000000003 1.6000000999999993 1.6000001000000013
          0.8000001 1.6000000999999995 1.6000000999999995
          1.1000000999999997 1.6000000999999995 1.6000001000000015
          1.4000001000000002 1.6000001000000001 1.6000001000000001
          1.6666667666666666 1.6000001000000008 1.6000001
          1.9333334333333332 1.6000001000000015 1.6000000999999988
          2.2000000999999996 1.6000001000000001 1.6000001000000001
          2.5000001000000025 1.6000000999999995 1.6000001000000004
          2.8000000999999997 1.6000000999999995 1.6000000999999995
          3.1000001000000035 1.6000001000000006 1.6000000999999997
          3.4000001000000006 1.6000001000000001 1.6000001000000001
          3.6500001000000015 1.6000000999999995 1.6000000999999995
          3.9000000999999997 1.6000001000000006 1.6000000999999997
          4.1500001 1.6000000999999995 1.6000001000000013
          4.4000001 1.6000001000000001 1.6000001000000001
          0.10000009999999998 1.7000001000000002 1.6000001000000001
          0.00000009999999999999998 1.7000001 1.6000001
          0.2000001 1.7000001 1.6000001
          0.5000001000000003 1.7000000999999998 1.6000000999999997
          0.8000001 1.7000001000000002 1.6000001000000001
          1.1000000999999995 1.7000001 1.6000001
          1.4000001 1.7000001 1.6000001
          1.666666766666664 1.7000001 1.6000001000000001
          1.9333334333333327 1.7000001 1.6000001000000001
          2.2000000999999987 1.7000001 1.6000001
          2.5000001000000007 1.7000000999999991 1.6000000999999997
          2.800000100000002 1.7000001000000002 1.6000001000000001
          3.1000001000000013 1.7000000999999998 1.6000000999999997
          3.400000100000001 1.7000001 1.6000001
          3.6500001000000037 1.7000001 1.6000001
          3.9000001000000015 1.7000000999999998 1.6000001
          4.1500001 1.7000001 1.6000001
          4.4000001 1.7000001 1.6000001
          0.10000009999999994 1.8000001 1.6000001000000008
          0.0000001 1.8000001 1.6000001000000001
          0.2000000999999999 1.8000001 1.6000001000000001
          0.5000001000000004 1.8000001000000005 1.6000001000000015
          0.8000001 1.8000001 1.6000001000000008
          1.100000099999999 1.8000000999999999 1.6000001000000006
          1.4000000999999997 1.8000001 1.6000001000000001
          1.666666766666666 1.8000001 1.600000100000001
          1.9333334333333332 1.8000001 1.6000001000000008
          2.2000000999999996 1.8000001 1.6000001000000001
          2.500000100000002 1.8000001 1.6000001000000017
          2.8000000999999997 1.8000001 1.6000001000000008
          3.1000000999999995 1.800000100000001 1.600000100000001
          3.4000001000000006 1.8000001 1.6000001000000001
          3.6500001000000015 1.800000100000001 1.6000001000000006
          3.9000000999999997 1.8000001 1.6000001000000008
          4.1500001 1.8000001 1.6000001000000008
          4.4000001 1.8000001 1.6000001000000001
          0.10000009999999987 1.900000100000001 1.6000001
          0.00000010000000000000001 1.9000001000000004 1.6000001
          0.20000009999999996 1.9000001000000004 1.6000001
          0.5000001000000003 1.9000001000000006 1.6000000999999997
          0.8000001 1.900000100000001 1.6000001
          1.1000001000000004 1.9000001000000009 1.6000001
          1.4000001 1.9000001000000004 1.6000001
          1.6666667666666646 1.9000001000000009 1.6000001
          1.9333334333333336 1.9000001000000017 1.6000001
          2.200000099999999 1.9000001000000004 1.6000001
          2.5000001000000007 1.9000000999999989 1.6000001
          2.800000100000002 1.900000100000001 1.6000001
          3.1000000999999995 1.9000001000000015 1.6000001
          3.400000100000001 1.9000001000000004 1.6000001
          3.6500001000000033 1.9000001000000015 1.6000000999999997
          3.9000001000000015 1.9000001000000006 1.6000001
          4.1500001 1.9000001000000006 1.6000000999999997
          4.4000001 1.9000001000000004 1.6000001
          0.10000009999999991 2.0000001000000003 1.6000001
          0.0000001 2.0000001000000007 1.6000001000000001
          0.20000010000000001 2.0000001000000007 1.6000001000000001
          0.5000001000000005 2.0000001000000007 1.6000001000000006
          0.8000001000000003 2.0000001000000003 1.6000001
          1.1000001000000001 2.0000001000000003 1.6000000999999997
          1.4000001000000004 2.0000001000000007 1.6000001000000001
          1.6666667666666675 2.0000001 1.6000001
          1.9333334333333332 2.0000000999999994 1.6000001
          2.2000000999999996 2.0000001000000007 1.6000001000000001
          2.500000100000002 2.0000000999999985 1.6000001
          2.800000100000002 2.0000001000000003 1.6000001
          3.1000001000000017 2.0000000999999994 1.6000001
          3.4000000999999997 2.0000001000000007 1.6000001000000001
          3.6500000999999997 2.0000001 1.6000000999999997
          3.9000000999999997 2.0000001000000003 1.6000000999999997
          4.1500001 2.0000000999999994 1.6000000999999997
          4.4000001 2.0000001000000007 1.6000001000000001
          0.10000009999999988 2.1000000999999995 1.6000000999999995
          0.00000010000000000000002 2.1000001 1.6000001
          0.20000009999999993 2.1000001 1.6000001
          0.5000001000000001 2.100000099999998 1.6000000999999997
          0.8000000999999999 2.1000000999999995 1.6000000999999995
          1.1000000999999997 2.1000000999999995 1.6000000999999997
          1.4000001 2.1000001 1.6000001
          1.666666766666665 2.1000001000000017 1.6000001
          1.933333433333333 2.1000001 1.6000001
          2.200000099999999 2.1000001 1.6000001
          2.500000100000001 2.1000000999999986 1.6000001
          2.8000001 2.1000000999999995 1.6000000999999995
          3.1000001000000035 2.1000001 1.6000001000000001
          3.4000001000000006 2.1000001 1.6000001
          3.650000100000001 2.1000001 1.6000000999999997
          3.9000000999999993 2.1000001000000017 1.6000001
          4.150000099999999 2.1000001 1.6000000999999997
          4.4000001 2.1000001 1.6000001
          0.10000009999999998 2.2000001000000005 1.6000001
          0.0000001 2.2000001 1.6000001
          0.2000001 2.2000001 1.6000001
          0.5000001000000001 2.2000000999999996 1.6000001000000001
          0.8000001 2.2000001000000005 1.6000001
          1.1000001 2.2000001000000005 1.6000001
          1.4000001 2.2000001 1.6000001
          1.6666667666666664 2.2000001000000005 1.6000001
          1.9333334333333334 2.2000001 1.6000001
          2.2000001 2.2000001 1.6000001
          2.5000001000000007 2.200000099999999 1.6000001000000001
          2.8000001 2.2000001000000005 1.6000001
          3.1000001 2.2000001 1.6000001
          3.4000001 2.2000001 1.6000001
          3.6500001000000006 2.2000001000000005 1.6000001
          3.9000001 2.2000001000000005 1.6000001
          4.1500001 2.2000001 1.6000001
          4.4000001 2.2000001 1.6000001
          0.10000010000023968 2.4157458896299278 1.5277925554357716
          0.00000010000000000000001 2.3695519130043596 1.5469267270540286
          0.20000010000000001 2.4619398662559386 1.5086583838173326
          0.5000001000000004 2.4619398662556424 1.5086583838174552
          0.8000001000000001 2.4619398662556433 1.5086583838174552
          1.1000001000000004 2.4619398662556433 1.5086583838174545
          1.4000001000000002 2.4619398662559386 1.5086583838173326
          1.6666667666666666 2.4619398662556433 1.508658383817454
          1.933333433333335 2.4619398662556438 1.5086583838174552
          2.200000099999999 2.4619398662559386 1.5086583838173326
          2.500000100000002 2.4619398662556424 1.5086583838174552
          2.800000100000002 2.4619398662556433 1.5086583838174552
          3.1000001000000013 2.4619398662556433 1.508658383817454
          3.4000001000000015 2.4619398662559386 1.5086583838173326
          3.6500001000000015 2.4619398662556433 1.5086583838174543
          3.9000000999999997 2.461939866255644 1.5086583838174543
          4.1500001 2.4619398662556438 1.5086583838174539
          4.4000001 2.4619398662559386 1.5086583838173326
          0.10000010000047932 2.631491679259855 1.4555850108715442
          0.0000001 2.5391037260087184 1.4938533541080568
          0.2000001 2.723879632511878 1.4173166676346651
          0.5000001 2.7238796325112866 1.41731666763491
          0.8000001 2.7238796325112866 1.41731666763491
          1.1000001 2.7238796325112866 1.41731666763491
          1.4000001 2.723879632511878 1.4173166676346651
          1.6666667666666666 2.7238796325112866 1.41731666763491
          1.9333334333333339 2.7238796325112866 1.41731666763491
          2.2000001 2.723879632511878 1.4173166676346651
          2.500000100000001 2.7238796325112866 1.41731666763491
          2.8000001000000005 2.7238796325112866 1.41731666763491
          3.1000000999999995 2.7238796325112866 1.41731666763491
          3.4000001 2.723879632511878 1.4173166676346651
          3.6500001000000006 2.7238796325112866 1.41731666763491
          3.9000000999999993 2.7238796325112866 1.41731666763491
          4.1500001 2.7238796325112866 1.41731666763491
          4.4000001 2.723879632511878 1.4173166676346651
          1.666666766666666 2.816267585762416 1.3790483243984015
          1.4000001000000002 2.816267585762805 1.3790483243982403
          1.9333334333333345 2.816267585762415 1.3790483243984017
          2.2000000999999996 2.816267585762805 1.3790483243982403
          2.500000100000002 2.8162675857624158 1.3790483243984017
          2.8000001 2.8162675857624135 1.3790483243984009
          3.1000001000000013 2.816267585762415 1.3790483243984017
          3.4000001 2.816267585762805 1.3790483243982403
          3.6500000999999993 2.8162675857624158 1.3790483243984017
          3.9000000999999993 2.8162675857624153 1.3790483243984017
          4.1500001 2.816267585762415 1.3790483243984017
          4.4000001 2.816267585762805 1.3790483243982403
          1.6666667666666666 2.9086555390135436 1.340779981161892
          1.4000001 2.9086555390137305 1.3407799811618146
          1.9333334333333339 2.9086555390135436 1.3407799811618917
          2.2000001 2.9086555390137305 1.3407799811618146
          2.500000100000001 2.9086555390135436 1.340779981161892
          2.8000001000000005 2.908655539013544 1.340779981161892
          3.1000000999999995 2.9086555390135436 1.3407799811618917
          3.4000001 2.9086555390137305 1.3407799811618146
          3.6500001000000006 2.908655539013544 1.340779981161892
          3.9000000999999993 2.9086555390135436 1.340779981161892
          4.1500001 2.908655539013544 1.340779981161892
          4.4000001 2.9086555390137305 1.3407799811618146
          1.6666667666666668 3.093431445515801 1.2642432946888742
          1.4000001 3.093431445515584 1.2642432946889643
          1.933333433333334 3.093431445515801 1.264243294688874
          2.2000001 3.093431445515584 1.2642432946889643
          3.6500001000000015 3.0934314455157996 1.2642432946888738
          3.4000001 3.093431445515584 1.2642432946889643
          3.9000000999999997 3.0934314455158014 1.2642432946888742
          4.1500001 3.0934314455158014 1.264243294688873
          4.4000001 3.093431445515584 1.2642432946889643
          1.6666667666666666 3.2782073520180592 1.1877066082158567
          1.4000001 3.278207352017437 1.1877066082161143
          1.9333334333333339 3.2782073520180592 1.1877066082158567
          2.2000001 3.278207352017437 1.1877066082161143
          3.6500001000000006 3.2782073520180592 1.1877066082158567
          3.4000001 3.278207352017437 1.1877066082161143
          3.9000000999999993 3.2782073520180592 1.1877066082158567
          4.1500001 3.2782073520180592 1.1877066082158567
          4.4000001 3.278207352017437 1.1877066082161143
          3.6500000999999993 3.3705953052691884 1.1494382649793473
          3.4000000999999993 3.370595305269017 1.149438264979418
          3.9000000999999993 3.37059530526919 1.1494382649793473
          4.1500001 3.3705953052691866 1.1494382649793478
          4.4000001 3.370595305269017 1.149438264979418
          3.6500001000000006 3.4629832585203157 1.111169921742838
          3.4000001 3.4629832585205964 1.111169921742722
          3.9000000999999993 3.4629832585203157 1.1111699217428377
          4.1500001 3.4629832585203157 1.111169921742838
          4.4000001 3.4629832585205964 1.111169921742722
          3.4000001 0.034586595273887966 1.44883752037091
          3.6500001000000006 0.03458659527418462 1.4488375203709718
          3.6500000999999997 0.13266512331450808 1.4683465525725847
          3.4000000999999997 0.13266512331468983 1.4683465525726183
          3.9000000999999997 0.03458659527418528 1.4488375203709694
          3.9000000999999997 0.1326651233145083 1.468346552572583
          4.150000099999999 0.03458659527418462 1.4488375203709718
          4.1500001 0.13266512331450775 1.468346552572585
          4.4000001 0.034586595273887966 1.44883752037091
          4.4000001 0.13266512331468983 1.4683465525726183
          3.6500001000000006 0.23074365135483088 1.4878555847741972
          3.4000001 0.23074365135549169 1.4878555847743264
          3.9000000999999997 0.23074365135483133 1.487855584774195
          4.150000099999999 0.23074365135483088 1.4878555847741963
          4.4000001 0.23074365135549169 1.4878555847743264
          1.4000001 0.23074365135549169 1.4878555847743264
          1.6666667666666666 0.23074365135483133 1.4878555847741943
          1.6666667666666672 0.4269007074354776 1.5268736491774204
          1.4000001000000002 0.4269007074357083 1.5268736491774662
          1.9333334333333332 0.23074365135483133 1.487855584774195
          1.9333334333333334 0.4269007074354776 1.5268736491774204
          2.2000001 0.23074365135549169 1.4878555847743264
          2.200000100000001 0.4269007074357083 1.5268736491774662
          3.6500001000000015 0.42690070743547737 1.5268736491774226
          3.4000001000000006 0.4269007074357083 1.5268736491774662
          3.9000000999999997 0.4269007074354778 1.5268736491774197
          4.1500001 0.42690070743547737 1.5268736491774209
          4.4000001 0.4269007074357083 1.5268736491774662
          1.6666667666666666 0.6230577635161236 1.5658917135806458
          1.4000001 0.6230577635159249 1.5658917135806065
          1.9333334333333332 0.6230577635161236 1.5658917135806463
          2.2000001 0.6230577635159249 1.5658917135806065
          3.6500001000000006 0.6230577635161232 1.5658917135806478
          3.4000001 0.6230577635159249 1.5658917135806065
          3.9000000999999997 0.6230577635161236 1.5658917135806463
          4.150000099999999 0.6230577635161232 1.5658917135806478
          4.4000001 0.6230577635159249 1.5658917135806065
          1.6666667666666675 0.7211362915564468 1.5854007457822588
          1.4000001 0.7211362915560333 1.585400745782177
          1.9333334333333325 0.7211362915564468 1.5854007457822588
          2.2000001000000005 0.7211362915560333 1.585400745782177
          2.5000001 0.6230577635161234 1.565891713580647
          2.5000001000000007 0.721136291556447 1.5854007457822596
          2.800000100000001 0.6230577635161234 1.565891713580647
          2.8000001000000023 0.7211362915564463 1.5854007457822594
          3.1000001 0.6230577635161234 1.565891713580647
          3.1000001000000017 0.7211362915564465 1.5854007457822596
          3.4000000999999997 0.7211362915560333 1.585400745782177
          3.6500000999999997 0.7211362915564465 1.5854007457822599
          3.9000000999999997 0.721136291556447 1.5854007457822596
          4.1500001 0.7211362915564465 1.5854007457822599
          4.4000001 0.7211362915560333 1.585400745782177
          1.6666667666666666 0.8192148195967699 1.6049097779838706
          1.4000001 0.8192148195961417 1.6049097779837467
          1.9333334333333332 0.8192148195967698 1.604909777983871
          2.2000001 0.8192148195961417 1.6049097779837467
          2.5000001 0.8192148195967697 1.6049097779838715
          2.800000100000001 0.8192148195967697 1.6049097779838715
          3.1000001 0.8192148195967697 1.6049097779838715
          3.4000001 0.8192148195961417 1.6049097779837467
          3.6500001000000006 0.8192148195967697 1.6049097779838715
          3.9000000999999997 0.8192148195967698 1.604909777983871
          4.150000099999999 0.8192148195967697 1.6049097779838715
          4.4000001 0.8192148195961417 1.6049097779837467
          0.0000001 1.0153718756777457 1.6439278423871628
          0.10000010000047965 0.9172933476374138 1.6244188101855483
          0.10000010000023993 1.1586467238187064 1.662209455092773
          0.0000001 1.207685987838873 1.6719639711935814
          0.2000001 0.8192148195961417 1.6049097779837467
          0.20000009999999996 1.1096074597980707 1.6524549389918732
          0.5000000999999998 0.8192148195967698 1.604909777983871
          0.5000001000000002 1.1096074597983852 1.6524549389919354
          0.8000000999999998 0.8192148195967697 1.6049097779838715
          0.8000000999999993 1.1096074597983843 1.6524549389919354
          1.1000000999999997 0.8192148195967697 1.6049097779838715
          1.1000000999999995 1.1096074597983852 1.6524549389919356
          1.4000000999999997 1.1096074597980707 1.6524549389918732
          1.6666667666666686 1.1096074597983852 1.6524549389919354
          1.9333334333333334 1.1096074597983852 1.6524549389919345
          2.200000100000001 1.1096074597980707 1.6524549389918732
          2.5000001000000016 1.109607459798384 1.652454938991934
          2.8000001000000023 1.1096074597983843 1.6524549389919354
          3.100000100000002 1.1096074597983845 1.6524549389919354
          3.400000100000001 1.1096074597980707 1.6524549389918732
          3.650000100000002 1.1096074597983852 1.6524549389919356
          3.9000000999999997 1.1096074597983854 1.6524549389919354
          4.1500001 1.1096074597983852 1.6524549389919356
          4.4000001 1.1096074597980707 1.6524549389918732
          0.1000001 1.4000001 1.7000001
          0.0000001 1.4000001 1.7000001
          0.2000001 1.4000001 1.7000001
          0.5000001 1.4000001 1.7000001
          0.8000001000000001 1.4000001 1.7000001
          1.1000000999999997 1.4000000999999997 1.7000001
          1.4000001 1.4000001 1.7000001
          1.6666667666666664 1.4000001 1.7000001
          1.9333334333333334 1.4000001000000002 1.7000001
          2.2000001 1.4000001 1.7000001
          2.500000100000001 1.4000000999999993 1.7000000999999998
          2.8000001 1.4000001 1.7000001
          3.1000001 1.4000000999999997 1.7000001
          3.4000001 1.4000001 1.7000001
          3.6500001000000015 1.4000001000000002 1.7000001
          3.9000000999999997 1.4000000999999997 1.7000001
          4.1500001 1.4000001 1.7000001
          4.4000001 1.4000001 1.7000001
          0.10000010000000001 1.5000001 1.7000000999999991
          0.0000001 1.5000001 1.7000000999999996
          0.20000009999999996 1.5000001 1.7000000999999996
          0.5000001000000003 1.5000000999999994 1.7000001000000002
          0.8000000999999991 1.5000001 1.7000000999999991
          1.1000000999999995 1.5000000999999994 1.7000000999999993
          1.4000000999999995 1.5000001 1.7000000999999996
          1.6666667666666666 1.5000001000000003 1.7000000999999991
          1.9333334333333336 1.5000001000000003 1.7000000999999991
          2.200000100000001 1.5000001 1.7000000999999996
          2.5000001000000016 1.5000000999999994 1.7000000999999991
          2.800000100000002 1.5000001 1.7000000999999991
          3.100000100000002 1.5000000999999994 1.7000000999999996
          3.4000001000000015 1.5000001 1.7000000999999996
          3.6500001000000024 1.5000001000000003 1.7000000999999993
          3.9000000999999997 1.5000001 1.7000000999999991
          4.1500001 1.5000000999999994 1.7000001000000002
          4.4000001 1.5000001 1.7000000999999996
          0.10000010000000004 1.6000001 1.7000000999999993
          0.00000009999999999999998 1.6000001 1.7000001
          0.20000010000000001 1.6000001 1.7000001
          0.5000001000000004 1.6000000999999997 1.700000099999999
          0.8000000999999995 1.6000001 1.7000000999999993
          1.1000000999999995 1.6000000999999997 1.7000000999999991
          1.4000001 1.6000001 1.7000001
          1.6666667666666637 1.6000000999999997 1.700000099999999
          1.9333334333333334 1.6000000999999997 1.700000099999999
          2.2000000999999996 1.6000001 1.7000001
          2.5000001000000034 1.600000099999998 1.700000099999999
          2.8000001 1.6000001 1.7000000999999993
          3.1000001000000004 1.6000000999999997 1.700000099999999
          3.400000100000001 1.6000001 1.7000001
          3.6500001000000015 1.6000000999999997 1.7000000999999991
          3.9000000999999997 1.6000001 1.7000000999999998
          4.1500001 1.6000000999999997 1.700000099999999
          4.4000001 1.6000001 1.7000001
          0.10000010000000005 1.7000000999999993 1.7000001000000011
          0.0000001 1.7000000999999996 1.7000001
          0.20000009999999996 1.7000000999999996 1.7000001
          0.5000001000000002 1.700000099999999 1.7000001
          0.8000001000000005 1.7000000999999993 1.7000001000000011
          1.100000099999999 1.7000001 1.700000100000002
          1.4000000999999997 1.7000000999999996 1.7000001
          1.6666667666666668 1.7000001000000005 1.7000001000000022
          1.9333334333333327 1.7000001000000005 1.7000001000000013
          2.2000001000000005 1.7000000999999996 1.7000001
          2.500000100000002 1.7000000999999985 1.7000001000000005
          2.8000001 1.7000000999999993 1.7000001000000011
          3.1000001 1.7000001000000002 1.7000001000000013
          3.4000001 1.7000000999999996 1.7000001
          3.650000100000001 1.7000001 1.7000001
          3.9000000999999984 1.7000000999999993 1.7000001
          4.150000099999998 1.7000001000000002 1.7000001000000007
          4.4000001 1.7000000999999996 1.7000001
          0.10000010000000001 1.8000001000000003 1.7000000999999993
          0.0000001 1.8000001 1.7000001
          0.20000009999999996 1.8000001 1.7000001
          0.5000000999999997 1.8000000999999992 1.7000000999999991
          0.8000000999999993 1.8000001000000003 1.7000000999999993
          1.100000099999999 1.8000001 1.7000000999999991
          1.4000000999999993 1.8000001 1.7000001
          1.6666667666666648 1.800000100000001 1.7000000999999991
          1.9333334333333336 1.800000100000001 1.7000000999999993
          2.200000100000001 1.8000001 1.7000001
          2.5000001000000047 1.8000001 1.7000001
          2.800000100000002 1.8000001000000003 1.7000000999999993
          3.1000001000000017 1.800000100000001 1.7000000999999982
          3.400000100000001 1.8000001 1.7000001
          3.6500001000000033 1.8000001000000012 1.7000000999999993
          3.9000001 1.800000100000001 1.7000001000000002
          4.1500001 1.8000001000000012 1.7000001000000002
          4.4000001 1.8000001 1.7000001
          0.10000010000000005 1.9000001 1.7000001000000002
          0.0000001 1.9000001000000002 1.7000001
          0.2000000999999999 1.9000001000000002 1.7000001
          0.5000001000000002 1.900000099999999 1.7000000999999998
          0.8000001000000001 1.9000001 1.7000001000000002
          1.1000000999999995 1.9000001000000002 1.7000001
          1.4000000999999997 1.9000001000000002 1.7000001
          1.6666667666666677 1.900000100000001 1.7000001000000002
          1.9333334333333336 1.9000001000000009 1.7000001000000002
          2.2000001 1.9000001000000002 1.7000001
          2.500000100000002 1.9000001000000002 1.7000001
          2.8000001000000005 1.9000001 1.7000001000000002
          3.1000001 1.900000100000001 1.7000001000000002
          3.4000001000000006 1.9000001000000002 1.7000001
          3.6500001000000006 1.9000001000000015 1.7000000999999998
          3.9000000999999984 1.9000000999999993 1.7000001000000011
          4.150000099999998 1.9000001000000006 1.7000001
          4.4000001 1.9000001000000002 1.7000001
          0.10000010000000001 2.0000001 1.7000000999999993
          0.0000001 2.0000001000000003 1.7000001
          0.20000009999999996 2.0000001000000003 1.7000001
          0.5000001000000002 2.000000099999999 1.7000000999999998
          0.8000001 2.0000001 1.7000000999999993
          1.1000000999999995 2.0000000999999994 1.7000000999999991
          1.4000001 2.0000001000000003 1.7000001
          1.666666766666667 2.0000001000000016 1.7000000999999993
          1.9333334333333334 2.0000001000000016 1.7000000999999993
          2.200000100000001 2.0000001000000003 1.7000001
          2.500000100000003 2.0000000999999994 1.7000001
          2.8000001000000023 2.0000001 1.7000000999999993
          3.100000100000002 2.0000001000000016 1.7000000999999985
          3.4000001000000015 2.0000001000000003 1.7000001
          3.6500001000000037 2.000000100000001 1.7000000999999991
          3.9000001000000015 2.0000001000000016 1.7000001
          4.1500001 2.000000100000001 1.7000001
          4.4000001 2.0000001000000003 1.7000001
          0.10000010000000001 2.1000001 1.7000000999999991
          0.0000001 2.1000001 1.7000001
          0.20000009999999996 2.1000001 1.7000001
          0.5000001000000002 2.100000099999998 1.7000000999999991
          0.8000001 2.1000001 1.7000000999999991
          1.1000001 2.1000001 1.7000000999999991
          1.4000001 2.1000001 1.7000001
          1.666666766666665 2.100000100000001 1.7000000999999993
          1.9333334333333325 2.100000100000001 1.7000000999999996
          2.2000001 2.1000001 1.7000001
          2.500000100000002 2.100000099999999 1.7000000999999991
          2.8000001000000014 2.1000001 1.7000000999999991
          3.1000001000000017 2.100000100000001 1.7000000999999985
          3.4000001000000015 2.1000001 1.7000001
          3.650000100000002 2.100000100000001 1.700000099999999
          3.9000001000000015 2.100000100000001 1.7000001
          4.1500001 2.100000100000001 1.700000099999999
          4.4000001 2.1000001 1.7000001
          0.1000001 2.2000001000000005 1.7000001
          0.0000001 2.2000001 1.7000001
          0.2000001 2.2000001 1.7000001
          0.5000001 2.2000000999999987 1.7000001
          0.8000001000000001 2.2000001000000005 1.7000001
          1.1000000999999997 2.2000001000000005 1.7000001
          1.4000001 2.2000001 1.7000001
          1.6666667666666664 2.200000100000001 1.7000001
          1.9333334333333334 2.200000100000001 1.7000001
          2.2000001 2.2000001 1.7000001
          2.500000100000001 2.200000099999999 1.7000000999999998
          2.8000001 2.2000001000000005 1.7000001
          3.1000001 2.200000100000001 1.7000001
          3.4000001 2.2000001 1.7000001
          3.6500001000000015 2.200000100000001 1.7000001
          3.9000000999999997 2.200000100000001 1.7000001
          4.1500001 2.200000100000001 1.7000001
          4.4000001 2.2000001 1.7000001
          0.10000010000023982 2.441353476181294 1.6622094550927742
          0.00000009999999999999998 2.3923142121611276 1.6719639711935812
          0.20000009999999996 2.4903927402019295 1.6524549389918732
          0.5000000999999995 2.490392740201614 1.6524549389919363
          0.8000001000000001 2.490392740201618 1.652454938991936
          1.1000000999999995 2.490392740201616 1.6524549389919363
          1.4000001 2.4903927402019295 1.6524549389918732
          1.6666667666666666 2.4903927402016155 1.6524549389919372
          1.9333334333333343 2.490392740201616 1.6524549389919372
          2.200000100000001 2.4903927402019295 1.6524549389918732
          2.5000001000000034 2.490392740201616 1.652454938991936
          2.8000001000000023 2.490392740201618 1.652454938991936
          3.1000001 2.4903927402016177 1.652454938991936
          3.4000001000000015 2.4903927402019295 1.6524549389918732
          3.6500001000000024 2.490392740201616 1.6524549389919363
          3.9000001000000015 2.4903927402016155 1.6524549389919363
          4.1500001 2.490392740201616 1.6524549389919363
          4.4000001 2.4903927402019295 1.6524549389918732
          0.10000010000047965 2.6827068523625863 1.6244188101855483
          0.0000001 2.5846283243222543 1.6439278423871628
          0.2000001 2.7807853804038585 1.604909777983747
          0.5000000999999998 2.7807853804032305 1.604909777983872
          0.8000000999999998 2.7807853804032305 1.604909777983872
          1.1000000999999997 2.7807853804032305 1.604909777983872
          1.4000001 2.7807853804038585 1.604909777983747
          1.6666667666666666 2.7807853804032305 1.604909777983872
          1.9333334333333332 2.7807853804032305 1.604909777983872
          2.2000001 2.7807853804038585 1.604909777983747
          2.5000001 2.7807853804032305 1.604909777983872
          2.800000100000001 2.7807853804032305 1.604909777983872
          3.1000001 2.7807853804032305 1.604909777983872
          3.4000001 2.7807853804038585 1.604909777983747
          3.6500001000000006 2.7807853804032305 1.604909777983872
          3.9000000999999997 2.7807853804032305 1.604909777983872
          4.150000099999999 2.7807853804032305 1.604909777983872
          4.4000001 2.7807853804038585 1.604909777983747
          1.6666667666666668 2.878863908443553 1.585400745782259
          1.4000000999999997 2.8788639084439667 1.5854007457821764
          1.9333334333333334 2.878863908443553 1.585400745782259
          2.200000100000001 2.8788639084439667 1.5854007457821764
          2.5000001000000003 2.8788639084435528 1.5854007457822585
          2.8000001000000023 2.8788639084435528 1.5854007457822588
          3.1000001000000004 2.878863908443553 1.5854007457822588
          3.400000100000001 2.8788639084439667 1.5854007457821764
          3.6500001000000006 2.878863908443553 1.5854007457822588
          3.9000001 2.8788639084435528 1.5854007457822588
          4.150000099999998 2.878863908443553 1.5854007457822585
          4.4000001 2.8788639084439667 1.5854007457821764
          1.6666667666666666 2.9769424364838764 1.5658917135806458
          1.4000001 2.976942436484075 1.5658917135806063
          1.9333334333333332 2.9769424364838764 1.5658917135806458
          2.2000001 2.976942436484075 1.5658917135806063
          2.5000001 2.9769424364838764 1.5658917135806458
          2.800000100000001 2.9769424364838764 1.5658917135806456
          3.1000001 2.976942436483877 1.5658917135806458
          3.4000001 2.976942436484075 1.5658917135806063
          3.6500001000000006 2.976942436483877 1.5658917135806458
          3.9000000999999997 2.9769424364838764 1.5658917135806458
          4.150000099999999 2.976942436483877 1.5658917135806458
          4.4000001 2.976942436484075 1.5658917135806063
          1.6666667666666675 3.173099492564522 1.5268736491774206
          1.4000001 3.1730994925642917 1.5268736491774662
          1.9333334333333325 3.1730994925645217 1.5268736491774209
          2.2000001000000005 3.1730994925642917 1.5268736491774662
          3.6500000999999997 3.1730994925645217 1.5268736491774206
          3.4000000999999997 3.1730994925642917 1.5268736491774662
          3.9000000999999997 3.173099492564522 1.5268736491774206
          4.1500001 3.1730994925645204 1.5268736491774209
          4.4000001 3.1730994925642917 1.5268736491774662
          1.6666667666666666 3.369256548645169 1.487855584774195
          1.4000001 3.3692565486445085 1.4878555847743264
          1.9333334333333332 3.369256548645169 1.487855584774195
          2.2000001 3.3692565486445085 1.4878555847743264
          3.6500001000000006 3.369256548645169 1.487855584774195
          3.4000001 3.3692565486445085 1.4878555847743264
          3.9000000999999997 3.369256548645169 1.487855584774195
          4.150000099999999 3.369256548645169 1.487855584774195
          4.4000001 3.3692565486445085 1.4878555847743264
          3.650000100000002 3.467335076685492 1.4683465525725812
          3.4000001000000015 3.4673350766853095 1.4683465525726178
          3.9000001 3.4673350766854916 1.4683465525725812
          4.150000099999998 3.4673350766854916 1.4683465525725814
          4.4000001 3.4673350766853095 1.4683465525726178
          3.6500001000000006 3.5654136047258147 1.4488375203709685
          3.4000001 3.5654136047261122 1.4488375203709094
          3.9000000999999997 3.5654136047258147 1.4488375203709682
          4.150000099999999 3.5654136047258147 1.4488375203709685
          4.4000001 3.5654136047261122 1.4488375203709094
          3.4000001 0.00000009999969652341179 1.8000001
          3.6500001000000006 0.00000010000000005838672 1.8000001000000008
          3.6500001000000015 0.10000010000000015 1.8000001000000005
          3.4000001 0.100000100000185 1.8000000999999999
          3.900000099999999 0.00000010000000005838672 1.8000000999999999
          3.9000001 0.10000009999999993 1.8000001000000003
          4.150000099999999 0.00000010000000005838672 1.8000000999999999
          4.1500001 0.10000009999999993 1.8000001000000005
          4.4000001 0.00000009999969652341179 1.8000001
          4.4000001 0.100000100000185 1.8000000999999999
          3.6500001000000006 0.20000010000000001 1.8000000999999999
          3.4000001 0.20000010000067348 1.8000001
          3.900000099999999 0.20000010000000001 1.8000000999999992
          4.150000099999999 0.20000010000000001 1.8000000999999999
          4.4000001 0.20000010000067348 1.8000001
          1.4000001 0.20000010000067348 1.8000001
          1.6666667666666666 0.20000010000000001 1.8000000999999999
          1.6666667666666666 0.40000010000000075 1.8000001000000008
          1.4000001000000002 0.40000010000023567 1.8000000999999997
          1.9333334333333332 0.20000010000000001 1.8000000999999999
          1.9333334333333334 0.4000001000000005 1.8000000999999999
          2.2000001 0.20000010000067348 1.8000001
          2.200000099999999 0.40000010000023567 1.8000000999999997
          3.6500001000000015 0.4000001000000004 1.8000001
          3.4000001000000006 0.40000010000023567 1.8000000999999997
          3.900000099999998 0.4000001000000005 1.8000001
          4.150000099999999 0.4000001000000001 1.800000099999999
          4.400000100000001 0.40000010000023567 1.8000000999999997
          1.6666667666666666 0.6000001000000001 1.8000000999999999
          1.4000001 0.6000000999997976 1.8000000999999994
          1.9333334333333332 0.6000001000000001 1.8000000999999999
          2.2000001 0.6000000999997976 1.8000000999999994
          3.6500001000000006 0.6000001000000001 1.8000000999999994
          3.4000001 0.6000000999997976 1.8000000999999994
          3.900000099999999 0.6000001000000001 1.8000000999999999
          4.150000099999999 0.6000001000000001 1.800000099999999
          4.4000001 0.6000000999997976 1.8000000999999994
          1.6666667666666677 0.7000001000000009 1.800000099999999
          1.4000001000000002 0.7000000999995788 1.8000000999999992
          1.9333334333333334 0.7000001000000005 1.8000000999999999
          2.2000001 0.7000000999995788 1.8000000999999992
          2.5000001000000007 0.6000001000000001 1.8000001000000005
          2.5000001000000003 0.7000001000000007 1.8000000999999999
          2.8000001 0.6000001000000001 1.8000000999999999
          2.8000000999999997 0.7000001000000002 1.8000000999999992
          3.1000001000000004 0.6000001000000001 1.8000000999999999
          3.1000001 0.7000001000000002 1.8000000999999992
          3.4000001 0.7000000999995788 1.8000000999999992
          3.6500001000000015 0.7000000999999998 1.8000000999999992
          3.9000001 0.7000001000000002 1.8000000999999992
          4.1500001 0.7000001000000007 1.8000000999999983
          4.4000001 0.7000000999995788 1.8000000999999992
          1.6666667666666666 0.8000001000000001 1.8000000999999999
          1.4000001 0.8000000999993597 1.8000000999999997
          1.9333334333333332 0.8000001000000001 1.8000000999999999
          2.2000001 0.8000000999993597 1.8000000999999997
          2.5000001000000007 0.8000001000000001 1.8000001000000003
          2.8000001 0.8000001000000001 1.8000000999999999
          3.1000001000000004 0.8000001000000001 1.8000000999999999
          3.4000001 0.8000000999993597 1.8000000999999997
          3.6500001000000006 0.8000001000000001 1.8000000999999994
          3.900000099999999 0.8000001000000001 1.8000000999999999
          4.150000099999999 0.8000001000000001 1.800000099999999
          4.4000001 0.8000000999993597 1.8000000999999997
          0.0000001 1.0000001000003365 1.8000000999999997
          0.10000010000047965 0.9000001000003275 1.8000001
          0.10000010000023986 1.1500001000001638 1.8000000999999992
          0.0000001 1.2000001000001685 1.8000001
          0.2000001 0.8000000999993597 1.8000000999999997
          0.20000009999999996 1.10000009999968 1.8000001
          0.5000001 0.8000001000000001 1.800000099999999
          0.5000000999999997 1.1000001000000006 1.800000099999999
          0.8000000999999999 0.8000001000000001 1.8000000999999999
          0.8000000999999994 1.1000001000000006 1.8000001
          1.1000000999999997 0.8000001000000001 1.8000000999999999
          1.1000001 1.1000001000000004 1.8000000999999999
          1.4000001 1.10000009999968 1.8000001
          1.666666766666666 1.1000001000000006 1.800000100000001
          1.9333334333333336 1.1000001000000006 1.8000001
          2.2000001 1.10000009999968 1.8000001
          2.5000000999999994 1.1000000999999993 1.8000001000000008
          2.8000000999999997 1.1000001000000006 1.8000001
          3.1000001 1.1000001000000008 1.800000100000001
          3.4000001 1.10000009999968 1.8000001
          3.6500001000000015 1.1000001 1.800000100000001
          3.9000000999999997 1.1000001000000008 1.8000001000000008
          4.1500001 1.1000001000000008 1.8000000999999999
          4.4000001 1.10000009999968 1.8000001
          0.1000001 1.4000000999999997 1.8000001
          0.0000001 1.4000001 1.8000001
          0.2000001 1.4000001 1.8000001
          0.5000001 1.4000000999999997 1.8000001
          0.8000001 1.4000000999999997 1.8000001
          1.1000001 1.4000000999999995 1.8000001
          1.4000001 1.4000001 1.8000001
          1.6666667666666664 1.4000000999999993 1.8000001
          1.9333334333333334 1.4000000999999995 1.8000001
          2.2000001 1.4000001 1.8000001
          2.5000001000000007 1.4000000999999995 1.8000001000000003
          2.8000001 1.4000000999999997 1.8000001
          3.1000001 1.4000000999999995 1.8000001
          3.4000001 1.4000001 1.8000001
          3.6500001 1.4000000999999995 1.8000001000000005
          3.9000000999999997 1.4000000999999995 1.8000001
          4.1500001 1.4000000999999995 1.8000001000000003
          4.4000001 1.4000001 1.8000001
          0.10000010000000004 1.5000001000000003 1.8000001
          0.0000001 1.5000000999999998 1.8000001
          0.2000001 1.5000000999999998 1.8000001
          0.5000000999999996 1.500000099999998 1.8000001000000008
          0.8000000999999992 1.5000001000000003 1.8000001
          1.100000099999999 1.500000099999998 1.8000001000000008
          1.4000000999999993 1.5000000999999998 1.8000001
          1.6666667666666657 1.5000001 1.8000000999999999
          1.9333334333333325 1.5000000999999992 1.8000001
          2.2000001 1.5000000999999998 1.8000001
          2.5000000999999994 1.5000000999999994 1.8000001000000005
          2.8000000999999997 1.5000001000000003 1.8000001
          3.1000001 1.5000000999999994 1.8000001
          3.4000000999999993 1.5000000999999998 1.8000001
          3.6500000999999997 1.5000000999999992 1.8000001000000005
          3.9000000999999997 1.5000000999999994 1.8000001
          4.1500001 1.5000000999999992 1.8000001000000017
          4.4000001 1.5000000999999998 1.8000001
          0.10000010000000005 1.6000001000000008 1.8000001
          0.00000010000000000000001 1.6000001 1.8000001
          0.2000001 1.6000001 1.8000001
          0.5000001000000001 1.6000001000000006 1.8000001000000005
          0.8000001000000008 1.6000001000000008 1.8000001
          1.1000001 1.6000001000000008 1.8000001000000008
          1.4000001000000002 1.6000001 1.8000001
          1.6666667666666657 1.6000001 1.8000001
          1.933333433333334 1.6000001000000008 1.8000000999999999
          2.2000001 1.6000001 1.8000001
          2.500000100000001 1.6000000999999997 1.8000001000000005
          2.8000000999999983 1.6000001000000008 1.8000001
          3.1000001000000013 1.6000001000000008 1.8000001
          3.4000001000000006 1.6000001 1.8000001
          3.6500001000000015 1.6000001000000008 1.800000100000001
          3.9000000999999997 1.6000001000000008 1.8000001
          4.1500001 1.6000001 1.8000001
          4.4000001 1.6000001 1.8000001
          0.10000010000000006 1.7000000999999991 1.8000001
          0.0000001 1.7000001 1.8000001
          0.20000009999999996 1.7000001 1.8000001
          0.5000001000000002 1.7000000999999991 1.8000001
          0.8000001000000001 1.7000000999999991 1.8000001
          1.1000000999999995 1.7000000999999991 1.8000001
          1.4000000999999997 1.7000001 1.8000001
          1.6666667666666675 1.7000000999999993 1.8000001
          1.9333334333333334 1.7000000999999991 1.8000000999999994
          2.200000100000001 1.7000001 1.8000001
          2.500000100000002 1.7000000999999998 1.8000001
          2.800000100000002 1.7000000999999991 1.8000001
          3.100000100000002 1.7000000999999991 1.8000001000000003
          3.400000100000001 1.7000001 1.8000001
          3.6500001000000033 1.7000001000000002 1.8000000999999999
          3.9000001 1.7000000999999991 1.8000000999999992
          4.1500001 1.7000000999999993 1.8000001
          4.4000001 1.7000001 1.8000001
          0.10000010000000009 1.8000000999999999 1.8000000999999999
          0.0000001 1.8000001 1.8000001
          0.20000009999999996 1.8000001 1.8000001
          0.5000000999999995 1.8000001 1.8000001
          0.8000000999999997 1.8000000999999999 1.8000000999999999
          1.1000001 1.8000001 1.8000001
          1.4000000999999995 1.8000001 1.8000001
          1.6666667666666657 1.8000001 1.8000000999999992
          1.9333334333333325 1.8000001 1.8000001
          2.2000001 1.8000001 1.8000001
          2.500000100000001 1.8000001 1.8000001
          2.800000100000002 1.8000000999999999 1.8000000999999999
          3.1000000999999995 1.8000001 1.8000001
          3.4000001 1.8000001 1.8000001
          3.6500000999999997 1.8000000999999999 1.8000000999999999
          3.9000001 1.8000001000000003 1.8000001
          4.1500001 1.8000000999999999 1.8000000999999999
          4.4000001 1.8000001 1.8000001
          0.10000010000000005 1.9000001000000006 1.8000001
          0.0000001 1.9000001000000004 1.8000001
          0.20000009999999993 1.9000001000000004 1.8000001
          0.5000001 1.9000001000000017 1.8000001
          0.8000000999999995 1.9000001000000006 1.8000001
          1.1000001 1.9000001000000009 1.8000001
          1.4000001 1.9000001000000004 1.8000001
          1.6666667666666657 1.9000001000000009 1.8000001000000003
          1.9333334333333325 1.900000100000002 1.8000001
          2.2000001 1.9000001000000004 1.8000001
          2.500000100000002 1.9000001 1.8000000999999999
          2.800000100000002 1.9000001000000006 1.8000001
          3.1000001000000013 1.900000100000002 1.8000001
          3.4000001000000015 1.9000001000000004 1.8000001
          3.6500001000000033 1.9000001000000015 1.8000000999999997
          3.9000001 1.9000001000000009 1.8000001
          4.150000099999999 1.9000001000000015 1.8000001
          4.4000001 1.9000001000000004 1.8000001
          0.10000009999999998 2.0000000999999994 1.8000000999999999
          0.0000001 2.0000001000000003 1.8000001
          0.20000010000000001 2.0000001000000003 1.8000001
          0.5000000999999998 2.0000000999999994 1.800000100000001
          0.8000000999999994 2.0000000999999994 1.8000000999999999
          1.1000001000000001 2.0000000999999994 1.8000001
          1.4000001 2.0000001000000003 1.8000001
          1.6666667666666657 2.0000000999999994 1.8000001
          1.9333334333333334 2.0000000999999994 1.8000001
          2.2000001 2.0000001000000003 1.8000001
          2.5000001 2.0000000999999994 1.800000100000001
          2.8000000999999997 2.0000000999999994 1.8000000999999999
          3.1000000999999995 2.0000000999999994 1.8000001
          3.4000000999999997 2.0000001000000003 1.8000001
          3.6500000999999984 2.0000000999999994 1.8000001000000008
          3.900000099999998 2.0000000999999994 1.8000001
          4.150000099999998 2.0000000999999994 1.8000001000000008
          4.4000001 2.0000001000000003 1.8000001
          0.1000001 2.1000001 1.8000001
          0.0000001 2.1000001 1.8000001
          0.20000009999999996 2.1000001 1.8000001
          0.5000000999999996 2.1000000999999986 1.8000001000000005
          0.8000000999999997 2.1000001 1.8000001
          1.1000001 2.1000001 1.8000001
          1.4000000999999997 2.1000001 1.8000001
          1.6666667666666655 2.1000001000000004 1.8000001
          1.9333334333333336 2.1000001000000004 1.8000001
          2.2000001 2.1000001 1.8000001
          2.5000000999999994 2.100000099999999 1.8000001000000008
          2.8000001 2.1000001 1.8000001
          3.1000001000000004 2.1000001 1.8000001
          3.4000001 2.1000001 1.8000001
          3.6500000999999997 2.1000001 1.8000001000000008
          3.9000000999999997 2.1000001 1.8000001
          4.1500001 2.1000001 1.800000100000001
          4.4000001 2.1000001 1.8000001
          0.1000001 2.2000001 1.8000001
          0.0000001 2.2000001 1.8000001
          0.2000001 2.2000001 1.8000001
          0.5000001 2.2000000999999996 1.8000001
          0.8000001 2.2000001 1.8000001
          1.1000001 2.2000001 1.8000001
          1.4000001 2.2000001 1.8000001
          1.6666667666666664 2.2000001 1.8000001
          1.9333334333333334 2.2000001 1.8000001
          2.2000001 2.2000001 1.8000001
          2.5000001000000007 2.2000000999999996 1.8000001000000003
          2.8000001 2.2000001 1.8000001
          3.1000001 2.2000001 1.8000001
          3.4000001 2.2000001 1.8000001
          3.6500001 2.2000001 1.8000001000000005
          3.9000000999999997 2.2000001 1.8000001
          4.1500001 2.2000001000000005 1.8000001000000003
          4.4000001 2.2000001 1.8000001
          0.10000010000023973 2.4500000999998353 1.8000000999999992
          0.0000001 2.4000000999998314 1.8000001
          0.2000001 2.5000001000003196 1.8000001
          0.5000000999999997 2.5000000999999994 1.8000001
          0.8000001000000001 2.5000001 1.8000001
          1.1000001 2.5000001000000016 1.8000001
          1.4000000999999997 2.5000001000003196 1.8000001
          1.6666667666666646 2.500000100000001 1.8000001000000003
          1.9333334333333332 2.5000001000000016 1.8000001
          2.2000001 2.5000001000003196 1.8000001
          2.5000001000000016 2.5000001 1.8000000999999999
          2.8000000999999997 2.5000001 1.8000001
          3.1000001000000017 2.5000001000000016 1.8000001
          3.400000100000001 2.5000001000003196 1.8000001
          3.6500001 2.5000001 1.8000001
          3.9000000999999997 2.500000100000002 1.8000001000000003
          4.1500001 2.5000001000000016 1.8000000999999999
          4.4000001 2.5000001000003196 1.8000001
          0.10000010000047932 2.7000000999996723 1.8000000999999999
          0.0000001 2.6000000999996633 1.8000000999999999
          0.2000001 2.80000010000064 1.8000001
          0.5000001 2.8000001 1.8000001
          0.8000000999999999 2.8000001 1.8000001
          1.1000000999999997 2.8000001 1.8000001
          1.4000001 2.80000010000064 1.8000001
          1.6666667666666666 2.8000001 1.8000001
          1.9333334333333332 2.8000001 1.8000001
          2.2000001 2.80000010000064 1.8000001
          2.5000001000000007 2.8000001 1.8000001
          2.8000001 2.8000001 1.8000001
          3.1000001000000004 2.8000001 1.8000001
          3.4000001 2.80000010000064 1.8000001
          3.6500001000000006 2.8000001 1.8000001
          3.900000099999999 2.8000001 1.8000001
          4.150000099999999 2.8000001 1.8000001
          4.4000001 2.80000010000064 1.8000001
          1.6666667666666677 2.9000001000000024 1.8000000999999999
          1.4000001 2.900000100000421 1.8000000999999997
          1.9333334333333334 2.9000001 1.8000000999999999
          2.2000001 2.900000100000421 1.8000000999999997
          2.5000001000000007 2.9000001 1.8000000999999992
          2.8000001 2.9000001000000006 1.8000000999999992
          3.1000001 2.9000001 1.8000001
          3.4000001000000006 2.900000100000421 1.8000000999999997
          3.650000099999999 2.9000000999999984 1.8000001
          3.900000099999998 2.900000100000002 1.8000001
          4.150000099999997 2.9000001 1.8000001
          4.4000001 2.900000100000421 1.8000000999999997
          1.6666667666666666 3.0000001000000003 1.8000000999999997
          1.4000001 3.000000100000202 1.8000000999999997
          1.9333334333333332 3.0000001000000003 1.8000000999999997
          2.2000001 3.000000100000202 1.8000000999999997
          2.5000001000000007 3.0000001000000003 1.8000000999999997
          2.8000001 3.0000001000000003 1.8000000999999997
          3.1000001000000004 3.0000001000000003 1.8000000999999997
          3.4000001 3.000000100000202 1.8000000999999997
          3.6500001000000006 3.0000001000000003 1.8000000999999997
          3.900000099999999 3.0000001000000003 1.8000000999999997
          4.150000099999999 3.0000001000000003 1.8000000999999997
          4.4000001 3.000000100000202 1.8000000999999997
          1.6666667666666677 3.2000000999999996 1.800000100000001
          1.4000001000000002 3.200000099999765 1.8000001
          1.9333334333333334 3.2000000999999996 1.800000100000001
          2.2000001 3.200000099999765 1.8000001
          3.6500001000000015 3.2000000999999973 1.8000001
          3.4000001 3.200000099999765 1.8000001
          3.9000001 3.200000099999999 1.8000001000000019
          4.1500001 3.2000000999999996 1.8000001
          4.4000001 3.200000099999765 1.8000001
          1.6666667666666666 3.4000001 1.8000001000000003
          1.4000001 3.400000099999327 1.8000001
          1.9333334333333332 3.4000001 1.8000001000000003
          2.2000001 3.400000099999327 1.8000001
          3.6500001000000006 3.4000001 1.8000001000000003
          3.4000001 3.400000099999327 1.8000001
          3.900000099999999 3.4000001 1.8000001000000003
          4.150000099999999 3.4000001 1.8000001000000003
          4.4000001 3.400000099999327 1.8000001
          3.6500000999999997 3.500000099999997 1.8000000999999992
          3.4000000999999993 3.500000099999815 1.8000001
          3.900000099999998 3.500000099999997 1.8000001
          4.150000099999998 3.500000099999999 1.8000001
          4.4000001 3.500000099999815 1.8000001
          3.6500001000000006 3.6000001 1.8000000999999999
          3.4000001 3.6000001000003032 1.8000000999999999
          3.900000099999999 3.6000001 1.8000000999999999
          4.150000099999999 3.6000001 1.8000000999999999
          4.4000001 3.6000001000003032 1.8000000999999999
          3.4000001 0.0345865952738873 2.15116267962909
          3.6500001000000006 0.03458659527418506 2.15116267962903
          3.6500000999999997 0.13266512331450864 2.1316536474274197
          3.4000000999999997 0.1326651233146895 2.1316536474273824
          3.9000000999999993 0.03458659527418506 2.15116267962903
          3.9000000999999997 0.13266512331450808 2.131653647427418
          4.1500001 0.03458659527418506 2.15116267962903
          4.1500001 0.1326651233145083 2.1316536474274184
          4.4000001 0.0345865952738873 2.15116267962909
          4.4000001 0.1326651233146895 2.1316536474273824
          3.6500001000000006 0.23074365135483155 2.112144615225806
          3.4000001 0.23074365135549169 2.1121446152256738
          3.9000000999999993 0.23074365135483133 2.1121446152258057
          4.1500001 0.23074365135483133 2.1121446152258057
          4.4000001 0.23074365135549169 2.1121446152256738
          1.4000001 0.23074365135549169 2.1121446152256738
          1.6666667666666666 0.23074365135483155 2.112144615225806
          1.6666667666666655 0.4269007074354777 2.0731265508225802
          1.4000001000000002 0.4269007074357084 2.0731265508225336
          1.9333334333333336 0.23074365135483133 2.1121446152258057
          1.9333334333333339 0.4269007074354777 2.0731265508225794
          2.2000001 0.23074365135549169 2.1121446152256738
          2.200000099999999 0.4269007074357084 2.0731265508225336
          3.6500001000000015 0.4269007074354778 2.0731265508225802
          3.4000001000000006 0.4269007074357084 2.0731265508225336
          3.9000000999999993 0.42690070743547737 2.07312655082258
          4.1500001 0.4269007074354777 2.073126550822579
          4.4000001 0.4269007074357084 2.0731265508225336
          1.6666667666666666 0.6230577635161234 2.0341084864193535
          1.4000001 0.6230577635159251 2.0341084864193935
          1.9333334333333336 0.6230577635161234 2.0341084864193535
          2.2000001 0.6230577635159251 2.0341084864193935
          3.6500001000000006 0.6230577635161234 2.0341084864193535
          3.4000001 0.6230577635159251 2.0341084864193935
          3.9000000999999993 0.6230577635161234 2.0341084864193535
          4.1500001 0.6230577635161234 2.0341084864193535
          4.4000001 0.6230577635159251 2.0341084864193935
          1.6666667666666677 0.7211362915564468 2.0145994542177412
          1.4000001 0.7211362915560335 2.014599454217824
          1.9333334333333334 0.7211362915564463 2.0145994542177403
          2.2000001 0.7211362915560335 2.014599454217824
          2.5000001000000007 0.6230577635161234 2.034108486419353
          2.500000100000002 0.7211362915564468 2.0145994542177412
          2.8000001 0.6230577635161234 2.0341084864193535
          2.8000001 0.7211362915564465 2.0145994542177403
          3.1000000999999995 0.6230577635161234 2.0341084864193535
          3.1000001 0.7211362915564463 2.0145994542177403
          3.4000000999999997 0.7211362915560335 2.014599454217824
          3.6500000999999997 0.721136291556447 2.0145994542177403
          3.9000000999999997 0.721136291556447 2.0145994542177412
          4.1500001 0.721136291556447 2.0145994542177412
          4.4000001 0.7211362915560335 2.014599454217824
          1.6666667666666666 0.8192148195967695 1.9950904220161272
          1.4000001 0.8192148195961415 1.9950904220162524
          1.9333334333333336 0.8192148195967695 1.9950904220161272
          2.2000001 0.8192148195961415 1.9950904220162524
          2.5000001000000007 0.8192148195967695 1.9950904220161276
          2.8000001 0.8192148195967695 1.9950904220161272
          3.1000000999999995 0.8192148195967695 1.9950904220161272
          3.4000001 0.8192148195961415 1.9950904220162524
          3.6500001000000006 0.8192148195967692 1.9950904220161263
          3.9000000999999993 0.8192148195967695 1.9950904220161272
          4.1500001 0.8192148195967692 1.9950904220161263
          4.4000001 0.8192148195961415 1.9950904220162524
          0.0000001 1.0153718756777455 1.956072357612837
          0.10000010000047987 0.9172933476374133 1.9755813898144505
          0.10000010000024004 1.1586467238187068 1.9377907449072245
          0.0000001 1.2076859878388726 1.9280362288064181
          0.2000001 0.8192148195961415 1.9950904220162524
          0.2000000999999999 1.1096074597980707 1.947545261008126
          0.5000001 0.8192148195967693 1.9950904220161267
          0.5000001000000004 1.1096074597983856 1.9475452610080635
          0.8000001000000001 0.8192148195967695 1.9950904220161272
          0.8000001 1.1096074597983852 1.947545261008064
          1.1000000999999997 0.8192148195967695 1.9950904220161276
          1.1000001 1.1096074597983847 1.947545261008064
          1.4000001 1.1096074597980707 1.947545261008126
          1.6666667666666666 1.1096074597983852 1.947545261008064
          1.9333334333333334 1.1096074597983847 1.947545261008064
          2.2000001 1.1096074597980707 1.947545261008126
          2.5000001000000007 1.1096074597983843 1.9475452610080646
          2.800000100000002 1.1096074597983852 1.947545261008064
          3.1000001 1.1096074597983852 1.947545261008064
          3.4000001000000015 1.1096074597980707 1.947545261008126
          3.6500001000000015 1.1096074597983847 1.947545261008063
          3.9000000999999997 1.1096074597983847 1.9475452610080637
          4.1500001 1.1096074597983852 1.947545261008063
          4.4000001 1.1096074597980707 1.947545261008126
          0.10000010000000004 1.4000001 1.9000001000000002
          0.0000001 1.4000001 1.9000001
          0.2000001 1.4000001 1.9000001
          0.5000001000000001 1.4000001 1.9000001000000004
          0.8000000999999999 1.4000001 1.9000001000000002
          1.1000001 1.4000001 1.9000001000000002
          1.4000001 1.4000001 1.9000001
          1.666666766666667 1.4000001000000002 1.9000001000000004
          1.9333334333333334 1.4000001 1.9000001000000004
          2.2000001 1.4000001 1.9000001
          2.5000001000000003 1.4000000999999995 1.9000001000000009
          2.8000001 1.4000001 1.9000001000000002
          3.1000001 1.4000001 1.9000001000000006
          3.4000001 1.4000001 1.9000001
          3.6500001000000015 1.4000001000000002 1.9000001000000004
          3.9000000999999997 1.4000000999999997 1.9000001000000002
          4.1500001 1.4000001 1.9000001000000004
          4.4000001 1.4000001 1.9000001
          0.10000010000000004 1.5000001000000007 1.9000001000000006
          0.00000010000000000000001 1.5000001 1.9000001000000004
          0.20000009999999993 1.5000001 1.9000001000000004
          0.5000001000000003 1.500000100000001 1.9000001000000009
          0.8000000999999994 1.5000001000000007 1.9000001000000006
          1.1000001000000004 1.5000001 1.9000001000000009
          1.4000000999999997 1.5000001 1.9000001000000004
          1.6666667666666677 1.5000000999999994 1.9000001000000009
          1.9333334333333323 1.500000100000001 1.9000001000000017
          2.2000001000000005 1.5000001 1.9000001000000004
          2.5000001000000016 1.5000000999999998 1.9000001000000006
          2.8000001000000014 1.5000001000000007 1.9000001000000006
          3.1000001000000004 1.5000000999999992 1.900000100000001
          3.400000100000001 1.5000001 1.9000001000000004
          3.650000100000002 1.5000001000000005 1.9000001000000017
          3.900000099999998 1.5000000999999992 1.900000100000001
          4.150000099999999 1.500000099999999 1.9000001000000006
          4.400000100000001 1.5000001 1.9000001000000004
          0.10000009999999998 1.6000000999999997 1.9000000999999997
          0.0000001 1.6000001 1.9000001000000004
          0.20000009999999993 1.6000001 1.9000001000000004
          0.5000001000000005 1.6000001000000006 1.9000000999999997
          0.8000000999999994 1.6000000999999997 1.9000000999999997
          1.1000001000000004 1.6000000999999988 1.9000000999999997
          1.4000001000000002 1.6000001 1.9000001000000004
          1.6666667666666655 1.6000001 1.9000001000000006
          1.9333334333333343 1.6000000999999997 1.9000000999999997
          2.2000001 1.6000001 1.9000001000000004
          2.500000100000001 1.600000099999999 1.9000001000000006
          2.8000001000000014 1.6000000999999997 1.9000000999999997
          3.1000001000000017 1.6000001 1.900000100000002
          3.4000001000000015 1.6000001 1.9000001000000004
          3.6500001000000033 1.6000001 1.9000001000000009
          3.9000001000000015 1.6000001 1.9000000999999997
          4.1500001 1.6000001 1.9000001
          4.4000001 1.6000001 1.9000001000000004
          0.10000010000000005 1.7000001 1.9000001000000009
          0.00000009999999999999998 1.7000001 1.9000001000000002
          0.20000009999999996 1.7000001 1.9000001000000002
          0.5000001000000002 1.7000000999999998 1.9000001000000009
          0.8000001000000005 1.7000001 1.9000001000000009
          1.1000001 1.7000001 1.900000100000001
          1.4000000999999997 1.7000001 1.9000001000000002
          1.6666667666666668 1.7000001000000005 1.900000100000002
          1.9333334333333343 1.7000001 1.900000100000001
          2.200000100000001 1.7000001 1.9000001000000002
          2.500000100000001 1.7000001000000002 1.900000100000001
          2.800000100000002 1.7000001 1.9000001000000009
          3.1000001 1.7000000999999993 1.9000001000000022
          3.4000001000000006 1.7000001 1.9000001000000002
          3.6500001000000006 1.7000001000000007 1.9000001
          3.9000000999999966 1.7000001 1.9000001000000002
          4.150000099999996 1.7000001 1.9000001000000009
          4.4000001 1.7000001 1.9000001000000002
          0.10000010000000001 1.8000001 1.9000001000000015
          0.0000001 1.8000001 1.9000001000000004
          0.20000009999999993 1.8000001 1.9000001000000004
          0.5000001000000002 1.800000099999999 1.9000001000000009
          0.8000001 1.8000001 1.9000001000000015
          1.1000000999999995 1.8000001 1.9000001000000009
          1.4000000999999995 1.8000001 1.9000001000000004
          1.6666667666666666 1.8000001 1.9000001
          1.9333334333333332 1.8000001 1.9000001
          2.2000001 1.8000001 1.9000001000000004
          2.500000100000002 1.8000000999999999 1.9000001000000017
          2.800000100000002 1.8000001 1.9000001000000015
          3.1000001000000017 1.8000001 1.9000001000000009
          3.4000001000000015 1.8000001 1.9000001000000004
          3.6500001000000033 1.8000001000000012 1.9000001000000009
          3.9000000999999997 1.8000001 1.9000001000000009
          4.1500001 1.8000001 1.900000100000002
          4.4000001 1.8000001 1.9000001000000004
          0.1000001 1.9000001 1.9000001
          0.0000001 1.9000001000000002 1.9000001000000002
          0.20000009999999993 1.9000001000000002 1.9000001000000002
          0.5000001000000003 1.900000099999999 1.9000001000000009
          0.8000000999999994 1.9000001 1.9000001
          1.1000000999999995 1.9000001000000002 1.9000001000000002
          1.4000000999999997 1.9000001000000002 1.9000001000000002
          1.6666667666666657 1.9000001000000009 1.9000001000000009
          1.9333334333333334 1.900000100000001 1.900000100000002
          2.2000001 1.9000001000000002 1.9000001000000002
          2.500000100000001 1.9000001000000002 1.9000001000000009
          2.8000001 1.9000001 1.9000001
          3.1000001 1.900000100000001 1.900000100000002
          3.4000001000000006 1.9000001000000002 1.9000001000000002
          3.6500001000000015 1.9000001000000015 1.9000001000000015
          3.9000000999999997 1.900000099999999 1.9000001
          4.1500001 1.9000001000000006 1.9000001000000006
          4.4000001 1.9000001000000002 1.9000001000000002
          0.10000010000000005 2.0000001000000003 1.9000001000000002
          0.0000001 2.0000001000000003 1.9000001000000004
          0.20000010000000001 2.0000001000000003 1.9000001000000004
          0.5000001000000003 2.000000099999998 1.9000001000000006
          0.8000000999999999 2.0000001000000003 1.9000001000000002
          1.1000000999999995 2.0000001 1.9000000999999997
          1.4000001 2.0000001000000003 1.9000001000000004
          1.6666667666666668 2.0000000999999994 1.9000001000000002
          1.9333334333333334 2.0000001000000003 1.9000001000000002
          2.2000001 2.0000001000000003 1.9000001000000004
          2.500000100000002 2.0000000999999985 1.900000100000001
          2.8000001 2.0000001000000003 1.9000001000000002
          3.1000001000000017 2.0000001000000003 1.900000100000001
          3.400000100000001 2.0000001000000003 1.9000001000000004
          3.6500001 2.0000001000000003 1.9000000999999997
          3.9000000999999997 2.0000001000000003 1.9000001000000006
          4.1500001 2.0000001000000003 1.9000001000000006
          4.4000001 2.0000001000000003 1.9000001000000004
          0.10000010000000004 2.1000001 1.9000001000000009
          0.00000010000000000000001 2.1000001 1.9000001000000004
          0.20000009999999996 2.1000001 1.9000001000000004
          0.5000001000000003 2.1000000999999995 1.9000001000000015
          0.8000000999999999 2.1000001 1.9000001000000009
          1.1000001000000004 2.100000099999999 1.9000000999999997
          1.4000001 2.1000001 1.9000001000000004
          1.6666667666666668 2.100000099999999 1.900000100000001
          1.9333334333333334 2.1000001 1.900000100000002
          2.2000001 2.1000001 1.9000001000000004
          2.500000100000001 2.100000099999999 1.900000100000002
          2.8000001000000037 2.1000001 1.9000001000000009
          3.1000001000000017 2.1000001 1.900000100000001
          3.4000001000000015 2.1000001 1.9000001000000004
          3.6500001000000037 2.1000001 1.900000100000002
          3.9000001000000015 2.1000001 1.9000001000000009
          4.1500001 2.1000001 1.9000001000000017
          4.4000001 2.1000001 1.9000001000000004
          0.10000010000000004 2.2000001 1.9000001000000002
          0.0000001 2.2000001 1.9000001
          0.2000001 2.2000001 1.9000001
          0.5000001000000001 2.200000099999999 1.9000001000000004
          0.8000000999999999 2.2000001 1.9000001000000002
          1.1000001 2.2000000999999996 1.9000001000000002
          1.4000001 2.2000001 1.9000001
          1.666666766666667 2.2000000999999996 1.9000001000000004
          1.9333334333333334 2.2000001 1.9000001000000004
          2.2000001 2.2000001 1.9000001
          2.5000001000000003 2.200000099999999 1.9000001000000009
          2.8000001 2.2000001 1.9000001000000002
          3.1000001 2.2000001000000005 1.9000001000000006
          3.4000001 2.2000001 1.9000001
          3.6500001000000015 2.2000001 1.9000001000000004
          3.9000000999999997 2.2000001 1.9000001000000002
          4.1500001 2.2000001 1.9000001000000004
          4.4000001 2.2000001 1.9000001
          0.10000010000023976 2.441353476181294 1.9377907449072262
          0.0000001 2.3923142121611276 1.9280362288064181
          0.20000010000000001 2.4903927402019286 1.947545261008126
          0.5000000999999998 2.4903927402016137 1.947545261008064
          0.8000001000000005 2.4903927402016137 1.947545261008064
          1.1000000999999995 2.490392740201614 1.9475452610080648
          1.4000001 2.4903927402019286 1.947545261008126
          1.6666667666666666 2.4903927402016137 1.9475452610080637
          1.9333334333333343 2.490392740201614 1.947545261008064
          2.2000001 2.4903927402019286 1.947545261008126
          2.5000001000000007 2.4903927402016137 1.9475452610080646
          2.8000001000000037 2.4903927402016137 1.947545261008064
          3.1000001000000017 2.490392740201615 1.9475452610080648
          3.4000001000000015 2.4903927402019286 1.947545261008126
          3.6500000999999984 2.490392740201614 1.947545261008064
          3.9000000999999997 2.4903927402016155 1.9475452610080637
          4.1500001 2.4903927402016137 1.947545261008062
          4.4000001 2.4903927402019286 1.947545261008126
          0.10000010000047932 2.6827068523625863 1.9755813898144514
          0.0000001 2.5846283243222543 1.9560723576128367
          0.2000001 2.780785380403858 1.9950904220162533
          0.5000001 2.7807853804032305 1.9950904220161285
          0.8000001000000001 2.7807853804032305 1.9950904220161285
          1.1000000999999997 2.7807853804032305 1.9950904220161285
          1.4000001 2.780785380403858 1.9950904220162533
          1.6666667666666666 2.7807853804032305 1.9950904220161283
          1.9333334333333336 2.7807853804032305 1.9950904220161283
          2.2000001 2.780785380403858 1.9950904220162533
          2.5000001000000007 2.7807853804032305 1.9950904220161285
          2.8000001 2.7807853804032305 1.9950904220161285
          3.1000000999999995 2.7807853804032305 1.9950904220161283
          3.4000001 2.780785380403858 1.9950904220162533
          3.6500001000000006 2.7807853804032305 1.9950904220161285
          3.9000000999999993 2.7807853804032305 1.9950904220161285
          4.1500001 2.7807853804032305 1.9950904220161285
          4.4000001 2.780785380403858 1.9950904220162533
          1.6666667666666666 2.878863908443555 2.0145994542177403
          1.4000001000000002 2.8788639084439667 2.014599454217824
          1.9333334333333343 2.8788639084435528 2.0145994542177403
          2.2000001 2.8788639084439667 2.014599454217824
          2.5000001000000016 2.8788639084435546 2.0145994542177412
          2.8000001 2.8788639084435528 2.0145994542177403
          3.1000001 2.878863908443555 2.0145994542177403
          3.400000100000001 2.8788639084439667 2.014599454217824
          3.6500001 2.8788639084435546 2.0145994542177412
          3.9000000999999997 2.8788639084435546 2.0145994542177403
          4.1500001 2.878863908443555 2.0145994542177412
          4.4000001 2.8788639084439667 2.014599454217824
          1.6666667666666666 2.976942436483877 2.0341084864193535
          1.4000001 2.976942436484075 2.034108486419393
          1.9333334333333336 2.976942436483877 2.0341084864193535
          2.2000001 2.976942436484075 2.034108486419393
          2.5000001000000007 2.976942436483877 2.0341084864193535
          2.8000001 2.976942436483877 2.0341084864193535
          3.1000000999999995 2.976942436483877 2.0341084864193535
          3.4000001 2.976942436484075 2.034108486419393
          3.6500001000000006 2.976942436483877 2.0341084864193535
          3.9000000999999993 2.976942436483877 2.0341084864193535
          4.1500001 2.976942436483877 2.0341084864193535
          4.4000001 2.976942436484075 2.034108486419393
          1.6666667666666677 3.173099492564522 2.0731265508225794
          1.4000001 3.1730994925642917 2.073126550822533
          1.9333334333333334 3.1730994925645204 2.0731265508225794
          2.2000001 3.1730994925642917 2.073126550822533
          3.6500000999999997 3.173099492564518 2.0731265508225794
          3.4000000999999997 3.1730994925642917 2.073126550822533
          3.9000000999999997 3.1730994925645253 2.0731265508225802
          4.1500001 3.17309949256452 2.0731265508225802
          4.4000001 3.1730994925642917 2.073126550822533
          1.6666667666666666 3.369256548645169 2.1121446152258057
          1.4000001 3.369256548644508 2.112144615225674
          1.9333334333333336 3.369256548645169 2.1121446152258057
          2.2000001 3.369256548644508 2.112144615225674
          3.6500001000000006 3.369256548645169 2.1121446152258057
          3.4000001 3.369256548644508 2.112144615225674
          3.9000000999999993 3.369256548645169 2.1121446152258057
          4.1500001 3.369256548645169 2.1121446152258057
          4.4000001 3.369256548644508 2.112144615225674
          3.650000100000002 3.467335076685493 2.131653647427417
          3.4000001000000006 3.46733507668531 2.1316536474273824
          3.9000000999999997 3.4673350766854933 2.1316536474274193
          4.1500001 3.467335076685493 2.1316536474274175
          4.4000001 3.46733507668531 2.1316536474273824
          3.6500001000000006 3.5654136047258147 2.1511626796290306
          3.4000001 3.5654136047261122 2.15116267962909
          3.9000000999999993 3.5654136047258147 2.151162679629031
          4.1500001 3.5654136047258147 2.1511626796290306
          4.4000001 3.5654136047261122 2.15116267962909
          3.4000001 0.13701694147940358 2.4888302782572778
          3.6500001 0.13701694147968424 2.488830278257163
          3.650000100000002 0.22940489473081271 2.4505619350206524
          3.4000001000000006 0.22940489473098336 2.450561935020582
          3.900000099999999 0.13701694147968424 2.4888302782571623
          3.9000000999999997 0.22940489473081227 2.450561935020653
          4.1500001 0.13701694147968468 2.4888302782571636
          4.1500001 0.22940489473081271 2.4505619350206533
          4.4000001 0.13701694147940358 2.4888302782572778
          4.4000001 0.22940489473098336 2.450561935020582
          3.6500001 0.3217928479819403 2.4122935917841417
          3.4000001 0.32179284798256313 2.4122935917838855
          3.900000099999999 0.3217928479819403 2.4122935917841417
          4.1500001 0.3217928479819403 2.4122935917841417
          4.4000001 0.32179284798256313 2.4122935917838855
          1.4000001 0.32179284798256313 2.4122935917838855
          1.6666667666666666 0.3217928479819401 2.412293591784141
          1.6666667666666657 0.506568754484198 2.3357569053111247
          1.4000001000000002 0.5065687544844163 2.335756905311036
          1.9333334333333332 0.3217928479819401 2.412293591784141
          1.9333334333333343 0.5065687544841985 2.3357569053111247
          2.2000001 0.32179284798256313 2.4122935917838855
          2.200000099999999 0.5065687544844163 2.335756905311036
          3.650000100000002 0.5065687544841987 2.3357569053111247
          3.4000001000000006 0.5065687544844163 2.335756905311036
          3.9000000999999993 0.5065687544841985 2.3357569053111247
          4.1500001 0.5065687544841989 2.3357569053111242
          4.4000001 0.5065687544844163 2.335756905311036
          1.6666667666666666 0.6913446609864562 2.259220218838108
          1.4000001 0.6913446609862692 2.259220218838186
          1.9333334333333332 0.6913446609864562 2.259220218838108
          2.2000001 0.6913446609862692 2.259220218838186
          3.6500001 0.6913446609864564 2.2592202188381085
          3.4000001 0.6913446609862692 2.259220218838186
          3.900000099999999 0.6913446609864562 2.259220218838108
          4.1500001 0.6913446609864566 2.259220218838109
          4.4000001 0.6913446609862692 2.259220218838186
          1.6666667666666657 0.7837326142375844 2.220951875601598
          1.4000000999999997 0.7837326142371954 2.2209518756017603
          1.9333334333333325 0.7837326142375844 2.220951875601597
          2.2000001 0.7837326142371954 2.2209518756017603
          2.5000001000000003 0.6913446609864562 2.259220218838108
          2.500000100000001 0.7837326142375838 2.220951875601598
          2.8000001 0.6913446609864562 2.259220218838108
          2.8000001000000005 0.7837326142375844 2.220951875601597
          3.100000099999999 0.6913446609864562 2.259220218838108
          3.1000001 0.7837326142375844 2.220951875601597
          3.4000001000000006 0.7837326142371954 2.2209518756017603
          3.650000100000002 0.7837326142375844 2.2209518756015987
          3.9000000999999997 0.7837326142375849 2.220951875601598
          4.1500001 0.7837326142375851 2.2209518756015987
          4.4000001 0.7837326142371954 2.2209518756017603
          1.6666667666666666 0.8761205674887128 2.1826835323650884
          1.4000001 0.8761205674881217 2.1826835323653344
          1.9333334333333332 0.8761205674887128 2.1826835323650884
          2.2000001 0.8761205674881217 2.1826835323653344
          2.5000001000000003 0.8761205674887128 2.1826835323650884
          2.8000001 0.8761205674887128 2.1826835323650884
          3.100000099999999 0.8761205674887128 2.1826835323650884
          3.4000001 0.8761205674881217 2.1826835323653344
          3.6500001 0.8761205674887129 2.182683532365089
          3.900000099999999 0.8761205674887128 2.1826835323650884
          4.1500001 0.8761205674887131 2.1826835323650893
          4.4000001 0.8761205674881217 2.1826835323653344
          0.0000001 1.0608964739912812 2.1061468458919426
          0.10000010000047932 0.9685085207401443 2.144415189128454
          0.10000010000023964 1.1842543103700722 2.0722076445642257
          0.0000001 1.2304482869956406 2.0530734729459708
          0.2000001 0.8761205674881217 2.1826835323653344
          0.2000001 1.1380603337440607 2.0913418161826676
          0.5000001 0.8761205674887129 2.182683532365089
          0.5000001000000002 1.138060333744357 2.091341816182545
          0.8000001 0.8761205674887128 2.1826835323650884
          0.8000001000000008 1.1380603337443562 2.091341816182546
          1.1000001 0.8761205674887129 2.182683532365089
          1.1000001000000006 1.1380603337443564 2.091341816182546
          1.4000001000000002 1.1380603337440607 2.0913418161826676
          1.6666667666666657 1.1380603337443564 2.091341816182544
          1.9333334333333343 1.1380603337443564 2.0913418161825432
          2.2000001 1.1380603337440607 2.0913418161826676
          2.500000100000001 1.1380603337443562 2.091341816182545
          2.8000000999999983 1.1380603337443562 2.091341816182546
          3.1000001 1.1380603337443567 2.091341816182544
          3.4000001 1.1380603337440607 2.0913418161826676
          3.650000099999999 1.1380603337443564 2.091341816182544
          3.900000099999998 1.138060333744357 2.091341816182544
          4.150000099999998 1.138060333744357 2.091341816182544
          4.4000001 1.1380603337440607 2.0913418161826676
          0.1000001 1.4000001 2.0000001000000003
          0.0000001 1.4000001 2.0000001000000003
          0.2000001 1.4000001 2.0000001000000003
          0.5000001000000001 1.4000001000000004 2.0000001000000007
          0.8000001 1.4000001 2.0000001000000003
          1.1000001 1.4000001 2.0000001000000003
          1.4000001 1.4000001 2.0000001000000003
          1.6666667666666664 1.4000000999999997 2.0000001000000003
          1.9333334333333334 1.4000000999999997 2.0000001000000003
          2.2000001 1.4000001 2.0000001000000003
          2.5000001000000003 1.4000000999999993 2.0000001000000003
          2.8000001 1.4000001 2.0000001000000003
          3.1000001 1.4000000999999997 2.0000001000000003
          3.4000001 1.4000001 2.0000001000000003
          3.650000099999999 1.4000001 2.0000001000000003
          3.9000000999999997 1.4000000999999997 2.0000001000000003
          4.1500001 1.4000001 2.0000001000000003
          4.4000001 1.4000001 2.0000001000000003
          0.10000009999999998 1.5000001 2.0000001000000003
          0.00000009999999999999998 1.5000001000000003 2.0000001000000003
          0.2000001 1.5000001000000003 2.0000001000000003
          0.5000001000000001 1.5000001000000005 2.000000100000002
          0.8000000999999995 1.5000001 2.0000001000000003
          1.1000000999999995 1.5000001000000007 2.0000001000000007
          1.4000000999999995 1.5000001000000003 2.0000001000000003
          1.6666667666666668 1.5000001000000003 2.000000100000001
          1.9333334333333316 1.5000000999999994 2.000000100000001
          2.2000001 1.5000001000000003 2.0000001000000003
          2.5000000999999994 1.5000000999999992 2.000000100000001
          2.8000001 1.5000001 2.0000001000000003
          3.1000001000000004 1.5000000999999992 2.000000100000001
          3.4000000999999993 1.5000001000000003 2.0000001000000003
          3.650000099999995 1.5000000999999998 2.000000100000001
          3.9000001000000015 1.5000001000000007 2.000000100000001
          4.150000100000001 1.5000000999999998 2.000000100000001
          4.4000001 1.5000001000000003 2.0000001000000003
          0.10000010000000004 1.6000001000000008 2.0000001000000003
          0.00000010000000000000001 1.6000001000000001 2.0000001000000003
          0.20000010000000001 1.6000001000000001 2.0000001000000003
          0.5000001000000007 1.6000001000000015 2.000000099999999
          0.8000001000000003 1.6000001000000008 2.0000001000000003
          1.1000001000000008 1.6000000999999997 2.0000000999999994
          1.4000001000000002 1.6000001000000001 2.0000001000000003
          1.6666667666666666 1.6000000999999997 2.0000001
          1.933333433333333 1.6000000999999997 2.0000000999999994
          2.2000001000000005 1.6000001000000001 2.0000001000000003
          2.5000001000000003 1.6000000999999997 2.0000001000000007
          2.800000100000002 1.6000001000000008 2.0000001000000003
          3.1000001000000013 1.6000000999999997 2.0000000999999994
          3.4000001000000006 1.6000001000000001 2.0000001000000003
          3.6500000999999997 1.6000000999999997 2.0000000999999985
          3.900000100000002 1.6000000999999997 2.0000000999999994
          4.1500001 1.6000001000000006 2.0000000999999994
          4.400000100000001 1.6000001000000001 2.0000001000000003
          0.10000010000000001 1.7000000999999993 2.0000001
          0.0000001 1.7000001 2.0000001000000003
          0.20000009999999996 1.7000001 2.0000001000000003
          0.5000000999999998 1.7000001000000002 2.0000001000000003
          0.8000001000000004 1.7000000999999993 2.0000001
          1.1000000999999995 1.7000000999999993 2.0000001000000003
          1.4000001 1.7000001 2.0000001000000003
          1.666666766666667 1.7000000999999993 2.0000001000000007
          1.9333334333333334 1.7000000999999993 2.0000001000000003
          2.200000100000001 1.7000001 2.0000001000000003
          2.500000100000002 1.7000000999999991 2.0000001000000003
          2.8000001000000005 1.7000000999999993 2.0000001
          3.100000100000002 1.7000000999999993 2.0000001000000003
          3.4000001000000006 1.7000001 2.0000001000000003
          3.6500001000000024 1.7000001 2.0000000999999985
          3.900000100000002 1.7000000999999991 2.0000000999999994
          4.1500001000000015 1.7000001 2.0000000999999994
          4.4000001 1.7000001 2.0000001000000003
          0.10000009999999998 1.8000000999999999 2.0000001000000003
          0.0000001 1.8000001 2.0000001000000003
          0.20000009999999996 1.8000001 2.0000001000000003
          0.5000001 1.8000001 2.0000001000000003
          0.8000001000000003 1.8000000999999999 2.0000001000000003
          1.1000000999999997 1.8000001 2.0000001000000003
          1.4000000999999997 1.8000001 2.0000001000000003
          1.6666667666666657 1.8000001000000008 2.0000001000000003
          1.9333334333333314 1.8000001 2.0000001000000003
          2.2000001 1.8000001 2.0000001000000003
          2.5000001000000016 1.8000000999999997 2.0000001
          2.8000000999999997 1.8000000999999999 2.0000001000000003
          3.1000001000000017 1.8000001 2.0000001000000003
          3.4000001000000006 1.8000001 2.0000001000000003
          3.6500000999999984 1.8000001 2.0000000999999985
          3.900000099999998 1.8000001 2.0000001000000003
          4.150000099999998 1.8000001 2.0000001000000003
          4.4000001 1.8000001 2.0000001000000003
          0.1000001 1.9000001000000002 2.0000000999999994
          0.0000001 1.9000001000000004 2.0000001000000003
          0.20000009999999996 1.9000001000000004 2.0000001000000003
          0.5000001000000001 1.9000000999999997 2.0000001000000003
          0.8000000999999994 1.9000001000000002 2.0000000999999994
          1.1000000999999995 1.9000001000000002 2.0000001000000003
          1.4000001 1.9000001000000004 2.0000001000000003
          1.6666667666666655 1.9000000999999997 2.0000001000000003
          1.9333334333333334 1.9000000999999997 2.0000001000000003
          2.2000001 1.9000001000000004 2.0000001000000003
          2.5000001000000007 1.9000000999999989 2.0000001000000003
          2.8000001 1.9000001000000002 2.0000000999999994
          3.1000001000000017 1.9000001000000009 2.0000001000000003
          3.400000100000001 1.9000001000000004 2.0000001000000003
          3.650000100000002 1.9000001 2.0000001000000003
          3.9000000999999997 1.9000001000000006 2.0000001000000003
          4.1500001 1.900000100000001 2.0000001000000003
          4.4000001 1.9000001000000004 2.0000001000000003
          0.10000009999999994 2.0000001000000003 2.0000001000000003
          0.0000001 2.0000001000000003 2.0000001000000003
          0.20000009999999996 2.0000001000000003 2.0000001000000003
          0.5000001000000001 2.0000001 2.0000001000000007
          0.8000001000000005 2.0000001000000003 2.0000001000000003
          1.1000001 2.0000001000000003 2.000000100000001
          1.4000000999999997 2.0000001000000003 2.0000001000000003
          1.666666766666666 2.0000001000000003 2.000000100000001
          1.9333334333333316 2.0000001000000003 2.000000100000001
          2.2000001 2.0000001000000003 2.0000001000000003
          2.5000000999999985 2.0000001000000003 2.000000100000001
          2.8000000999999983 2.0000001000000003 2.0000001000000003
          3.100000099999998 2.0000001000000003 2.000000100000001
          3.400000099999999 2.0000001000000003 2.0000001000000003
          3.650000099999995 2.0000001000000003 2.0000000999999994
          3.900000099999998 2.0000001000000003 2.000000100000001
          4.150000099999998 2.0000001000000003 2.000000100000001
          4.4000001 2.0000001000000003 2.0000001000000003
          0.10000009999999998 2.1000001 2.0000001000000003
          0.0000001 2.1000001 2.0000001000000003
          0.2000001 2.1000001 2.0000001000000003
          0.5000001000000002 2.1000000999999995 2.0000001000000007
          0.8000001000000009 2.1000001 2.0000001000000003
          1.1000001 2.1000001 2.000000100000001
          1.4000001 2.1000001 2.0000001000000003
          1.6666667666666657 2.1000001000000004 2.000000100000001
          1.9333334333333345 2.1000001 2.000000100000001
          2.2000001 2.1000001 2.0000001000000003
          2.5000001000000003 2.1000001 2.000000100000001
          2.8000001 2.1000001 2.0000001000000003
          3.1000001 2.1000001 2.0000001000000003
          3.4000001 2.1000001 2.0000001000000003
          3.6500000999999997 2.1000001 2.000000100000002
          3.9000000999999997 2.1000001 2.000000100000001
          4.1500001 2.1000001 2.000000100000001
          4.4000001 2.1000001 2.0000001000000003
          0.1000001 2.2000001 2.0000001000000003
          0.0000001 2.2000001 2.0000001000000003
          0.2000001 2.2000001 2.0000001000000003
          0.5000001000000001 2.2000000999999996 2.0000001000000007
          0.8000001 2.2000001 2.0000001000000003
          1.1000001 2.2000001 2.0000001000000003
          1.4000001 2.2000001 2.0000001000000003
          1.6666667666666664 2.2000001 2.0000001000000003
          1.9333334333333334 2.2000001 2.0000001000000003
          2.2000001 2.2000001 2.0000001000000003
          2.5000001000000003 2.2000000999999996 2.0000001000000003
          2.8000001 2.2000001 2.0000001000000003
          3.1000001 2.2000001 2.0000001000000003
          3.4000001 2.2000001 2.0000001000000003
          3.650000099999999 2.2000001 2.0000001000000003
          3.9000000999999997 2.2000001000000005 2.0000001000000003
          4.1500001 2.2000001000000005 2.0000001000000003
          4.4000001 2.2000001 2.0000001000000003
          0.10000010000023964 2.415745889629928 2.072207644564227
          0.0000001 2.3695519130043596 2.0530734729459708
          0.2000001 2.4619398662559386 2.0913418161826676
          0.5000001 2.4619398662556438 2.091341816182545
          0.8000001000000004 2.461939866255643 2.091341816182544
          1.1000001 2.461939866255643 2.091341816182544
          1.4000001000000002 2.4619398662559386 2.0913418161826676
          1.6666667666666675 2.461939866255642 2.091341816182544
          1.9333334333333334 2.461939866255643 2.0913418161825446
          2.2000001 2.4619398662559386 2.0913418161826676
          2.5000001000000007 2.461939866255643 2.091341816182544
          2.8000001 2.461939866255643 2.091341816182544
          3.1000001000000017 2.461939866255643 2.091341816182544
          3.400000100000001 2.4619398662559386 2.0913418161826676
          3.650000099999997 2.461939866255643 2.091341816182544
          3.9000000999999997 2.4619398662556446 2.091341816182544
          4.1500001 2.4619398662556446 2.091341816182544
          4.4000001 2.4619398662559386 2.0913418161826676
          0.10000010000047932 2.6314916792598555 2.1444151891284555
          0.0000001 2.539103726008719 2.106146845891943
          0.2000001 2.723879632511878 2.182683532365335
          0.5000001 2.723879632511287 2.1826835323650897
          0.8000001 2.723879632511287 2.1826835323650897
          1.1000001 2.723879632511287 2.1826835323650897
          1.4000001 2.723879632511878 2.182683532365335
          1.6666667666666666 2.723879632511287 2.1826835323650897
          1.9333334333333332 2.723879632511287 2.1826835323650897
          2.2000001 2.723879632511878 2.182683532365335
          2.5000001000000003 2.723879632511287 2.1826835323650897
          2.8000001 2.723879632511287 2.1826835323650897
          3.100000099999999 2.723879632511287 2.1826835323650897
          3.4000001 2.723879632511878 2.182683532365335
          3.6500001 2.723879632511287 2.1826835323650897
          3.900000099999999 2.723879632511287 2.1826835323650897
          4.1500001 2.723879632511287 2.1826835323650897
          4.4000001 2.723879632511878 2.182683532365335
          1.6666667666666666 2.8162675857624153 2.2209518756015987
          1.4000001 2.8162675857628043 2.2209518756017603
          1.9333334333333334 2.816267585762415 2.2209518756015982
          2.2000001 2.8162675857628043 2.2209518756017603
          2.500000099999999 2.816267585762415 2.2209518756016
          2.8000001000000005 2.8162675857624153 2.2209518756015987
          3.100000099999998 2.816267585762415 2.2209518756015987
          3.4000000999999997 2.8162675857628043 2.2209518756017603
          3.6500000999999984 2.816267585762417 2.2209518756016005
          3.900000099999998 2.816267585762415 2.2209518756015982
          4.1500001 2.816267585762415 2.2209518756015982
          4.4000001 2.8162675857628043 2.2209518756017603
          1.6666667666666666 2.9086555390135445 2.2592202188381076
          1.4000001 2.908655539013731 2.2592202188381854
          1.9333334333333332 2.9086555390135445 2.2592202188381076
          2.2000001 2.908655539013731 2.2592202188381854
          2.5000001000000003 2.9086555390135445 2.2592202188381076
          2.8000001 2.9086555390135445 2.2592202188381076
          3.100000099999999 2.9086555390135445 2.2592202188381076
          3.4000001 2.908655539013731 2.2592202188381854
          3.6500001 2.9086555390135445 2.2592202188381076
          3.900000099999999 2.9086555390135445 2.2592202188381076
          4.1500001 2.9086555390135445 2.2592202188381076
          4.4000001 2.908655539013731 2.2592202188381854
          1.6666667666666657 3.093431445515801 2.3357569053111273
          1.4000000999999997 3.093431445515585 2.335756905311036
          1.9333334333333325 3.093431445515803 2.3357569053111273
          2.2000001 3.093431445515585 2.335756905311036
          3.650000100000002 3.093431445515801 2.335756905311125
          3.4000001000000006 3.093431445515585 2.335756905311036
          3.9000000999999997 3.093431445515805 2.3357569053111273
          4.1500001 3.0934314455158027 2.3357569053111273
          4.4000001 3.093431445515585 2.335756905311036
          1.6666667666666666 3.2782073520180592 2.412293591784143
          1.4000001 3.278207352017437 2.4122935917838855
          1.9333334333333332 3.2782073520180592 2.412293591784143
          2.2000001 3.278207352017437 2.4122935917838855
          3.6500001 3.2782073520180592 2.412293591784143
          3.4000001 3.278207352017437 2.4122935917838855
          3.900000099999999 3.2782073520180592 2.412293591784143
          4.1500001 3.2782073520180592 2.412293591784143
          4.4000001 3.278207352017437 2.4122935917838855
          3.6500000999999984 3.3705953052691866 2.450561935020651
          3.4000000999999993 3.3705953052690165 2.4505619350205814
          3.900000099999998 3.370595305269187 2.450561935020652
          4.1500001 3.3705953052691866 2.450561935020652
          4.4000001 3.3705953052690165 2.4505619350205814
          3.6500001 3.4629832585203166 2.4888302782571614
          3.4000001 3.4629832585205964 2.4888302782572778
          3.900000099999999 3.4629832585203166 2.4888302782571614
          4.1500001 3.4629832585203166 2.4888302782571614
          4.4000001 3.4629832585205964 2.4888302782572778
          3.4000001 0.30335479785516606 2.8000265194354528
          3.650000100000001 0.30335479785541786 2.800026519435283
          3.6500001000000015 0.38650175908567164 2.7444694961333216
          3.4000001 0.3865017590858264 2.7444694961332203
          3.9000001 0.3033547978554183 2.8000265194352836
          3.9000001 0.38650175908567164 2.7444694961333216
          4.1500001 0.3033547978554183 2.8000265194352836
          4.1500001 0.38650175908567164 2.744469496133321
          4.4000001 0.30335479785516606 2.8000265194354528
          4.4000001 0.3865017590858264 2.7444694961332203
          3.650000100000001 0.46964872031592564 2.688912472831361
          3.4000001 0.46964872031648675 2.6889124728309883
          3.9000001 0.46964872031592564 2.688912472831361
          4.1500001 0.46964872031592564 2.688912472831361
          4.4000001 0.46964872031648675 2.6889124728309883
          1.4000001 0.46964872031648675 2.6889124728309883
          1.6666667666666666 0.46964872031592564 2.688912472831361
          1.6666667666666672 0.6359426427764353 2.5777984262274405
          1.4000001000000002 0.6359426427766323 2.5777984262273113
          1.9333334333333332 0.46964872031592564 2.688912472831361
          1.9333334333333323 0.6359426427764356 2.5777984262274405
          2.2000001 0.46964872031648675 2.6889124728309883
          2.2000000999999996 0.6359426427766323 2.5777984262273113
          3.6500001000000015 0.6359426427764358 2.57779842622744
          3.4000001000000006 0.6359426427766323 2.5777984262273113
          3.900000099999999 0.6359426427764358 2.577798426227441
          4.1500001 0.6359426427764356 2.57779842622744
          4.4000001 0.6359426427766323 2.5777984262273113
          1.6666667666666666 0.8022365652369451 2.4666843796235214
          1.4000001 0.8022365652367774 2.466684379623635
          1.9333334333333332 0.8022365652369451 2.4666843796235214
          2.2000001 0.8022365652367774 2.466684379623635
          3.650000100000001 0.8022365652369453 2.466684379623522
          3.4000001 0.8022365652367774 2.466684379623635
          3.9000001 0.8022365652369456 2.4666843796235223
          4.1500001 0.8022365652369456 2.4666843796235223
          4.4000001 0.8022365652367774 2.466684379623635
          1.6666667666666666 0.8853835264671996 2.4111273563215625
          1.4000001 0.8853835264668499 2.4111273563217965
          1.9333334333333325 0.8853835264671996 2.4111273563215616
          2.2000001 0.8853835264668499 2.4111273563217965
          2.5000001000000003 0.8022365652369453 2.466684379623522
          2.5000000999999994 0.8853835264672001 2.411127356321561
          2.8000001 0.8022365652369453 2.466684379623522
          2.8000001 0.8853835264671999 2.411127356321561
          3.100000099999999 0.8022365652369451 2.4666843796235214
          3.100000099999998 0.8853835264671992 2.4111273563215603
          3.4000001 0.8853835264668499 2.4111273563217965
          3.6500001000000015 0.8853835264671999 2.411127356321562
          3.9000001 0.8853835264672003 2.4111273563215616
          4.1500001 0.8853835264672001 2.411127356321562
          4.4000001 0.8853835264668499 2.4111273563217965
          1.6666667666666666 0.9685304876974542 2.3555703330196014
          1.4000001 0.9685304876969223 2.3555703330199576
          1.9333334333333332 0.9685304876974542 2.3555703330196014
          2.2000001 0.9685304876969223 2.3555703330199576
          2.5000001000000003 0.9685304876974539 2.355570333019601
          2.8000001 0.9685304876974544 2.3555703330196014
          3.100000099999999 0.9685304876974536 2.3555703330196005
          3.4000001 0.9685304876969223 2.3555703330199576
          3.650000100000001 0.9685304876974544 2.3555703330196014
          3.9000001 0.9685304876974546 2.3555703330196023
          4.1500001 0.9685304876974546 2.3555703330196023
          4.4000001 0.9685304876969223 2.3555703330199576
          0.0000001 1.1348244101582434 2.2444562864154944
          0.10000010000047932 1.0516774489279814 2.3000133097174595
          0.10000010000023969 1.2258387744639916 2.20000670485873
          0.0000001 1.2674122550791216 2.1722281932077467
          0.2000001 0.9685304876969223 2.3555703330199576
          0.20000009999999996 1.184265293848461 2.2277852165099787
          0.5000000999999998 0.9685304876974542 2.3555703330196014
          0.5000001 1.184265293848728 2.2277852165097993
          0.8000001 0.9685304876974544 2.3555703330196014
          0.8000000999999997 1.1842652938487275 2.2277852165098
          1.1000001 0.9685304876974544 2.3555703330196014
          1.1000000999999997 1.1842652938487275 2.2277852165098
          1.4000000999999997 1.184265293848461 2.2277852165099787
          1.6666667666666675 1.184265293848727 2.2277852165098
          1.9333334333333323 1.1842652938487266 2.2277852165098
          2.2000001 1.184265293848461 2.2277852165099787
          2.500000099999999 1.1842652938487264 2.2277852165098
          2.8000001 1.1842652938487275 2.2277852165098
          3.1000001 1.1842652938487266 2.2277852165098
          3.4000001 1.184265293848461 2.2277852165099787
          3.6500001000000024 1.1842652938487275 2.2277852165098
          3.9000000999999997 1.1842652938487275 2.227785216509801
          4.1500001 1.184265293848728 2.227785216509801
          4.4000001 1.184265293848461 2.2277852165099787
          0.10000010000000001 1.4000001 2.1000001
          0.0000001 1.4000001 2.1000001
          0.2000001 1.4000001 2.1000001
          0.5000001000000001 1.4000001 2.1000001
          0.8000001 1.4000001 2.1000001
          1.1000001 1.4000001 2.1000001
          1.4000001 1.4000001 2.1000001
          1.6666667666666664 1.4000000999999997 2.1000001
          1.9333334333333334 1.4000000999999997 2.1000001
          2.2000001 1.4000001 2.1000001
          2.5000001000000003 1.4000000999999995 2.1000001
          2.8000001 1.4000001 2.1000001
          3.1000001 1.4000000999999997 2.1000001
          3.4000001 1.4000001 2.1000001
          3.6500001000000006 1.4000001000000002 2.1000001
          3.9000000999999997 1.4000001 2.1000001
          4.1500001 1.4000001 2.1000001
          4.4000001 1.4000001 2.1000001
          0.10000009999999998 1.5000001 2.1000001
          0.0000001 1.5000001000000003 2.1000001
          0.2000001 1.5000001000000003 2.1000001
          0.5000001000000004 1.5000001 2.1000000999999995
          0.8000000999999991 1.5000001 2.1000001
          1.1000001000000001 1.5000000999999998 2.1000001
          1.4000000999999995 1.5000001000000003 2.1000001
          1.6666667666666666 1.500000100000001 2.100000099999999
          1.9333334333333316 1.5000001 2.1000001
          2.2000001 1.5000001000000003 2.1000001
          2.5000001000000003 1.5000000999999992 2.1000001
          2.800000100000002 1.5000001 2.1000001
          3.100000100000002 1.5000000999999992 2.1000001000000004
          3.4000000999999993 1.5000001000000003 2.1000001
          3.6500001000000006 1.5000001 2.100000100000001
          3.9000000999999984 1.5000001 2.1000001
          4.150000099999998 1.5000001000000003 2.1000001
          4.4000001 1.5000001000000003 2.1000001
          0.1000001 1.6000000999999997 2.1000001
          0.00000010000000000000001 1.6000001000000001 2.1000001
          0.2000001 1.6000001000000001 2.1000001
          0.5000001000000003 1.6000001000000015 2.100000100000001
          0.8000001000000004 1.6000000999999997 2.1000001
          1.1000001 1.6000000999999997 2.100000099999999
          1.4000001 1.6000001000000001 2.1000001
          1.6666667666666655 1.6000001 2.1000000999999995
          1.9333334333333343 1.6000001 2.1000000999999986
          2.2000001 1.6000001000000001 2.1000001
          2.5000001000000007 1.6000000999999988 2.1000000999999986
          2.8000000999999997 1.6000000999999997 2.1000001
          3.1000001000000017 1.6000000999999997 2.100000099999999
          3.4000001000000006 1.6000001000000001 2.1000001
          3.6500001000000015 1.6000001000000008 2.100000100000001
          3.9000000999999993 1.6000001 2.100000099999999
          4.1500001 1.6000000999999997 2.100000100000001
          4.4000001 1.6000001000000001 2.1000001
          0.10000009999999998 1.7000001 2.1000001
          0.0000001 1.7000001 2.1000001
          0.20000009999999996 1.7000001 2.1000001
          0.5000001000000002 1.7000001000000002 2.100000099999999
          0.8000001 1.7000001 2.1000001
          1.1000000999999997 1.7000001000000002 2.100000100000001
          1.4000001 1.7000001 2.1000001
          1.6666667666666668 1.7000000999999991 2.100000100000001
          1.9333334333333336 1.7000001 2.1000001
          2.200000100000001 1.7000001 2.1000001
          2.5000001000000007 1.7000001 2.1000001
          2.800000100000002 1.7000001 2.1000001
          3.1000001000000017 1.7000001000000002 2.100000100000001
          3.4000001000000015 1.7000001 2.1000001
          3.6500001000000037 1.700000100000001 2.1000001
          3.9000001000000024 1.7000001 2.1000000999999995
          4.1500001 1.7000001 2.100000099999999
          4.4000001 1.7000001 2.1000001
          0.1000001 1.8000001 2.1000001
          0.0000001 1.8000001 2.1000001
          0.2000001 1.8000001 2.1000001
          0.5000001 1.8000000999999999 2.100000100000001
          0.8000000999999991 1.8000001 2.1000001
          1.1000000999999993 1.8000001000000003 2.1000001
          1.4000000999999995 1.8000001 2.1000001
          1.666666766666666 1.8000001 2.1000001
          1.9333334333333334 1.8000001 2.1000001
          2.2000001 1.8000001 2.1000001
          2.5000001000000003 1.800000099999999 2.1000001
          2.8000001 1.8000001 2.1000001
          3.1000001 1.8000001 2.1000001
          3.4000001 1.8000001 2.1000001
          3.6500001000000006 1.8000001 2.100000100000001
          3.9000000999999997 1.8000001 2.1000001
          4.1500001 1.8000001 2.1000001
          4.4000001 1.8000001 2.1000001
          0.10000010000000004 1.9000001 2.1000001
          0.0000001 1.9000001000000004 2.1000001
          0.20000009999999996 1.9000001000000004 2.1000001
          0.5000001000000004 1.900000099999999 2.1000001
          0.8000000999999994 1.9000001 2.1000001
          1.1000001000000004 1.9000001 2.1000001
          1.4000001 1.9000001000000004 2.1000001
          1.6666667666666666 1.9000001000000009 2.1000001
          1.9333334333333343 1.9000001000000009 2.1000001
          2.2000001 1.9000001000000004 2.1000001
          2.5000001000000003 1.9000000999999989 2.1000001
          2.8000001000000037 1.9000001 2.1000001
          3.1000001000000017 1.9000001000000017 2.1000001
          3.4000001000000015 1.9000001000000004 2.1000001
          3.6500001000000055 1.900000100000002 2.100000100000001
          3.9000001000000037 1.9000001 2.1000001
          4.1500001 1.9000001000000017 2.1000001
          4.4000001 1.9000001000000004 2.1000001
          0.10000009999999998 2.0000001000000003 2.100000100000001
          0.0000001 2.0000001000000003 2.1000001
          0.20000010000000001 2.0000001000000003 2.1000001
          0.5000001000000003 2.000000099999999 2.1000001000000004
          0.8000001 2.0000001000000003 2.100000100000001
          1.1000001 2.0000001000000003 2.100000100000001
          1.4000001 2.0000001000000003 2.1000001
          1.6666667666666666 2.0000001000000003 2.100000100000001
          1.9333334333333336 2.0000001000000003 2.100000100000001
          2.2000001 2.0000001000000003 2.1000001
          2.5000000999999994 2.0000000999999994 2.100000100000001
          2.8000001 2.0000001000000003 2.100000100000001
          3.1000001 2.0000001000000003 2.100000100000001
          3.4000000999999993 2.0000001000000003 2.1000001
          3.6500000999999997 2.0000001000000003 2.100000100000001
          3.9000000999999997 2.0000001000000003 2.100000100000001
          4.1500001 2.0000001000000003 2.100000100000001
          4.4000001 2.0000001000000003 2.1000001
          0.10000010000000004 2.1000001 2.1000001
          0.0000001 2.1000001 2.1000001
          0.20000010000000001 2.1000001 2.1000001
          0.5000001000000005 2.1000000999999986 2.1000001000000004
          0.8000000999999999 2.1000001 2.1000001
          1.1000001000000001 2.1000001 2.1000001
          1.4000001000000002 2.1000001 2.1000001
          1.6666667666666666 2.1000001 2.1000001
          1.9333334333333343 2.1000001 2.1000001
          2.2000001 2.1000001 2.1000001
          2.5000001000000003 2.100000099999999 2.1000001
          2.800000100000002 2.1000001 2.1000001
          3.1000001 2.100000099999999 2.100000099999999
          3.4000001 2.1000001 2.1000001
          3.650000100000002 2.1000001 2.100000100000001
          3.9000001 2.1000001 2.1000001
          4.150000099999998 2.1000001 2.1000001
          4.4000001 2.1000001 2.1000001
          0.10000010000000001 2.2000001 2.1000001
          0.0000001 2.2000001 2.1000001
          0.2000001 2.2000001 2.1000001
          0.5000001000000001 2.200000099999999 2.1000001
          0.8000001 2.2000001 2.1000001
          1.1000001 2.2000001 2.1000001
          1.4000001 2.2000001 2.1000001
          1.6666667666666664 2.2000001 2.1000001
          1.9333334333333334 2.2000001 2.1000001
          2.2000001 2.2000001 2.1000001
          2.5000001000000003 2.200000099999999 2.1000001
          2.8000001 2.2000001 2.1000001
          3.1000001 2.2000000999999996 2.1000001
          3.4000001 2.2000001 2.1000001
          3.6500001000000006 2.2000001 2.1000001
          3.9000000999999997 2.2000001 2.1000001
          4.1500001 2.2000001 2.1000001
          4.4000001 2.2000001 2.1000001
          0.10000010000023962 2.374161425536009 2.2000067048587293
          0.0000001 2.332587944920878 2.1722281932077467
          0.2000001 2.4157349061515387 2.2277852165099787
          0.5000001 2.415734906151272 2.227785216509801
          0.8000001 2.415734906151273 2.227785216509801
          1.1000001 2.415734906151273 2.227785216509801
          1.4000001 2.4157349061515387 2.2277852165099787
          1.6666667666666657 2.4157349061512727 2.227785216509801
          1.9333334333333343 2.415734906151273 2.227785216509801
          2.2000001 2.4157349061515387 2.2277852165099787
          2.5000001 2.415734906151272 2.227785216509801
          2.8000001 2.415734906151273 2.227785216509801
          3.1000001000000017 2.4157349061512723 2.227785216509801
          3.400000100000001 2.4157349061515387 2.2277852165099787
          3.6500000999999984 2.415734906151273 2.227785216509801
          3.9000001000000015 2.4157349061512727 2.227785216509802
          4.1500001 2.415734906151273 2.227785216509802
          4.4000001 2.4157349061515387 2.2277852165099787
          0.10000010000047932 2.5483227510720186 2.3000133097174595
          0.0000001 2.465175789841757 2.2444562864154944
          0.2000001 2.631469712303078 2.3555703330199576
          0.5000000999999998 2.6314697123025454 2.355570333019602
          0.8000001 2.6314697123025454 2.355570333019602
          1.1000001 2.6314697123025454 2.355570333019602
          1.4000001 2.631469712303078 2.3555703330199576
          1.6666667666666666 2.631469712302546 2.355570333019602
          1.9333334333333332 2.6314697123025454 2.355570333019602
          2.2000001 2.631469712303078 2.3555703330199576
          2.5000001000000003 2.6314697123025454 2.355570333019602
          2.8000001 2.6314697123025454 2.355570333019602
          3.100000099999999 2.6314697123025454 2.355570333019602
          3.4000001 2.631469712303078 2.3555703330199576
          3.650000100000001 2.6314697123025454 2.355570333019602
          3.9000001 2.631469712302546 2.355570333019602
          4.1500001 2.6314697123025454 2.355570333019602
          4.4000001 2.631469712303078 2.3555703330199576
          1.6666667666666666 2.7146166735328 2.4111273563215647
          1.4000001 2.71461667353315 2.4111273563217974
          1.933333433333334 2.7146166735328 2.4111273563215647
          2.2000001 2.71461667353315 2.4111273563217974
          2.500000100000001 2.7146166735327997 2.411127356321564
          2.8000001 2.7146166735328 2.4111273563215647
          3.100000099999998 2.7146166735328006 2.4111273563215647
          3.4000001 2.71461667353315 2.4111273563217974
          3.6500000999999984 2.7146166735327997 2.4111273563215647
          3.9000000999999997 2.7146166735328 2.411127356321564
          4.1500001 2.7146166735328 2.4111273563215647
          4.4000001 2.71461667353315 2.4111273563217974
          1.6666667666666666 2.7977636347630543 2.4666843796235227
          1.4000001 2.797763634763222 2.466684379623635
          1.9333334333333332 2.7977636347630543 2.4666843796235227
          2.2000001 2.797763634763222 2.466684379623635
          2.5000001000000003 2.7977636347630543 2.4666843796235227
          2.8000001 2.7977636347630543 2.4666843796235227
          3.100000099999999 2.7977636347630543 2.4666843796235227
          3.4000001 2.797763634763222 2.466684379623635
          3.650000100000001 2.7977636347630543 2.4666843796235227
          3.9000001 2.7977636347630543 2.4666843796235227
          4.1500001 2.7977636347630543 2.4666843796235227
          4.4000001 2.797763634763222 2.466684379623635
          1.6666667666666666 2.964057557223564 2.577798426227443
          1.4000001 2.9640575572233683 2.577798426227312
          1.9333334333333325 2.9640575572235646 2.577798426227443
          2.2000001 2.9640575572233683 2.577798426227312
          3.6500001000000015 2.9640575572235637 2.577798426227441
          3.4000001 2.9640575572233683 2.577798426227312
          3.9000001 2.9640575572235637 2.5777984262274427
          4.1500001 2.9640575572235637 2.5777984262274427
          4.4000001 2.9640575572233683 2.577798426227312
          1.6666667666666666 3.130351479684073 2.6889124728313627
          1.4000001 3.130351479683513 2.6889124728309888
          1.9333334333333332 3.130351479684073 2.6889124728313627
          2.2000001 3.130351479683513 2.6889124728309888
          3.650000100000001 3.130351479684073 2.688912472831363
          3.4000001 3.130351479683513 2.6889124728309888
          3.9000001 3.130351479684073 2.6889124728313627
          4.1500001 3.130351479684073 2.688912472831363
          4.4000001 3.130351479683513 2.6889124728309888
          3.6500001 3.213498440914324 2.7444694961333216
          3.4000000999999993 3.2134984409141727 2.744469496133221
          3.9000000999999997 3.2134984409143263 2.7444694961333256
          4.1500001 3.213498440914324 2.7444694961333234
          4.4000001 3.2134984409141727 2.744469496133221
          3.650000100000001 3.2966454021445815 2.8000265194352845
          3.4000001 3.2966454021448337 2.8000265194354528
          3.9000001 3.2966454021445815 2.800026519435284
          4.1500001 3.2966454021445815 2.8000265194352845
          4.4000001 3.2966454021448337 2.8000265194354528
          3.4000001 0.527207893864 3.072792306136
          3.6500001 0.5272078938642144 3.072792306135785
          3.6500000999999997 0.5979185719828692 3.002081628017131
          3.4000001 0.597918571983 3.0020816280169997
          3.9000000999999997 0.5272078938642144 3.072792306135785
          3.9000000999999997 0.597918571982869 3.002081628017131
          4.1500001 0.5272078938642144 3.072792306135785
          4.1500001 0.597918571982869 3.002081628017131
          4.4000001 0.527207893864 3.072792306136
          4.4000001 0.597918571983 3.0020816280169997
          3.6500001 0.6686292501015239 2.9313709498984766
          3.4000001 0.668629250102 2.931370949898
          3.9000000999999997 0.6686292501015239 2.9313709498984766
          4.1500001 0.6686292501015239 2.9313709498984766
          4.4000001 0.668629250102 2.931370949898
          1.4000001 0.668629250102 2.931370949898
          1.6666667666666666 0.6686292501015239 2.9313709498984766
          1.6666667666666661 0.8100506063388333 2.789949593661167
          1.4000001 0.8100506063390001 2.789949593661
          1.9333334333333334 0.6686292501015239 2.9313709498984766
          1.9333334333333336 0.8100506063388336 2.7899495936611665
          2.2000001 0.668629250102 2.931370949898
          2.2000001 0.8100506063390001 2.789949593661
          3.6500000999999997 0.8100506063388336 2.7899495936611665
          3.4000001 0.8100506063390001 2.789949593661
          3.9000000999999997 0.8100506063388334 2.7899495936611665
          4.1500001 0.8100506063388336 2.789949593661166
          4.4000001 0.8100506063390001 2.789949593661
          1.6666667666666666 0.9514719625761429 2.648528237423857
          1.4000001 0.951471962576 2.648528237424
          1.9333334333333334 0.9514719625761429 2.648528237423857
          2.2000001 0.951471962576 2.648528237424
          3.6500001 0.9514719625761429 2.648528237423857
          3.4000001 0.951471962576 2.648528237424
          3.9000000999999997 0.9514719625761429 2.648528237423857
          4.1500001 0.9514719625761429 2.648528237423857
          4.4000001 0.951471962576 2.648528237424
          1.6666667666666666 1.0221826406947978 2.5778175593052026
          1.4000001 1.0221826406945 2.5778175593055
          1.9333334333333334 1.0221826406947976 2.5778175593052017
          2.2000001 1.0221826406945 2.5778175593055
          2.5000001000000003 0.9514719625761429 2.648528237423857
          2.5000001000000003 1.0221826406947978 2.577817559305202
          2.8000001 0.9514719625761429 2.648528237423857
          2.8000001 1.0221826406947976 2.5778175593052017
          3.1000001 0.9514719625761429 2.648528237423857
          3.1000001 1.0221826406947976 2.5778175593052017
          3.4000001 1.0221826406945 2.5778175593055
          3.6500000999999997 1.0221826406947976 2.5778175593052017
          3.9000000999999997 1.0221826406947978 2.5778175593052026
          4.1500001 1.0221826406947978 2.5778175593052017
          4.4000001 1.0221826406945 2.5778175593055
          1.6666667666666666 1.0928933188134524 2.5071068811865476
          1.4000001 1.092893318813 2.507106881187
          1.9333334333333334 1.0928933188134524 2.5071068811865476
          2.2000001 1.092893318813 2.507106881187
          2.5000001000000003 1.0928933188134524 2.5071068811865476
          2.8000001 1.0928933188134524 2.5071068811865476
          3.1000001 1.0928933188134524 2.5071068811865476
          3.4000001 1.092893318813 2.507106881187
          3.6500001 1.0928933188134524 2.5071068811865476
          3.9000000999999997 1.0928933188134524 2.5071068811865476
          4.1500001 1.0928933188134524 2.5071068811865476
          4.4000001 1.092893318813 2.507106881187
          0.0000001 1.234314675051 2.365685524949
          0.10000010000047932 1.1636039969323388 2.4363962030676607
          0.10000010000023966 1.2818020484661696 2.3181981515338297
          0.0000001 1.3171573875255 2.2828428124744997
          0.2000001 1.092893318813 2.507106881187
          0.2000001 1.2464467094065 2.3535534905935
          0.5000001 1.0928933188134524 2.5071068811865476
          0.5000001000000001 1.2464467094067264 2.353553490593273
          0.8000001 1.0928933188134524 2.5071068811865476
          0.8000001 1.2464467094067264 2.3535534905932742
          1.1000001 1.0928933188134524 2.5071068811865476
          1.1000001 1.246446709406726 2.353553490593274
          1.4000001 1.2464467094065 2.3535534905935
          1.6666667666666666 1.2464467094067264 2.3535534905932742
          1.9333334333333334 1.246446709406726 2.3535534905932733
          2.2000001 1.2464467094065 2.3535534905935
          2.5000001000000003 1.246446709406726 2.3535534905932733
          2.8000001 1.2464467094067264 2.3535534905932742
          3.1000001 1.2464467094067264 2.353553490593274
          3.4000001 1.2464467094065 2.3535534905935
          3.6500000999999997 1.246446709406726 2.353553490593274
          3.9000000999999997 1.2464467094067264 2.353553490593274
          4.1500001 1.2464467094067264 2.3535534905932733
          4.4000001 1.2464467094065 2.3535534905935
          0.1000001 1.4000001 2.2000001
          0.0000001 1.4000001 2.2000001
          0.2000001 1.4000001 2.2000001
          0.5000001 1.4000001 2.2000001
          0.8000001 1.4000001 2.2000001
          1.1000001 1.4000001 2.2000001
          1.4000001 1.4000001 2.2000001
          1.6666667666666666 1.4000001 2.2000001
          1.9333334333333334 1.4000001 2.2000001
          2.2000001 1.4000001 2.2000001
          2.5000001000000003 1.4000001 2.2000001
          2.8000001 1.4000001 2.2000001
          3.1000001 1.4000001 2.2000001
          3.4000001 1.4000001 2.2000001
          3.6500001 1.4000001 2.2000001
          3.9000000999999997 1.4000001 2.2000001
          4.1500001 1.4000001 2.2000001
          4.4000001 1.4000001 2.2000001
          0.1000001 1.5000001000000003 2.2000001
          0.0000001 1.5000001 2.2000001
          0.2000001 1.5000001 2.2000001
          0.5000001000000001 1.5000001 2.2000001000000005
          0.8000001 1.5000001000000003 2.2000001
          1.1000001 1.5000001 2.2000001
          1.4000001 1.5000001 2.2000001
          1.6666667666666666 1.5000001000000005 2.2000001
          1.9333334333333332 1.5000001 2.2000001
          2.2000001 1.5000001 2.2000001
          2.5000001000000003 1.5000001 2.2000001000000005
          2.8000001 1.5000001000000003 2.2000001
          3.1000001 1.5000000999999998 2.2000001
          3.4000001 1.5000001 2.2000001
          3.6500000999999993 1.5000001 2.2000001000000005
          3.9000000999999993 1.5000001 2.2000001
          4.1500001 1.5000000999999996 2.2000001000000005
          4.4000001 1.5000001 2.2000001
          0.10000010000000002 1.6000001 2.2000001
          0.0000001 1.6000001 2.2000001
          0.2000001 1.6000001 2.2000001
          0.5000001000000001 1.6000001000000001 2.2000000999999996
          0.8000000999999999 1.6000001 2.2000001
          1.1000001 1.6000001 2.2000000999999996
          1.4000001 1.6000001 2.2000001
          1.6666667666666664 1.6000001 2.2000001
          1.9333334333333334 1.6000001 2.200000099999999
          2.2000001 1.6000001 2.2000001
          2.5000001000000007 1.6000000999999997 2.200000099999999
          2.8000001 1.6000001 2.2000001
          3.1000001 1.6000001000000001 2.2000000999999996
          3.4000001 1.6000001 2.2000001
          3.6500000999999997 1.6000001 2.2000000999999996
          3.9000001 1.6000001 2.2000000999999996
          4.1500001 1.6000001 2.2000000999999996
          4.4000001 1.6000001 2.2000001
          0.10000010000000002 1.7000000999999998 2.2000001000000005
          0.0000001 1.7000001 2.2000001
          0.2000001 1.7000001 2.2000001
          0.5000001 1.7000001 2.2000000999999996
          0.8000001000000001 1.7000000999999998 2.2000001000000005
          1.1000000999999997 1.7000001 2.200000100000001
          1.4000001 1.7000001 2.2000001
          1.6666667666666664 1.7000001 2.200000100000001
          1.9333334333333334 1.7000001 2.2000001
          2.2000001 1.7000001 2.2000001
          2.5000001000000003 1.7000001 2.2000001
          2.8000001 1.7000000999999998 2.2000001000000005
          3.1000001 1.7000001 2.200000100000001
          3.4000001 1.7000001 2.2000001
          3.6500001000000015 1.7000001 2.2000001
          3.9000000999999997 1.7000001 2.2000000999999996
          4.1500001 1.7000001 2.2000000999999996
          4.4000001 1.7000001 2.2000001
          0.1000001 1.8000001 2.2000001
          0.0000001 1.8000001 2.2000001
          0.2000001 1.8000001 2.2000001
          0.5000001 1.8000001 2.2000001
          0.8000001 1.8000001 2.2000001
          1.1000001 1.8000001 2.2000001
          1.4000001 1.8000001 2.2000001
          1.6666667666666664 1.8000001 2.2000001
          1.9333334333333334 1.8000001 2.2000001
          2.2000001 1.8000001 2.2000001
          2.5000001000000007 1.8000001000000003 2.2000001000000005
          2.8000001 1.8000001 2.2000001
          3.1000001 1.8000001 2.2000001
          3.4000001 1.8000001 2.2000001
          3.6500000999999993 1.8000001 2.2000001
          3.9000000999999997 1.8000001 2.2000001
          4.1500001 1.8000001 2.2000001000000005
          4.4000001 1.8000001 2.2000001
          0.10000010000000001 1.9000000999999997 2.2000001
          0.0000001 1.9000001 2.2000001
          0.2000001 1.9000001 2.2000001
          0.5000001000000001 1.9000001000000004 2.2000001
          0.8000000999999999 1.9000000999999997 2.2000001
          1.1000001 1.9000001000000002 2.2000001
          1.4000001 1.9000001 2.2000001
          1.6666667666666666 1.9000001000000004 2.2000001
          1.9333334333333334 1.9000001000000004 2.2000001
          2.2000001 1.9000001 2.2000001
          2.5000001000000003 1.9000001000000002 2.2000001
          2.8000001 1.9000000999999997 2.2000001
          3.1000001 1.9000001000000006 2.2000001000000005
          3.4000001 1.9000001 2.2000001
          3.6500001000000015 1.9000001000000004 2.2000001
          3.9000000999999997 1.9000000999999997 2.2000001
          4.1500001 1.9000001000000004 2.2000001
          4.4000001 1.9000001 2.2000001
          0.1000001 2.0000001000000003 2.2000001
          0.0000001 2.0000001000000003 2.2000001
          0.2000001 2.0000001000000003 2.2000001
          0.5000001000000001 2.0000001000000003 2.2000001000000005
          0.8000001 2.0000001000000003 2.2000001
          1.1000001 2.0000001000000003 2.2000001
          1.4000001 2.0000001000000003 2.2000001
          1.6666667666666666 2.0000001000000003 2.2000001
          1.9333334333333334 2.0000001000000003 2.2000001
          2.2000001 2.0000001000000003 2.2000001
          2.5000001000000003 2.0000001000000003 2.2000001
          2.8000001 2.0000001000000003 2.2000001
          3.1000001 2.0000001000000003 2.2000001
          3.4000001 2.0000001000000003 2.2000001
          3.6500000999999993 2.0000001000000003 2.2000001
          3.9000000999999997 2.0000001000000003 2.2000001000000005
          4.1500001 2.0000001000000003 2.2000001000000005
          4.4000001 2.0000001000000003 2.2000001
          0.10000010000000001 2.1000001 2.2000001
          0.0000001 2.1000001 2.2000001
          0.2000001 2.1000001 2.2000001
          0.5000001000000001 2.1000001 2.2000001
          0.8000001 2.1000001 2.2000001
          1.1000001 2.1000001 2.2000001
          1.4000001 2.1000001 2.2000001
          1.6666667666666664 2.1000001 2.2000001
          1.9333334333333334 2.1000001 2.2000001
          2.2000001 2.1000001 2.2000001
          2.5000001000000003 2.1000001 2.2000001
          2.8000001 2.1000001 2.2000001
          3.1000001 2.1000001 2.2000000999999996
          3.4000001 2.1000001 2.2000001
          3.6500000999999997 2.1000001 2.2000001
          3.9000000999999997 2.1000001 2.2000001
          4.1500001 2.1000001 2.2000001
          4.4000001 2.1000001 2.2000001
          0.1000001 2.2000001 2.2000001
          0.0000001 2.2000001 2.2000001
          0.2000001 2.2000001 2.2000001
          0.5000001 2.2000001 2.2000001
          0.8000001 2.2000001 2.2000001
          1.1000001 2.2000001 2.2000001
          1.4000001 2.2000001 2.2000001
          1.6666667666666666 2.2000001 2.2000001
          1.9333334333333334 2.2000001 2.2000001
          2.2000001 2.2000001 2.2000001
          2.5000001000000003 2.2000001 2.2000001
          2.8000001 2.2000001 2.2000001
          3.1000001 2.2000001 2.2000001
          3.4000001 2.2000001 2.2000001
          3.6500001 2.2000001 2.2000001
          3.9000000999999997 2.2000001 2.2000001
          4.1500001 2.2000001 2.2000001
          4.4000001 2.2000001 2.2000001
          0.10000010000023966 2.3181981515338297 2.3181981515338297
          0.0000001 2.2828428124744997 2.2828428124744997
          0.2000001 2.3535534905935 2.3535534905935
          0.5000001 2.353553490593274 2.353553490593274
          0.8000001000000001 2.353553490593274 2.353553490593274
          1.1000001 2.353553490593274 2.353553490593274
          1.4000001 2.3535534905935 2.3535534905935
          1.6666667666666664 2.353553490593274 2.353553490593274
          1.9333334333333334 2.353553490593274 2.353553490593274
          2.2000001 2.3535534905935 2.3535534905935
          2.5000001000000007 2.353553490593274 2.353553490593274
          2.8000001 2.353553490593274 2.353553490593274
          3.1000001 2.353553490593274 2.353553490593274
          3.4000001 2.3535534905935 2.3535534905935
          3.650000099999999 2.353553490593274 2.353553490593274
          3.9000000999999997 2.353553490593274 2.353553490593274
          4.1500001 2.353553490593274 2.353553490593274
          4.4000001 2.3535534905935 2.3535534905935
          0.10000010000047932 2.436396203067661 2.436396203067661
          0.0000001 2.365685524949 2.365685524949
          0.2000001 2.507106881187 2.507106881187
          0.5000001 2.5071068811865476 2.5071068811865476
          0.8000001 2.5071068811865476 2.5071068811865476
          1.1000001 2.5071068811865476 2.5071068811865476
          1.4000001 2.507106881187 2.507106881187
          1.6666667666666666 2.5071068811865476 2.5071068811865476
          1.9333334333333334 2.5071068811865476 2.5071068811865476
          2.2000001 2.507106881187 2.507106881187
          2.5000001000000003 2.5071068811865476 2.5071068811865476
          2.8000001 2.5071068811865476 2.5071068811865476
          3.1000001 2.5071068811865476 2.5071068811865476
          3.4000001 2.507106881187 2.507106881187
          3.6500001 2.5071068811865476 2.5071068811865476
          3.9000000999999997 2.5071068811865476 2.5071068811865476
          4.1500001 2.5071068811865476 2.5071068811865476
          4.4000001 2.507106881187 2.507106881187
          1.6666667666666664 2.577817559305203 2.577817559305203
          1.4000001 2.5778175593055 2.5778175593055
          1.9333334333333334 2.577817559305203 2.577817559305203
          2.2000001 2.5778175593055 2.5778175593055
          2.5000001000000003 2.577817559305202 2.577817559305202
          2.8000001 2.5778175593052026 2.5778175593052026
          3.1000001 2.577817559305203 2.577817559305203
          3.4000001 2.5778175593055 2.5778175593055
          3.650000099999999 2.5778175593052026 2.5778175593052026
          3.9000000999999997 2.577817559305203 2.577817559305203
          4.1500001 2.577817559305203 2.577817559305203
          4.4000001 2.5778175593055 2.5778175593055
          1.6666667666666666 2.6485282374238572 2.6485282374238572
          1.4000001 2.648528237424 2.648528237424
          1.9333334333333334 2.6485282374238572 2.6485282374238572
          2.2000001 2.648528237424 2.648528237424
          2.5000001000000003 2.6485282374238572 2.6485282374238572
          2.8000001 2.6485282374238572 2.6485282374238572
          3.1000001 2.6485282374238572 2.6485282374238572
          3.4000001 2.648528237424 2.648528237424
          3.6500001 2.6485282374238572 2.6485282374238572
          3.9000000999999997 2.6485282374238572 2.6485282374238572
          4.1500001 2.6485282374238572 2.6485282374238572
          4.4000001 2.648528237424 2.648528237424
          1.6666667666666666 2.789949593661167 2.789949593661167
          1.4000001 2.789949593661 2.789949593661
          1.9333334333333334 2.789949593661167 2.789949593661167
          2.2000001 2.789949593661 2.789949593661
          3.6500000999999997 2.7899495936611656 2.7899495936611656
          3.4000001 2.789949593661 2.789949593661
          3.9000000999999997 2.7899495936611673 2.7899495936611673
          4.1500001 2.789949593661167 2.789949593661167
          4.4000001 2.789949593661 2.789949593661
          1.6666667666666666 2.9313709498984766 2.9313709498984766
          1.4000001 2.931370949898 2.931370949898
          1.9333334333333334 2.9313709498984766 2.9313709498984766
          2.2000001 2.931370949898 2.931370949898
          3.6500001 2.9313709498984766 2.9313709498984766
          3.4000001 2.931370949898 2.931370949898
          3.9000000999999997 2.9313709498984766 2.9313709498984766
          4.1500001 2.9313709498984766 2.9313709498984766
          4.4000001 2.931370949898 2.931370949898
          3.6500000999999993 3.0020816280171307 3.0020816280171307
          3.4000001 3.0020816280169997 3.0020816280169997
          3.9000000999999997 3.002081628017131 3.002081628017131
          4.1500001 3.0020816280171307 3.0020816280171307
          4.4000001 3.0020816280169997 3.0020816280169997
          3.6500001 3.072792306135786 3.072792306135786
          3.4000001 3.072792306136 3.072792306136
          3.9000000999999997 3.072792306135786 3.072792306135786
          4.1500001 3.072792306135786 3.072792306135786
          4.4000001 3.072792306136 3.072792306136
          0.10000010000023969 1.3999934951412705 2.3741614255360104
          0.00000010000000000000001 1.4277720067922524 2.3325879449208786
          0.2000001 1.3722149834900212 2.4157349061515387
          0.5000001000000002 1.3722149834901995 2.4157349061512736
          0.8000000999999995 1.372214983490199 2.4157349061512736
          1.1000001 1.3722149834901987 2.415734906151274
          1.4000000999999995 1.3722149834900212 2.4157349061515387
          1.6666667666666668 1.3722149834901987 2.4157349061512736
          1.9333334333333327 1.3722149834901995 2.4157349061512736
          2.2000001 1.3722149834900212 2.4157349061515387
          2.500000099999999 1.3722149834901995 2.415734906151274
          2.8000000999999997 1.372214983490199 2.4157349061512736
          3.100000099999998 1.3722149834901982 2.415734906151274
          3.4000000999999993 1.3722149834900212 2.4157349061515387
          3.6500000999999997 1.3722149834901995 2.4157349061512736
          3.9000000999999997 1.3722149834902 2.4157349061512736
          4.150000099999999 1.3722149834901995 2.415734906151274
          4.4000001 1.3722149834900212 2.4157349061515387
          0.10000010000023966 1.5277925554357727 2.4157458896299278
          0.00000010000000000000001 1.5469267270540281 2.3695519130043596
          0.20000010000000001 1.5086583838173326 2.4619398662559386
          0.5000001000000007 1.5086583838174552 2.4619398662556433
          0.8000000999999999 1.5086583838174557 2.4619398662556424
          1.1000001000000008 1.5086583838174543 2.4619398662556424
          1.4000001000000002 1.5086583838173326 2.4619398662559386
          1.6666667666666664 1.5086583838174552 2.4619398662556424
          1.9333334333333339 1.508658383817455 2.4619398662556424
          2.2000001 1.5086583838173326 2.4619398662559386
          2.5000001000000007 1.508658383817456 2.461939866255642
          2.8000000999999997 1.5086583838174557 2.4619398662556424
          3.1000001000000013 1.5086583838174543 2.4619398662556424
          3.4000001000000006 1.5086583838173326 2.4619398662559386
          3.6500001000000015 1.5086583838174554 2.4619398662556424
          3.9000000999999997 1.5086583838174552 2.4619398662556424
          4.1500001 1.5086583838174552 2.4619398662556424
          4.4000001 1.5086583838173326 2.4619398662559386
          0.1000001000002397 1.6622094550927737 2.441353476181293
          0.00000009999999999999998 1.6719639711935814 2.392314212161127
          0.20000009999999996 1.6524549389918732 2.4903927402019295
          0.5000001 1.6524549389919378 2.490392740201614
          0.8000001000000004 1.6524549389919352 2.490392740201618
          1.100000099999999 1.6524549389919365 2.4903927402016186
          1.4000001 1.6524549389918732 2.4903927402019295
          1.6666667666666657 1.6524549389919363 2.490392740201617
          1.9333334333333343 1.6524549389919365 2.490392740201616
          2.200000100000001 1.6524549389918732 2.4903927402019295
          2.5000001000000007 1.6524549389919359 2.490392740201616
          2.800000100000002 1.6524549389919352 2.490392740201618
          3.1000001 1.6524549389919363 2.490392740201617
          3.4000001000000006 1.6524549389918732 2.4903927402019295
          3.650000100000004 1.6524549389919363 2.490392740201616
          3.9000000999999993 1.6524549389919363 2.4903927402016155
          4.1500001 1.6524549389919363 2.490392740201616
          4.4000001 1.6524549389918732 2.4903927402019295
          0.10000010000023973 1.8000001000000012 2.4500000999998353
          0.0000001 1.8000001 2.4000000999998314
          0.2000001 1.8000001 2.5000001000003196
          0.5000001000000001 1.8000001000000003 2.5000000999999985
          0.8000001000000001 1.8000001000000003 2.5000001000000007
          1.100000099999999 1.8000001 2.5000001000000007
          1.4000000999999995 1.8000001 2.5000001000003196
          1.6666667666666637 1.8000000999999999 2.500000099999999
          1.9333334333333334 1.8000001 2.5000001000000007
          2.2000001 1.8000001 2.5000001000003196
          2.500000100000002 1.8000000999999999 2.5000001000000007
          2.8000001 1.8000001000000003 2.5000001000000007
          3.1000001 1.8000001 2.5000001000000007
          3.4000001 1.8000001 2.5000001000003196
          3.650000099999998 1.8000001 2.500000099999999
          3.9000000999999997 1.8000001000000003 2.5000001000000007
          4.1500001 1.8000001 2.5000000999999985
          4.4000001 1.8000001 2.5000001000003196
          0.10000010000023976 1.9377907449072262 2.4413534761812947
          0.0000001 1.9280362288064181 2.3923142121611276
          0.20000009999999996 1.947545261008126 2.4903927402019286
          0.5000001000000002 1.947545261008065 2.490392740201615
          0.8000000999999995 1.947545261008064 2.490392740201615
          1.1000000999999995 1.947545261008064 2.490392740201615
          1.4000001 1.947545261008126 2.4903927402019286
          1.6666667666666666 1.947545261008065 2.4903927402016155
          1.933333433333334 1.9475452610080648 2.490392740201615
          2.2000001 1.947545261008126 2.4903927402019286
          2.500000100000002 1.947545261008063 2.4903927402016146
          2.800000100000002 1.947545261008064 2.490392740201615
          3.1000001000000017 1.947545261008063 2.490392740201615
          3.400000100000001 1.947545261008126 2.4903927402019286
          3.650000100000004 1.9475452610080648 2.490392740201615
          3.9000001000000033 1.947545261008062 2.490392740201615
          4.1500001 1.9475452610080648 2.490392740201615
          4.4000001 1.947545261008126 2.4903927402019286
          0.10000010000023969 2.072207644564229 2.415745889629928
          0.0000001 2.0530734729459716 2.3695519130043596
          0.2000001 2.0913418161826676 2.461939866255939
          0.5000001000000004 2.091341816182545 2.4619398662556455
          0.8000001000000004 2.0913418161825437 2.4619398662556438
          1.1000001 2.091341816182545 2.4619398662556446
          1.4000001000000002 2.0913418161826676 2.461939866255939
          1.6666667666666666 2.091341816182544 2.4619398662556446
          1.9333334333333334 2.0913418161825446 2.461939866255645
          2.2000001 2.0913418161826676 2.461939866255939
          2.5000001000000003 2.091341816182544 2.461939866255644
          2.8000000999999983 2.0913418161825437 2.4619398662556438
          3.100000099999998 2.0913418161825446 2.4619398662556446
          3.400000099999999 2.0913418161826676 2.461939866255939
          3.650000099999998 2.091341816182544 2.4619398662556433
          3.9000000999999993 2.091341816182545 2.4619398662556446
          4.1500001 2.091341816182544 2.461939866255644
          4.4000001 2.0913418161826676 2.461939866255939
          0.10000010000023968 2.200006704858729 2.37416142553601
          0.0000001 2.1722281932077467 2.332587944920878
          0.20000010000000001 2.2277852165099787 2.415734906151539
          0.5000001000000002 2.2277852165098007 2.4157349061512727
          0.8000001000000004 2.227785216509801 2.415734906151273
          1.1000001 2.227785216509801 2.4157349061512727
          1.4000001 2.2277852165099787 2.415734906151539
          1.6666667666666666 2.227785216509801 2.415734906151273
          1.9333334333333345 2.227785216509801 2.415734906151273
          2.2000001 2.2277852165099787 2.415734906151539
          2.5000000999999994 2.227785216509801 2.4157349061512727
          2.8000001 2.227785216509801 2.415734906151273
          3.100000099999998 2.227785216509801 2.415734906151273
          3.4000001 2.2277852165099787 2.415734906151539
          3.6500000999999997 2.227785216509801 2.4157349061512727
          3.9000000999999997 2.227785216509801 2.415734906151273
          4.1500001 2.2277852165098 2.415734906151273
          4.4000001 2.2277852165099787 2.415734906151539
          0.10000010000047932 1.2999868902825398 2.548322751072018
          0.0000001 1.3555439135845049 2.4651757898417563
          0.2000001 1.2444298669800422 2.6314697123030775
          0.5000001 1.244429866980398 2.631469712302545
          0.8000001 1.2444298669803975 2.631469712302545
          1.1000001 1.244429866980398 2.631469712302545
          1.4000001 1.2444298669800422 2.6314697123030775
          1.6666667666666666 1.244429866980398 2.631469712302545
          1.9333334333333336 1.244429866980398 2.631469712302545
          2.2000001 1.2444298669800422 2.6314697123030775
          2.5000001000000003 1.2444298669803984 2.631469712302546
          2.8000000999999997 1.2444298669803975 2.631469712302545
          3.1000000999999995 1.244429866980398 2.631469712302545
          3.4000001 1.2444298669800422 2.6314697123030775
          3.6500001000000006 1.244429866980398 2.631469712302545
          3.9000000999999993 1.244429866980398 2.631469712302545
          4.1500001 1.244429866980398 2.631469712302545
          4.4000001 1.2444298669800422 2.6314697123030775
          0.10000010000047932 1.455585010871544 2.631491679259855
          0.0000001 1.4938533541080568 2.5391037260087184
          0.2000001 1.4173166676346651 2.723879632511878
          0.5000001 1.4173166676349098 2.7238796325112866
          0.8000001000000002 1.4173166676349096 2.7238796325112866
          1.1000001 1.4173166676349098 2.7238796325112866
          1.4000001 1.4173166676346651 2.723879632511878
          1.6666667666666664 1.4173166676349098 2.7238796325112866
          1.933333433333333 1.4173166676349098 2.7238796325112866
          2.2000001 1.4173166676346651 2.723879632511878
          2.500000100000001 1.41731666763491 2.7238796325112866
          2.8000000999999997 1.4173166676349096 2.7238796325112866
          3.1000000999999995 1.4173166676349103 2.723879632511287
          3.4000001 1.4173166676346651 2.723879632511878
          3.6500001000000006 1.4173166676349098 2.7238796325112866
          3.9000000999999993 1.4173166676349103 2.723879632511287
          4.1500001 1.4173166676349098 2.7238796325112866
          4.4000001 1.4173166676346651 2.723879632511878
          0.10000010000047932 1.6244188101855481 2.682706852362586
          0.0000001 1.6439278423871628 2.5846283243222543
          0.2000001 1.604909777983747 2.7807853804038585
          0.5000000999999998 1.6049097779838724 2.7807853804032305
          0.8000001 1.6049097779838717 2.7807853804032305
          1.1000000999999997 1.604909777983872 2.7807853804032305
          1.4000001 1.604909777983747 2.7807853804038585
          1.6666667666666666 1.6049097779838717 2.7807853804032305
          1.9333334333333336 1.6049097779838717 2.7807853804032305
          2.2000001 1.604909777983747 2.7807853804038585
          2.5000001 1.6049097779838717 2.7807853804032305
          2.800000100000001 1.6049097779838717 2.7807853804032305
          3.100000100000001 1.6049097779838717 2.7807853804032305
          3.4000001 1.604909777983747 2.7807853804038585
          3.6500001000000006 1.6049097779838717 2.7807853804032305
          3.9000001000000006 1.604909777983872 2.7807853804032305
          4.150000099999999 1.6049097779838717 2.7807853804032305
          4.4000001 1.604909777983747 2.7807853804038585
          0.10000010000047932 1.8000001 2.7000000999996723
          0.0000001 1.8000000999999999 2.6000000999996633
          0.2000001 1.8000001 2.80000010000064
          0.5000000999999998 1.8000001 2.8000001
          0.8000001000000001 1.8000001 2.8000001
          1.1000000999999997 1.8000001000000003 2.8000001
          1.4000001 1.8000001 2.80000010000064
          1.6666667666666666 1.8000001000000003 2.8000001
          1.9333334333333336 1.8000001000000003 2.8000001
          2.2000001 1.8000001 2.80000010000064
          2.5000001000000003 1.8000001 2.8000001
          2.8000000999999997 1.8000001 2.8000001
          3.1000000999999995 1.8000001 2.8000001
          3.4000001 1.8000001 2.80000010000064
          3.6500001000000006 1.8000001000000005 2.8000001
          3.900000099999999 1.8000001000000003 2.8000001
          4.1500001 1.8000001 2.8000001
          4.4000001 1.8000001 2.80000010000064
          0.10000010000047932 1.9755813898144514 2.6827068523625863
          0.0000001 1.9560723576128367 2.5846283243222543
          0.2000001 1.9950904220162533 2.780785380403858
          0.5000000999999998 1.9950904220161283 2.7807853804032305
          0.8000001000000001 1.9950904220161285 2.7807853804032305
          1.1000000999999997 1.9950904220161283 2.7807853804032305
          1.4000001 1.9950904220162533 2.780785380403858
          1.6666667666666664 1.9950904220161283 2.7807853804032305
          1.9333334333333327 1.9950904220161283 2.7807853804032305
          2.2000001 1.9950904220162533 2.780785380403858
          2.5000001000000007 1.9950904220161285 2.7807853804032305
          2.8000001000000005 1.9950904220161285 2.7807853804032305
          3.1000000999999995 1.9950904220161285 2.7807853804032305
          3.4000001 1.9950904220162533 2.780785380403858
          3.6500001 1.9950904220161285 2.7807853804032305
          3.9000000999999993 1.995090422016128 2.7807853804032305
          4.150000099999999 1.9950904220161283 2.7807853804032305
          4.4000001 1.9950904220162533 2.780785380403858
          0.10000010000047932 2.144415189128455 2.6314916792598555
          0.0000001 2.106146845891943 2.539103726008719
          0.2000001 2.182683532365335 2.723879632511878
          0.5000001 2.1826835323650897 2.723879632511287
          0.8000001 2.1826835323650897 2.723879632511287
          1.1000001 2.1826835323650897 2.723879632511287
          1.4000001 2.182683532365335 2.723879632511878
          1.6666667666666666 2.1826835323650897 2.723879632511287
          1.9333334333333336 2.1826835323650897 2.723879632511287
          2.2000001 2.182683532365335 2.723879632511878
          2.5000001000000007 2.1826835323650897 2.723879632511287
          2.8000001 2.1826835323650897 2.723879632511287
          3.100000099999999 2.1826835323650897 2.723879632511287
          3.4000001 2.182683532365335 2.723879632511878
          3.6500001000000006 2.18268353236509 2.7238796325112866
          3.900000099999999 2.1826835323650897 2.723879632511287
          4.1500001 2.1826835323650897 2.723879632511287
          4.4000001 2.182683532365335 2.723879632511878
          0.10000010000047932 2.3000133097174595 2.5483227510720186
          0.0000001 2.2444562864154944 2.465175789841757
          0.2000001 2.3555703330199576 2.631469712303078
          0.5000000999999998 2.355570333019602 2.6314697123025454
          0.8000001 2.355570333019602 2.631469712302546
          1.1000001 2.355570333019602 2.6314697123025454
          1.4000001 2.3555703330199576 2.631469712303078
          1.6666667666666666 2.355570333019602 2.631469712302546
          1.9333334333333336 2.355570333019602 2.631469712302546
          2.2000001 2.3555703330199576 2.631469712303078
          2.5000001000000003 2.355570333019602 2.6314697123025454
          2.8000001 2.355570333019602 2.631469712302546
          3.100000099999999 2.355570333019602 2.6314697123025454
          3.4000001 2.3555703330199576 2.631469712303078
          3.650000100000001 2.355570333019602 2.6314697123025454
          3.9000000999999993 2.355570333019602 2.631469712302546
          4.1500001 2.355570333019602 2.631469712302546
          4.4000001 2.3555703330199576 2.631469712303078
          1.6666667666666666 1.1888728436784373 2.714616673532798
          1.4000000999999993 1.1888728436782032 2.71461667353315
          1.9333334333333323 1.188872843678437 2.714616673532798
          2.2000001 1.1888728436782032 2.71461667353315
          2.500000100000001 1.188872843678438 2.7146166735327997
          2.8000001 1.1888728436784368 2.714616673532798
          3.1000001000000004 1.1888728436784373 2.7146166735327975
          3.4000000999999993 1.1888728436782032 2.71461667353315
          3.650000099999999 1.1888728436784366 2.7146166735327992
          3.900000099999998 1.1888728436784373 2.7146166735327975
          4.1500001 1.1888728436784368 2.7146166735327992
          4.4000001 1.1888728436782032 2.71461667353315
          1.6666667666666657 1.3790483243984015 2.8162675857624158
          1.4000001000000002 1.3790483243982403 2.816267585762805
          1.9333334333333325 1.3790483243984017 2.8162675857624158
          2.2000001 1.3790483243982403 2.816267585762805
          2.5000001000000016 1.3790483243984017 2.8162675857624153
          2.8000001 1.3790483243984006 2.8162675857624153
          3.1000000999999995 1.3790483243984017 2.816267585762415
          3.4000001 1.3790483243982403 2.816267585762805
          3.650000100000001 1.3790483243984009 2.8162675857624153
          3.9000000999999993 1.379048324398402 2.816267585762416
          4.1500001 1.3790483243984017 2.8162675857624158
          4.4000001 1.3790483243982403 2.816267585762805
          1.6666667666666666 1.5854007457822585 2.878863908443553
          1.4000000999999997 1.5854007457821766 2.8788639084439676
          1.9333334333333343 1.5854007457822585 2.878863908443553
          2.200000100000001 1.5854007457821766 2.8788639084439676
          2.5000001000000025 1.585400745782259 2.8788639084435528
          2.8000001000000023 1.5854007457822585 2.8788639084435528
          3.1000001000000004 1.585400745782259 2.878863908443553
          3.400000100000001 1.5854007457821766 2.8788639084439676
          3.650000100000002 1.5854007457822588 2.878863908443555
          3.9000001 1.585400745782259 2.8788639084435528
          4.150000099999996 1.585400745782259 2.8788639084435546
          4.4000001 1.5854007457821766 2.8788639084439676
          1.6666667666666677 1.8000000999999999 2.9000001
          1.4000000999999995 1.8000001 2.900000100000421
          1.9333334333333325 1.8000000999999999 2.9000001000000006
          2.2000001 1.8000001 2.900000100000421
          2.5000001000000007 1.8000000999999999 2.9000001
          2.8000001 1.8000001000000017 2.9000000999999984
          3.1000001 1.8000001 2.9000000999999984
          3.4000001000000006 1.8000001 2.900000100000421
          3.650000100000002 1.8000001 2.9000000999999984
          3.900000099999998 1.800000100000001 2.9000001
          4.1500001 1.8000001 2.9000001
          4.4000001 1.8000001 2.900000100000421
          1.6666667666666664 2.014599454217742 2.8788639084435546
          1.4000001000000002 2.014599454217824 2.8788639084439667
          1.9333334333333325 2.0145994542177412 2.878863908443554
          2.2000001 2.014599454217824 2.8788639084439667
          2.500000100000002 2.014599454217742 2.8788639084435546
          2.8000001 2.0145994542177412 2.8788639084435528
          3.1000001000000017 2.014599454217742 2.878863908443553
          3.400000100000001 2.014599454217824 2.8788639084439667
          3.6500000999999997 2.014599454217742 2.8788639084435546
          3.900000099999998 2.0145994542177403 2.878863908443555
          4.150000099999998 2.014599454217742 2.878863908443554
          4.4000001 2.014599454217824 2.8788639084439667
          1.6666667666666675 2.2209518756015987 2.8162675857624153
          1.4000001 2.2209518756017603 2.8162675857628043
          1.9333334333333334 2.2209518756015987 2.8162675857624153
          2.2000001 2.2209518756017603 2.8162675857628043
          2.5000000999999994 2.2209518756016 2.816267585762415
          2.8000001000000005 2.220951875601598 2.816267585762415
          3.1000000999999986 2.2209518756015987 2.816267585762415
          3.400000099999999 2.2209518756017603 2.8162675857628043
          3.6500000999999984 2.220951875601599 2.816267585762415
          3.900000099999998 2.2209518756015982 2.816267585762415
          4.1500001 2.2209518756015982 2.8162675857624144
          4.4000001 2.2209518756017603 2.8162675857628043
          1.6666667666666666 2.411127356321564 2.714616673532801
          1.4000001 2.4111273563217974 2.71461667353315
          1.9333334333333343 2.411127356321564 2.714616673532802
          2.2000001 2.4111273563217974 2.71461667353315
          2.500000100000001 2.4111273563215643 2.7146166735328
          2.8000001 2.4111273563215643 2.7146166735328
          3.100000099999998 2.411127356321563 2.7146166735328
          3.4000001 2.4111273563217974 2.71461667353315
          3.6500000999999997 2.4111273563215634 2.7146166735328
          3.900000099999998 2.4111273563215634 2.714616673532802
          4.150000099999999 2.411127356321564 2.714616673532802
          4.4000001 2.4111273563217974 2.71461667353315
          1.6666667666666666 1.1333158203764775 2.7977636347630543
          1.4000001 1.133315820376365 2.797763634763222
          1.9333334333333336 1.1333158203764775 2.7977636347630543
          2.2000001 1.133315820376365 2.797763634763222
          2.5000001000000003 1.1333158203764782 2.797763634763055
          2.8000000999999997 1.1333158203764768 2.797763634763054
          3.1000000999999995 1.1333158203764775 2.7977636347630543
          3.4000001 1.133315820376365 2.797763634763222
          3.6500001000000006 1.1333158203764775 2.7977636347630543
          3.9000000999999993 1.1333158203764775 2.7977636347630543
          4.1500001 1.1333158203764775 2.7977636347630543
          4.4000001 1.133315820376365 2.797763634763222
          1.6666667666666664 1.3407799811618917 2.9086555390135436
          1.4000001 1.3407799811618146 2.9086555390137305
          1.933333433333333 1.3407799811618917 2.9086555390135436
          2.2000001 1.3407799811618146 2.9086555390137305
          2.500000100000001 1.3407799811618921 2.908655539013544
          2.8000000999999997 1.3407799811618915 2.9086555390135436
          3.1000000999999995 1.3407799811618921 2.9086555390135445
          3.4000001 1.3407799811618146 2.9086555390137305
          3.6500001000000006 1.3407799811618917 2.9086555390135436
          3.9000000999999993 1.3407799811618921 2.9086555390135445
          4.1500001 1.3407799811618917 2.9086555390135436
          4.4000001 1.3407799811618146 2.9086555390137305
          1.6666667666666666 1.565891713580646 2.976942436483877
          1.4000001 1.5658917135806063 2.976942436484075
          1.9333334333333336 1.5658917135806454 2.9769424364838764
          2.2000001 1.5658917135806063 2.976942436484075
          2.5000001 1.565891713580646 2.976942436483877
          2.800000100000001 1.5658917135806454 2.9769424364838764
          3.100000100000001 1.5658917135806454 2.9769424364838764
          3.4000001 1.5658917135806063 2.976942436484075
          3.6500001000000006 1.5658917135806454 2.9769424364838764
          3.9000001000000006 1.5658917135806458 2.976942436483877
          4.150000099999999 1.565891713580645 2.9769424364838764
          4.4000001 1.5658917135806063 2.976942436484075
          1.6666667666666666 1.8000000999999994 3.0000001000000003
          1.4000001 1.8000000999999997 3.000000100000202
          1.9333334333333336 1.8000000999999994 3.0000001000000003
          2.2000001 1.8000000999999997 3.000000100000202
          2.5000001000000003 1.8000000999999997 3.0000001000000003
          2.8000000999999997 1.8000001 3.0000001000000003
          3.1000000999999995 1.8000000999999997 3.0000001000000003
          3.4000001 1.8000000999999997 3.000000100000202
          3.6500001000000006 1.8000000999999992 3.0000001000000003
          3.900000099999999 1.8000000999999999 3.0000001000000003
          4.1500001 1.8000000999999997 3.0000001000000003
          4.4000001 1.8000000999999997 3.000000100000202
          1.6666667666666664 2.034108486419354 2.976942436483877
          1.4000001 2.034108486419393 2.976942436484075
          1.9333334333333327 2.034108486419354 2.976942436483877
          2.2000001 2.034108486419393 2.976942436484075
          2.5000001000000007 2.0341084864193535 2.976942436483877
          2.8000001000000005 2.0341084864193535 2.976942436483877
          3.1000000999999995 2.0341084864193535 2.976942436483877
          3.4000001 2.034108486419393 2.976942436484075
          3.6500001 2.0341084864193535 2.976942436483877
          3.9000000999999993 2.034108486419353 2.976942436483877
          4.150000099999999 2.034108486419354 2.976942436483877
          4.4000001 2.034108486419393 2.976942436484075
          1.6666667666666666 2.2592202188381076 2.9086555390135445
          1.4000001 2.2592202188381854 2.908655539013731
          1.9333334333333336 2.2592202188381076 2.9086555390135445
          2.2000001 2.2592202188381854 2.908655539013731
          2.5000001000000007 2.2592202188381076 2.9086555390135445
          2.8000001 2.2592202188381076 2.9086555390135445
          3.100000099999999 2.2592202188381076 2.9086555390135445
          3.4000001 2.2592202188381854 2.908655539013731
          3.6500001000000006 2.2592202188381085 2.9086555390135436
          3.900000099999999 2.2592202188381076 2.9086555390135445
          4.1500001 2.2592202188381076 2.9086555390135445
          4.4000001 2.2592202188381854 2.908655539013731
          1.6666667666666666 2.4666843796235227 2.7977636347630543
          1.4000001 2.466684379623635 2.797763634763222
          1.9333334333333336 2.466684379623523 2.7977636347630543
          2.2000001 2.466684379623635 2.797763634763222
          2.5000001000000003 2.4666843796235227 2.7977636347630543
          2.8000001 2.4666843796235227 2.7977636347630543
          3.100000099999999 2.4666843796235227 2.7977636347630543
          3.4000001 2.466684379623635 2.797763634763222
          3.650000100000001 2.4666843796235227 2.7977636347630543
          3.9000000999999993 2.466684379623523 2.7977636347630543
          4.1500001 2.4666843796235227 2.7977636347630543
          4.4000001 2.466684379623635 2.797763634763222
          1.6666667666666675 1.0222017737725566 2.9640575572235623
          1.4000000999999997 1.0222017737726874 2.964057557223367
          1.9333334333333336 1.0222017737725566 2.9640575572235646
          2.2000001 1.0222017737726874 2.964057557223367
          3.6500001000000015 1.0222017737725568 2.9640575572235623
          3.4000000999999997 1.0222017737726874 2.964057557223367
          3.9000000999999997 1.0222017737725566 2.9640575572235623
          4.1500001 1.0222017737725573 2.9640575572235623
          4.4000001 1.0222017737726874 2.964057557223367
          1.6666667666666666 1.2642432946888738 3.0934314455158014
          1.4000001 1.2642432946889643 3.093431445515584
          1.9333334333333332 1.2642432946888735 3.093431445515801
          2.2000001000000005 1.2642432946889643 3.093431445515584
          3.6500001000000015 1.2642432946888738 3.0934314455158014
          3.4000001 1.2642432946889643 3.093431445515584
          3.9000000999999993 1.2642432946888735 3.0934314455158014
          4.1500001 1.2642432946888735 3.093431445515801
          4.4000001 1.2642432946889643 3.093431445515584
          1.6666667666666666 1.5268736491774189 3.173099492564524
          1.4000001 1.5268736491774662 3.1730994925642917
          1.9333334333333334 1.5268736491774204 3.1730994925645235
          2.2000001000000005 1.5268736491774662 3.1730994925642917
          3.6500001000000015 1.5268736491774189 3.173099492564522
          3.4000001000000006 1.5268736491774662 3.1730994925642917
          3.9000000999999997 1.5268736491774206 3.17309949256452
          4.1500001 1.5268736491774209 3.173099492564522
          4.4000001 1.5268736491774662 3.1730994925642917
          1.6666667666666668 1.8000000999999992 3.2000000999999996
          1.4000000999999997 1.8000000999999997 3.200000099999764
          1.9333334333333319 1.8000000999999992 3.2000000999999996
          2.2000001 1.8000000999999997 3.200000099999764
          3.6500001000000015 1.8000001 3.200000099999998
          3.4000001 1.8000000999999997 3.200000099999764
          3.9000000999999997 1.8000001 3.200000099999998
          4.1500001 1.8000000999999992 3.2000000999999973
          4.4000001 1.8000000999999997 3.200000099999764
          1.6666667666666677 2.0731265508225802 3.1730994925645195
          1.4000001 2.073126550822533 3.173099492564291
          1.9333334333333316 2.0731265508225807 3.173099492564524
          2.2000001 2.073126550822533 3.173099492564291
          3.6500001000000015 2.0731265508225776 3.1730994925645235
          3.4000001000000006 2.073126550822533 3.173099492564291
          3.9000000999999997 2.0731265508225785 3.17309949256452
          4.1500001 2.0731265508225816 3.17309949256452
          4.4000001 2.073126550822533 3.173099492564291
          1.6666667666666657 2.3357569053111247 3.0934314455158014
          1.4000001 2.335756905311035 3.093431445515584
          1.9333334333333334 2.3357569053111256 3.0934314455157996
          2.2000001 2.335756905311035 3.093431445515584
          3.6500001000000024 2.3357569053111225 3.0934314455158014
          3.4000000999999997 2.335756905311035 3.093431445515584
          3.9000000999999997 2.3357569053111233 3.0934314455157996
          4.1500001 2.335756905311123 3.093431445515799
          4.4000001 2.335756905311035 3.093431445515584
          1.6666667666666666 2.5777984262274414 2.9640575572235623
          1.4000001 2.577798426227312 2.964057557223368
          1.9333334333333325 2.5777984262274414 2.9640575572235646
          2.2000001 2.577798426227312 2.964057557223368
          3.6500001000000015 2.577798426227442 2.964057557223564
          3.4000001 2.577798426227312 2.964057557223368
          3.9000000999999997 2.577798426227441 2.964057557223562
          4.1500001 2.577798426227441 2.9640575572235637
          4.4000001 2.577798426227312 2.964057557223368
          1.6666667666666666 0.911087727168637 3.130351479684073
          1.4000001 0.9110877271690105 3.130351479683513
          1.9333334333333336 0.911087727168637 3.130351479684073
          2.2000001 0.9110877271690105 3.130351479683513
          3.6500001000000006 0.911087727168637 3.130351479684073
          3.4000001 0.9110877271690105 3.130351479683513
          3.9000000999999993 0.911087727168637 3.130351479684073
          4.1500001 0.911087727168637 3.130351479684073
          4.4000001 0.9110877271690105 3.130351479683513
          1.6666667666666664 1.1877066082158567 3.2782073520180592
          1.4000001 1.1877066082161143 3.278207352017437
          1.933333433333333 1.1877066082158563 3.2782073520180592
          2.2000001 1.1877066082161143 3.278207352017437
          3.6500001000000006 1.1877066082158565 3.2782073520180592
          3.4000001 1.1877066082161143 3.278207352017437
          3.9000000999999993 1.1877066082158565 3.2782073520180592
          4.1500001 1.1877066082158565 3.2782073520180592
          4.4000001 1.1877066082161143 3.278207352017437
          1.6666667666666666 1.487855584774195 3.369256548645169
          1.4000001 1.4878555847743264 3.3692565486445085
          1.9333334333333336 1.4878555847741943 3.369256548645169
          2.2000001 1.4878555847743264 3.3692565486445085
          3.6500001000000006 1.4878555847741946 3.369256548645169
          3.4000001 1.4878555847743264 3.3692565486445085
          3.9000001000000006 1.487855584774195 3.369256548645169
          4.150000099999999 1.4878555847741954 3.3692565486451693
          4.4000001 1.4878555847743264 3.3692565486445085
          1.6666667666666666 1.8000001 3.4000001
          1.4000001 1.8000001 3.400000099999327
          1.9333334333333336 1.8000001 3.4000001
          2.2000001 1.8000001 3.400000099999327
          3.6500001000000006 1.800000100000001 3.4000001
          3.4000001 1.8000001 3.400000099999327
          3.900000099999999 1.8000000999999999 3.4000001
          4.1500001 1.8000001 3.4000001
          4.4000001 1.8000001 3.400000099999327
          1.6666667666666664 2.112144615225805 3.369256548645169
          1.4000001 2.112144615225674 3.369256548644508
          1.9333334333333327 2.112144615225806 3.3692565486451684
          2.2000001 2.112144615225674 3.369256548644508
          3.6500001 2.112144615225805 3.369256548645169
          3.4000001 2.112144615225674 3.369256548644508
          3.9000000999999993 2.112144615225806 3.3692565486451684
          4.150000099999999 2.1121446152258065 3.3692565486451684
          4.4000001 2.112144615225674 3.369256548644508
          1.6666667666666666 2.412293591784143 3.2782073520180592
          1.4000001 2.4122935917838855 3.278207352017437
          1.9333334333333336 2.412293591784143 3.2782073520180592
          2.2000001 2.4122935917838855 3.278207352017437
          3.6500001000000006 2.412293591784143 3.2782073520180592
          3.4000001 2.4122935917838855 3.278207352017437
          3.900000099999999 2.412293591784143 3.2782073520180592
          4.1500001 2.412293591784143 3.2782073520180592
          4.4000001 2.4122935917838855 3.278207352017437
          1.6666667666666666 2.6889124728313627 3.130351479684073
          1.4000001 2.6889124728309888 3.130351479683513
          1.9333334333333336 2.6889124728313627 3.130351479684073
          2.2000001 2.6889124728309888 3.130351479683513
          3.650000100000001 2.688912472831363 3.130351479684073
          3.4000001 2.6889124728309888 3.130351479683513
          3.9000000999999993 2.6889124728313627 3.130351479684073
          4.1500001 2.6889124728313627 3.130351479684073
          4.4000001 2.6889124728309888 3.130351479683513
          3.6500001 0.8555307038666763 3.213498440914326
          3.400000099999999 0.855530703866779 3.2134984409141727
          3.900000099999996 0.8555307038666774 3.2134984409143263
          4.150000100000001 0.8555307038666767 3.213498440914326
          4.4000001 0.855530703866779 3.2134984409141727
          3.650000100000002 1.1494382649793478 3.370595305269185
          3.4000001 1.149438264979418 3.3705953052690165
          3.9000000999999975 1.1494382649793478 3.370595305269187
          4.1500001000000015 1.1494382649793478 3.370595305269185
          4.400000100000001 1.149438264979418 3.3705953052690165
          3.650000100000002 1.4683465525725812 3.4673350766854902
          3.4000001000000006 1.4683465525726178 3.4673350766853104
          3.9000001000000037 1.468346552572582 3.4673350766854916
          4.1500001 1.468346552572581 3.46733507668549
          4.4000001 1.4683465525726178 3.4673350766853104
          3.6500001000000006 1.8000001 3.500000099999997
          3.4000001 1.8000001 3.500000099999815
          3.900000099999998 1.8000001 3.500000100000002
          4.1500001000000015 1.8000001000000005 3.5000001000000007
          4.4000001 1.8000001 3.500000099999815
          3.650000100000002 2.131653647427417 3.4673350766854893
          3.4000001000000006 2.1316536474273824 3.4673350766853104
          3.900000099999998 2.1316536474274184 3.467335076685494
          4.1500001000000015 2.131653647427418 3.4673350766854893
          4.4000001 2.1316536474273824 3.4673350766853104
          3.6500001 2.450561935020652 3.370595305269185
          3.4000000999999993 2.450561935020582 3.370595305269017
          3.900000099999998 2.450561935020652 3.370595305269187
          4.150000100000003 2.4505619350206516 3.370595305269185
          4.4000001 2.450561935020582 3.370595305269017
          3.6500001000000037 2.7444694961333234 3.213498440914326
          3.4000001 2.7444694961332208 3.2134984409141727
          3.900000099999998 2.7444694961333256 3.2134984409143263
          4.150000100000001 2.744469496133325 3.213498440914326
          4.4000001 2.7444694961332208 3.2134984409141727
          3.6500001000000006 0.799973680564716 3.2966454021445815
          3.4000001 0.7999736805645472 3.2966454021448337
          3.9000000999999993 0.799973680564716 3.2966454021445815
          4.1500001 0.799973680564716 3.2966454021445815
          4.4000001 0.7999736805645472 3.2966454021448337
          3.6500001000000006 1.111169921742839 3.4629832585203166
          3.4000001 1.111169921742722 3.4629832585205964
          3.9000000999999993 1.1111699217428384 3.462983258520316
          4.1500001 1.1111699217428384 3.462983258520316
          4.4000001 1.111169921742722 3.4629832585205964
          3.6500001000000006 1.4488375203709682 3.5654136047258147
          3.4000001 1.4488375203709094 3.5654136047261122
          3.9000001000000006 1.4488375203709685 3.5654136047258147
          4.150000099999999 1.4488375203709674 3.5654136047258147
          4.4000001 1.4488375203709094 3.5654136047261122
          3.6500001000000006 1.8000001 3.6000001
          3.4000001 1.8000000999999999 3.6000001000003032
          3.900000099999999 1.8000001000000005 3.6000001
          4.1500001 1.8000001 3.6000001
          4.4000001 1.8000000999999999 3.6000001000003032
          3.6500001 2.1511626796290315 3.5654136047258147
          3.4000001 2.15116267962909 3.5654136047261122
          3.9000000999999993 2.15116267962903 3.565413604725815
          4.150000099999999 2.1511626796290306 3.5654136047258147
          4.4000001 2.15116267962909 3.5654136047261122
          3.6500001000000006 2.4888302782571623 3.4629832585203157
          3.4000001 2.4888302782572778 3.4629832585205964
          3.900000099999999 2.488830278257162 3.462983258520316
          4.1500001 2.488830278257162 3.462983258520316
          4.4000001 2.4888302782572778 3.4629832585205964
          3.650000100000001 2.8000265194352845 3.2966454021445815
          3.4000001 2.8000265194354528 3.2966454021448337
          3.9000000999999993 2.800026519435285 3.2966454021445815
          4.1500001 2.8000265194352845 3.2966454021445815
          4.4000001 2.8000265194354528 3.2966454021448337
        </DataArray>
      </Points>
      <Cells>
        <DataArray type="Int64" Name="connectivity" format="ascii">
          0 1 2 3 4 5 6 7
          1 8 9 2 5 10 11 6
          8 12 13 9 10 14 15 11
          12 16 17 13 14 18 19 15
          3 2 20 21 7 6 22 23
          2 9 24 20 6 11 25 22
          9 13 26 24 11 15 27 25
          13 17 28 26 15 19 29 27
          21 20 30 31 23 22 32 33
          20 24 34 30 22 25 35 32
          24 26 36 34 25 27 37 35
          26 28 38 36 27 29 39 37
          31 30 40 41 33 32 42 43
          30 34 44 40 32 35 45 42
          34 36 46 44 35 37 47 45
          36 38 48 46 37 39 49 47
          41 40 50 51 43 42 52 53
          40 44 54 50 42 45 55 52
          44 46 56 54 45 47 57 55
          46 48 58 56 47 49 59 57
          51 50 60 61 53 52 62 63
          50 54 64 60 52 55 65 62
          54 56 66 64 55 57 67 65
          56 58 68 66 57 59 69 67
          61 60 70 71 63 62 72 73
          60 64 74 70 62 65 75 72
          64 66 76 74 65 67 77 75
          66 68 78 76 67 69 79 77
          71 70 80 81 73 72 82 83
          70 74 84 80 72 75 85 82
          74 76 86 84 75 77 87 85
          76 78 88 86 77 79 89 87
          4 5 6 7 90 91 92 93
          5 10 11 6 91 94 95 92
          10 14 15 11 94 96 97 95
          14 18 19 15 96 98 99 97
          7 6 22 23 93 92 100 101
          6 11 25 22 92 95 102 100
          11 15 27 25 95 97 103 102
          15 19 29 27 97 99 104 103
          23 22 32 33 101 100 105 106
          22 25 35 32 100 102 107 105
          25 27 37 35 102 103 108 107
          27 29 39 37 103 104 109 108
          33 32 42 43 106 105 110 111
          32 35 45 42 105 107 112 110
          35 37 47 45 107 108 113 112
          37 39 49 47 108 109 114 113
          43 42 52 53 111 110 115 116
          42 45 55 52 110 112 117 115
          45 47 57 55 112 113 118 117
          47 49 59 57 113 114 119 118
          53 52 62 63 116 115 120 121
          52 55 65 62 115 117 122 120
          55 57 67 65 117 118 123 122
          57 59 69 67 118 119 124 123
          63 62 72 73 121 120 125 126
          62 65 75 72 120 122 127 125
          65 67 77 75 122 123 128 127
          67 69 79 77 123 124 129 128
          73 72 82 83 126 125 130 131
          72 75 85 82 125 127 132 130
          75 77 87 85 127 128 133 132
          77 79 89 87 128 129 134 133
          135 136 137 138 139 140 141 142
          136 143 144 137 140 145 146 141
          143 147 148 144 145 149 150 146
          90 91 92 93 151 152 153 154
          91 94 95 92 152 155 156 153
          94 96 97 95 155 157 158 156
          96 98 99 97 157 159 160 158
          138 137 161 162 142 141 163 164
          137 144 165 161 141 146 166 163
          144 148 167 165 146 150 168 166
          93 92 100 101 154 153 169 170
          92 95 102 100 153 156 171 169
          95 97 103 102 156 158 172 171
          97 99 104 103 158 160 173 172
          162 161 174 175 164 163 176 177
          161 165 178 174 163 166 179 176
          165 167 180 178 166 168 181 179
          101 100 105 106 170 169 182 183
          100 102 107 105 169 171 184 182
          102 103 108 107 171 172 185 184
          103 104 109 108 172 173 186 185
          175 174 187 188 177 176 189 190
          174 178 191 187 176 179 192 189
          178 180 193 191 179 181 194 192
          106 105 110 111 183 182 195 196
          105 107 112 110 182 184 197 195
          107 108 113 112 184 185 198 197
          108 109 114 113 185 186 199 198
          188 187 200 201 190 189 202 203
          187 191 204 200 189 192 205 202
          191 193 206 204 192 194 207 205
          111 110 115 116 196 195 208 209
          110 112 117 115 195 197 210 208
          112 113 118 117 197 198 211 210
          113 114 119 118 198 199 212 211
          201 200 213 214 203 202 215 216
          200 204 217 213 202 205 218 215
          204 206 219 217 205 207 220 218
          116 115 120 121 209 208 221 222
          115 117 122 120 208 210 223 221
          117 118 123 122 210 211 224 223
          118 119 124 123 211 212 225 224
          214 213 226 227 216 215 228 229
          213 217 230 226 215 218 231 228
          217 219 232 230 218 220 233 231
          121 120 125 126 222 221 234 235
          120 122 127 125 221 223 236 234
          122 123 128 127 223 224 237 236
          123 124 129 128 224 225 238 237
          227 226 239 240 229 228 241 242
          226 230 243 239 228 231 244 241
          230 232 245 243 231 233 246 244
          126 125 130 131 235 234 247 248
          125 127 132 130 234 236 249 247
          127 128 133 132 236 237 250 249
          128 129 134 133 237 238 251 250
          139 140 141 142 252 253 254 255
          140 145 146 141 253 256 257 254
          145 149 150 146 256 258 259 257
          151 152 153 154 260 261 262 263
          152 155 156 153 261 264 265 262
          155 157 158 156 264 266 267 265
          157 159 160 158 266 268 269 267
          142 141 163 164 255 254 270 271
          141 146 166 163 254 257 272 270
          146 150 168 166 257 259 273 272
          154 153 169 170 263 262 274 275
          153 156 171 169 262 265 276 274
          156 158 172 171 265 267 277 276
          158 160 173 172 267 269 278 277
          164 163 176 177 271 270 279 280
          163 166 179 176 270 272 281 279
          166 168 181 179 272 273 282 281
          170 169 182 183 275 274 283 284
          169 171 184 182 274 276 285 283
          171 172 185 184 276 277 286 285
          172 173 186 185 277 278 287 286
          177 176 189 190 280 279 288 289
          176 179 192 189 279 281 290 288
          179 181 194 192 281 282 291 290
          183 182 195 196 284 283 292 293
          182 184 197 195 283 285 294 292
          184 185 198 197 285 286 295 294
          185 186 199 198 286 287 296 295
          190 189 202 203 289 288 297 298
          189 192 205 202 288 290 299 297
          192 194 207 205 290 291 300 299
          196 195 208 209 293 292 301 302
          195 197 210 208 292 294 303 301
          197 198 211 210 294 295 304 303
          198 199 212 211 295 296 305 304
          203 202 215 216 298 297 306 307
          202 205 218 215 297 299 308 306
          205 207 220 218 299 300 309 308
          209 208 221 222 302 301 310 311
          208 210 223 221 301 303 312 310
          210 211 224 223 303 304 313 312
          211 212 225 224 304 305 314 313
          216 215 228 229 307 306 315 316
          215 218 231 228 306 308 317 315
          218 220 233 231 308 309 318 317
          222 221 234 235 311 310 319 320
          221 223 236 234 310 312 321 319
          223 224 237 236 312 313 322 321
          224 225 238 237 313 314 323 322
          229 228 241 242 316 315 324 325
          228 231 244 241 315 317 326 324
          231 233 246 244 317 318 327 326
          235 234 247 248 320 319 328 329
          234 236 249 247 319 321 330 328
          236 237 250 249 321 322 331 330
          237 238 251 250 322 323 332 331
          252 253 254 255 333 334 335 336
          253 256 257 254 334 337 338 335
          256 258 259 257 337 339 340 338
          258 341 342 259 339 343 344 340
          341 345 346 342 343 347 348 344
          345 349 350 346 347 351 352 348
          349 260 263 350 351 353 354 352
          260 261 262 263 353 355 356 354
          261 264 265 262 355 357 358 356
          264 266 267 265 357 359 360 358
          266 268 269 267 359 361 362 360
          255 254 270 271 336 335 363 364
          254 257 272 270 335 338 365 363
          257 259 273 272 338 340 366 365
          259 342 367 273 340 344 368 366
          342 346 369 367 344 348 370 368
          346 350 371 369 348 352 372 370
          350 263 275 371 352 354 373 372
          263 262 274 275 354 356 374 373
          262 265 276 274 356 358 375 374
          265 267 277 276 358 360 376 375
          267 269 278 277 360 362 377 376
          271 270 279 280 364 363 378 379
          270 272 281 279 363 365 380 378
          272 273 282 281 365 366 381 380
          273 367 382 282 366 368 383 381
          367 369 384 382 368 370 385 383
          369 371 386 384 370 372 387 385
          371 275 284 386 372 373 388 387
          275 274 283 284 373 374 389 388
          274 276 285 283 374 375 390 389
          276 277 286 285 375 376 391 390
          277 278 287 286 376 377 392 391
          280 279 288 289 379 378 393 394
          279 281 290 288 378 380 395 393
          281 282 291 290 380 381 396 395
          282 382 397 291 381 383 398 396
          382 384 399 397 383 385 400 398
          384 386 401 399 385 387 402 400
          386 284 293 401 387 388 403 402
          284 283 292 293 388 389 404 403
          283 285 294 292 389 390 405 404
          285 286 295 294 390 391 406 405
          286 287 296 295 391 392 407 406
          289 288 297 298 394 393 408 409
          288 290 299 297 393 395 410 408
          290 291 300 299 395 396 411 410
          291 397 412 300 396 398 413 411
          397 399 414 412 398 400 415 413
          399 401 416 414 400 402 417 415
          401 293 302 416 402 403 418 417
          293 292 301 302 403 404 419 418
          292 294 303 301 404 405 420 419
          294 295 304 303 405 406 421 420
          295 296 305 304 406 407 422 421
          298 297 306 307 409 408 423 424
          297 299 308 306 408 410 425 423
          299 300 309 308 410 411 426 425
          300 412 427 309 411 413 428 426
          412 414 429 427 413 415 430 428
          414 416 431 429 415 417 432 430
          416 302 311 431 417 418 433 432
          302 301 310 311 418 419 434 433
          301 303 312 310 419 420 435 434
          303 304 313 312 420 421 436 435
          304 305 314 313 421 422 437 436
          307 306 315 316 424 423 438 439
          306 308 317 315 423 425 440 438
          308 309 318 317 425 426 441 440
          309 427 442 318 426 428 443 441
          427 429 444 442 428 430 445 443
          429 431 446 444 430 432 447 445
          431 311 320 446 432 433 448 447
          311 310 319 320 433 434 449 448
          310 312 321 319 434 435 450 449
          312 313 322 321 435 436 451 450
          313 314 323 322 436 437 452 451
          316 315 324 325 439 438 453 454
          315 317 326 324 438 440 455 453
          317 318 327 326 440 441 456 455
          318 442 457 327 441 443 458 456
          442 444 459 457 443 445 460 458
          444 446 461 459 445 447 462 460
          446 320 329 461 447 448 463 462
          320 319 328 329 448 449 464 463
          319 321 330 328 449 450 465 464
          321 322 331 330 450 451 466 465
          322 323 332 331 451 452 467 466
          333 334 335 336 468 469 470 471
          334 337 338 335 469 472 473 470
          337 339 340 338 472 474 475 473
          339 343 344 340 474 476 477 475
          343 347 348 344 476 478 479 477
          347 351 352 348 478 480 481 479
          351 353 354 352 480 482 483 481
          353 355 356 354 482 484 485 483
          355 357 358 356 484 486 487 485
          357 359 360 358 486 488 489 487
          359 361 362 360 488 490 491 489
          336 335 363 364 471 470 492 493
          335 338 365 363 470 473 494 492
          338 340 366 365 473 475 495 494
          340 344 368 366 475 477 496 495
          344 348 370 368 477 479 497 496
          348 352 372 370 479 481 498 497
          352 354 373 372 481 483 499 498
          354 356 374 373 483 485 500 499
          356 358 375 374 485 487 501 500
          358 360 376 375 487 489 502 501
          360 362 377 376 489 491 503 502
          364 363 378 379 493 492 504 505
          363 365 380 378 492 494 506 504
          365 366 381 380 494 495 507 506
          366 368 383 381 495 496 508 507
          368 370 385 383 496 497 509 508
          370 372 387 385 497 498 510 509
          372 373 388 387 498 499 511 510
          373 374 389 388 499 500 512 511
          374 375 390 389 500 501 513 512
          375 376 391 390 501 502 514 513
          376 377 392 391 502 503 515 514
          379 378 393 394 505 504 516 517
          378 380 395 393 504 506 518 516
          380 381 396 395 506 507 519 518
          381 383 398 396 507 508 520 519
          383 385 400 398 508 509 521 520
          385 387 402 400 509 510 522 521
          387 388 403 402 510 511 523 522
          388 389 404 403 511 512 524 523
          389 390 405 404 512 513 525 524
          390 391 406 405 513 514 526 525
          391 392 407 406 514 515 527 526
          394 393 408 409 517 516 528 529
          393 395 410 408 516 518 530 528
          395 396 411 410 518 519 531 530
          396 398 413 411 519 520 532 531
          398 400 415 413 520 521 533 532
          400 402 417 415 521 522 534 533
          402 403 418 417 522 523 535 534
          403 404 419 418 523 524 536 535
          404 405 420 419 524 525 537 536
          405 406 421 420 525 526 538 537
          406 407 422 421 526 527 539 538
          409 408 423 424 529 528 540 541
          408 410 425 423 528 530 542 540
          410 411 426 425 530 531 543 542
          411 413 428 426 531 532 544 543
          413 415 430 428 532 533 545 544
          415 417 432 430 533 534 546 545
          417 418 433 432 534 535 547 546
          418 419 434 433 535 536 548 547
          419 420 435 434 536 537 549 548
          420 421 436 435 537 538 550 549
          421 422 437 436 538 539 551 550
          424 423 438 439 541 540 552 553
          423 425 440 438 540 542 554 552
          425 426 441 440 542 543 555 554
          426 428 443 441 543 544 556 555
          428 430 445 443 544 545 557 556
          430 432 447 445 545 546 558 557
          432 433 448 447 546 547 559 558
          433 434 449 448 547 548 560 559
          434 435 450 449 548 549 561 560
          435 436 451 450 549 550 562 561
          436 437 452 451 550 551 563 562
          439 438 453 454 553 552 564 565
          438 440 455 453 552 554 566 564
          440 441 456 455 554 555 567 566
          441 443 458 456 555 556 568 567
          443 445 460 458 556 557 569 568
          445 447 462 460 557 558 570 569
          447 448 463 462 558 559 571 570
          448 449 464 463 559 560 572 571
          449 450 465 464 560 561 573 572
          450 451 466 465 561 562 574 573
          451 452 467 466 562 563 575 574
          576 577 578 579 580 581 582 583
          577 584 585 578 581 586 587 582
          584 588 589 585 586 590 591 587
          588 592 593 589 590 594 595 591
          592 596 597 593 594 598 599 595
          596 468 471 597 598 600 601 599
          468 469 470 471 600 602 603 601
          469 472 473 470 602 604 605 603
          472 474 475 473 604 606 607 605
          474 476 477 475 606 608 609 607
          476 478 479 477 608 610 611 609
          478 480 481 479 610 612 613 611
          480 482 483 481 612 614 615 613
          482 484 485 483 614 616 617 615
          484 486 487 485 616 618 619 617
          486 488 489 487 618 620 621 619
          488 490 491 489 620 622 623 621
          579 578 624 625 583 582 626 627
          578 585 628 624 582 587 629 626
          585 589 630 628 587 591 631 629
          589 593 632 630 591 595 633 631
          593 597 634 632 595 599 635 633
          597 471 493 634 599 601 636 635
          471 470 492 493 601 603 637 636
          470 473 494 492 603 605 638 637
          473 475 495 494 605 607 639 638
          475 477 496 495 607 609 640 639
          477 479 497 496 609 611 641 640
          479 481 498 497 611 613 642 641
          481 483 499 498 613 615 643 642
          483 485 500 499 615 617 644 643
          485 487 501 500 617 619 645 644
          487 489 502 501 619 621 646 645
          489 491 503 502 621 623 647 646
          625 624 648 649 627 626 650 651
          624 628 652 648 626 629 653 650
          628 630 654 652 629 631 655 653
          630 632 656 654 631 633 657 655
          632 634 658 656 633 635 659 657
          634 493 505 658 635 636 660 659
          493 492 504 505 636 637 661 660
          492 494 506 504 637 638 662 661
          494 495 507 506 638 639 663 662
          495 496 508 507 639 640 664 663
          496 497 509 508 640 641 665 664
          497 498 510 509 641 642 666 665
          498 499 511 510 642 643 667 666
          499 500 512 511 643 644 668 667
          500 501 513 512 644 645 669 668
          501 502 514 513 645 646 670 669
          502 503 515 514 646 647 671 670
          649 648 672 673 651 650 674 675
          648 652 676 672 650 653 677 674
          652 654 678 676 653 655 679 677
          654 656 680 678 655 657 681 679
          656 658 682 680 657 659 683 681
          658 505 517 682 659 660 684 683
          505 504 516 517 660 661 685 684
          504 506 518 516 661 662 686 685
          506 507 519 518 662 663 687 686
          507 508 520 519 663 664 688 687
          508 509 521 520 664 665 689 688
          509 510 522 521 665 666 690 689
          510 511 523 522 666 667 691 690
          511 512 524 523 667 668 692 691
          512 513 525 524 668 669 693 692
          513 514 526 525 669 670 694 693
          514 515 527 526 670 671 695 694
          673 672 696 697 675 674 698 699
          672 676 700 696 674 677 701 698
          676 678 702 700 677 679 703 701
          678 680 704 702 679 681 705 703
          680 682 706 704 681 683 707 705
          682 517 529 706 683 684 708 707
          517 516 528 529 684 685 709 708
          516 518 530 528 685 686 710 709
          518 519 531 530 686 687 711 710
          519 520 532 531 687 688 712 711
          520 521 533 532 688 689 713 712
          521 522 534 533 689 690 714 713
          522 523 535 534 690 691 715 714
          523 524 536 535 691 692 716 715
          524 525 537 536 692 693 717 716
          525 526 538 537 693 694 718 717
          526 527 539 538 694 695 719 718
          697 696 720 721 699 698 722 723
          696 700 724 720 698 701 725 722
          700 702 726 724 701 703 727 725
          702 704 728 726 703 705 729 727
          704 706 730 728 705 707 731 729
          706 529 541 730 707 708 732 731
          529 528 540 541 708 709 733 732
          528 530 542 540 709 710 734 733
          530 531 543 542 710 711 735 734
          531 532 544 543 711 712 736 735
          532 533 545 544 712 713 737 736
          533 534 546 545 713 714 738 737
          534 535 547 546 714 715 739 738
          535 536 548 547 715 716 740 739
          536 537 549 548 716 717 741 740
          537 538 550 549 717 718 742 741
          538 539 551 550 718 719 743 742
          721 720 744 745 723 722 746 747
          720 724 748 744 722 725 749 746
          724 726 750 748 725 727 751 749
          726 728 752 750 727 729 753 751
          728 730 754 752 729 731 755 753
          730 541 553 754 731 732 756 755
          541 540 552 553 732 733 757 756
          540 542 554 552 733 734 758 757
          542 543 555 554 734 735 759 758
          543 544 556 555 735 736 760 759
          544 545 557 556 736 737 761 760
          545 546 558 557 737 738 762 761
          546 547 559 558 738 739 763 762
          547 548 560 559 739 740 764 763
          548 549 561 560 740 741 765 764
          549 550 562 561 741 742 766 765
          550 551 563 562 742 743 767 766
          745 744 768 769 747 746 770 771
          744 748 772 768 746 749 773 770
          748 750 774 772 749 751 775 773
          750 752 776 774 751 753 777 775
          752 754 778 776 753 755 779 777
          754 553 565 778 755 756 780 779
          553 552 564 565 756 757 781 780
          552 554 566 564 757 758 782 781
          554 555 567 566 758 759 783 782
          555 556 568 567 759 760 784 783
          556 557 569 568 760 761 785 784
          557 558 570 569 761 762 786 785
          558 559 571 570 762 763 787 786
          559 560 572 571 763 764 788 787
          560 561 573 572 764 765 789 788
          561 562 574 573 765 766 790 789
          562 563 575 574 766 767 791 790
          580 581 582 583 792 793 794 795
          581 586 587 582 793 796 797 794
          586 590 591 587 796 798 799 797
          590 594 595 591 798 800 801 799
          594 598 599 595 800 802 803 801
          598 600 601 599 802 804 805 803
          600 602 603 601 804 806 807 805
          602 604 605 603 806 808 809 807
          604 606 607 605 808 810 811 809
          606 608 609 607 810 812 813 811
          608 610 611 609 812 814 815 813
          610 612 613 611 814 816 817 815
          612 614 615 613 816 818 819 817
          614 616 617 615 818 820 821 819
          616 618 619 617 820 822 823 821
          618 620 621 619 822 824 825 823
          620 622 623 621 824 826 827 825
          583 582 626 627 795 794 828 829
          582 587 629 626 794 797 830 828
          587 591 631 629 797 799 831 830
          591 595 633 631 799 801 832 831
          595 599 635 633 801 803 833 832
          599 601 636 635 803 805 834 833
          601 603 637 636 805 807 835 834
          603 605 638 637 807 809 836 835
          605 607 639 638 809 811 837 836
          607 609 640 639 811 813 838 837
          609 611 641 640 813 815 839 838
          611 613 642 641 815 817 840 839
          613 615 643 642 817 819 841 840
          615 617 644 643 819 821 842 841
          617 619 645 644 821 823 843 842
          619 621 646 645 823 825 844 843
          621 623 647 646 825 827 845 844
          627 626 650 651 829 828 846 847
          626 629 653 650 828 830 848 846
          629 631 655 653 830 831 849 848
          631 633 657 655 831 832 850 849
          633 635 659 657 832 833 851 850
          635 636 660 659 833 834 852 851
          636 637 661 660 834 835 853 852
          637 638 662 661 835 836 854 853
          638 639 663 662 836 837 855 854
          639 640 664 663 837 838 856 855
          640 641 665 664 838 839 857 856
          641 642 666 665 839 840 858 857
          642 643 667 666 840 841 859 858
          643 644 668 667 841 842 860 859
          644 645 669 668 842 843 861 860
          645 646 670 669 843 844 862 861
          646 647 671 670 844 845 863 862
          651 650 674 675 847 846 864 865
          650 653 677 674 846 848 866 864
          653 655 679 677 848 849 867 866
          655 657 681 679 849 850 868 867
          657 659 683 681 850 851 869 868
          659 660 684 683 851 852 870 869
          660 661 685 684 852 853 871 870
          661 662 686 685 853 854 872 871
          662 663 687 686 854 855 873 872
          663 664 688 687 855 856 874 873
          664 665 689 688 856 857 875 874
          665 666 690 689 857 858 876 875
          666 667 691 690 858 859 877 876
          667 668 692 691 859 860 878 877
          668 669 693 692 860 861 879 878
          669 670 694 693 861 862 880 879
          670 671 695 694 862 863 881 880
          675 674 698 699 865 864 882 883
          674 677 701 698 864 866 884 882
          677 679 703 701 866 867 885 884
          679 681 705 703 867 868 886 885
          681 683 707 705 868 869 887 886
          683 684 708 707 869 870 888 887
          684 685 709 708 870 871 889 888
          685 686 710 709 871 872 890 889
          686 687 711 710 872 873 891 890
          687 688 712 711 873 874 892 891
          688 689 713 712 874 875 893 892
          689 690 714 713 875 876 894 893
          690 691 715 714 876 877 895 894
          691 692 716 715 877 878 896 895
          692 693 717 716 878 879 897 896
          693 694 718 717 879 880 898 897
          694 695 719 718 880 881 899 898
          699 698 722 723 883 882 900 901
          698 701 725 722 882 884 902 900
          701 703 727 725 884 885 903 902
          703 705 729 727 885 886 904 903
          705 707 731 729 886 887 905 904
          707 708 732 731 887 888 906 905
          708 709 733 732 888 889 907 906
          709 710 734 733 889 890 908 907
          710 711 735 734 890 891 909 908
          711 712 736 735 891 892 910 909
          712 713 737 736 892 893 911 910
          713 714 738 737 893 894 912 911
          714 715 739 738 894 895 913 912
          715 716 740 739 895 896 914 913
          716 717 741 740 896 897 915 914
          717 718 742 741 897 898 916 915
          718 719 743 742 898 899 917 916
          723 722 746 747 901 900 918 919
          722 725 749 746 900 902 920 918
          725 727 751 749 902 903 921 920
          727 729 753 751 903 904 922 921
          729 731 755 753 904 905 923 922
          731 732 756 755 905 906 924 923
          732 733 757 756 906 907 925 924
          733 734 758 757 907 908 926 925
          734 735 759 758 908 909 927 926
          735 736 760 759 909 910 928 927
          736 737 761 760 910 911 929 928
          737 738 762 761 911 912 930 929
          738 739 763 762 912 913 931 930
          739 740 764 763 913 914 932 931
          740 741 765 764 914 915 933 932
          741 742 766 765 915 916 934 933
          742 743 767 766 916 917 935 934
          747 746 770 771 919 918 936 937
          746 749 773 770 918 920 938 936
          749 751 775 773 920 921 939 938
          751 753 777 775 921 922 940 939
          753 755 779 777 922 923 941 940
          755 756 780 779 923 924 942 941
          756 757 781 780 924 925 943 942
          757 758 782 781 925 926 944 943
          758 759 783 782 926 927 945 944
          759 760 784 783 927 928 946 945
          760 761 785 784 928 929 947 946
          761 762 786 785 929 930 948 947
          762 763 787 786 930 931 949 948
          763 764 788 787 931 932 950 949
          764 765 789 788 932 933 951 950
          765 766 790 789 933 934 952 951
          766 767 791 790 934 935 953 952
          0 1 5 4 954 955 956 957
          1 8 10 5 955 958 959 956
          8 12 14 10 958 960 961 959
          12 16 18 14 960 962 963 961
          4 5 91 90 957 956 964 965
          5 10 94 91 956 959 966 964
          10 14 96 94 959 961 967 966
          14 18 98 96 961 963 968 967
          135 136 140 139 969 970 971 972
          136 143 145 140 970 973 974 971
          143 147 149 145 973 975 976 974
          90 91 152 151 965 964 977 978
          91 94 155 152 964 966 979 977
          94 96 157 155 966 967 980 979
          96 98 159 157 967 968 981 980
          139 140 253 252 972 971 982 983
          140 145 256 253 971 974 984 982
          145 149 258 256 974 976 985 984
          151 152 261 260 978 977 986 987
          152 155 264 261 977 979 988 986
          155 157 266 264 979 980 989 988
          157 159 268 266 980 981 990 989
          252 253 334 333 983 982 991 992
          253 256 337 334 982 984 993 991
          256 258 339 337 984 985 994 993
          258 341 343 339 985 995 996 994
          341 345 347 343 995 997 998 996
          345 349 351 347 997 999 1000 998
          349 260 353 351 999 987 1001 1000
          260 261 355 353 987 986 1002 1001
          261 264 357 355 986 988 1003 1002
          264 266 359 357 988 989 1004 1003
          266 268 361 359 989 990 1005 1004
          333 334 469 468 992 991 1006 1007
          334 337 472 469 991 993 1008 1006
          337 339 474 472 993 994 1009 1008
          339 343 476 474 994 996 1010 1009
          343 347 478 476 996 998 1011 1010
          347 351 480 478 998 1000 1012 1011
          351 353 482 480 1000 1001 1013 1012
          353 355 484 482 1001 1002 1014 1013
          355 357 486 484 1002 1003 1015 1014
          357 359 488 486 1003 1004 1016 1015
          359 361 490 488 1004 1005 1017 1016
          576 577 581 580 1018 1019 1020 1021
          577 584 586 581 1019 1022 1023 1020
          584 588 590 586 1022 1024 1025 1023
          588 592 594 590 1024 1026 1027 1025
          592 596 598 594 1026 1028 1029 1027
          596 468 600 598 1028 1007 1030 1029
          468 469 602 600 1007 1006 1031 1030
          469 472 604 602 1006 1008 1032 1031
          472 474 606 604 1008 1009 1033 1032
          474 476 608 606 1009 1010 1034 1033
          476 478 610 608 1010 1011 1035 1034
          478 480 612 610 1011 1012 1036 1035
          480 482 614 612 1012 1013 1037 1036
          482 484 616 614 1013 1014 1038 1037
          484 486 618 616 1014 1015 1039 1038
          486 488 620 618 1015 1016 1040 1039
          488 490 622 620 1016 1017 1041 1040
          580 581 793 792 1021 1020 1042 1043
          581 586 796 793 1020 1023 1044 1042
          586 590 798 796 1023 1025 1045 1044
          590 594 800 798 1025 1027 1046 1045
          594 598 802 800 1027 1029 1047 1046
          598 600 804 802 1029 1030 1048 1047
          600 602 806 804 1030 1031 1049 1048
          602 604 808 806 1031 1032 1050 1049
          604 606 810 808 1032 1033 1051 1050
          606 608 812 810 1033 1034 1052 1051
          608 610 814 812 1034 1035 1053 1052
          610 612 816 814 1035 1036 1054 1053
          612 614 818 816 1036 1037 1055 1054
          614 616 820 818 1037 1038 1056 1055
          616 618 822 820 1038 1039 1057 1056
          618 620 824 822 1039 1040 1058 1057
          620 622 826 824 1040 1041 1059 1058
          792 793 794 795 1043 1042 1060 1061
          793 796 797 794 1042 1044 1062 1060
          796 798 799 797 1044 1045 1063 1062
          798 800 801 799 1045 1046 1064 1063
          800 802 803 801 1046 1047 1065 1064
          802 804 805 803 1047 1048 1066 1065
          804 806 807 805 1048 1049 1067 1066
          806 808 809 807 1049 1050 1068 1067
          808 810 811 809 1050 1051 1069 1068
          810 812 813 811 1051 1052 1070 1069
          812 814 815 813 1052 1053 1071 1070
          814 816 817 815 1053 1054 1072 1071
          816 818 819 817 1054 1055 1073 1072
          818 820 821 819 1055 1056 1074 1073
          820 822 823 821 1056 1057 1075 1074
          822 824 825 823 1057 1058 1076 1075
          824 826 827 825 1058 1059 1077 1076
          795 794 828 829 1061 1060 1078 1079
          794 797 830 828 1060 1062 1080 1078
          797 799 831 830 1062 1063 1081 1080
          799 801 832 831 1063 1064 1082 1081
          801 803 833 832 1064 1065 1083 1082
          803 805 834 833 1065 1066 1084 1083
          805 807 835 834 1066 1067 1085 1084
          807 809 836 835 1067 1068 1086 1085
          809 811 837 836 1068 1069 1087 1086
          811 813 838 837 1069 1070 1088 1087
          813 815 839 838 1070 1071 1089 1088
          815 817 840 839 1071 1072 1090 1089
          817 819 841 840 1072 1073 1091 1090
          819 821 842 841 1073 1074 1092 1091
          821 823 843 842 1074 1075 1093 1092
          823 825 844 843 1075 1076 1094 1093
          825 827 845 844 1076 1077 1095 1094
          829 828 846 847 1079 1078 1096 1097
          828 830 848 846 1078 1080 1098 1096
          830 831 849 848 1080 1081 1099 1098
          831 832 850 849 1081 1082 1100 1099
          832 833 851 850 1082 1083 1101 1100
          833 834 852 851 1083 1084 1102 1101
          834 835 853 852 1084 1085 1103 1102
          835 836 854 853 1085 1086 1104 1103
          836 837 855 854 1086 1087 1105 1104
          837 838 856 855 1087 1088 1106 1105
          838 839 857 856 1088 1089 1107 1106
          839 840 858 857 1089 1090 1108 1107
          840 841 859 858 1090 1091 1109 1108
          841 842 860 859 1091 1092 1110 1109
          842 843 861 860 1092 1093 1111 1110
          843 844 862 861 1093 1094 1112 1111
          844 845 863 862 1094 1095 1113 1112
          847 846 864 865 1097 1096 1114 1115
          846 848 866 864 1096 1098 1116 1114
          848 849 867 866 1098 1099 1117 1116
          849 850 868 867 1099 1100 1118 1117
          850 851 869 868 1100 1101 1119 1118
          851 852 870 869 1101 1102 1120 1119
          852 853 871 870 1102 1103 1121 1120
          853 854 872 871 1103 1104 1122 1121
          854 855 873 872 1104 1105 1123 1122
          855 856 874 873 1105 1106 1124 1123
          856 857 875 874 1106 1107 1125 1124
          857 858 876 875 1107 1108 1126 1125
          858 859 877 876 1108 1109 1127 1126
          859 860 878 877 1109 1110 1128 1127
          860 861 879 878 1110 1111 1129 1128
          861 862 880 879 1111 1112 1130 1129
          862 863 881 880 1112 1113 1131 1130
          865 864 882 883 1115 1114 1132 1133
          864 866 884 882 1114 1116 1134 1132
          866 867 885 884 1116 1117 1135 1134
          867 868 886 885 1117 1118 1136 1135
          868 869 887 886 1118 1119 1137 1136
          869 870 888 887 1119 1120 1138 1137
          870 871 889 888 1120 1121 1139 1138
          871 872 890 889 1121 1122 1140 1139
          872 873 891 890 1122 1123 1141 1140
          873 874 892 891 1123 1124 1142 1141
          874 875 893 892 1124 1125 1143 1142
          875 876 894 893 1125 1126 1144 1143
          876 877 895 894 1126 1127 1145 1144
          877 878 896 895 1127 1128 1146 1145
          878 879 897 896 1128 1129 1147 1146
          879 880 898 897 1129 1130 1148 1147
          880 881 899 898 1130 1131 1149 1148
          883 882 900 901 1133 1132 1150 1151
          882 884 902 900 1132 1134 1152 1150
          884 885 903 902 1134 1135 1153 1152
          885 886 904 903 1135 1136 1154 1153
          886 887 905 904 1136 1137 1155 1154
          887 888 906 905 1137 1138 1156 1155
          888 889 907 906 1138 1139 1157 1156
          889 890 908 907 1139 1140 1158 1157
          890 891 909 908 1140 1141 1159 1158
          891 892 910 909 1141 1142 1160 1159
          892 893 911 910 1142 1143 1161 1160
          893 894 912 911 1143 1144 1162 1161
          894 895 913 912 1144 1145 1163 1162
          895 896 914 913 1145 1146 1164 1163
          896 897 915 914 1146 1147 1165 1164
          897 898 916 915 1147 1148 1166 1165
          898 899 917 916 1148 1149 1167 1166
          901 900 918 919 1151 1150 1168 1169
          900 902 920 918 1150 1152 1170 1168
          902 903 921 920 1152 1153 1171 1170
          903 904 922 921 1153 1154 1172 1171
          904 905 923 922 1154 1155 1173 1172
          905 906 924 923 1155 1156 1174 1173
          906 907 925 924 1156 1157 1175 1174
          907 908 926 925 1157 1158 1176 1175
          908 909 927 926 1158 1159 1177 1176
          909 910 928 927 1159 1160 1178 1177
          910 911 929 928 1160 1161 1179 1178
          911 912 930 929 1161 1162 1180 1179
          912 913 931 930 1162 1163 1181 1180
          913 914 932 931 1163 1164 1182 1181
          914 915 933 932 1164 1165 1183 1182
          915 916 934 933 1165 1166 1184 1183
          916 917 935 934 1166 1167 1185 1184
          919 918 936 937 1169 1168 1186 1187
          918 920 938 936 1168 1170 1188 1186
          920 921 939 938 1170 1171 1189 1188
          921 922 940 939 1171 1172 1190 1189
          922 923 941 940 1172 1173 1191 1190
          923 924 942 941 1173 1174 1192 1191
          924 925 943 942 1174 1175 1193 1192
          925 926 944 943 1175 1176 1194 1193
          926 927 945 944 1176 1177 1195 1194
          927 928 946 945 1177 1178 1196 1195
          928 929 947 946 1178 1179 1197 1196
          929 930 948 947 1179 1180 1198 1197
          930 931 949 948 1180 1181 1199 1198
          931 932 950 949 1181 1182 1200 1199
          932 933 951 950 1182 1183 1201 1200
          933 934 952 951 1183 1184 1202 1201
          934 935 953 952 1184 1185 1203 1202
          937 936 770 771 1187 1186 1204 1205
          936 938 773 770 1186 1188 1206 1204
          938 939 775 773 1188 1189 1207 1206
          939 940 777 775 1189 1190 1208 1207
          940 941 779 777 1190 1191 1209 1208
          941 942 780 779 1191 1192 1210 1209
          942 943 781 780 1192 1193 1211 1210
          943 944 782 781 1193 1194 1212 1211
          944 945 783 782 1194 1195 1213 1212
          945 946 784 783 1195 1196 1214 1213
          946 947 785 784 1196 1197 1215 1214
          947 948 786 785 1197 1198 1216 1215
          948 949 787 786 1198 1199 1217 1216
          949 950 788 787 1199 1200 1218 1217
          950 951 789 788 1200 1201 1219 1218
          951 952 790 789 1201 1202 1220 1219
          952 953 791 790 1202 1203 1221 1220
          771 770 768 769 1205 1204 1222 1223
          770 773 772 768 1204 1206 1224 1222
          773 775 774 772 1206 1207 1225 1224
          775 777 776 774 1207 1208 1226 1225
          777 779 778 776 1208 1209 1227 1226
          779 780 565 778 1209 1210 1228 1227
          780 781 564 565 1210 1211 1229 1228
          781 782 566 564 1211 1212 1230 1229
          782 783 567 566 1212 1213 1231 1230
          783 784 568 567 1213 1214 1232 1231
          784 785 569 568 1214 1215 1233 1232
          785 786 570 569 1215 1216 1234 1233
          786 787 571 570 1216 1217 1235 1234
          787 788 572 571 1217 1218 1236 1235
          788 789 573 572 1218 1219 1237 1236
          789 790 574 573 1219 1220 1238 1237
          790 791 575 574 1220 1221 1239 1238
          565 564 453 454 1228 1229 1240 1241
          564 566 455 453 1229 1230 1242 1240
          566 567 456 455 1230 1231 1243 1242
          567 568 458 456 1231 1232 1244 1243
          568 569 460 458 1232 1233 1245 1244
          569 570 462 460 1233 1234 1246 1245
          570 571 463 462 1234 1235 1247 1246
          571 572 464 463 1235 1236 1248 1247
          572 573 465 464 1236 1237 1249 1248
          573 574 466 465 1237 1238 1250 1249
          574 575 467 466 1238 1239 1251 1250
          454 453 324 325 1241 1240 1252 1253
          453 455 326 324 1240 1242 1254 1252
          455 456 327 326 1242 1243 1255 1254
          456 458 457 327 1243 1244 1256 1255
          458 460 459 457 1244 1245 1257 1256
          460 462 461 459 1245 1246 1258 1257
          462 463 329 461 1246 1247 1259 1258
          463 464 328 329 1247 1248 1260 1259
          464 465 330 328 1248 1249 1261 1260
          465 466 331 330 1249 1250 1262 1261
          466 467 332 331 1250 1251 1263 1262
          325 324 241 242 1253 1252 1264 1265
          324 326 244 241 1252 1254 1266 1264
          326 327 246 244 1254 1255 1267 1266
          329 328 247 248 1259 1260 1268 1269
          328 330 249 247 1260 1261 1270 1268
          330 331 250 249 1261 1262 1271 1270
          331 332 251 250 1262 1263 1272 1271
          242 241 239 240 1265 1264 1273 1274
          241 244 243 239 1264 1266 1275 1273
          244 246 245 243 1266 1267 1276 1275
          248 247 130 131 1269 1268 1277 1278
          247 249 132 130 1268 1270 1279 1277
          249 250 133 132 1270 1271 1280 1279
          250 251 134 133 1271 1272 1281 1280
          131 130 82 83 1278 1277 1282 1283
          130 132 85 82 1277 1279 1284 1282
          132 133 87 85 1279 1280 1285 1284
          133 134 89 87 1280 1281 1286 1285
          83 82 80 81 1283 1282 1287 1288
          82 85 84 80 1282 1284 1289 1287
          85 87 86 84 1284 1285 1290 1289
          87 89 88 86 1285 1286 1291 1290
          954 955 956 957 1292 1293 1294 1295
          955 958 959 956 1293 1296 1297 1294
          958 960 961 959 1296 1298 1299 1297
          960 962 963 961 1298 1300 1301 1299
          957 956 964 965 1295 1294 1302 1303
          956 959 966 964 1294 1297 1304 1302
          959 961 967 966 1297 1299 1305 1304
          961 963 968 967 1299 1301 1306 1305
          969 970 971 972 1307 1308 1309 1310
          970 973 974 971 1308 1311 1312 1309
          973 975 976 974 1311 1313 1314 1312
          965 964 977 978 1303 1302 1315 1316
          964 966 979 977 1302 1304 1317 1315
          966 967 980 979 1304 1305 1318 1317
          967 968 981 980 1305 1306 1319 1318
          972 971 982 983 1310 1309 1320 1321
          971 974 984 982 1309 1312 1322 1320
          974 976 985 984 1312 1314 1323 1322
          978 977 986 987 1316 1315 1324 1325
          977 979 988 986 1315 1317 1326 1324
          979 980 989 988 1317 1318 1327 1326
          980 981 990 989 1318 1319 1328 1327
          983 982 991 992 1321 1320 1329 1330
          982 984 993 991 1320 1322 1331 1329
          984 985 994 993 1322 1323 1332 1331
          985 995 996 994 1323 1333 1334 1332
          995 997 998 996 1333 1335 1336 1334
          997 999 1000 998 1335 1337 1338 1336
          999 987 1001 1000 1337 1325 1339 1338
          987 986 1002 1001 1325 1324 1340 1339
          986 988 1003 1002 1324 1326 1341 1340
          988 989 1004 1003 1326 1327 1342 1341
          989 990 1005 1004 1327 1328 1343 1342
          992 991 1006 1007 1330 1329 1344 1345
          991 993 1008 1006 1329 1331 1346 1344
          993 994 1009 1008 1331 1332 1347 1346
          994 996 1010 1009 1332 1334 1348 1347
          996 998 1011 1010 1334 1336 1349 1348
          998 1000 1012 1011 1336 1338 1350 1349
          1000 1001 1013 1012 1338 1339 1351 1350
          1001 1002 1014 1013 1339 1340 1352 1351
          1002 1003 1015 1014 1340 1341 1353 1352
          1003 1004 1016 1015 1341 1342 1354 1353
          1004 1005 1017 1016 1342 1343 1355 1354
          1018 1019 1020 1021 1356 1357 1358 1359
          1019 1022 1023 1020 1357 1360 1361 1358
          1022 1024 1025 1023 1360 1362 1363 1361
          1024 1026 1027 1025 1362 1364 1365 1363
          1026 1028 1029 1027 1364 1366 1367 1365
          1028 1007 1030 1029 1366 1345 1368 1367
          1007 1006 1031 1030 1345 1344 1369 1368
          1006 1008 1032 1031 1344 1346 1370 1369
          1008 1009 1033 1032 1346 1347 1371 1370
          1009 1010 1034 1033 1347 1348 1372 1371
          1010 1011 1035 1034 1348 1349 1373 1372
          1011 1012 1036 1035 1349 1350 1374 1373
          1012 1013 1037 1036 1350 1351 1375 1374
          1013 1014 1038 1037 1351 1352 1376 1375
          1014 1015 1039 1038 1352 1353 1377 1376
          1015 1016 1040 1039 1353 1354 1378 1377
          1016 1017 1041 1040 1354 1355 1379 1378
          1021 1020 1042 1043 1359 1358 1380 1381
          1020 1023 1044 1042 1358 1361 1382 1380
          1023 1025 1045 1044 1361 1363 1383 1382
          1025 1027 1046 1045 1363 1365 1384 1383
          1027 1029 1047 1046 1365 1367 1385 1384
          1029 1030 1048 1047 1367 1368 1386 1385
          1030 1031 1049 1048 1368 1369 1387 1386
          1031 1032 1050 1049 1369 1370 1388 1387
          1032 1033 1051 1050 1370 1371 1389 1388
          1033 1034 1052 1051 1371 1372 1390 1389
          1034 1035 1053 1052 1372 1373 1391 1390
          1035 1036 1054 1053 1373 1374 1392 1391
          1036 1037 1055 1054 1374 1375 1393 1392
          1037 1038 1056 1055 1375 1376 1394 1393
          1038 1039 1057 1056 1376 1377 1395 1394
          1039 1040 1058 1057 1377 1378 1396 1395
          1040 1041 1059 1058 1378 1379 1397 1396
          1043 1042 1060 1061 1381 1380 1398 1399
          1042 1044 1062 1060 1380 1382 1400 1398
          1044 1045 1063 1062 1382 1383 1401 1400
          1045 1046 1064 1063 1383 1384 1402 1401
          1046 1047 1065 1064 1384 1385 1403 1402
          1047 1048 1066 1065 1385 1386 1404 1403
          1048 1049 1067 1066 1386 1387 1405 1404
          1049 1050 1068 1067 1387 1388 1406 1405
          1050 1051 1069 1068 1388 1389 1407 1406
          1051 1052 1070 1069 1389 1390 1408 1407
          1052 1053 1071 1070 1390 1391 1409 1408
          1053 1054 1072 1071 1391 1392 1410 1409
          1054 1055 1073 1072 1392 1393 1411 1410
          1055 1056 1074 1073 1393 1394 1412 1411
          1056 1057 1075 1074 1394 1395 1413 1412
          1057 1058 1076 1075 1395 1396 1414 1413
          1058 1059 1077 1076 1396 1397 1415 1414
          1061 1060 1078 1079 1399 1398 1416 1417
          1060 1062 1080 1078 1398 1400 1418 1416
          1062 1063 1081 1080 1400 1401 1419 1418
          1063 1064 1082 1081 1401 1402 1420 1419
          1064 1065 1083 1082 1402 1403 1421 1420
          1065 1066 1084 1083 1403 1404 1422 1421
          1066 1067 1085 1084 1404 1405 1423 1422
          1067 1068 1086 1085 1405 1406 1424 1423
          1068 1069 1087 1086 1406 1407 1425 1424
          1069 1070 1088 1087 1407 1408 1426 1425
          1070 1071 1089 1088 1408 1409 1427 1426
          1071 1072 1090 1089 1409 1410 1428 1427
          1072 1073 1091 1090 1410 1411 1429 1428
          1073 1074 1092 1091 1411 1412 1430 1429
          1074 1075 1093 1092 1412 1413 1431 1430
          1075 1076 1094 1093 1413 1414 1432 1431
          1076 1077 1095 1094 1414 1415 1433 1432
          1079 1078 1096 1097 1417 1416 1434 1435
          1078 1080 1098 1096 1416 1418 1436 1434
          1080 1081 1099 1098 1418 1419 1437 1436
          1081 1082 1100 1099 1419 1420 1438 1437
          1082 1083 1101 1100 1420 1421 1439 1438
          1083 1084 1102 1101 1421 1422 1440 1439
          1084 1085 1103 1102 1422 1423 1441 1440
          1085 1086 1104 1103 1423 1424 1442 1441
          1086 1087 1105 1104 1424 1425 1443 1442
          1087 1088 1106 1105 1425 1426 1444 1443
          1088 1089 1107 1106 1426 1427 1445 1444
          1089 1090 1108 1107 1427 1428 1446 1445
          1090 1091 1109 1108 1428 1429 1447 1446
          1091 1092 1110 1109 1429 1430 1448 1447
          1092 1093 1111 1110 1430 1431 1449 1448
          1093 1094 1112 1111 1431 1432 1450 1449
          1094 1095 1113 1112 1432 1433 1451 1450
          1097 1096 1114 1115 1435 1434 1452 1453
          1096 1098 1116 1114 1434 1436 1454 1452
          1098 1099 1117 1116 1436 1437 1455 1454
          1099 1100 1118 1117 1437 1438 1456 1455
          1100 1101 1119 1118 1438 1439 1457 1456
          1101 1102 1120 1119 1439 1440 1458 1457
          1102 1103 1121 1120 1440 1441 1459 1458
          1103 1104 1122 1121 1441 1442 1460 1459
          1104 1105 1123 1122 1442 1443 1461 1460
          1105 1106 1124 1123 1443 1444 1462 1461
          1106 1107 1125 1124 1444 1445 1463 1462
          1107 1108 1126 1125 1445 1446 1464 1463
          1108 1109 1127 1126 1446 1447 1465 1464
          1109 1110 1128 1127 1447 1448 1466 1465
          1110 1111 1129 1128 1448 1449 1467 1466
          1111 1112 1130 1129 1449 1450 1468 1467
          1112 1113 1131 1130 1450 1451 1469 1468
          1115 1114 1132 1133 1453 1452 1470 1471
          1114 1116 1134 1132 1452 1454 1472 1470
          1116 1117 1135 1134 1454 1455 1473 1472
          1117 1118 1136 1135 1455 1456 1474 1473
          1118 1119 1137 1136 1456 1457 1475 1474
          1119 1120 1138 1137 1457 1458 1476 1475
          1120 1121 1139 1138 1458 1459 1477 1476
          1121 1122 1140 1139 1459 1460 1478 1477
          1122 1123 1141 1140 1460 1461 1479 1478
          1123 1124 1142 1141 1461 1462 1480 1479
          1124 1125 1143 1142 1462 1463 1481 1480
          1125 1126 1144 1143 1463 1464 1482 1481
          1126 1127 1145 1144 1464 1465 1483 1482
          1127 1128 1146 1145 1465 1466 1484 1483
          1128 1129 1147 1146 1466 1467 1485 1484
          1129 1130 1148 1147 1467 1468 1486 1485
          1130 1131 1149 1148 1468 1469 1487 1486
          1133 1132 1150 1151 1471 1470 1488 1489
          1132 1134 1152 1150 1470 1472 1490 1488
          1134 1135 1153 1152 1472 1473 1491 1490
          1135 1136 1154 1153 1473 1474 1492 1491
          1136 1137 1155 1154 1474 1475 1493 1492
          1137 1138 1156 1155 1475 1476 1494 1493
          1138 1139 1157 1156 1476 1477 1495 1494
          1139 1140 1158 1157 1477 1478 1496 1495
          1140 1141 1159 1158 1478 1479 1497 1496
          1141 1142 1160 1159 1479 1480 1498 1497
          1142 1143 1161 1160 1480 1481 1499 1498
          1143 1144 1162 1161 1481 1482 1500 1499
          1144 1145 1163 1162 1482 1483 1501 1500
          1145 1146 1164 1163 1483 1484 1502 1501
          1146 1147 1165 1164 1484 1485 1503 1502
          1147 1148 1166 1165 1485 1486 1504 1503
          1148 1149 1167 1166 1486 1487 1505 1504
          1151 1150 1168 1169 1489 1488 1506 1507
          1150 1152 1170 1168 1488 1490 1508 1506
          1152 1153 1171 1170 1490 1491 1509 1508
          1153 1154 1172 1171 1491 1492 1510 1509
          1154 1155 1173 1172 1492 1493 1511 1510
          1155 1156 1174 1173 1493 1494 1512 1511
          1156 1157 1175 1174 1494 1495 1513 1512
          1157 1158 1176 1175 1495 1496 1514 1513
          1158 1159 1177 1176 1496 1497 1515 1514
          1159 1160 1178 1177 1497 1498 1516 1515
          1160 1161 1179 1178 1498 1499 1517 1516
          1161 1162 1180 1179 1499 1500 1518 1517
          1162 1163 1181 1180 1500 1501 1519 1518
          1163 1164 1182 1181 1501 1502 1520 1519
          1164 1165 1183 1182 1502 1503 1521 1520
          1165 1166 1184 1183 1503 1504 1522 1521
          1166 1167 1185 1184 1504 1505 1523 1522
          1169 1168 1186 1187 1507 1506 1524 1525
          1168 1170 1188 1186 1506 1508 1526 1524
          1170 1171 1189 1188 1508 1509 1527 1526
          1171 1172 1190 1189 1509 1510 1528 1527
          1172 1173 1191 1190 1510 1511 1529 1528
          1173 1174 1192 1191 1511 1512 1530 1529
          1174 1175 1193 1192 1512 1513 1531 1530
          1175 1176 1194 1193 1513 1514 1532 1531
          1176 1177 1195 1194 1514 1515 1533 1532
          1177 1178 1196 1195 1515 1516 1534 1533
          1178 1179 1197 1196 1516 1517 1535 1534
          1179 1180 1198 1197 1517 1518 1536 1535
          1180 1181 1199 1198 1518 1519 1537 1536
          1181 1182 1200 1199 1519 1520 1538 1537
          1182 1183 1201 1200 1520 1521 1539 1538
          1183 1184 1202 1201 1521 1522 1540 1539
          1184 1185 1203 1202 1522 1523 1541 1540
          1187 1186 1204 1205 1525 1524 1542 1543
          1186 1188 1206 1204 1524 1526 1544 1542
          1188 1189 1207 1206 1526 1527 1545 1544
          1189 1190 1208 1207 1527 1528 1546 1545
          1190 1191 1209 1208 1528 1529 1547 1546
          1191 1192 1210 1209 1529 1530 1548 1547
          1192 1193 1211 1210 1530 1531 1549 1548
          1193 1194 1212 1211 1531 1532 1550 1549
          1194 1195 1213 1212 1532 1533 1551 1550
          1195 1196 1214 1213 1533 1534 1552 1551
          1196 1197 1215 1214 1534 1535 1553 1552
          1197 1198 1216 1215 1535 1536 1554 1553
          1198 1199 1217 1216 1536 1537 1555 1554
          1199 1200 1218 1217 1537 1538 1556 1555
          1200 1201 1219 1218 1538 1539 1557 1556
          1201 1202 1220 1219 1539 1540 1558 1557
          1202 1203 1221 1220 1540 1541 1559 1558
          1205 1204 1222 1223 1543 1542 1560 1561
          1204 1206 1224 1222 1542 1544 1562 1560
          1206 1207 1225 1224 1544 1545 1563 1562
          1207 1208 1226 1225 1545 1546 1564 1563
          1208 1209 1227 1226 1546 1547 1565 1564
          1209 1210 1228 1227 1547 1548 1566 1565
          1210 1211 1229 1228 1548 1549 1567 1566
          1211 1212 1230 1229 1549 1550 1568 1567
          1212 1213 1231 1230 1550 1551 1569 1568
          1213 1214 1232 1231 1551 1552 1570 1569
          1214 1215 1233 1232 1552 1553 1571 1570
          1215 1216 1234 1233 1553 1554 1572 1571
          1216 1217 1235 1234 1554 1555 1573 1572
          1217 1218 1236 1235 1555 1556 1574 1573
          1218 1219 1237 1236 1556 1557 1575 1574
          1219 1220 1238 1237 1557 1558 1576 1575
          1220 1221 1239 1238 1558 1559 1577 1576
          1228 1229 1240 1241 1566 1567 1578 1579
          1229 1230 1242 1240 1567 1568 1580 1578
          1230 1231 1243 1242 1568 1569 1581 1580
          1231 1232 1244 1243 1569 1570 1582 1581
          1232 1233 1245 1244 1570 1571 1583 1582
          1233 1234 1246 1245 1571 1572 1584 1583
          1234 1235 1247 1246 1572 1573 1585 1584
          1235 1236 1248 1247 1573 1574 1586 1585
          1236 1237 1249 1248 1574 1575 1587 1586
          1237 1238 1250 1249 1575 1576 1588 1587
          1238 1239 1251 1250 1576 1577 1589 1588
          1241 1240 1252 1253 1579 1578 1590 1591
          1240 1242 1254 1252 1578 1580 1592 1590
          1242 1243 1255 1254 1580 1581 1593 1592
          1243 1244 1256 1255 1581 1582 1594 1593
          1244 1245 1257 1256 1582 1583 1595 1594
          1245 1246 1258 1257 1583 1584 1596 1595
          1246 1247 1259 1258 1584 1585 1597 1596
          1247 1248 1260 1259 1585 1586 1598 1597
          1248 1249 1261 1260 1586 1587 1599 1598
          1249 1250 1262 1261 1587 1588 1600 1599
          1250 1251 1263 1262 1588 1589 1601 1600
          1253 1252 1264 1265 1591 1590 1602 1603
          1252 1254 1266 1264 1590 1592 1604 1602
          1254 1255 1267 1266 1592 1593 1605 1604
          1259 1260 1268 1269 1597 1598 1606 1607
          1260 1261 1270 1268 1598 1599 1608 1606
          1261 1262 1271 1270 1599 1600 1609 1608
          1262 1263 1272 1271 1600 1601 1610 1609
          1265 1264 1273 1274 1603 1602 1611 1612
          1264 1266 1275 1273 1602 1604 1613 1611
          1266 1267 1276 1275 1604 1605 1614 1613
          1269 1268 1277 1278 1607 1606 1615 1616
          1268 1270 1279 1277 1606 1608 1617 1615
          1270 1271 1280 1279 1608 1609 1618 1617
          1271 1272 1281 1280 1609 1610 1619 1618
          1278 1277 1282 1283 1616 1615 1620 1621
          1277 1279 1284 1282 1615 1617 1622 1620
          1279 1280 1285 1284 1617 1618 1623 1622
          1280 1281 1286 1285 1618 1619 1624 1623
          1283 1282 1287 1288 1621 1620 1625 1626
          1282 1284 1289 1287 1620 1622 1627 1625
          1284 1285 1290 1289 1622 1623 1628 1627
          1285 1286 1291 1290 1623 1624 1629 1628
          1292 1293 1294 1295 1630 1631 1632 1633
          1293 1296 1297 1294 1631 1634 1635 1632
          1296 1298 1299 1297 1634 1636 1637 1635
          1298 1300 1301 1299 1636 1638 1639 1637
          1295 1294 1302 1303 1633 1632 1640 1641
          1294 1297 1304 1302 1632 1635 1642 1640
          1297 1299 1305 1304 1635 1637 1643 1642
          1299 1301 1306 1305 1637 1639 1644 1643
          1307 1308 1309 1310 1645 1646 1647 1648
          1308 1311 1312 1309 1646 1649 1650 1647
          1311 1313 1314 1312 1649 1651 1652 1650
          1303 1302 1315 1316 1641 1640 1653 1654
          1302 1304 1317 1315 1640 1642 1655 1653
          1304 1305 1318 1317 1642 1643 1656 1655
          1305 1306 1319 1318 1643 1644 1657 1656
          1310 1309 1320 1321 1648 1647 1658 1659
          1309 1312 1322 1320 1647 1650 1660 1658
          1312 1314 1323 1322 1650 1652 1661 1660
          1316 1315 1324 1325 1654 1653 1662 1663
          1315 1317 1326 1324 1653 1655 1664 1662
          1317 1318 1327 1326 1655 1656 1665 1664
          1318 1319 1328 1327 1656 1657 1666 1665
          1321 1320 1329 1330 1659 1658 1667 1668
          1320 1322 1331 1329 1658 1660 1669 1667
          1322 1323 1332 1331 1660 1661 1670 1669
          1323 1333 1334 1332 1661 1671 1672 1670
          1333 1335 1336 1334 1671 1673 1674 1672
          1335 1337 1338 1336 1673 1675 1676 1674
          1337 1325 1339 1338 1675 1663 1677 1676
          1325 1324 1340 1339 1663 1662 1678 1677
          1324 1326 1341 1340 1662 1664 1679 1678
          1326 1327 1342 1341 1664 1665 1680 1679
          1327 1328 1343 1342 1665 1666 1681 1680
          1330 1329 1344 1345 1668 1667 1682 1683
          1329 1331 1346 1344 1667 1669 1684 1682
          1331 1332 1347 1346 1669 1670 1685 1684
          1332 1334 1348 1347 1670 1672 1686 1685
          1334 1336 1349 1348 1672 1674 1687 1686
          1336 1338 1350 1349 1674 1676 1688 1687
          1338 1339 1351 1350 1676 1677 1689 1688
          1339 1340 1352 1351 1677 1678 1690 1689
          1340 1341 1353 1352 1678 1679 1691 1690
          1341 1342 1354 1353 1679 1680 1692 1691
          1342 1343 1355 1354 1680 1681 1693 1692
          1356 1357 1358 1359 1694 1695 1696 1697
          1357 1360 1361 1358 1695 1698 1699 1696
          1360 1362 1363 1361 1698 1700 1701 1699
          1362 1364 1365 1363 1700 1702 1703 1701
          1364 1366 1367 1365 1702 1704 1705 1703
          1366 1345 1368 1367 1704 1683 1706 1705
          1345 1344 1369 1368 1683 1682 1707 1706
          1344 1346 1370 1369 1682 1684 1708 1707
          1346 1347 1371 1370 1684 1685 1709 1708
          1347 1348 1372 1371 1685 1686 1710 1709
          1348 1349 1373 1372 1686 1687 1711 1710
          1349 1350 1374 1373 1687 1688 1712 1711
          1350 1351 1375 1374 1688 1689 1713 1712
          1351 1352 1376 1375 1689 1690 1714 1713
          1352 1353 1377 1376 1690 1691 1715 1714
          1353 1354 1378 1377 1691 1692 1716 1715
          1354 1355 1379 1378 1692 1693 1717 1716
          1359 1358 1380 1381 1697 1696 1718 1719
          1358 1361 1382 1380 1696 1699 1720 1718
          1361 1363 1383 1382 1699 1701 1721 1720
          1363 1365 1384 1383 1701 1703 1722 1721
          1365 1367 1385 1384 1703 1705 1723 1722
          1367 1368 1386 1385 1705 1706 1724 1723
          1368 1369 1387 1386 1706 1707 1725 1724
          1369 1370 1388 1387 1707 1708 1726 1725
          1370 1371 1389 1388 1708 1709 1727 1726
          1371 1372 1390 1389 1709 1710 1728 1727
          1372 1373 1391 1390 1710 1711 1729 1728
          1373 1374 1392 1391 1711 1712 1730 1729
          1374 1375 1393 1392 1712 1713 1731 1730
          1375 1376 1394 1393 1713 1714 1732 1731
          1376 1377 1395 1394 1714 1715 1733 1732
          1377 1378 1396 1395 1715 1716 1734 1733
          1378 1379 1397 1396 1716 1717 1735 1734
          1381 1380 1398 1399 1719 1718 1736 1737
          1380 1382 1400 1398 1718 1720 1738 1736
          1382 1383 1401 1400 1720 1721 1739 1738
          1383 1384 1402 1401 1721 1722 1740 1739
          1384 1385 1403 1402 1722 1723 1741 1740
          1385 1386 1404 1403 1723 1724 1742 1741
          1386 1387 1405 1404 1724 1725 1743 1742
          1387 1388 1406 1405 1725 1726 1744 1743
          1388 1389 1407 1406 1726 1727 1745 1744
          1389 1390 1408 1407 1727 1728 1746 1745
          1390 1391 1409 1408 1728 1729 1747 1746
          1391 1392 1410 1409 1729 1730 1748 1747
          1392 1393 1411 1410 1730 1731 1749 1748
          1393 1394 1412 1411 1731 1732 1750 1749
          1394 1395 1413 1412 1732 1733 1751 1750
          1395 1396 1414 1413 1733 1734 1752 1751
          1396 1397 1415 1414 1734 1735 1753 1752
          1399 1398 1416 1417 1737 1736 1754 1755
          1398 1400 1418 1416 1736 1738 1756 1754
          1400 1401 1419 1418 1738 1739 1757 1756
          1401 1402 1420 1419 1739 1740 1758 1757
          1402 1403 1421 1420 1740 1741 1759 1758
          1403 1404 1422 1421 1741 1742 1760 1759
          1404 1405 1423 1422 1742 1743 1761 1760
          1405 1406 1424 1423 1743 1744 1762 1761
          1406 1407 1425 1424 1744 1745 1763 1762
          1407 1408 1426 1425 1745 1746 1764 1763
          1408 1409 1427 1426 1746 1747 1765 1764
          1409 1410 1428 1427 1747 1748 1766 1765
          1410 1411 1429 1428 1748 1749 1767 1766
          1411 1412 1430 1429 1749 1750 1768 1767
          1412 1413 1431 1430 1750 1751 1769 1768
          1413 1414 1432 1431 1751 1752 1770 1769
          1414 1415 1433 1432 1752 1753 1771 1770
          1417 1416 1434 1435 1755 1754 1772 1773
          1416 1418 1436 1434 1754 1756 1774 1772
          1418 1419 1437 1436 1756 1757 1775 1774
          1419 1420 1438 1437 1757 1758 1776 1775
          1420 1421 1439 1438 1758 1759 1777 1776
          1421 1422 1440 1439 1759 1760 1778 1777
          1422 1423 1441 1440 1760 1761 1779 1778
          1423 1424 1442 1441 1761 1762 1780 1779
          1424 1425 1443 1442 1762 1763 1781 1780
          1425 1426 1444 1443 1763 1764 1782 1781
          1426 1427 1445 1444 1764 1765 1783 1782
          1427 1428 1446 1445 1765 1766 1784 1783
          1428 1429 1447 1446 1766 1767 1785 1784
          1429 1430 1448 1447 1767 1768 1786 1785
          1430 1431 1449 1448 1768 1769 1787 1786
          1431 1432 1450 1449 1769 1770 1788 1787
          1432 1433 1451 1450 1770 1771 1789 1788
          1435 1434 1452 1453 1773 1772 1790 1791
          1434 1436 1454 1452 1772 1774 1792 1790
          1436 1437 1455 1454 1774 1775 1793 1792
          1437 1438 1456 1455 1775 1776 1794 1793
          1438 1439 1457 1456 1776 1777 1795 1794
          1439 1440 1458 1457 1777 1778 1796 1795
          1440 1441 1459 1458 1778 1779 1797 1796
          1441 1442 1460 1459 1779 1780 1798 1797
          1442 1443 1461 1460 1780 1781 1799 1798
          1443 1444 1462 1461 1781 1782 1800 1799
          1444 1445 1463 1462 1782 1783 1801 1800
          1445 1446 1464 1463 1783 1784 1802 1801
          1446 1447 1465 1464 1784 1785 1803 1802
          1447 1448 1466 1465 1785 1786 1804 1803
          1448 1449 1467 1466 1786 1787 1805 1804
          1449 1450 1468 1467 1787 1788 1806 1805
          1450 1451 1469 1468 1788 1789 1807 1806
          1453 1452 1470 1471 1791 1790 1808 1809
          1452 1454 1472 1470 1790 1792 1810 1808
          1454 1455 1473 1472 1792 1793 1811 1810
          1455 1456 1474 1473 1793 1794 1812 1811
          1456 1457 1475 1474 1794 1795 1813 1812
          1457 1458 1476 1475 1795 1796 1814 1813
          1458 1459 1477 1476 1796 1797 1815 1814
          1459 1460 1478 1477 1797 1798 1816 1815
          1460 1461 1479 1478 1798 1799 1817 1816
          1461 1462 1480 1479 1799 1800 1818 1817
          1462 1463 1481 1480 1800 1801 1819 1818
          1463 1464 1482 1481 1801 1802 1820 1819
          1464 1465 1483 1482 1802 1803 1821 1820
          1465 1466 1484 1483 1803 1804 1822 1821
          1466 1467 1485 1484 1804 1805 1823 1822
          1467 1468 1486 1485 1805 1806 1824 1823
          1468 1469 1487 1486 1806 1807 1825 1824
          1471 1470 1488 1489 1809 1808 1826 1827
          1470 1472 1490 1488 1808 1810 1828 1826
          1472 1473 1491 1490 1810 1811 1829 1828
          1473 1474 1492 1491 1811 1812 1830 1829
          1474 1475 1493 1492 1812 1813 1831 1830
          1475 1476 1494 1493 1813 1814 1832 1831
          1476 1477 1495 1494 1814 1815 1833 1832
          1477 1478 1496 1495 1815 1816 1834 1833
          1478 1479 1497 1496 1816 1817 1835 1834
          1479 1480 1498 1497 1817 1818 1836 1835
          1480 1481 1499 1498 1818 1819 1837 1836
          1481 1482 1500 1499 1819 1820 1838 1837
          1482 1483 1501 1500 1820 1821 1839 1838
          1483 1484 1502 1501 1821 1822 1840 1839
          1484 1485 1503 1502 1822 1823 1841 1840
          1485 1486 1504 1503 1823 1824 1842 1841
          1486 1487 1505 1504 1824 1825 1843 1842
          1489 1488 1506 1507 1827 1826 1844 1845
          1488 1490 1508 1506 1826 1828 1846 1844
          1490 1491 1509 1508 1828 1829 1847 1846
          1491 1492 1510 1509 1829 1830 1848 1847
          1492 1493 1511 1510 1830 1831 1849 1848
          1493 1494 1512 1511 1831 1832 1850 1849
          1494 1495 1513 1512 1832 1833 1851 1850
          1495 1496 1514 1513 1833 1834 1852 1851
          1496 1497 1515 1514 1834 1835 1853 1852
          1497 1498 1516 1515 1835 1836 1854 1853
          1498 1499 1517 1516 1836 1837 1855 1854
          1499 1500 1518 1517 1837 1838 1856 1855
          1500 1501 1519 1518 1838 1839 1857 1856
          1501 1502 1520 1519 1839 1840 1858 1857
          1502 1503 1521 1520 1840 1841 1859 1858
          1503 1504 1522 1521 1841 1842 1860 1859
          1504 1505 1523 1522 1842 1843 1861 1860
          1507 1506 1524 1525 1845 1844 1862 1863
          1506 1508 1526 1524 1844 1846 1864 1862
          1508 1509 1527 1526 1846 1847 1865 1864
          1509 1510 1528 1527 1847 1848 1866 1865
          1510 1511 1529 1528 1848 1849 1867 1866
          1511 1512 1530 1529 1849 1850 1868 1867
          1512 1513 1531 1530 1850 1851 1869 1868
          1513 1514 1532 1531 1851 1852 1870 1869
          1514 1515 1533 1532 1852 1853 1871 1870
          1515 1516 1534 1533 1853 1854 1872 1871
          1516 1517 1535 1534 1854 1855 1873 1872
          1517 1518 1536 1535 1855 1856 1874 1873
          1518 1519 1537 1536 1856 1857 1875 1874
          1519 1520 1538 1537 1857 1858 1876 1875
          1520 1521 1539 1538 1858 1859 1877 1876
          1521 1522 1540 1539 1859 1860 1878 1877
          1522 1523 1541 1540 1860 1861 1879 1878
          1525 1524 1542 1543 1863 1862 1880 1881
          1524 1526 1544 1542 1862 1864 1882 1880
          1526 1527 1545 1544 1864 1865 1883 1882
          1527 1528 1546 1545 1865 1866 1884 1883
          1528 1529 1547 1546 1866 1867 1885 1884
          1529 1530 1548 1547 1867 1868 1886 1885
          1530 1531 1549 1548 1868 1869 1887 1886
          1531 1532 1550 1549 1869 1870 1888 1887
          1532 1533 1551 1550 1870 1871 1889 1888
          1533 1534 1552 1551 1871 1872 1890 1889
          1534 1535 1553 1552 1872 1873 1891 1890
          1535 1536 1554 1553 1873 1874 1892 1891
          1536 1537 1555 1554 1874 1875 1893 1892
          1537 1538 1556 1555 1875 1876 1894 1893
          1538 1539 1557 1556 1876 1877 1895 1894
          1539 1540 1558 1557 1877 1878 1896 1895
          1540 1541 1559 1558 1878 1879 1897 1896
          1543 1542 1560 1561 1881 1880 1898 1899
          1542 1544 1562 1560 1880 1882 1900 1898
          1544 1545 1563 1562 1882 1883 1901 1900
          1545 1546 1564 1563 1883 1884 1902 1901
          1546 1547 1565 1564 1884 1885 1903 1902
          1547 1548 1566 1565 1885 1886 1904 1903
          1548 1549 1567 1566 1886 1887 1905 1904
          1549 1550 1568 1567 1887 1888 1906 1905
          1550 1551 1569 1568 1888 1889 1907 1906
          1551 1552 1570 1569 1889 1890 1908 1907
          1552 1553 1571 1570 1890 1891 1909 1908
          1553 1554 1572 1571 1891 1892 1910 1909
          1554 1555 1573 1572 1892 1893 1911 1910
          1555 1556 1574 1573 1893 1894 1912 1911
          1556 1557 1575 1574 1894 1895 1913 1912
          1557 1558 1576 1575 1895 1896 1914 1913
          1558 1559 1577 1576 1896 1897 1915 1914
          1566 1567 1578 1579 1904 1905 1916 1917
          1567 1568 1580 1578 1905 1906 1918 1916
          1568 1569 1581 1580 1906 1907 1919 1918
          1569 1570 1582 1581 1907 1908 1920 1919
          1570 1571 1583 1582 1908 1909 1921 1920
          1571 1572 1584 1583 1909 1910 1922 1921
          1572 1573 1585 1584 1910 1911 1923 1922
          1573 1574 1586 1585 1911 1912 1924 1923
          1574 1575 1587 1586 1912 1913 1925 1924
          1575 1576 1588 1587 1913 1914 1926 1925
          1576 1577 1589 1588 1914 1915 1927 1926
          1579 1578 1590 1591 1917 1916 1928 1929
          1578 1580 1592 1590 1916 1918 1930 1928
          1580 1581 1593 1592 1918 1919 1931 1930
          1581 1582 1594 1593 1919 1920 1932 1931
          1582 1583 1595 1594 1920 1921 1933 1932
          1583 1584 1596 1595 1921 1922 1934 1933
          1584 1585 1597 1596 1922 1923 1935 1934
          1585 1586 1598 1597 1923 1924 1936 1935
          1586 1587 1599 1598 1924 1925 1937 1936
          1587 1588 1600 1599 1925 1926 1938 1937
          1588 1589 1601 1600 1926 1927 1939 1938
          1591 1590 1602 1603 1929 1928 1940 1941
          1590 1592 1604 1602 1928 1930 1942 1940
          1592 1593 1605 1604 1930 1931 1943 1942
          1597 1598 1606 1607 1935 1936 1944 1945
          1598 1599 1608 1606 1936 1937 1946 1944
          1599 1600 1609 1608 1937 1938 1947 1946
          1600 1601 1610 1609 1938 1939 1948 1947
          1603 1602 1611 1612 1941 1940 1949 1950
          1602 1604 1613 1611 1940 1942 1951 1949
          1604 1605 1614 1613 1942 1943 1952 1951
          1607 1606 1615 1616 1945 1944 1953 1954
          1606 1608 1617 1615 1944 1946 1955 1953
          1608 1609 1618 1617 1946 1947 1956 1955
          1609 1610 1619 1618 1947 1948 1957 1956
          1616 1615 1620 1621 1954 1953 1958 1959
          1615 1617 1622 1620 1953 1955 1960 1958
          1617 1618 1623 1622 1955 1956 1961 1960
          1618 1619 1624 1623 1956 1957 1962 1961
          1621 1620 1625 1626 1959 1958 1963 1964
          1620 1622 1627 1625 1958 1960 1965 1963
          1622 1623 1628 1627 1960 1961 1966 1965
          1623 1624 1629 1628 1961 1962 1967 1966
          1630 1631 1632 1633 1968 1969 1970 1971
          1631 1634 1635 1632 1969 1972 1973 1970
          1634 1636 1637 1635 1972 1974 1975 1973
          1636 1638 1639 1637 1974 1976 1977 1975
          1633 1632 1640 1641 1971 1970 1978 1979
          1632 1635 1642 1640 1970 1973 1980 1978
          1635 1637 1643 1642 1973 1975 1981 1980
          1637 1639 1644 1643 1975 1977 1982 1981
          1645 1646 1647 1648 1983 1984 1985 1986
          1646 1649 1650 1647 1984 1987 1988 1985
          1649 1651 1652 1650 1987 1989 1990 1988
          1641 1640 1653 1654 1979 1978 1991 1992
          1640 1642 1655 1653 1978 1980 1993 1991
          1642 1643 1656 1655 1980 1981 1994 1993
          1643 1644 1657 1656 1981 1982 1995 1994
          1648 1647 1658 1659 1986 1985 1996 1997
          1647 1650 1660 1658 1985 1988 1998 1996
          1650 1652 1661 1660 1988 1990 1999 1998
          1654 1653 1662 1663 1992 1991 2000 2001
          1653 1655 1664 1662 1991 1993 2002 2000
          1655 1656 1665 1664 1993 1994 2003 2002
          1656 1657 1666 1665 1994 1995 2004 2003
          1659 1658 1667 1668 1997 1996 2005 2006
          1658 1660 1669 1667 1996 1998 2007 2005
          1660 1661 1670 1669 1998 1999 2008 2007
          1661 1671 1672 1670 1999 2009 2010 2008
          1671 1673 1674 1672 2009 2011 2012 2010
          1673 1675 1676 1674 2011 2013 2014 2012
          1675 1663 1677 1676 2013 2001 2015 2014
          1663 1662 1678 1677 2001 2000 2016 2015
          1662 1664 1679 1678 2000 2002 2017 2016
          1664 1665 1680 1679 2002 2003 2018 2017
          1665 1666 1681 1680 2003 2004 2019 2018
          1668 1667 1682 1683 2006 2005 2020 2021
          1667 1669 1684 1682 2005 2007 2022 2020
          1669 1670 1685 1684 2007 2008 2023 2022
          1670 1672 1686 1685 2008 2010 2024 2023
          1672 1674 1687 1686 2010 2012 2025 2024
          1674 1676 1688 1687 2012 2014 2026 2025
          1676 1677 1689 1688 2014 2015 2027 2026
          1677 1678 1690 1689 2015 2016 2028 2027
          1678 1679 1691 1690 2016 2017 2029 2028
          1679 1680 1692 1691 2017 2018 2030 2029
          1680 1681 1693 1692 2018 2019 2031 2030
          1694 1695 1696 1697 2032 2033 2034 2035
          1695 1698 1699 1696 2033 2036 2037 2034
          1698 1700 1701 1699 2036 2038 2039 2037
          1700 1702 1703 1701 2038 2040 2041 2039
          1702 1704 1705 1703 2040 2042 2043 2041
          1704 1683 1706 1705 2042 2021 2044 2043
          1683 1682 1707 1706 2021 2020 2045 2044
          1682 1684 1708 1707 2020 2022 2046 2045
          1684 1685 1709 1708 2022 2023 2047 2046
          1685 1686 1710 1709 2023 2024 2048 2047
          1686 1687 1711 1710 2024 2025 2049 2048
          1687 1688 1712 1711 2025 2026 2050 2049
          1688 1689 1713 1712 2026 2027 2051 2050
          1689 1690 1714 1713 2027 2028 2052 2051
          1690 1691 1715 1714 2028 2029 2053 2052
          1691 1692 1716 1715 2029 2030 2054 2053
          1692 1693 1717 1716 2030 2031 2055 2054
          1697 1696 1718 1719 2035 2034 2056 2057
          1696 1699 1720 1718 2034 2037 2058 2056
          1699 1701 1721 1720 2037 2039 2059 2058
          1701 1703 1722 1721 2039 2041 2060 2059
          1703 1705 1723 1722 2041 2043 2061 2060
          1705 1706 1724 1723 2043 2044 2062 2061
          1706 1707 1725 1724 2044 2045 2063 2062
          1707 1708 1726 1725 2045 2046 2064 2063
          1708 1709 1727 1726 2046 2047 2065 2064
          1709 1710 1728 1727 2047 2048 2066 2065
          1710 1711 1729 1728 2048 2049 2067 2066
          1711 1712 1730 1729 2049 2050 2068 2067
          1712 1713 1731 1730 2050 2051 2069 2068
          1713 1714 1732 1731 2051 2052 2070 2069
          1714 1715 1733 1732 2052 2053 2071 2070
          1715 1716 1734 1733 2053 2054 2072 2071
          1716 1717 1735 1734 2054 2055 2073 2072
          1719 1718 1736 1737 2057 2056 2074 2075
          1718 1720 1738 1736 2056 2058 2076 2074
          1720 1721 1739 1738 2058 2059 2077 2076
          1721 1722 1740 1739 2059 2060 2078 2077
          1722 1723 1741 1740 2060 2061 2079 2078
          1723 1724 1742 1741 2061 2062 2080 2079
          1724 1725 1743 1742 2062 2063 2081 2080
          1725 1726 1744 1743 2063 2064 2082 2081
          1726 1727 1745 1744 2064 2065 2083 2082
          1727 1728 1746 1745 2065 2066 2084 2083
          1728 1729 1747 1746 2066 2067 2085 2084
          1729 1730 1748 1747 2067 2068 2086 2085
          1730 1731 1749 1748 2068 2069 2087 2086
          1731 1732 1750 1749 2069 2070 2088 2087
          1732 1733 1751 1750 2070 2071 2089 2088
          1733 1734 1752 1751 2071 2072 2090 2089
          1734 1735 1753 1752 2072 2073 2091 2090
          1737 1736 1754 1755 2075 2074 2092 2093
          1736 1738 1756 1754 2074 2076 2094 2092
          1738 1739 1757 1756 2076 2077 2095 2094
          1739 1740 1758 1757 2077 2078 2096 2095
          1740 1741 1759 1758 2078 2079 2097 2096
          1741 1742 1760 1759 2079 2080 2098 2097
          1742 1743 1761 1760 2080 2081 2099 2098
          1743 1744 1762 1761 2081 2082 2100 2099
          1744 1745 1763 1762 2082 2083 2101 2100
          1745 1746 1764 1763 2083 2084 2102 2101
          1746 1747 1765 1764 2084 2085 2103 2102
          1747 1748 1766 1765 2085 2086 2104 2103
          1748 1749 1767 1766 2086 2087 2105 2104
          1749 1750 1768 1767 2087 2088 2106 2105
          1750 1751 1769 1768 2088 2089 2107 2106
          1751 1752 1770 1769 2089 2090 2108 2107
          1752 1753 1771 1770 2090 2091 2109 2108
          1755 1754 1772 1773 2093 2092 2110 2111
          1754 1756 1774 1772 2092 2094 2112 2110
          1756 1757 1775 1774 2094 2095 2113 2112
          1757 1758 1776 1775 2095 2096 2114 2113
          1758 1759 1777 1776 2096 2097 2115 2114
          1759 1760 1778 1777 2097 2098 2116 2115
          1760 1761 1779 1778 2098 2099 2117 2116
          1761 1762 1780 1779 2099 2100 2118 2117
          1762 1763 1781 1780 2100 2101 2119 2118
          1763 1764 1782 1781 2101 2102 2120 2119
          1764 1765 1783 1782 2102 2103 2121 2120
          1765 1766 1784 1783 2103 2104 2122 2121
          1766 1767 1785 1784 2104 2105 2123 2122
          1767 1768 1786 1785 2105 2106 2124 2123
          1768 1769 1787 1786 2106 2107 2125 2124
          1769 1770 1788 1787 2107 2108 2126 2125
          1770 1771 1789 1788 2108 2109 2127 2126
          1773 1772 1790 1791 2111 2110 2128 2129
          1772 1774 1792 1790 2110 2112 2130 2128
          1774 1775 1793 1792 2112 2113 2131 2130
          1775 1776 1794 1793 2113 2114 2132 2131
          1776 1777 1795 1794 2114 2115 2133 2132
          1777 1778 1796 1795 2115 2116 2134 2133
          1778 1779 1797 1796 2116 2117 2135 2134
          1779 1780 1798 1797 2117 2118 2136 2135
          1780 1781 1799 1798 2118 2119 2137 2136
          1781 1782 1800 1799 2119 2120 2138 2137
          1782 1783 1801 1800 2120 2121 2139 2138
          1783 1784 1802 1801 2121 2122 2140 2139
          1784 1785 1803 1802 2122 2123 2141 2140
          1785 1786 1804 1803 2123 2124 2142 2141
          1786 1787 1805 1804 2124 2125 2143 2142
          1787 1788 1806 1805 2125 2126 2144 2143
          1788 1789 1807 1806 2126 2127 2145 2144
          1791 1790 1808 1809 2129 2128 2146 2147
          1790 1792 1810 1808 2128 2130 2148 2146
          1792 1793 1811 1810 2130 2131 2149 2148
          1793 1794 1812 1811 2131 2132 2150 2149
          1794 1795 1813 1812 2132 2133 2151 2150
          1795 1796 1814 1813 2133 2134 2152 2151
          1796 1797 1815 1814 2134 2135 2153 2152
          1797 1798 1816 1815 2135 2136 2154 2153
          1798 1799 1817 1816 2136 2137 2155 2154
          1799 1800 1818 1817 2137 2138 2156 2155
          1800 1801 1819 1818 2138 2139 2157 2156
          1801 1802 1820 1819 2139 2140 2158 2157
          1802 1803 1821 1820 2140 2141 2159 2158
          1803 1804 1822 1821 2141 2142 2160 2159
          1804 1805 1823 1822 2142 2143 2161 2160
          1805 1806 1824 1823 2143 2144 2162 2161
          1806 1807 1825 1824 2144 2145 2163 2162
          1809 1808 1826 1827 2147 2146 2164 2165
          1808 1810 1828 1826 2146 2148 2166 2164
          1810 1811 1829 1828 2148 2149 2167 2166
          1811 1812 1830 1829 2149 2150 2168 2167
          1812 1813 1831 1830 2150 2151 2169 2168
          1813 1814 1832 1831 2151 2152 2170 2169
          1814 1815 1833 1832 2152 2153 2171 2170
          1815 1816 1834 1833 2153 2154 2172 2171
          1816 1817 1835 1834 2154 2155 2173 2172
          1817 1818 1836 1835 2155 2156 2174 2173
          1818 1819 1837 1836 2156 2157 2175 2174
          1819 1820 1838 1837 2157 2158 2176 2175
          1820 1821 1839 1838 2158 2159 2177 2176
          1821 1822 1840 1839 2159 2160 2178 2177
          1822 1823 1841 1840 2160 2161 2179 2178
          1823 1824 1842 1841 2161 2162 2180 2179
          1824 1825 1843 1842 2162 2163 2181 2180
          1827 1826 1844 1845 2165 2164 2182 2183
          1826 1828 1846 1844 2164 2166 2184 2182
          1828 1829 1847 1846 2166 2167 2185 2184
          1829 1830 1848 1847 2167 2168 2186 2185
          1830 1831 1849 1848 2168 2169 2187 2186
          1831 1832 1850 1849 2169 2170 2188 2187
          1832 1833 1851 1850 2170 2171 2189 2188
          1833 1834 1852 1851 2171 2172 2190 2189
          1834 1835 1853 1852 2172 2173 2191 2190
          1835 1836 1854 1853 2173 2174 2192 2191
          1836 1837 1855 1854 2174 2175 2193 2192
          1837 1838 1856 1855 2175 2176 2194 2193
          1838 1839 1857 1856 2176 2177 2195 2194
          1839 1840 1858 1857 2177 2178 2196 2195
          1840 1841 1859 1858 2178 2179 2197 2196
          1841 1842 1860 1859 2179 2180 2198 2197
          1842 1843 1861 1860 2180 2181 2199 2198
          1845 1844 1862 1863 2183 2182 2200 2201
          1844 1846 1864 1862 2182 2184 2202 2200
          1846 1847 1865 1864 2184 2185 2203 2202
          1847 1848 1866 1865 2185 2186 2204 2203
          1848 1849 1867 1866 2186 2187 2205 2204
          1849 1850 1868 1867 2187 2188 2206 2205
          1850 1851 1869 1868 2188 2189 2207 2206
          1851 1852 1870 1869 2189 2190 2208 2207
          1852 1853 1871 1870 2190 2191 2209 2208
          1853 1854 1872 1871 2191 2192 2210 2209
          1854 1855 1873 1872 2192 2193 2211 2210
          1855 1856 1874 1873 2193 2194 2212 2211
          1856 1857 1875 1874 2194 2195 2213 2212
          1857 1858 1876 1875 2195 2196 2214 2213
          1858 1859 1877 1876 2196 2197 2215 2214
          1859 1860 1878 1877 2197 2198 2216 2215
          1860 1861 1879 1878 2198 2199 2217 2216
          1863 1862 1880 1881 2201 2200 2218 2219
          1862 1864 1882 1880 2200 2202 2220 2218
          1864 1865 1883 1882 2202 2203 2221 2220
          1865 1866 1884 1883 2203 2204 2222 2221
          1866 1867 1885 1884 2204 2205 2223 2222
          1867 1868 1886 1885 2205 2206 2224 2223
          1868 1869 1887 1886 2206 2207 2225 2224
          1869 1870 1888 1887 2207 2208 2226 2225
          1870 1871 1889 1888 2208 2209 2227 2226
          1871 1872 1890 1889 2209 2210 2228 2227
          1872 1873 1891 1890 2210 2211 2229 2228
          1873 1874 1892 1891 2211 2212 2230 2229
          1874 1875 1893 1892 2212 2213 2231 2230
          1875 1876 1894 1893 2213 2214 2232 2231
          1876 1877 1895 1894 2214 2215 2233 2232
          1877 1878 1896 1895 2215 2216 2234 2233
          1878 1879 1897 1896 2216 2217 2235 2234
          1881 1880 1898 1899 2219 2218 2236 2237
          1880 1882 1900 1898 2218 2220 2238 2236
          1882 1883 1901 1900 2220 2221 2239 2238
          1883 1884 1902 1901 2221 2222 2240 2239
          1884 1885 1903 1902 2222 2223 2241 2240
          1885 1886 1904 1903 2223 2224 2242 2241
          1886 1887 1905 1904 2224 2225 2243 2242
          1887 1888 1906 1905 2225 2226 2244 2243
          1888 1889 1907 1906 2226 2227 2245 2244
          1889 1890 1908 1907 2227 2228 2246 2245
          1890 1891 1909 1908 2228 2229 2247 2246
          1891 1892 1910 1909 2229 2230 2248 2247
          1892 1893 1911 1910 2230 2231 2249 2248
          1893 1894 1912 1911 2231 2232 2250 2249
          1894 1895 1913 1912 2232 2233 2251 2250
          1895 1896 1914 1913 2233 2234 2252 2251
          1896 1897 1915 1914 2234 2235 2253 2252
          1904 1905 1916 1917 2242 2243 2254 2255
          1905 1906 1918 1916 2243 2244 2256 2254
          1906 1907 1919 1918 2244 2245 2257 2256
          1907 1908 1920 1919 2245 2246 2258 2257
          1908 1909 1921 1920 2246 2247 2259 2258
          1909 1910 1922 1921 2247 2248 2260 2259
          1910 1911 1923 1922 2248 2249 2261 2260
          1911 1912 1924 1923 2249 2250 2262 2261
          1912 1913 1925 1924 2250 2251 2263 2262
          1913 1914 1926 1925 2251 2252 2264 2263
          1914 1915 1927 1926 2252 2253 2265 2264
          1917 1916 1928 1929 2255 2254 2266 2267
          1916 1918 1930 1928 2254 2256 2268 2266
          1918 1919 1931 1930 2256 2257 2269 2268
          1919 1920 1932 1931 2257 2258 2270 2269
          1920 1921 1933 1932 2258 2259 2271 2270
          1921 1922 1934 1933 2259 2260 2272 2271
          1922 1923 1935 1934 2260 2261 2273 2272
          1923 1924 1936 1935 2261 2262 2274 2273
          1924 1925 1937 1936 2262 2263 2275 2274
          1925 1926 1938 1937 2263 2264 2276 2275
          1926 1927 1939 1938 2264 2265 2277 2276
          1929 1928 1940 1941 2267 2266 2278 2279
          1928 1930 1942 1940 2266 2268 2280 2278
          1930 1931 1943 1942 2268 2269 2281 2280
          1935 1936 1944 1945 2273 2274 2282 2283
          1936 1937 1946 1944 2274 2275 2284 2282
          1937 1938 1947 1946 2275 2276 2285 2284
          1938 1939 1948 1947 2276 2277 2286 2285
          1941 1940 1949 1950 2279 2278 2287 2288
          1940 1942 1951 1949 2278 2280 2289 2287
          1942 1943 1952 1951 2280 2281 2290 2289
          1945 1944 1953 1954 2283 2282 2291 2292
          1944 1946 1955 1953 2282 2284 2293 2291
          1946 1947 1956 1955 2284 2285 2294 2293
          1947 1948 1957 1956 2285 2286 2295 2294
          1954 1953 1958 1959 2292 2291 2296 2297
          1953 1955 1960 1958 2291 2293 2298 2296
          1955 1956 1961 1960 2293 2294 2299 2298
          1956 1957 1962 1961 2294 2295 2300 2299
          1959 1958 1963 1964 2297 2296 2301 2302
          1958 1960 1965 1963 2296 2298 2303 2301
          1960 1961 1966 1965 2298 2299 2304 2303
          1961 1962 1967 1966 2299 2300 2305 2304
          1968 1969 1970 1971 2306 2307 2308 2309
          1969 1972 1973 1970 2307 2310 2311 2308
          1972 1974 1975 1973 2310 2312 2313 2311
          1974 1976 1977 1975 2312 2314 2315 2313
          1971 1970 1978 1979 2309 2308 2316 2317
          1970 1973 1980 1978 2308 2311 2318 2316
          1973 1975 1981 1980 2311 2313 2319 2318
          1975 1977 1982 1981 2313 2315 2320 2319
          1983 1984 1985 1986 2321 2322 2323 2324
          1984 1987 1988 1985 2322 2325 2326 2323
          1987 1989 1990 1988 2325 2327 2328 2326
          1979 1978 1991 1992 2317 2316 2329 2330
          1978 1980 1993 1991 2316 2318 2331 2329
          1980 1981 1994 1993 2318 2319 2332 2331
          1981 1982 1995 1994 2319 2320 2333 2332
          1986 1985 1996 1997 2324 2323 2334 2335
          1985 1988 1998 1996 2323 2326 2336 2334
          1988 1990 1999 1998 2326 2328 2337 2336
          1992 1991 2000 2001 2330 2329 2338 2339
          1991 1993 2002 2000 2329 2331 2340 2338
          1993 1994 2003 2002 2331 2332 2341 2340
          1994 1995 2004 2003 2332 2333 2342 2341
          1997 1996 2005 2006 2335 2334 2343 2344
          1996 1998 2007 2005 2334 2336 2345 2343
          1998 1999 2008 2007 2336 2337 2346 2345
          1999 2009 2010 2008 2337 2347 2348 2346
          2009 2011 2012 2010 2347 2349 2350 2348
          2011 2013 2014 2012 2349 2351 2352 2350
          2013 2001 2015 2014 2351 2339 2353 2352
          2001 2000 2016 2015 2339 2338 2354 2353
          2000 2002 2017 2016 2338 2340 2355 2354
          2002 2003 2018 2017 2340 2341 2356 2355
          2003 2004 2019 2018 2341 2342 2357 2356
          2006 2005 2020 2021 2344 2343 2358 2359
          2005 2007 2022 2020 2343 2345 2360 2358
          2007 2008 2023 2022 2345 2346 2361 2360
          2008 2010 2024 2023 2346 2348 2362 2361
          2010 2012 2025 2024 2348 2350 2363 2362
          2012 2014 2026 2025 2350 2352 2364 2363
          2014 2015 2027 2026 2352 2353 2365 2364
          2015 2016 2028 2027 2353 2354 2366 2365
          2016 2017 2029 2028 2354 2355 2367 2366
          2017 2018 2030 2029 2355 2356 2368 2367
          2018 2019 2031 2030 2356 2357 2369 2368
          2032 2033 2034 2035 2370 2371 2372 2373
          2033 2036 2037 2034 2371 2374 2375 2372
          2036 2038 2039 2037 2374 2376 2377 2375
          2038 2040 2041 2039 2376 2378 2379 2377
          2040 2042 2043 2041 2378 2380 2381 2379
          2042 2021 2044 2043 2380 2359 2382 2381
          2021 2020 2045 2044 2359 2358 2383 2382
          2020 2022 2046 2045 2358 2360 2384 2383
          2022 2023 2047 2046 2360 2361 2385 2384
          2023 2024 2048 2047 2361 2362 2386 2385
          2024 2025 2049 2048 2362 2363 2387 2386
          2025 2026 2050 2049 2363 2364 2388 2387
          2026 2027 2051 2050 2364 2365 2389 2388
          2027 2028 2052 2051 2365 2366 2390 2389
          2028 2029 2053 2052 2366 2367 2391 2390
          2029 2030 2054 2053 2367 2368 2392 2391
          2030 2031 2055 2054 2368 2369 2393 2392
          2035 2034 2056 2057 2373 2372 2394 2395
          2034 2037 2058 2056 2372 2375 2396 2394
          2037 2039 2059 2058 2375 2377 2397 2396
          2039 2041 2060 2059 2377 2379 2398 2397
          2041 2043 2061 2060 2379 2381 2399 2398
          2043 2044 2062 2061 2381 2382 2400 2399
          2044 2045 2063 2062 2382 2383 2401 2400
          2045 2046 2064 2063 2383 2384 2402 2401
          2046 2047 2065 2064 2384 2385 2403 2402
          2047 2048 2066 2065 2385 2386 2404 2403
          2048 2049 2067 2066 2386 2387 2405 2404
          2049 2050 2068 2067 2387 2388 2406 2405
          2050 2051 2069 2068 2388 2389 2407 2406
          2051 2052 2070 2069 2389 2390 2408 2407
          2052 2053 2071 2070 2390 2391 2409 2408
          2053 2054 2072 2071 2391 2392 2410 2409
          2054 2055 2073 2072 2392 2393 2411 2410
          2057 2056 2074 2075 2395 2394 2412 2413
          2056 2058 2076 2074 2394 2396 2414 2412
          2058 2059 2077 2076 2396 2397 2415 2414
          2059 2060 2078 2077 2397 2398 2416 2415
          2060 2061 2079 2078 2398 2399 2417 2416
          2061 2062 2080 2079 2399 2400 2418 2417
          2062 2063 2081 2080 2400 2401 2419 2418
          2063 2064 2082 2081 2401 2402 2420 2419
          2064 2065 2083 2082 2402 2403 2421 2420
          2065 2066 2084 2083 2403 2404 2422 2421
          2066 2067 2085 2084 2404 2405 2423 2422
          2067 2068 2086 2085 2405 2406 2424 2423
          2068 2069 2087 2086 2406 2407 2425 2424
          2069 2070 2088 2087 2407 2408 2426 2425
          2070 2071 2089 2088 2408 2409 2427 2426
          2071 2072 2090 2089 2409 2410 2428 2427
          2072 2073 2091 2090 2410 2411 2429 2428
          2075 2074 2092 2093 2413 2412 2430 2431
          2074 2076 2094 2092 2412 2414 2432 2430
          2076 2077 2095 2094 2414 2415 2433 2432
          2077 2078 2096 2095 2415 2416 2434 2433
          2078 2079 2097 2096 2416 2417 2435 2434
          2079 2080 2098 2097 2417 2418 2436 2435
          2080 2081 2099 2098 2418 2419 2437 2436
          2081 2082 2100 2099 2419 2420 2438 2437
          2082 2083 2101 2100 2420 2421 2439 2438
          2083 2084 2102 2101 2421 2422 2440 2439
          2084 2085 2103 2102 2422 2423 2441 2440
          2085 2086 2104 2103 2423 2424 2442 2441
          2086 2087 2105 2104 2424 2425 2443 2442
          2087 2088 2106 2105 2425 2426 2444 2443
          2088 2089 2107 2106 2426 2427 2445 2444
          2089 2090 2108 2107 2427 2428 2446 2445
          2090 2091 2109 2108 2428 2429 2447 2446
          2093 2092 2110 2111 2431 2430 2448 2449
          2092 2094 2112 2110 2430 2432 2450 2448
          2094 2095 2113 2112 2432 2433 2451 2450
          2095 2096 2114 2113 2433 2434 2452 2451
          2096 2097 2115 2114 2434 2435 2453 2452
          2097 2098 2116 2115 2435 2436 2454 2453
          2098 2099 2117 2116 2436 2437 2455 2454
          2099 2100 2118 2117 2437 2438 2456 2455
          2100 2101 2119 2118 2438 2439 2457 2456
          2101 2102 2120 2119 2439 2440 2458 2457
          2102 2103 2121 2120 2440 2441 2459 2458
          2103 2104 2122 2121 2441 2442 2460 2459
          2104 2105 2123 2122 2442 2443 2461 2460
          2105 2106 2124 2123 2443 2444 2462 2461
          2106 2107 2125 2124 2444 2445 2463 2462
          2107 2108 2126 2125 2445 2446 2464 2463
          2108 2109 2127 2126 2446 2447 2465 2464
          2111 2110 2128 2129 2449 2448 2466 2467
          2110 2112 2130 2128 2448 2450 2468 2466
          2112 2113 2131 2130 2450 2451 2469 2468
          2113 2114 2132 2131 2451 2452 2470 2469
          2114 2115 2133 2132 2452 2453 2471 2470
          2115 2116 2134 2133 2453 2454 2472 2471
          2116 2117 2135 2134 2454 2455 2473 2472
          2117 2118 2136 2135 2455 2456 2474 2473
          2118 2119 2137 2136 2456 2457 2475 2474
          2119 2120 2138 2137 2457 2458 2476 2475
          2120 2121 2139 2138 2458 2459 2477 2476
          2121 2122 2140 2139 2459 2460 2478 2477
          2122 2123 2141 2140 2460 2461 2479 2478
          2123 2124 2142 2141 2461 2462 2480 2479
          2124 2125 2143 2142 2462 2463 2481 2480
          2125 2126 2144 2143 2463 2464 2482 2481
          2126 2127 2145 2144 2464 2465 2483 2482
          2129 2128 2146 2147 2467 2466 2484 2485
          2128 2130 2148 2146 2466 2468 2486 2484
          2130 2131 2149 2148 2468 2469 2487 2486
          2131 2132 2150 2149 2469 2470 2488 2487
          2132 2133 2151 2150 2470 2471 2489 2488
          2133 2134 2152 2151 2471 2472 2490 2489
          2134 2135 2153 2152 2472 2473 2491 2490
          2135 2136 2154 2153 2473 2474 2492 2491
          2136 2137 2155 2154 2474 2475 2493 2492
          2137 2138 2156 2155 2475 2476 2494 2493
          2138 2139 2157 2156 2476 2477 2495 2494
          2139 2140 2158 2157 2477 2478 2496 2495
          2140 2141 2159 2158 2478 2479 2497 2496
          2141 2142 2160 2159 2479 2480 2498 2497
          2142 2143 2161 2160 2480 2481 2499 2498
          2143 2144 2162 2161 2481 2482 2500 2499
          2144 2145 2163 2162 2482 2483 2501 2500
          2147 2146 2164 2165 2485 2484 2502 2503
          2146 2148 2166 2164 2484 2486 2504 2502
          2148 2149 2167 2166 2486 2487 2505 2504
          2149 2150 2168 2167 2487 2488 2506 2505
          2150 2151 2169 2168 2488 2489 2507 2506
          2151 2152 2170 2169 2489 2490 2508 2507
          2152 2153 2171 2170 2490 2491 2509 2508
          2153 2154 2172 2171 2491 2492 2510 2509
          2154 2155 2173 2172 2492 2493 2511 2510
          2155 2156 2174 2173 2493 2494 2512 2511
          2156 2157 2175 2174 2494 2495 2513 2512
          2157 2158 2176 2175 2495 2496 2514 2513
          2158 2159 2177 2176 2496 2497 2515 2514
          2159 2160 2178 2177 2497 2498 2516 2515
          2160 2161 2179 2178 2498 2499 2517 2516
          2161 2162 2180 2179 2499 2500 2518 2517
          2162 2163 2181 2180 2500 2501 2519 2518
          2165 2164 2182 2183 2503 2502 2520 2521
          2164 2166 2184 2182 2502 2504 2522 2520
          2166 2167 2185 2184 2504 2505 2523 2522
          2167 2168 2186 2185 2505 2506 2524 2523
          2168 2169 2187 2186 2506 2507 2525 2524
          2169 2170 2188 2187 2507 2508 2526 2525
          2170 2171 2189 2188 2508 2509 2527 2526
          2171 2172 2190 2189 2509 2510 2528 2527
          2172 2173 2191 2190 2510 2511 2529 2528
          2173 2174 2192 2191 2511 2512 2530 2529
          2174 2175 2193 2192 2512 2513 2531 2530
          2175 2176 2194 2193 2513 2514 2532 2531
          2176 2177 2195 2194 2514 2515 2533 2532
          2177 2178 2196 2195 2515 2516 2534 2533
          2178 2179 2197 2196 2516 2517 2535 2534
          2179 2180 2198 2197 2517 2518 2536 2535
          2180 2181 2199 2198 2518 2519 2537 2536
          2183 2182 2200 2201 2521 2520 2538 2539
          2182 2184 2202 2200 2520 2522 2540 2538
          2184 2185 2203 2202 2522 2523 2541 2540
          2185 2186 2204 2203 2523 2524 2542 2541
          2186 2187 2205 2204 2524 2525 2543 2542
          2187 2188 2206 2205 2525 2526 2544 2543
          2188 2189 2207 2206 2526 2527 2545 2544
          2189 2190 2208 2207 2527 2528 2546 2545
          2190 2191 2209 2208 2528 2529 2547 2546
          2191 2192 2210 2209 2529 2530 2548 2547
          2192 2193 2211 2210 2530 2531 2549 2548
          2193 2194 2212 2211 2531 2532 2550 2549
          2194 2195 2213 2212 2532 2533 2551 2550
          2195 2196 2214 2213 2533 2534 2552 2551
          2196 2197 2215 2214 2534 2535 2553 2552
          2197 2198 2216 2215 2535 2536 2554 2553
          2198 2199 2217 2216 2536 2537 2555 2554
          2201 2200 2218 2219 2539 2538 2556 2557
          2200 2202 2220 2218 2538 2540 2558 2556
          2202 2203 2221 2220 2540 2541 2559 2558
          2203 2204 2222 2221 2541 2542 2560 2559
          2204 2205 2223 2222 2542 2543 2561 2560
          2205 2206 2224 2223 2543 2544 2562 2561
          2206 2207 2225 2224 2544 2545 2563 2562
          2207 2208 2226 2225 2545 2546 2564 2563
          2208 2209 2227 2226 2546 2547 2565 2564
          2209 2210 2228 2227 2547 2548 2566 2565
          2210 2211 2229 2228 2548 2549 2567 2566
          2211 2212 2230 2229 2549 2550 2568 2567
          2212 2213 2231 2230 2550 2551 2569 2568
          2213 2214 2232 2231 2551 2552 2570 2569
          2214 2215 2233 2232 2552 2553 2571 2570
          2215 2216 2234 2233 2553 2554 2572 2571
          2216 2217 2235 2234 2554 2555 2573 2572
          2219 2218 2236 2237 2557 2556 2574 2575
          2218 2220 2238 2236 2556 2558 2576 2574
          2220 2221 2239 2238 2558 2559 2577 2576
          2221 2222 2240 2239 2559 2560 2578 2577
          2222 2223 2241 2240 2560 2561 2579 2578
          2223 2224 2242 2241 2561 2562 2580 2579
          2224 2225 2243 2242 2562 2563 2581 2580
          2225 2226 2244 2243 2563 2564 2582 2581
          2226 2227 2245 2244 2564 2565 2583 2582
          2227 2228 2246 2245 2565 2566 2584 2583
          2228 2229 2247 2246 2566 2567 2585 2584
          2229 2230 2248 2247 2567 2568 2586 2585
          2230 2231 2249 2248 2568 2569 2587 2586
          2231 2232 2250 2249 2569 2570 2588 2587
          2232 2233 2251 2250 2570 2571 2589 2588
          2233 2234 2252 2251 2571 2572 2590 2589
          2234 2235 2253 2252 2572 2573 2591 2590
          2242 2243 2254 2255 2580 2581 2592 2593
          2243 2244 2256 2254 2581 2582 2594 2592
          2244 2245 2257 2256 2582 2583 2595 2594
          2245 2246 2258 2257 2583 2584 2596 2595
          2246 2247 2259 2258 2584 2585 2597 2596
          2247 2248 2260 2259 2585 2586 2598 2597
          2248 2249 2261 2260 2586 2587 2599 2598
          2249 2250 2262 2261 2587 2588 2600 2599
          2250 2251 2263 2262 2588 2589 2601 2600
          2251 2252 2264 2263 2589 2590 2602 2601
          2252 2253 2265 2264 2590 2591 2603 2602
          2255 2254 2266 2267 2593 2592 2604 2605
          2254 2256 2268 2266 2592 2594 2606 2604
          2256 2257 2269 2268 2594 2595 2607 2606
          2257 2258 2270 2269 2595 2596 2608 2607
          2258 2259 2271 2270 2596 2597 2609 2608
          2259 2260 2272 2271 2597 2598 2610 2609
          2260 2261 2273 2272 2598 2599 2611 2610
          2261 2262 2274 2273 2599 2600 2612 2611
          2262 2263 2275 2274 2600 2601 2613 2612
          2263 2264 2276 2275 2601 2602 2614 2613
          2264 2265 2277 2276 2602 2603 2615 2614
          2267 2266 2278 2279 2605 2604 2616 2617
          2266 2268 2280 2278 2604 2606 2618 2616
          2268 2269 2281 2280 2606 2607 2619 2618
          2273 2274 2282 2283 2611 2612 2620 2621
          2274 2275 2284 2282 2612 2613 2622 2620
          2275 2276 2285 2284 2613 2614 2623 2622
          2276 2277 2286 2285 2614 2615 2624 2623
          2279 2278 2287 2288 2617 2616 2625 2626
          2278 2280 2289 2287 2616 2618 2627 2625
          2280 2281 2290 2289 2618 2619 2628 2627
          2283 2282 2291 2292 2621 2620 2629 2630
          2282 2284 2293 2291 2620 2622 2631 2629
          2284 2285 2294 2293 2622 2623 2632 2631
          2285 2286 2295 2294 2623 2624 2633 2632
          2292 2291 2296 2297 2630 2629 2634 2635
          2291 2293 2298 2296 2629 2631 2636 2634
          2293 2294 2299 2298 2631 2632 2637 2636
          2294 2295 2300 2299 2632 2633 2638 2637
          2297 2296 2301 2302 2635 2634 2639 2640
          2296 2298 2303 2301 2634 2636 2641 2639
          2298 2299 2304 2303 2636 2637 2642 2641
          2299 2300 2305 2304 2637 2638 2643 2642
          2306 2307 2308 2309 2644 2645 2646 2647
          2307 2310 2311 2308 2645 2648 2649 2646
          2310 2312 2313 2311 2648 2650 2651 2649
          2312 2314 2315 2313 2650 2652 2653 2651
          2309 2308 2316 2317 2647 2646 2654 2655
          2308 2311 2318 2316 2646 2649 2656 2654
          2311 2313 2319 2318 2649 2651 2657 2656
          2313 2315 2320 2319 2651 2653 2658 2657
          2321 2322 2323 2324 2659 2660 2661 2662
          2322 2325 2326 2323 2660 2663 2664 2661
          2325 2327 2328 2326 2663 2665 2666 2664
          2317 2316 2329 2330 2655 2654 2667 2668
          2316 2318 2331 2329 2654 2656 2669 2667
          2318 2319 2332 2331 2656 2657 2670 2669
          2319 2320 2333 2332 2657 2658 2671 2670
          2324 2323 2334 2335 2662 2661 2672 2673
          2323 2326 2336 2334 2661 2664 2674 2672
          2326 2328 2337 2336 2664 2666 2675 2674
          2330 2329 2338 2339 2668 2667 2676 2677
          2329 2331 2340 2338 2667 2669 2678 2676
          2331 2332 2341 2340 2669 2670 2679 2678
          2332 2333 2342 2341 2670 2671 2680 2679
          2335 2334 2343 2344 2673 2672 2681 2682
          2334 2336 2345 2343 2672 2674 2683 2681
          2336 2337 2346 2345 2674 2675 2684 2683
          2337 2347 2348 2346 2675 2685 2686 2684
          2347 2349 2350 2348 2685 2687 2688 2686
          2349 2351 2352 2350 2687 2689 2690 2688
          2351 2339 2353 2352 2689 2677 2691 2690
          2339 2338 2354 2353 2677 2676 2692 2691
          2338 2340 2355 2354 2676 2678 2693 2692
          2340 2341 2356 2355 2678 2679 2694 2693
          2341 2342 2357 2356 2679 2680 2695 2694
          2344 2343 2358 2359 2682 2681 2696 2697
          2343 2345 2360 2358 2681 2683 2698 2696
          2345 2346 2361 2360 2683 2684 2699 2698
          2346 2348 2362 2361 2684 2686 2700 2699
          2348 2350 2363 2362 2686 2688 2701 2700
          2350 2352 2364 2363 2688 2690 2702 2701
          2352 2353 2365 2364 2690 2691 2703 2702
          2353 2354 2366 2365 2691 2692 2704 2703
          2354 2355 2367 2366 2692 2693 2705 2704
          2355 2356 2368 2367 2693 2694 2706 2705
          2356 2357 2369 2368 2694 2695 2707 2706
          2370 2371 2372 2373 2708 2709 2710 2711
          2371 2374 2375 2372 2709 2712 2713 2710
          2374 2376 2377 2375 2712 2714 2715 2713
          2376 2378 2379 2377 2714 2716 2717 2715
          2378 2380 2381 2379 2716 2718 2719 2717
          2380 2359 2382 2381 2718 2697 2720 2719
          2359 2358 2383 2382 2697 2696 2721 2720
          2358 2360 2384 2383 2696 2698 2722 2721
          2360 2361 2385 2384 2698 2699 2723 2722
          2361 2362 2386 2385 2699 2700 2724 2723
          2362 2363 2387 2386 2700 2701 2725 2724
          2363 2364 2388 2387 2701 2702 2726 2725
          2364 2365 2389 2388 2702 2703 2727 2726
          2365 2366 2390 2389 2703 2704 2728 2727
          2366 2367 2391 2390 2704 2705 2729 2728
          2367 2368 2392 2391 2705 2706 2730 2729
          2368 2369 2393 2392 2706 2707 2731 2730
          2373 2372 2394 2395 2711 2710 2732 2733
          2372 2375 2396 2394 2710 2713 2734 2732
          2375 2377 2397 2396 2713 2715 2735 2734
          2377 2379 2398 2397 2715 2717 2736 2735
          2379 2381 2399 2398 2717 2719 2737 2736
          2381 2382 2400 2399 2719 2720 2738 2737
          2382 2383 2401 2400 2720 2721 2739 2738
          2383 2384 2402 2401 2721 2722 2740 2739
          2384 2385 2403 2402 2722 2723 2741 2740
          2385 2386 2404 2403 2723 2724 2742 2741
          2386 2387 2405 2404 2724 2725 2743 2742
          2387 2388 2406 2405 2725 2726 2744 2743
          2388 2389 2407 2406 2726 2727 2745 2744
          2389 2390 2408 2407 2727 2728 2746 2745
          2390 2391 2409 2408 2728 2729 2747 2746
          2391 2392 2410 2409 2729 2730 2748 2747
          2392 2393 2411 2410 2730 2731 2749 2748
          2395 2394 2412 2413 2733 2732 2750 2751
          2394 2396 2414 2412 2732 2734 2752 2750
          2396 2397 2415 2414 2734 2735 2753 2752
          2397 2398 2416 2415 2735 2736 2754 2753
          2398 2399 2417 2416 2736 2737 2755 2754
          2399 2400 2418 2417 2737 2738 2756 2755
          2400 2401 2419 2418 2738 2739 2757 2756
          2401 2402 2420 2419 2739 2740 2758 2757
          2402 2403 2421 2420 2740 2741 2759 2758
          2403 2404 2422 2421 2741 2742 2760 2759
          2404 2405 2423 2422 2742 2743 2761 2760
          2405 2406 2424 2423 2743 2744 2762 2761
          2406 2407 2425 2424 2744 2745 2763 2762
          2407 2408 2426 2425 2745 2746 2764 2763
          2408 2409 2427 2426 2746 2747 2765 2764
          2409 2410 2428 2427 2747 2748 2766 2765
          2410 2411 2429 2428 2748 2749 2767 2766
          2413 2412 2430 2431 2751 2750 2768 2769
          2412 2414 2432 2430 2750 2752 2770 2768
          2414 2415 2433 2432 2752 2753 2771 2770
          2415 2416 2434 2433 2753 2754 2772 2771
          2416 2417 2435 2434 2754 2755 2773 2772
          2417 2418 2436 2435 2755 2756 2774 2773
          2418 2419 2437 2436 2756 2757 2775 2774
          2419 2420 2438 2437 2757 2758 2776 2775
          2420 2421 2439 2438 2758 2759 2777 2776
          2421 2422 2440 2439 2759 2760 2778 2777
          2422 2423 2441 2440 2760 2761 2779 2778
          2423 2424 2442 2441 2761 2762 2780 2779
          2424 2425 2443 2442 2762 2763 2781 2780
          2425 2426 2444 2443 2763 2764 2782 2781
          2426 2427 2445 2444 2764 2765 2783 2782
          2427 2428 2446 2445 2765 2766 2784 2783
          2428 2429 2447 2446 2766 2767 2785 2784
          2431 2430 2448 2449 2769 2768 2786 2787
          2430 2432 2450 2448 2768 2770 2788 2786
          2432 2433 2451 2450 2770 2771 2789 2788
          2433 2434 2452 2451 2771 2772 2790 2789
          2434 2435 2453 2452 2772 2773 2791 2790
          2435 2436 2454 2453 2773 2774 2792 2791
          2436 2437 2455 2454 2774 2775 2793 2792
          2437 2438 2456 2455 2775 2776 2794 2793
          2438 2439 2457 2456 2776 2777 2795 2794
          2439 2440 2458 2457 2777 2778 2796 2795
          2440 2441 2459 2458 2778 2779 2797 2796
          2441 2442 2460 2459 2779 2780 2798 2797
          2442 2443 2461 2460 2780 2781 2799 2798
          2443 2444 2462 2461 2781 2782 2800 2799
          2444 2445 2463 2462 2782 2783 2801 2800
          2445 2446 2464 2463 2783 2784 2802 2801
          2446 2447 2465 2464 2784 2785 2803 2802
          2449 2448 2466 2467 2787 2786 2804 2805
          2448 2450 2468 2466 2786 2788 2806 2804
          2450 2451 2469 2468 2788 2789 2807 2806
          2451 2452 2470 2469 2789 2790 2808 2807
          2452 2453 2471 2470 2790 2791 2809 2808
          2453 2454 2472 2471 2791 2792 2810 2809
          2454 2455 2473 2472 2792 2793 2811 2810
          2455 2456 2474 2473 2793 2794 2812 2811
          2456 2457 2475 2474 2794 2795 2813 2812
          2457 2458 2476 2475 2795 2796 2814 2813
          2458 2459 2477 2476 2796 2797 2815 2814
          2459 2460 2478 2477 2797 2798 2816 2815
          2460 2461 2479 2478 2798 2799 2817 2816
          2461 2462 2480 2479 2799 2800 2818 2817
          2462 2463 2481 2480 2800 2801 2819 2818
          2463 2464 2482 2481 2801 2802 2820 2819
          2464 2465 2483 2482 2802 2803 2821 2820
          2467 2466 2484 2485 2805 2804 2822 2823
          2466 2468 2486 2484 2804 2806 2824 2822
          2468 2469 2487 2486 2806 2807 2825 2824
          2469 2470 2488 2487 2807 2808 2826 2825
          2470 2471 2489 2488 2808 2809 2827 2826
          2471 2472 2490 2489 2809 2810 2828 2827
          2472 2473 2491 2490 2810 2811 2829 2828
          2473 2474 2492 2491 2811 2812 2830 2829
          2474 2475 2493 2492 2812 2813 2831 2830
          2475 2476 2494 2493 2813 2814 2832 2831
          2476 2477 2495 2494 2814 2815 2833 2832
          2477 2478 2496 2495 2815 2816 2834 2833
          2478 2479 2497 2496 2816 2817 2835 2834
          2479 2480 2498 2497 2817 2818 2836 2835
          2480 2481 2499 2498 2818 2819 2837 2836
          2481 2482 2500 2499 2819 2820 2838 2837
          2482 2483 2501 2500 2820 2821 2839 2838
          2485 2484 2502 2503 2823 2822 2840 2841
          2484 2486 2504 2502 2822 2824 2842 2840
          2486 2487 2505 2504 2824 2825 2843 2842
          2487 2488 2506 2505 2825 2826 2844 2843
          2488 2489 2507 2506 2826 2827 2845 2844
          2489 2490 2508 2507 2827 2828 2846 2845
          2490 2491 2509 2508 2828 2829 2847 2846
          2491 2492 2510 2509 2829 2830 2848 2847
          2492 2493 2511 2510 2830 2831 2849 2848
          2493 2494 2512 2511 2831 2832 2850 2849
          2494 2495 2513 2512 2832 2833 2851 2850
          2495 2496 2514 2513 2833 2834 2852 2851
          2496 2497 2515 2514 2834 2835 2853 2852
          2497 2498 2516 2515 2835 2836 2854 2853
          2498 2499 2517 2516 2836 2837 2855 2854
          2499 2500 2518 2517 2837 2838 2856 2855
          2500 2501 2519 2518 2838 2839 2857 2856
          2503 2502 2520 2521 2841 2840 2858 2859
          2502 2504 2522 2520 2840 2842 2860 2858
          2504 2505 2523 2522 2842 2843 2861 2860
          2505 2506 2524 2523 2843 2844 2862 2861
          2506 2507 2525 2524 2844 2845 2863 2862
          2507 2508 2526 2525 2845 2846 2864 2863
          2508 2509 2527 2526 2846 2847 2865 2864
          2509 2510 2528 2527 2847 2848 2866 2865
          2510 2511 2529 2528 2848 2849 2867 2866
          2511 2512 2530 2529 2849 2850 2868 2867
          2512 2513 2531 2530 2850 2851 2869 2868
          2513 2514 2532 2531 2851 2852 2870 2869
          2514 2515 2533 2532 2852 2853 2871 2870
          2515 2516 2534 2533 2853 2854 2872 2871
          2516 2517 2535 2534 2854 2855 2873 2872
          2517 2518 2536 2535 2855 2856 2874 2873
          2518 2519 2537 2536 2856 2857 2875 2874
          2521 2520 2538 2539 2859 2858 2876 2877
          2520 2522 2540 2538 2858 2860 2878 2876
          2522 2523 2541 2540 2860 2861 2879 2878
          2523 2524 2542 2541 2861 2862 2880 2879
          2524 2525 2543 2542 2862 2863 2881 2880
          2525 2526 2544 2543 2863 2864 2882 2881
          2526 2527 2545 2544 2864 2865 2883 2882
          2527 2528 2546 2545 2865 2866 2884 2883
          2528 2529 2547 2546 2866 2867 2885 2884
          2529 2530 2548 2547 2867 2868 2886 2885
          2530 2531 2549 2548 2868 2869 2887 2886
          2531 2532 2550 2549 2869 2870 2888 2887
          2532 2533 2551 2550 2870 2871 2889 2888
          2533 2534 2552 2551 2871 2872 2890 2889
          2534 2535 2553 2552 2872 2873 2891 2890
          2535 2536 2554 2553 2873 2874 2892 2891
          2536 2537 2555 2554 2874 2875 2893 2892
          2539 2538 2556 2557 2877 2876 2894 2895
          2538 2540 2558 2556 2876 2878 2896 2894
          2540 2541 2559 2558 2878 2879 2897 2896
          2541 2542 2560 2559 2879 2880 2898 2897
          2542 2543 2561 2560 2880 2881 2899 2898
          2543 2544 2562 2561 2881 2882 2900 2899
          2544 2545 2563 2562 2882 2883 2901 2900
          2545 2546 2564 2563 2883 2884 2902 2901
          2546 2547 2565 2564 2884 2885 2903 2902
          2547 2548 2566 2565 2885 2886 2904 2903
          2548 2549 2567 2566 2886 2887 2905 2904
          2549 2550 2568 2567 2887 2888 2906 2905
          2550 2551 2569 2568 2888 2889 2907 2906
          2551 2552 2570 2569 2889 2890 2908 2907
          2552 2553 2571 2570 2890 2891 2909 2908
          2553 2554 2572 2571 2891 2892 2910 2909
          2554 2555 2573 2572 2892 2893 2911 2910
          2557 2556 2574 2575 2895 2894 2912 2913
          2556 2558 2576 2574 2894 2896 2914 2912
          2558 2559 2577 2576 2896 2897 2915 2914
          2559 2560 2578 2577 2897 2898 2916 2915
          2560 2561 2579 2578 2898 2899 2917 2916
          2561 2562 2580 2579 2899 2900 2918 2917
          2562 2563 2581 2580 2900 2901 2919 2918
          2563 2564 2582 2581 2901 2902 2920 2919
          2564 2565 2583 2582 2902 2903 2921 2920
          2565 2566 2584 2583 2903 2904 2922 2921
          2566 2567 2585 2584 2904 2905 2923 2922
          2567 2568 2586 2585 2905 2906 2924 2923
          2568 2569 2587 2586 2906 2907 2925 2924
          2569 2570 2588 2587 2907 2908 2926 2925
          2570 2571 2589 2588 2908 2909 2927 2926
          2571 2572 2590 2589 2909 2910 2928 2927
          2572 2573 2591 2590 2910 2911 2929 2928
          2580 2581 2592 2593 2918 2919 2930 2931
          2581 2582 2594 2592 2919 2920 2932 2930
          2582 2583 2595 2594 2920 2921 2933 2932
          2583 2584 2596 2595 2921 2922 2934 2933
          2584 2585 2597 2596 2922 2923 2935 2934
          2585 2586 2598 2597 2923 2924 2936 2935
          2586 2587 2599 2598 2924 2925 2937 2936
          2587 2588 2600 2599 2925 2926 2938 2937
          2588 2589 2601 2600 2926 2927 2939 2938
          2589 2590 2602 2601 2927 2928 2940 2939
          2590 2591 2603 2602 2928 2929 2941 2940
          2593 2592 2604 2605 2931 2930 2942 2943
          2592 2594 2606 2604 2930 2932 2944 2942
          2594 2595 2607 2606 2932 2933 2945 2944
          2595 2596 2608 2607 2933 2934 2946 2945
          2596 2597 2609 2608 2934 2935 2947 2946
          2597 2598 2610 2609 2935 2936 2948 2947
          2598 2599 2611 2610 2936 2937 2949 2948
          2599 2600 2612 2611 2937 2938 2950 2949
          2600 2601 2613 2612 2938 2939 2951 2950
          2601 2602 2614 2613 2939 2940 2952 2951
          2602 2603 2615 2614 2940 2941 2953 2952
          2605 2604 2616 2617 2943 2942 2954 2955
          2604 2606 2618 2616 2942 2944 2956 2954
          2606 2607 2619 2618 2944 2945 2957 2956
          2611 2612 2620 2621 2949 2950 2958 2959
          2612 2613 2622 2620 2950 2951 2960 2958
          2613 2614 2623 2622 2951 2952 2961 2960
          2614 2615 2624 2623 2952 2953 2962 2961
          2617 2616 2625 2626 2955 2954 2963 2964
          2616 2618 2627 2625 2954 2956 2965 2963
          2618 2619 2628 2627 2956 2957 2966 2965
          2621 2620 2629 2630 2959 2958 2967 2968
          2620 2622 2631 2629 2958 2960 2969 2967
          2622 2623 2632 2631 2960 2961 2970 2969
          2623 2624 2633 2632 2961 2962 2971 2970
          2630 2629 2634 2635 2968 2967 2972 2973
          2629 2631 2636 2634 2967 2969 2974 2972
          2631 2632 2637 2636 2969 2970 2975 2974
          2632 2633 2638 2637 2970 2971 2976 2975
          2635 2634 2639 2640 2973 2972 2977 2978
          2634 2636 2641 2639 2972 2974 2979 2977
          2636 2637 2642 2641 2974 2975 2980 2979
          2637 2638 2643 2642 2975 2976 2981 2980
          2644 2645 2646 2647 2982 2983 2984 2985
          2645 2648 2649 2646 2983 2986 2987 2984
          2648 2650 2651 2649 2986 2988 2989 2987
          2650 2652 2653 2651 2988 2990 2991 2989
          2647 2646 2654 2655 2985 2984 2992 2993
          2646 2649 2656 2654 2984 2987 2994 2992
          2649 2651 2657 2656 2987 2989 2995 2994
          2651 2653 2658 2657 2989 2991 2996 2995
          2659 2660 2661 2662 2997 2998 2999 3000
          2660 2663 2664 2661 2998 3001 3002 2999
          2663 2665 2666 2664 3001 3003 3004 3002
          2655 2654 2667 2668 2993 2992 3005 3006
          2654 2656 2669 2667 2992 2994 3007 3005
          2656 2657 2670 2669 2994 2995 3008 3007
          2657 2658 2671 2670 2995 2996 3009 3008
          2662 2661 2672 2673 3000 2999 3010 3011
          2661 2664 2674 2672 2999 3002 3012 3010
          2664 2666 2675 2674 3002 3004 3013 3012
          2668 2667 2676 2677 3006 3005 3014 3015
          2667 2669 2678 2676 3005 3007 3016 3014
          2669 2670 2679 2678 3007 3008 3017 3016
          2670 2671 2680 2679 3008 3009 3018 3017
          2673 2672 2681 2682 3011 3010 3019 3020
          2672 2674 2683 2681 3010 3012 3021 3019
          2674 2675 2684 2683 3012 3013 3022 3021
          2675 2685 2686 2684 3013 3023 3024 3022
          2685 2687 2688 2686 3023 3025 3026 3024
          2687 2689 2690 2688 3025 3027 3028 3026
          2689 2677 2691 2690 3027 3015 3029 3028
          2677 2676 2692 2691 3015 3014 3030 3029
          2676 2678 2693 2692 3014 3016 3031 3030
          2678 2679 2694 2693 3016 3017 3032 3031
          2679 2680 2695 2694 3017 3018 3033 3032
          2682 2681 2696 2697 3020 3019 3034 3035
          2681 2683 2698 2696 3019 3021 3036 3034
          2683 2684 2699 2698 3021 3022 3037 3036
          2684 2686 2700 2699 3022 3024 3038 3037
          2686 2688 2701 2700 3024 3026 3039 3038
          2688 2690 2702 2701 3026 3028 3040 3039
          2690 2691 2703 2702 3028 3029 3041 3040
          2691 2692 2704 2703 3029 3030 3042 3041
          2692 2693 2705 2704 3030 3031 3043 3042
          2693 2694 2706 2705 3031 3032 3044 3043
          2694 2695 2707 2706 3032 3033 3045 3044
          2708 2709 2710 2711 3046 3047 3048 3049
          2709 2712 2713 2710 3047 3050 3051 3048
          2712 2714 2715 2713 3050 3052 3053 3051
          2714 2716 2717 2715 3052 3054 3055 3053
          2716 2718 2719 2717 3054 3056 3057 3055
          2718 2697 2720 2719 3056 3035 3058 3057
          2697 2696 2721 2720 3035 3034 3059 3058
          2696 2698 2722 2721 3034 3036 3060 3059
          2698 2699 2723 2722 3036 3037 3061 3060
          2699 2700 2724 2723 3037 3038 3062 3061
          2700 2701 2725 2724 3038 3039 3063 3062
          2701 2702 2726 2725 3039 3040 3064 3063
          2702 2703 2727 2726 3040 3041 3065 3064
          2703 2704 2728 2727 3041 3042 3066 3065
          2704 2705 2729 2728 3042 3043 3067 3066
          2705 2706 2730 2729 3043 3044 3068 3067
          2706 2707 2731 2730 3044 3045 3069 3068
          2711 2710 2732 2733 3049 3048 3070 3071
          2710 2713 2734 2732 3048 3051 3072 3070
          2713 2715 2735 2734 3051 3053 3073 3072
          2715 2717 2736 2735 3053 3055 3074 3073
          2717 2719 2737 2736 3055 3057 3075 3074
          2719 2720 2738 2737 3057 3058 3076 3075
          2720 2721 2739 2738 3058 3059 3077 3076
          2721 2722 2740 2739 3059 3060 3078 3077
          2722 2723 2741 2740 3060 3061 3079 3078
          2723 2724 2742 2741 3061 3062 3080 3079
          2724 2725 2743 2742 3062 3063 3081 3080
          2725 2726 2744 2743 3063 3064 3082 3081
          2726 2727 2745 2744 3064 3065 3083 3082
          2727 2728 2746 2745 3065 3066 3084 3083
          2728 2729 2747 2746 3066 3067 3085 3084
          2729 2730 2748 2747 3067 3068 3086 3085
          2730 2731 2749 2748 3068 3069 3087 3086
          2733 2732 2750 2751 3071 3070 3088 3089
          2732 2734 2752 2750 3070 3072 3090 3088
          2734 2735 2753 2752 3072 3073 3091 3090
          2735 2736 2754 2753 3073 3074 3092 3091
          2736 2737 2755 2754 3074 3075 3093 3092
          2737 2738 2756 2755 3075 3076 3094 3093
          2738 2739 2757 2756 3076 3077 3095 3094
          2739 2740 2758 2757 3077 3078 3096 3095
          2740 2741 2759 2758 3078 3079 3097 3096
          2741 2742 2760 2759 3079 3080 3098 3097
          2742 2743 2761 2760 3080 3081 3099 3098
          2743 2744 2762 2761 3081 3082 3100 3099
          2744 2745 2763 2762 3082 3083 3101 3100
          2745 2746 2764 2763 3083 3084 3102 3101
          2746 2747 2765 2764 3084 3085 3103 3102
          2747 2748 2766 2765 3085 3086 3104 3103
          2748 2749 2767 2766 3086 3087 3105 3104
          2751 2750 2768 2769 3089 3088 3106 3107
          2750 2752 2770 2768 3088 3090 3108 3106
          2752 2753 2771 2770 3090 3091 3109 3108
          2753 2754 2772 2771 3091 3092 3110 3109
          2754 2755 2773 2772 3092 3093 3111 3110
          2755 2756 2774 2773 3093 3094 3112 3111
          2756 2757 2775 2774 3094 3095 3113 3112
          2757 2758 2776 2775 3095 3096 3114 3113
          2758 2759 2777 2776 3096 3097 3115 3114
          2759 2760 2778 2777 3097 3098 3116 3115
          2760 2761 2779 2778 3098 3099 3117 3116
          2761 2762 2780 2779 3099 3100 3118 3117
          2762 2763 2781 2780 3100 3101 3119 3118
          2763 2764 2782 2781 3101 3102 3120 3119
          2764 2765 2783 2782 3102 3103 3121 3120
          2765 2766 2784 2783 3103 3104 3122 3121
          2766 2767 2785 2784 3104 3105 3123 3122
          2769 2768 2786 2787 3107 3106 3124 3125
          2768 2770 2788 2786 3106 3108 3126 3124
          2770 2771 2789 2788 3108 3109 3127 3126
          2771 2772 2790 2789 3109 3110 3128 3127
          2772 2773 2791 2790 3110 3111 3129 3128
          2773 2774 2792 2791 3111 3112 3130 3129
          2774 2775 2793 2792 3112 3113 3131 3130
          2775 2776 2794 2793 3113 3114 3132 3131
          2776 2777 2795 2794 3114 3115 3133 3132
          2777 2778 2796 2795 3115 3116 3134 3133
          2778 2779 2797 2796 3116 3117 3135 3134
          2779 2780 2798 2797 3117 3118 3136 3135
          2780 2781 2799 2798 3118 3119 3137 3136
          2781 2782 2800 2799 3119 3120 3138 3137
          2782 2783 2801 2800 3120 3121 3139 3138
          2783 2784 2802 2801 3121 3122 3140 3139
          2784 2785 2803 2802 3122 3123 3141 3140
          2787 2786 2804 2805 3125 3124 3142 3143
          2786 2788 2806 2804 3124 3126 3144 3142
          2788 2789 2807 2806 3126 3127 3145 3144
          2789 2790 2808 2807 3127 3128 3146 3145
          2790 2791 2809 2808 3128 3129 3147 3146
          2791 2792 2810 2809 3129 3130 3148 3147
          2792 2793 2811 2810 3130 3131 3149 3148
          2793 2794 2812 2811 3131 3132 3150 3149
          2794 2795 2813 2812 3132 3133 3151 3150
          2795 2796 2814 2813 3133 3134 3152 3151
          2796 2797 2815 2814 3134 3135 3153 3152
          2797 2798 2816 2815 3135 3136 3154 3153
          2798 2799 2817 2816 3136 3137 3155 3154
          2799 2800 2818 2817 3137 3138 3156 3155
          2800 2801 2819 2818 3138 3139 3157 3156
          2801 2802 2820 2819 3139 3140 3158 3157
          2802 2803 2821 2820 3140 3141 3159 3158
          2805 2804 2822 2823 3143 3142 3160 3161
          2804 2806 2824 2822 3142 3144 3162 3160
          2806 2807 2825 2824 3144 3145 3163 3162
          2807 2808 2826 2825 3145 3146 3164 3163
          2808 2809 2827 2826 3146 3147 3165 3164
          2809 2810 2828 2827 3147 3148 3166 3165
          2810 2811 2829 2828 3148 3149 3167 3166
          2811 2812 2830 2829 3149 3150 3168 3167
          2812 2813 2831 2830 3150 3151 3169 3168
          2813 2814 2832 2831 3151 3152 3170 3169
          2814 2815 2833 2832 3152 3153 3171 3170
          2815 2816 2834 2833 3153 3154 3172 3171
          2816 2817 2835 2834 3154 3155 3173 3172
          2817 2818 2836 2835 3155 3156 3174 3173
          2818 2819 2837 2836 3156 3157 3175 3174
          2819 2820 2838 2837 3157 3158 3176 3175
          2820 2821 2839 2838 3158 3159 3177 3176
          2823 2822 2840 2841 3161 3160 3178 3179
          2822 2824 2842 2840 3160 3162 3180 3178
          2824 2825 2843 2842 3162 3163 3181 3180
          2825 2826 2844 2843 3163 3164 3182 3181
          2826 2827 2845 2844 3164 3165 3183 3182
          2827 2828 2846 2845 3165 3166 3184 3183
          2828 2829 2847 2846 3166 3167 3185 3184
          2829 2830 2848 2847 3167 3168 3186 3185
          2830 2831 2849 2848 3168 3169 3187 3186
          2831 2832 2850 2849 3169 3170 3188 3187
          2832 2833 2851 2850 3170 3171 3189 3188
          2833 2834 2852 2851 3171 3172 3190 3189
          2834 2835 2853 2852 3172 3173 3191 3190
          2835 2836 2854 2853 3173 3174 3192 3191
          2836 2837 2855 2854 3174 3175 3193 3192
          2837 2838 2856 2855 3175 3176 3194 3193
          2838 2839 2857 2856 3176 3177 3195 3194
          2841 2840 2858 2859 3179 3178 3196 3197
          2840 2842 2860 2858 3178 3180 3198 3196
          2842 2843 2861 2860 3180 3181 3199 3198
          2843 2844 2862 2861 3181 3182 3200 3199
          2844 2845 2863 2862 3182 3183 3201 3200
          2845 2846 2864 2863 3183 3184 3202 3201
          2846 2847 2865 2864 3184 3185 3203 3202
          2847 2848 2866 2865 3185 3186 3204 3203
          2848 2849 2867 2866 3186 3187 3205 3204
          2849 2850 2868 2867 3187 3188 3206 3205
          2850 2851 2869 2868 3188 3189 3207 3206
          2851 2852 2870 2869 3189 3190 3208 3207
          2852 2853 2871 2870 3190 3191 3209 3208
          2853 2854 2872 2871 3191 3192 3210 3209
          2854 2855 2873 2872 3192 3193 3211 3210
          2855 2856 2874 2873 3193 3194 3212 3211
          2856 2857 2875 2874 3194 3195 3213 3212
          2859 2858 2876 2877 3197 3196 3214 3215
          2858 2860 2878 2876 3196 3198 3216 3214
          2860 2861 2879 2878 3198 3199 3217 3216
          2861 2862 2880 2879 3199 3200 3218 3217
          2862 2863 2881 2880 3200 3201 3219 3218
          2863 2864 2882 2881 3201 3202 3220 3219
          2864 2865 2883 2882 3202 3203 3221 3220
          2865 2866 2884 2883 3203 3204 3222 3221
          2866 2867 2885 2884 3204 3205 3223 3222
          2867 2868 2886 2885 3205 3206 3224 3223
          2868 2869 2887 2886 3206 3207 3225 3224
          2869 2870 2888 2887 3207 3208 3226 3225
          2870 2871 2889 2888 3208 3209 3227 3226
          2871 2872 2890 2889 3209 3210 3228 3227
          2872 2873 2891 2890 3210 3211 3229 3228
          2873 2874 2892 2891 3211 3212 3230 3229
          2874 2875 2893 2892 3212 3213 3231 3230
          2877 2876 2894 2895 3215 3214 3232 3233
          2876 2878 2896 2894 3214 3216 3234 3232
          2878 2879 2897 2896 3216 3217 3235 3234
          2879 2880 2898 2897 3217 3218 3236 3235
          2880 2881 2899 2898 3218 3219 3237 3236
          2881 2882 2900 2899 3219 3220 3238 3237
          2882 2883 2901 2900 3220 3221 3239 3238
          2883 2884 2902 2901 3221 3222 3240 3239
          2884 2885 2903 2902 3222 3223 3241 3240
          2885 2886 2904 2903 3223 3224 3242 3241
          2886 2887 2905 2904 3224 3225 3243 3242
          2887 2888 2906 2905 3225 3226 3244 3243
          2888 2889 2907 2906 3226 3227 3245 3244
          2889 2890 2908 2907 3227 3228 3246 3245
          2890 2891 2909 2908 3228 3229 3247 3246
          2891 2892 2910 2909 3229 3230 3248 3247
          2892 2893 2911 2910 3230 3231 3249 3248
          2895 2894 2912 2913 3233 3232 3250 3251
          2894 2896 2914 2912 3232 3234 3252 3250
          2896 2897 2915 2914 3234 3235 3253 3252
          2897 2898 2916 2915 3235 3236 3254 3253
          2898 2899 2917 2916 3236 3237 3255 3254
          2899 2900 2918 2917 3237 3238 3256 3255
          2900 2901 2919 2918 3238 3239 3257 3256
          2901 2902 2920 2919 3239 3240 3258 3257
          2902 2903 2921 2920 3240 3241 3259 3258
          2903 2904 2922 2921 3241 3242 3260 3259
          2904 2905 2923 2922 3242 3243 3261 3260
          2905 2906 2924 2923 3243 3244 3262 3261
          2906 2907 2925 2924 3244 3245 3263 3262
          2907 2908 2926 2925 3245 3246 3264 3263
          2908 2909 2927 2926 3246 3247 3265 3264
          2909 2910 2928 2927 3247 3248 3266 3265
          2910 2911 2929 2928 3248 3249 3267 3266
          2918 2919 2930 2931 3256 3257 3268 3269
          2919 2920 2932 2930 3257 3258 3270 3268
          2920 2921 2933 2932 3258 3259 3271 3270
          2921 2922 2934 2933 3259 3260 3272 3271
          2922 2923 2935 2934 3260 3261 3273 3272
          2923 2924 2936 2935 3261 3262 3274 3273
          2924 2925 2937 2936 3262 3263 3275 3274
          2925 2926 2938 2937 3263 3264 3276 3275
          2926 2927 2939 2938 3264 3265 3277 3276
          2927 2928 2940 2939 3265 3266 3278 3277
          2928 2929 2941 2940 3266 3267 3279 3278
          2931 2930 2942 2943 3269 3268 3280 3281
          2930 2932 2944 2942 3268 3270 3282 3280
          2932 2933 2945 2944 3270 3271 3283 3282
          2933 2934 2946 2945 3271 3272 3284 3283
          2934 2935 2947 2946 3272 3273 3285 3284
          2935 2936 2948 2947 3273 3274 3286 3285
          2936 2937 2949 2948 3274 3275 3287 3286
          2937 2938 2950 2949 3275 3276 3288 3287
          2938 2939 2951 2950 3276 3277 3289 3288
          2939 2940 2952 2951 3277 3278 3290 3289
          2940 2941 2953 2952 3278 3279 3291 3290
          2943 2942 2954 2955 3281 3280 3292 3293
          2942 2944 2956 2954 3280 3282 3294 3292
          2944 2945 2957 2956 3282 3283 3295 3294
          2949 2950 2958 2959 3287 3288 3296 3297
          2950 2951 2960 2958 3288 3289 3298 3296
          2951 2952 2961 2960 3289 3290 3299 3298
          2952 2953 2962 2961 3290 3291 3300 3299
          2955 2954 2963 2964 3293 3292 3301 3302
          2954 2956 2965 2963 3292 3294 3303 3301
          2956 2957 2966 2965 3294 3295 3304 3303
          2959 2958 2967 2968 3297 3296 3305 3306
          2958 2960 2969 2967 3296 3298 3307 3305
          2960 2961 2970 2969 3298 3299 3308 3307
          2961 2962 2971 2970 3299 3300 3309 3308
          2968 2967 2972 2973 3306 3305 3310 3311
          2967 2969 2974 2972 3305 3307 3312 3310
          2969 2970 2975 2974 3307 3308 3313 3312
          2970 2971 2976 2975 3308 3309 3314 3313
          2973 2972 2977 2978 3311 3310 3315 3316
          2972 2974 2979 2977 3310 3312 3317 3315
          2974 2975 2980 2979 3312 3313 3318 3317
          2975 2976 2981 2980 3313 3314 3319 3318
          2982 2983 2984 2985 3320 3321 3322 3323
          2983 2986 2987 2984 3321 3324 3325 3322
          2986 2988 2989 2987 3324 3326 3327 3325
          2988 2990 2991 2989 3326 3328 3329 3327
          2985 2984 2992 2993 3323 3322 3330 3331
          2984 2987 2994 2992 3322 3325 3332 3330
          2987 2989 2995 2994 3325 3327 3333 3332
          2989 2991 2996 2995 3327 3329 3334 3333
          2997 2998 2999 3000 3335 3336 3337 3338
          2998 3001 3002 2999 3336 3339 3340 3337
          3001 3003 3004 3002 3339 3341 3342 3340
          2993 2992 3005 3006 3331 3330 3343 3344
          2992 2994 3007 3005 3330 3332 3345 3343
          2994 2995 3008 3007 3332 3333 3346 3345
          2995 2996 3009 3008 3333 3334 3347 3346
          3000 2999 3010 3011 3338 3337 3348 3349
          2999 3002 3012 3010 3337 3340 3350 3348
          3002 3004 3013 3012 3340 3342 3351 3350
          3006 3005 3014 3015 3344 3343 3352 3353
          3005 3007 3016 3014 3343 3345 3354 3352
          3007 3008 3017 3016 3345 3346 3355 3354
          3008 3009 3018 3017 3346 3347 3356 3355
          3011 3010 3019 3020 3349 3348 3357 3358
          3010 3012 3021 3019 3348 3350 3359 3357
          3012 3013 3022 3021 3350 3351 3360 3359
          3013 3023 3024 3022 3351 3361 3362 3360
          3023 3025 3026 3024 3361 3363 3364 3362
          3025 3027 3028 3026 3363 3365 3366 3364
          3027 3015 3029 3028 3365 3353 3367 3366
          3015 3014 3030 3029 3353 3352 3368 3367
          3014 3016 3031 3030 3352 3354 3369 3368
          3016 3017 3032 3031 3354 3355 3370 3369
          3017 3018 3033 3032 3355 3356 3371 3370
          3020 3019 3034 3035 3358 3357 3372 3373
          3019 3021 3036 3034 3357 3359 3374 3372
          3021 3022 3037 3036 3359 3360 3375 3374
          3022 3024 3038 3037 3360 3362 3376 3375
          3024 3026 3039 3038 3362 3364 3377 3376
          3026 3028 3040 3039 3364 3366 3378 3377
          3028 3029 3041 3040 3366 3367 3379 3378
          3029 3030 3042 3041 3367 3368 3380 3379
          3030 3031 3043 3042 3368 3369 3381 3380
          3031 3032 3044 3043 3369 3370 3382 3381
          3032 3033 3045 3044 3370 3371 3383 3382
          3046 3047 3048 3049 3384 3385 3386 3387
          3047 3050 3051 3048 3385 3388 3389 3386
          3050 3052 3053 3051 3388 3390 3391 3389
          3052 3054 3055 3053 3390 3392 3393 3391
          3054 3056 3057 3055 3392 3394 3395 3393
          3056 3035 3058 3057 3394 3373 3396 3395
          3035 3034 3059 3058 3373 3372 3397 3396
          3034 3036 3060 3059 3372 3374 3398 3397
          3036 3037 3061 3060 3374 3375 3399 3398
          3037 3038 3062 3061 3375 3376 3400 3399
          3038 3039 3063 3062 3376 3377 3401 3400
          3039 3040 3064 3063 3377 3378 3402 3401
          3040 3041 3065 3064 3378 3379 3403 3402
          3041 3042 3066 3065 3379 3380 3404 3403
          3042 3043 3067 3066 3380 3381 3405 3404
          3043 3044 3068 3067 3381 3382 3406 3405
          3044 3045 3069 3068 3382 3383 3407 3406
          3049 3048 3070 3071 3387 3386 3408 3409
          3048 3051 3072 3070 3386 3389 3410 3408
          3051 3053 3073 3072 3389 3391 3411 3410
          3053 3055 3074 3073 3391 3393 3412 3411
          3055 3057 3075 3074 3393 3395 3413 3412
          3057 3058 3076 3075 3395 3396 3414 3413
          3058 3059 3077 3076 3396 3397 3415 3414
          3059 3060 3078 3077 3397 3398 3416 3415
          3060 3061 3079 3078 3398 3399 3417 3416
          3061 3062 3080 3079 3399 3400 3418 3417
          3062 3063 3081 3080 3400 3401 3419 3418
          3063 3064 3082 3081 3401 3402 3420 3419
          3064 3065 3083 3082 3402 3403 3421 3420
          3065 3066 3084 3083 3403 3404 3422 3421
          3066 3067 3085 3084 3404 3405 3423 3422
          3067 3068 3086 3085 3405 3406 3424 3423
          3068 3069 3087 3086 3406 3407 3425 3424
          3071 3070 3088 3089 3409 3408 3426 3427
          3070 3072 3090 3088 3408 3410 3428 3426
          3072 3073 3091 3090 3410 3411 3429 3428
          3073 3074 3092 3091 3411 3412 3430 3429
          3074 3075 3093 3092 3412 3413 3431 3430
          3075 3076 3094 3093 3413 3414 3432 3431
          3076 3077 3095 3094 3414 3415 3433 3432
          3077 3078 3096 3095 3415 3416 3434 3433
          3078 3079 3097 3096 3416 3417 3435 3434
          3079 3080 3098 3097 3417 3418 3436 3435
          3080 3081 3099 3098 3418 3419 3437 3436
          3081 3082 3100 3099 3419 3420 3438 3437
          3082 3083 3101 3100 3420 3421 3439 3438
          3083 3084 3102 3101 3421 3422 3440 3439
          3084 3085 3103 3102 3422 3423 3441 3440
          3085 3086 3104 3103 3423 3424 3442 3441
          3086 3087 3105 3104 3424 3425 3443 3442
          3089 3088 3106 3107 3427 3426 3444 3445
          3088 3090 3108 3106 3426 3428 3446 3444
          3090 3091 3109 3108 3428 3429 3447 3446
          3091 3092 3110 3109 3429 3430 3448 3447
          3092 3093 3111 3110 3430 3431 3449 3448
          3093 3094 3112 3111 3431 3432 3450 3449
          3094 3095 3113 3112 3432 3433 3451 3450
          3095 3096 3114 3113 3433 3434 3452 3451
          3096 3097 3115 3114 3434 3435 3453 3452
          3097 3098 3116 3115 3435 3436 3454 3453
          3098 3099 3117 3116 3436 3437 3455 3454
          3099 3100 3118 3117 3437 3438 3456 3455
          3100 3101 3119 3118 3438 3439 3457 3456
          3101 3102 3120 3119 3439 3440 3458 3457
          3102 3103 3121 3120 3440 3441 3459 3458
          3103 3104 3122 3121 3441 3442 3460 3459
          3104 3105 3123 3122 3442 3443 3461 3460
          3107 3106 3124 3125 3445 3444 3462 3463
          3106 3108 3126 3124 3444 3446 3464 3462
          3108 3109 3127 3126 3446 3447 3465 3464
          3109 3110 3128 3127 3447 3448 3466 3465
          3110 3111 3129 3128 3448 3449 3467 3466
          3111 3112 3130 3129 3449 3450 3468 3467
          3112 3113 3131 3130 3450 3451 3469 3468
          3113 3114 3132 3131 3451 3452 3470 3469
          3114 3115 3133 3132 3452 3453 3471 3470
          3115 3116 3134 3133 3453 3454 3472 3471
          3116 3117 3135 3134 3454 3455 3473 3472
          3117 3118 3136 3135 3455 3456 3474 3473
          3118 3119 3137 3136 3456 3457 3475 3474
          3119 3120 3138 3137 3457 3458 3476 3475
          3120 3121 3139 3138 3458 3459 3477 3476
          3121 3122 3140 3139 3459 3460 3478 3477
          3122 3123 3141 3140 3460 3461 3479 3478
          3125 3124 3142 3143 3463 3462 3480 3481
          3124 3126 3144 3142 3462 3464 3482 3480
          3126 3127 3145 3144 3464 3465 3483 3482
          3127 3128 3146 3145 3465 3466 3484 3483
          3128 3129 3147 3146 3466 3467 3485 3484
          3129 3130 3148 3147 3467 3468 3486 3485
          3130 3131 3149 3148 3468 3469 3487 3486
          3131 3132 3150 3149 3469 3470 3488 3487
          3132 3133 3151 3150 3470 3471 3489 3488
          3133 3134 3152 3151 3471 3472 3490 3489
          3134 3135 3153 3152 3472 3473 3491 3490
          3135 3136 3154 3153 3473 3474 3492 3491
          3136 3137 3155 3154 3474 3475 3493 3492
          3137 3138 3156 3155 3475 3476 3494 3493
          3138 3139 3157 3156 3476 3477 3495 3494
          3139 3140 3158 3157 3477 3478 3496 3495
          3140 3141 3159 3158 3478 3479 3497 3496
          3143 3142 3160 3161 3481 3480 3498 3499
          3142 3144 3162 3160 3480 3482 3500 3498
          3144 3145 3163 3162 3482 3483 3501 3500
          3145 3146 3164 3163 3483 3484 3502 3501
          3146 3147 3165 3164 3484 3485 3503 3502
          3147 3148 3166 3165 3485 3486 3504 3503
          3148 3149 3167 3166 3486 3487 3505 3504
          3149 3150 3168 3167 3487 3488 3506 3505
          3150 3151 3169 3168 3488 3489 3507 3506
          3151 3152 3170 3169 3489 3490 3508 3507
          3152 3153 3171 3170 3490 3491 3509 3508
          3153 3154 3172 3171 3491 3492 3510 3509
          3154 3155 3173 3172 3492 3493 3511 3510
          3155 3156 3174 3173 3493 3494 3512 3511
          3156 3157 3175 3174 3494 3495 3513 3512
          3157 3158 3176 3175 3495 3496 3514 3513
          3158 3159 3177 3176 3496 3497 3515 3514
          3161 3160 3178 3179 3499 3498 3516 3517
          3160 3162 3180 3178 3498 3500 3518 3516
          3162 3163 3181 3180 3500 3501 3519 3518
          3163 3164 3182 3181 3501 3502 3520 3519
          3164 3165 3183 3182 3502 3503 3521 3520
          3165 3166 3184 3183 3503 3504 3522 3521
          3166 3167 3185 3184 3504 3505 3523 3522
          3167 3168 3186 3185 3505 3506 3524 3523
          3168 3169 3187 3186 3506 3507 3525 3524
          3169 3170 3188 3187 3507 3508 3526 3525
          3170 3171 3189 3188 3508 3509 3527 3526
          3171 3172 3190 3189 3509 3510 3528 3527
          3172 3173 3191 3190 3510 3511 3529 3528
          3173 3174 3192 3191 3511 3512 3530 3529
          3174 3175 3193 3192 3512 3513 3531 3530
          3175 3176 3194 3193 3513 3514 3532 3531
          3176 3177 3195 3194 3514 3515 3533 3532
          3179 3178 3196 3197 3517 3516 3534 3535
          3178 3180 3198 3196 3516 3518 3536 3534
          3180 3181 3199 3198 3518 3519 3537 3536
          3181 3182 3200 3199 3519 3520 3538 3537
          3182 3183 3201 3200 3520 3521 3539 3538
          3183 3184 3202 3201 3521 3522 3540 3539
          3184 3185 3203 3202 3522 3523 3541 3540
          3185 3186 3204 3203 3523 3524 3542 3541
          3186 3187 3205 3204 3524 3525 3543 3542
          3187 3188 3206 3205 3525 3526 3544 3543
          3188 3189 3207 3206 3526 3527 3545 3544
          3189 3190 3208 3207 3527 3528 3546 3545
          3190 3191 3209 3208 3528 3529 3547 3546
          3191 3192 3210 3209 3529 3530 3548 3547
          3192 3193 3211 3210 3530 3531 3549 3548
          3193 3194 3212 3211 3531 3532 3550 3549
          3194 3195 3213 3212 3532 3533 3551 3550
          3197 3196 3214 3215 3535 3534 3552 3553
          3196 3198 3216 3214 3534 3536 3554 3552
          3198 3199 3217 3216 3536 3537 3555 3554
          3199 3200 3218 3217 3537 3538 3556 3555
          3200 3201 3219 3218 3538 3539 3557 3556
          3201 3202 3220 3219 3539 3540 3558 3557
          3202 3203 3221 3220 3540 3541 3559 3558
          3203 3204 3222 3221 3541 3542 3560 3559
          3204 3205 3223 3222 3542 3543 3561 3560
          3205 3206 3224 3223 3543 3544 3562 3561
          3206 3207 3225 3224 3544 3545 3563 3562
          3207 3208 3226 3225 3545 3546 3564 3563
          3208 3209 3227 3226 3546 3547 3565 3564
          3209 3210 3228 3227 3547 3548 3566 3565
          3210 3211 3229 3228 3548 3549 3567 3566
          3211 3212 3230 3229 3549 3550 3568 3567
          3212 3213 3231 3230 3550 3551 3569 3568
          3215 3214 3232 3233 3553 3552 3570 3571
          3214 3216 3234 3232 3552 3554 3572 3570
          3216 3217 3235 3234 3554 3555 3573 3572
          3217 3218 3236 3235 3555 3556 3574 3573
          3218 3219 3237 3236 3556 3557 3575 3574
          3219 3220 3238 3237 3557 3558 3576 3575
          3220 3221 3239 3238 3558 3559 3577 3576
          3221 3222 3240 3239 3559 3560 3578 3577
          3222 3223 3241 3240 3560 3561 3579 3578
          3223 3224 3242 3241 3561 3562 3580 3579
          3224 3225 3243 3242 3562 3563 3581 3580
          3225 3226 3244 3243 3563 3564 3582 3581
          3226 3227 3245 3244 3564 3565 3583 3582
          3227 3228 3246 3245 3565 3566 3584 3583
          3228 3229 3247 3246 3566 3567 3585 3584
          3229 3230 3248 3247 3567 3568 3586 3585
          3230 3231 3249 3248 3568 3569 3587 3586
          3233 3232 3250 3251 3571 3570 3588 3589
          3232 3234 3252 3250 3570 3572 3590 3588
          3234 3235 3253 3252 3572 3573 3591 3590
          3235 3236 3254 3253 3573 3574 3592 3591
          3236 3237 3255 3254 3574 3575 3593 3592
          3237 3238 3256 3255 3575 3576 3594 3593
          3238 3239 3257 3256 3576 3577 3595 3594
          3239 3240 3258 3257 3577 3578 3596 3595
          3240 3241 3259 3258 3578 3579 3597 3596
          3241 3242 3260 3259 3579 3580 3598 3597
          3242 3243 3261 3260 3580 3581 3599 3598
          3243 3244 3262 3261 3581 3582 3600 3599
          3244 3245 3263 3262 3582 3583 3601 3600
          3245 3246 3264 3263 3583 3584 3602 3601
          3246 3247 3265 3264 3584 3585 3603 3602
          3247 3248 3266 3265 3585 3586 3604 3603
          3248 3249 3267 3266 3586 3587 3605 3604
          3256 3257 3268 3269 3594 3595 3606 3607
          3257 3258 3270 3268 3595 3596 3608 3606
          3258 3259 3271 3270 3596 3597 3609 3608
          3259 3260 3272 3271 3597 3598 3610 3609
          3260 3261 3273 3272 3598 3599 3611 3610
          3261 3262 3274 3273 3599 3600 3612 3611
          3262 3263 3275 3274 3600 3601 3613 3612
          3263 3264 3276 3275 3601 3602 3614 3613
          3264 3265 3277 3276 3602 3603 3615 3614
          3265 3266 3278 3277 3603 3604 3616 3615
          3266 3267 3279 3278 3604 3605 3617 3616
          3269 3268 3280 3281 3607 3606 3618 3619
          3268 3270 3282 3280 3606 3608 3620 3618
          3270 3271 3283 3282 3608 3609 3621 3620
          3271 3272 3284 3283 3609 3610 3622 3621
          3272 3273 3285 3284 3610 3611 3623 3622
          3273 3274 3286 3285 3611 3612 3624 3623
          3274 3275 3287 3286 3612 3613 3625 3624
          3275 3276 3288 3287 3613 3614 3626 3625
          3276 3277 3289 3288 3614 3615 3627 3626
          3277 3278 3290 3289 3615 3616 3628 3627
          3278 3279 3291 3290 3616 3617 3629 3628
          3281 3280 3292 3293 3619 3618 3630 3631
          3280 3282 3294 3292 3618 3620 3632 3630
          3282 3283 3295 3294 3620 3621 3633 3632
          3287 3288 3296 3297 3625 3626 3634 3635
          3288 3289 3298 3296 3626 3627 3636 3634
          3289 3290 3299 3298 3627 3628 3637 3636
          3290 3291 3300 3299 3628 3629 3638 3637
          3293 3292 3301 3302 3631 3630 3639 3640
          3292 3294 3303 3301 3630 3632 3641 3639
          3294 3295 3304 3303 3632 3633 3642 3641
          3297 3296 3305 3306 3635 3634 3643 3644
          3296 3298 3307 3305 3634 3636 3645 3643
          3298 3299 3308 3307 3636 3637 3646 3645
          3299 3300 3309 3308 3637 3638 3647 3646
          3306 3305 3310 3311 3644 3643 3648 3649
          3305 3307 3312 3310 3643 3645 3650 3648
          3307 3308 3313 3312 3645 3646 3651 3650
          3308 3309 3314 3313 3646 3647 3652 3651
          3311 3310 3315 3316 3649 3648 3653 3654
          3310 3312 3317 3315 3648 3650 3655 3653
          3312 3313 3318 3317 3650 3651 3656 3655
          3313 3314 3319 3318 3651 3652 3657 3656
          3409 3408 3426 3427 3387 3386 3658 3659
          3408 3410 3428 3426 3386 3389 3660 3658
          3410 3411 3429 3428 3389 3391 3661 3660
          3411 3412 3430 3429 3391 3393 3662 3661
          3412 3413 3431 3430 3393 3395 3663 3662
          3413 3414 3432 3431 3395 3396 3664 3663
          3414 3415 3433 3432 3396 3397 3665 3664
          3415 3416 3434 3433 3397 3398 3666 3665
          3416 3417 3435 3434 3398 3399 3667 3666
          3417 3418 3436 3435 3399 3400 3668 3667
          3418 3419 3437 3436 3400 3401 3669 3668
          3419 3420 3438 3437 3401 3402 3670 3669
          3420 3421 3439 3438 3402 3403 3671 3670
          3421 3422 3440 3439 3403 3404 3672 3671
          3422 3423 3441 3440 3404 3405 3673 3672
          3423 3424 3442 3441 3405 3406 3674 3673
          3424 3425 3443 3442 3406 3407 3675 3674
          3427 3426 3444 3445 3659 3658 3676 3677
          3426 3428 3446 3444 3658 3660 3678 3676
          3428 3429 3447 3446 3660 3661 3679 3678
          3429 3430 3448 3447 3661 3662 3680 3679
          3430 3431 3449 3448 3662 3663 3681 3680
          3431 3432 3450 3449 3663 3664 3682 3681
          3432 3433 3451 3450 3664 3665 3683 3682
          3433 3434 3452 3451 3665 3666 3684 3683
          3434 3435 3453 3452 3666 3667 3685 3684
          3435 3436 3454 3453 3667 3668 3686 3685
          3436 3437 3455 3454 3668 3669 3687 3686
          3437 3438 3456 3455 3669 3670 3688 3687
          3438 3439 3457 3456 3670 3671 3689 3688
          3439 3440 3458 3457 3671 3672 3690 3689
          3440 3441 3459 3458 3672 3673 3691 3690
          3441 3442 3460 3459 3673 3674 3692 3691
          3442 3443 3461 3460 3674 3675 3693 3692
          3445 3444 3462 3463 3677 3676 3694 3695
          3444 3446 3464 3462 3676 3678 3696 3694
          3446 3447 3465 3464 3678 3679 3697 3696
          3447 3448 3466 3465 3679 3680 3698 3697
          3448 3449 3467 3466 3680 3681 3699 3698
          3449 3450 3468 3467 3681 3682 3700 3699
          3450 3451 3469 3468 3682 3683 3701 3700
          3451 3452 3470 3469 3683 3684 3702 3701
          3452 3453 3471 3470 3684 3685 3703 3702
          3453 3454 3472 3471 3685 3686 3704 3703
          3454 3455 3473 3472 3686 3687 3705 3704
          3455 3456 3474 3473 3687 3688 3706 3705
          3456 3457 3475 3474 3688 3689 3707 3706
          3457 3458 3476 3475 3689 3690 3708 3707
          3458 3459 3477 3476 3690 3691 3709 3708
          3459 3460 3478 3477 3691 3692 3710 3709
          3460 3461 3479 3478 3692 3693 3711 3710
          3463 3462 3480 3481 3695 3694 3712 3713
          3462 3464 3482 3480 3694 3696 3714 3712
          3464 3465 3483 3482 3696 3697 3715 3714
          3465 3466 3484 3483 3697 3698 3716 3715
          3466 3467 3485 3484 3698 3699 3717 3716
          3467 3468 3486 3485 3699 3700 3718 3717
          3468 3469 3487 3486 3700 3701 3719 3718
          3469 3470 3488 3487 3701 3702 3720 3719
          3470 3471 3489 3488 3702 3703 3721 3720
          3471 3472 3490 3489 3703 3704 3722 3721
          3472 3473 3491 3490 3704 3705 3723 3722
          3473 3474 3492 3491 3705 3706 3724 3723
          3474 3475 3493 3492 3706 3707 3725 3724
          3475 3476 3494 3493 3707 3708 3726 3725
          3476 3477 3495 3494 3708 3709 3727 3726
          3477 3478 3496 3495 3709 3710 3728 3727
          3478 3479 3497 3496 3710 3711 3729 3728
          3481 3480 3498 3499 3713 3712 3730 3731
          3480 3482 3500 3498 3712 3714 3732 3730
          3482 3483 3501 3500 3714 3715 3733 3732
          3483 3484 3502 3501 3715 3716 3734 3733
          3484 3485 3503 3502 3716 3717 3735 3734
          3485 3486 3504 3503 3717 3718 3736 3735
          3486 3487 3505 3504 3718 3719 3737 3736
          3487 3488 3506 3505 3719 3720 3738 3737
          3488 3489 3507 3506 3720 3721 3739 3738
          3489 3490 3508 3507 3721 3722 3740 3739
          3490 3491 3509 3508 3722 3723 3741 3740
          3491 3492 3510 3509 3723 3724 3742 3741
          3492 3493 3511 3510 3724 3725 3743 3742
          3493 3494 3512 3511 3725 3726 3744 3743
          3494 3495 3513 3512 3726 3727 3745 3744
          3495 3496 3514 3513 3727 3728 3746 3745
          3496 3497 3515 3514 3728 3729 3747 3746
          3499 3498 3516 3517 3731 3730 3748 3749
          3498 3500 3518 3516 3730 3732 3750 3748
          3500 3501 3519 3518 3732 3733 3751 3750
          3501 3502 3520 3519 3733 3734 3752 3751
          3502 3503 3521 3520 3734 3735 3753 3752
          3503 3504 3522 3521 3735 3736 3754 3753
          3504 3505 3523 3522 3736 3737 3755 3754
          3505 3506 3524 3523 3737 3738 3756 3755
          3506 3507 3525 3524 3738 3739 3757 3756
          3507 3508 3526 3525 3739 3740 3758 3757
          3508 3509 3527 3526 3740 3741 3759 3758
          3509 3510 3528 3527 3741 3742 3760 3759
          3510 3511 3529 3528 3742 3743 3761 3760
          3511 3512 3530 3529 3743 3744 3762 3761
          3512 3513 3531 3530 3744 3745 3763 3762
          3513 3514 3532 3531 3745 3746 3764 3763
          3514 3515 3533 3532 3746 3747 3765 3764
          3517 3516 3534 3535 3749 3748 3766 3767
          3516 3518 3536 3534 3748 3750 3768 3766
          3518 3519 3537 3536 3750 3751 3769 3768
          3519 3520 3538 3537 3751 3752 3770 3769
          3520 3521 3539 3538 3752 3753 3771 3770
          3521 3522 3540 3539 3753 3754 3772 3771
          3522 3523 3541 3540 3754 3755 3773 3772
          3523 3524 3542 3541 3755 3756 3774 3773
          3524 3525 3543 3542 3756 3757 3775 3774
          3525 3526 3544 3543 3757 3758 3776 3775
          3526 3527 3545 3544 3758 3759 3777 3776
          3527 3528 3546 3545 3759 3760 3778 3777
          3528 3529 3547 3546 3760 3761 3779 3778
          3529 3530 3548 3547 3761 3762 3780 3779
          3530 3531 3549 3548 3762 3763 3781 3780
          3531 3532 3550 3549 3763 3764 3782 3781
          3532 3533 3551 3550 3764 3765 3783 3782
          3535 3534 3552 3553 3767 3766 3570 3571
          3534 3536 3554 3552 3766 3768 3572 3570
          3536 3537 3555 3554 3768 3769 3573 3572
          3537 3538 3556 3555 3769 3770 3574 3573
          3538 3539 3557 3556 3770 3771 3575 3574
          3539 3540 3558 3557 3771 3772 3576 3575
          3540 3541 3559 3558 3772 3773 3577 3576
          3541 3542 3560 3559 3773 3774 3578 3577
          3542 3543 3561 3560 3774 3775 3579 3578
          3543 3544 3562 3561 3775 3776 3580 3579
          3544 3545 3563 3562 3776 3777 3581 3580
          3545 3546 3564 3563 3777 3778 3582 3581
          3546 3547 3565 3564 3778 3779 3583 3582
          3547 3548 3566 3565 3779 3780 3584 3583
          3548 3549 3567 3566 3780 3781 3585 3584
          3549 3550 3568 3567 3781 3782 3586 3585
          3550 3551 3569 3568 3782 3783 3587 3586
          3387 3386 3658 3659 3384 3385 3784 3785
          3386 3389 3660 3658 3385 3388 3786 3784
          3389 3391 3661 3660 3388 3390 3787 3786
          3391 3393 3662 3661 3390 3392 3788 3787
          3393 3395 3663 3662 3392 3394 3789 3788
          3395 3396 3664 3663 3394 3373 3790 3789
          3396 3397 3665 3664 3373 3372 3791 3790
          3397 3398 3666 3665 3372 3374 3792 3791
          3398 3399 3667 3666 3374 3375 3793 3792
          3399 3400 3668 3667 3375 3376 3794 3793
          3400 3401 3669 3668 3376 3377 3795 3794
          3401 3402 3670 3669 3377 3378 3796 3795
          3402 3403 3671 3670 3378 3379 3797 3796
          3403 3404 3672 3671 3379 3380 3798 3797
          3404 3405 3673 3672 3380 3381 3799 3798
          3405 3406 3674 3673 3381 3382 3800 3799
          3406 3407 3675 3674 3382 3383 3801 3800
          3659 3658 3676 3677 3785 3784 3802 3803
          3658 3660 3678 3676 3784 3786 3804 3802
          3660 3661 3679 3678 3786 3787 3805 3804
          3661 3662 3680 3679 3787 3788 3806 3805
          3662 3663 3681 3680 3788 3789 3807 3806
          3663 3664 3682 3681 3789 3790 3808 3807
          3664 3665 3683 3682 3790 3791 3809 3808
          3665 3666 3684 3683 3791 3792 3810 3809
          3666 3667 3685 3684 3792 3793 3811 3810
          3667 3668 3686 3685 3793 3794 3812 3811
          3668 3669 3687 3686 3794 3795 3813 3812
          3669 3670 3688 3687 3795 3796 3814 3813
          3670 3671 3689 3688 3796 3797 3815 3814
          3671 3672 3690 3689 3797 3798 3816 3815
          3672 3673 3691 3690 3798 3799 3817 3816
          3673 3674 3692 3691 3799 3800 3818 3817
          3674 3675 3693 3692 3800 3801 3819 3818
          3677 3676 3694 3695 3803 3802 3820 3821
          3676 3678 3696 3694 3802 3804 3822 3820
          3678 3679 3697 3696 3804 3805 3823 3822
          3679 3680 3698 3697 3805 3806 3824 3823
          3680 3681 3699 3698 3806 3807 3825 3824
          3681 3682 3700 3699 3807 3808 3826 3825
          3682 3683 3701 3700 3808 3809 3827 3826
          3683 3684 3702 3701 3809 3810 3828 3827
          3684 3685 3703 3702 3810 3811 3829 3828
          3685 3686 3704 3703 3811 3812 3830 3829
          3686 3687 3705 3704 3812 3813 3831 3830
          3687 3688 3706 3705 3813 3814 3832 3831
          3688 3689 3707 3706 3814 3815 3833 3832
          3689 3690 3708 3707 3815 3816 3834 3833
          3690 3691 3709 3708 3816 3817 3835 3834
          3691 3692 3710 3709 3817 3818 3836 3835
          3692 3693 3711 3710 3818 3819 3837 3836
          3695 3694 3712 3713 3821 3820 3838 3839
          3694 3696 3714 3712 3820 3822 3840 3838
          3696 3697 3715 3714 3822 3823 3841 3840
          3697 3698 3716 3715 3823 3824 3842 3841
          3698 3699 3717 3716 3824 3825 3843 3842
          3699 3700 3718 3717 3825 3826 3844 3843
          3700 3701 3719 3718 3826 3827 3845 3844
          3701 3702 3720 3719 3827 3828 3846 3845
          3702 3703 3721 3720 3828 3829 3847 3846
          3703 3704 3722 3721 3829 3830 3848 3847
          3704 3705 3723 3722 3830 3831 3849 3848
          3705 3706 3724 3723 3831 3832 3850 3849
          3706 3707 3725 3724 3832 3833 3851 3850
          3707 3708 3726 3725 3833 3834 3852 3851
          3708 3709 3727 3726 3834 3835 3853 3852
          3709 3710 3728 3727 3835 3836 3854 3853
          3710 3711 3729 3728 3836 3837 3855 3854
          3713 3712 3730 3731 3839 3838 3856 3857
          3712 3714 3732 3730 3838 3840 3858 3856
          3714 3715 3733 3732 3840 3841 3859 3858
          3715 3716 3734 3733 3841 3842 3860 3859
          3716 3717 3735 3734 3842 3843 3861 3860
          3717 3718 3736 3735 3843 3844 3862 3861
          3718 3719 3737 3736 3844 3845 3863 3862
          3719 3720 3738 3737 3845 3846 3864 3863
          3720 3721 3739 3738 3846 3847 3865 3864
          3721 3722 3740 3739 3847 3848 3866 3865
          3722 3723 3741 3740 3848 3849 3867 3866
          3723 3724 3742 3741 3849 3850 3868 3867
          3724 3725 3743 3742 3850 3851 3869 3868
          3725 3726 3744 3743 3851 3852 3870 3869
          3726 3727 3745 3744 3852 3853 3871 3870
          3727 3728 3746 3745 3853 3854 3872 3871
          3728 3729 3747 3746 3854 3855 3873 3872
          3731 3730 3748 3749 3857 3856 3874 3875
          3730 3732 3750 3748 3856 3858 3876 3874
          3732 3733 3751 3750 3858 3859 3877 3876
          3733 3734 3752 3751 3859 3860 3878 3877
          3734 3735 3753 3752 3860 3861 3879 3878
          3735 3736 3754 3753 3861 3862 3880 3879
          3736 3737 3755 3754 3862 3863 3881 3880
          3737 3738 3756 3755 3863 3864 3882 3881
          3738 3739 3757 3756 3864 3865 3883 3882
          3739 3740 3758 3757 3865 3866 3884 3883
          3740 3741 3759 3758 3866 3867 3885 3884
          3741 3742 3760 3759 3867 3868 3886 3885
          3742 3743 3761 3760 3868 3869 3887 3886
          3743 3744 3762 3761 3869 3870 3888 3887
          3744 3745 3763 3762 3870 3871 3889 3888
          3745 3746 3764 3763 3871 3872 3890 3889
          3746 3747 3765 3764 3872 3873 3891 3890
          3749 3748 3766 3767 3875 3874 3892 3893
          3748 3750 3768 3766 3874 3876 3894 3892
          3750 3751 3769 3768 3876 3877 3895 3894
          3751 3752 3770 3769 3877 3878 3896 3895
          3752 3753 3771 3770 3878 3879 3897 3896
          3753 3754 3772 3771 3879 3880 3898 3897
          3754 3755 3773 3772 3880 3881 3899 3898
          3755 3756 3774 3773 3881 3882 3900 3899
          3756 3757 3775 3774 3882 3883 3901 3900
          3757 3758 3776 3775 3883 3884 3902 3901
          3758 3759 3777 3776 3884 3885 3903 3902
          3759 3760 3778 3777 3885 3886 3904 3903
          3760 3761 3779 3778 3886 3887 3905 3904
          3761 3762 3780 3779 3887 3888 3906 3905
          3762 3763 3781 3780 3888 3889 3907 3906
          3763 3764 3782 3781 3889 3890 3908 3907
          3764 3765 3783 3782 3890 3891 3909 3908
          3767 3766 3570 3571 3893 3892 3588 3589
          3766 3768 3572 3570 3892 3894 3590 3588
          3768 3769 3573 3572 3894 3895 3591 3590
          3769 3770 3574 3573 3895 3896 3592 3591
          3770 3771 3575 3574 3896 3897 3593 3592
          3771 3772 3576 3575 3897 3898 3594 3593
          3772 3773 3577 3576 3898 3899 3595 3594
          3773 3774 3578 3577 3899 3900 3596 3595
          3774 3775 3579 3578 3900 3901 3597 3596
          3775 3776 3580 3579 3901 3902 3598 3597
          3776 3777 3581 3580 3902 3903 3599 3598
          3777 3778 3582 3581 3903 3904 3600 3599
          3778 3779 3583 3582 3904 3905 3601 3600
          3779 3780 3584 3583 3905 3906 3602 3601
          3780 3781 3585 3584 3906 3907 3603 3602
          3781 3782 3586 3585 3907 3908 3604 3603
          3782 3783 3587 3586 3908 3909 3605 3604
          3373 3372 3791 3790 3358 3357 3910 3911
          3372 3374 3792 3791 3357 3359 3912 3910
          3374 3375 3793 3792 3359 3360 3913 3912
          3375 3376 3794 3793 3360 3362 3914 3913
          3376 3377 3795 3794 3362 3364 3915 3914
          3377 3378 3796 3795 3364 3366 3916 3915
          3378 3379 3797 3796 3366 3367 3917 3916
          3379 3380 3798 3797 3367 3368 3918 3917
          3380 3381 3799 3798 3368 3369 3919 3918
          3381 3382 3800 3799 3369 3370 3920 3919
          3382 3383 3801 3800 3370 3371 3921 3920
          3790 3791 3809 3808 3911 3910 3922 3923
          3791 3792 3810 3809 3910 3912 3924 3922
          3792 3793 3811 3810 3912 3913 3925 3924
          3793 3794 3812 3811 3913 3914 3926 3925
          3794 3795 3813 3812 3914 3915 3927 3926
          3795 3796 3814 3813 3915 3916 3928 3927
          3796 3797 3815 3814 3916 3917 3929 3928
          3797 3798 3816 3815 3917 3918 3930 3929
          3798 3799 3817 3816 3918 3919 3931 3930
          3799 3800 3818 3817 3919 3920 3932 3931
          3800 3801 3819 3818 3920 3921 3933 3932
          3808 3809 3827 3826 3923 3922 3934 3935
          3809 3810 3828 3827 3922 3924 3936 3934
          3810 3811 3829 3828 3924 3925 3937 3936
          3811 3812 3830 3829 3925 3926 3938 3937
          3812 3813 3831 3830 3926 3927 3939 3938
          3813 3814 3832 3831 3927 3928 3940 3939
          3814 3815 3833 3832 3928 3929 3941 3940
          3815 3816 3834 3833 3929 3930 3942 3941
          3816 3817 3835 3834 3930 3931 3943 3942
          3817 3818 3836 3835 3931 3932 3944 3943
          3818 3819 3837 3836 3932 3933 3945 3944
          3826 3827 3845 3844 3935 3934 3946 3947
          3827 3828 3846 3845 3934 3936 3948 3946
          3828 3829 3847 3846 3936 3937 3949 3948
          3829 3830 3848 3847 3937 3938 3950 3949
          3830 3831 3849 3848 3938 3939 3951 3950
          3831 3832 3850 3849 3939 3940 3952 3951
          3832 3833 3851 3850 3940 3941 3953 3952
          3833 3834 3852 3851 3941 3942 3954 3953
          3834 3835 3853 3852 3942 3943 3955 3954
          3835 3836 3854 3853 3943 3944 3956 3955
          3836 3837 3855 3854 3944 3945 3957 3956
          3844 3845 3863 3862 3947 3946 3958 3959
          3845 3846 3864 3863 3946 3948 3960 3958
          3846 3847 3865 3864 3948 3949 3961 3960
          3847 3848 3866 3865 3949 3950 3962 3961
          3848 3849 3867 3866 3950 3951 3963 3962
          3849 3850 3868 3867 3951 3952 3964 3963
          3850 3851 3869 3868 3952 3953 3965 3964
          3851 3852 3870 3869 3953 3954 3966 3965
          3852 3853 3871 3870 3954 3955 3967 3966
          3853 3854 3872 3871 3955 3956 3968 3967
          3854 3855 3873 3872 3956 3957 3969 3968
          3862 3863 3881 3880 3959 3958 3970 3971
          3863 3864 3882 3881 3958 3960 3972 3970
          3864 3865 3883 3882 3960 3961 3973 3972
          3865 3866 3884 3883 3961 3962 3974 3973
          3866 3867 3885 3884 3962 3963 3975 3974
          3867 3868 3886 3885 3963 3964 3976 3975
          3868 3869 3887 3886 3964 3965 3977 3976
          3869 3870 3888 3887 3965 3966 3978 3977
          3870 3871 3889 3888 3966 3967 3979 3978
          3871 3872 3890 3889 3967 3968 3980 3979
          3872 3873 3891 3890 3968 3969 3981 3980
          3880 3881 3899 3898 3971 3970 3982 3983
          3881 3882 3900 3899 3970 3972 3984 3982
          3882 3883 3901 3900 3972 3973 3985 3984
          3883 3884 3902 3901 3973 3974 3986 3985
          3884 3885 3903 3902 3974 3975 3987 3986
          3885 3886 3904 3903 3975 3976 3988 3987
          3886 3887 3905 3904 3976 3977 3989 3988
          3887 3888 3906 3905 3977 3978 3990 3989
          3888 3889 3907 3906 3978 3979 3991 3990
          3889 3890 3908 3907 3979 3980 3992 3991
          3890 3891 3909 3908 3980 3981 3993 3992
          3898 3899 3595 3594 3983 3982 3606 3607
          3899 3900 3596 3595 3982 3984 3608 3606
          3900 3901 3597 3596 3984 3985 3609 3608
          3901 3902 3598 3597 3985 3986 3610 3609
          3902 3903 3599 3598 3986 3987 3611 3610
          3903 3904 3600 3599 3987 3988 3612 3611
          3904 3905 3601 3600 3988 3989 3613 3612
          3905 3906 3602 3601 3989 3990 3614 3613
          3906 3907 3603 3602 3990 3991 3615 3614
          3907 3908 3604 3603 3991 3992 3616 3615
          3908 3909 3605 3604 3992 3993 3617 3616
          3358 3357 3910 3911 3349 3348 3994 3995
          3357 3359 3912 3910 3348 3350 3996 3994
          3359 3360 3913 3912 3350 3351 3997 3996
          3360 3362 3914 3913 3351 3361 3998 3997
          3362 3364 3915 3914 3361 3363 3999 3998
          3364 3366 3916 3915 3363 3365 4000 3999
          3366 3367 3917 3916 3365 3353 4001 4000
          3367 3368 3918 3917 3353 3352 4002 4001
          3368 3369 3919 3918 3352 3354 4003 4002
          3369 3370 3920 3919 3354 3355 4004 4003
          3370 3371 3921 3920 3355 3356 4005 4004
          3911 3910 3922 3923 3995 3994 4006 4007
          3910 3912 3924 3922 3994 3996 4008 4006
          3912 3913 3925 3924 3996 3997 4009 4008
          3913 3914 3926 3925 3997 3998 4010 4009
          3914 3915 3927 3926 3998 3999 4011 4010
          3915 3916 3928 3927 3999 4000 4012 4011
          3916 3917 3929 3928 4000 4001 4013 4012
          3917 3918 3930 3929 4001 4002 4014 4013
          3918 3919 3931 3930 4002 4003 4015 4014
          3919 3920 3932 3931 4003 4004 4016 4015
          3920 3921 3933 3932 4004 4005 4017 4016
          3923 3922 3934 3935 4007 4006 4018 4019
          3922 3924 3936 3934 4006 4008 4020 4018
          3924 3925 3937 3936 4008 4009 4021 4020
          3925 3926 3938 3937 4009 4010 4022 4021
          3926 3927 3939 3938 4010 4011 4023 4022
          3927 3928 3940 3939 4011 4012 4024 4023
          3928 3929 3941 3940 4012 4013 4025 4024
          3929 3930 3942 3941 4013 4014 4026 4025
          3930 3931 3943 3942 4014 4015 4027 4026
          3931 3932 3944 3943 4015 4016 4028 4027
          3932 3933 3945 3944 4016 4017 4029 4028
          3935 3934 3946 3947 4019 4018 4030 4031
          3934 3936 3948 3946 4018 4020 4032 4030
          3936 3937 3949 3948 4020 4021 4033 4032
          3937 3938 3950 3949 4021 4022 4034 4033
          3938 3939 3951 3950 4022 4023 4035 4034
          3939 3940 3952 3951 4023 4024 4036 4035
          3940 3941 3953 3952 4024 4025 4037 4036
          3941 3942 3954 3953 4025 4026 4038 4037
          3942 3943 3955 3954 4026 4027 4039 4038
          3943 3944 3956 3955 4027 4028 4040 4039
          3944 3945 3957 3956 4028 4029 4041 4040
          3947 3946 3958 3959 4031 4030 4042 4043
          3946 3948 3960 3958 4030 4032 4044 4042
          3948 3949 3961 3960 4032 4033 4045 4044
          3949 3950 3962 3961 4033 4034 4046 4045
          3950 3951 3963 3962 4034 4035 4047 4046
          3951 3952 3964 3963 4035 4036 4048 4047
          3952 3953 3965 3964 4036 4037 4049 4048
          3953 3954 3966 3965 4037 4038 4050 4049
          3954 3955 3967 3966 4038 4039 4051 4050
          3955 3956 3968 3967 4039 4040 4052 4051
          3956 3957 3969 3968 4040 4041 4053 4052
          3959 3958 3970 3971 4043 4042 4054 4055
          3958 3960 3972 3970 4042 4044 4056 4054
          3960 3961 3973 3972 4044 4045 4057 4056
          3961 3962 3974 3973 4045 4046 4058 4057
          3962 3963 3975 3974 4046 4047 4059 4058
          3963 3964 3976 3975 4047 4048 4060 4059
          3964 3965 3977 3976 4048 4049 4061 4060
          3965 3966 3978 3977 4049 4050 4062 4061
          3966 3967 3979 3978 4050 4051 4063 4062
          3967 3968 3980 3979 4051 4052 4064 4063
          3968 3969 3981 3980 4052 4053 4065 4064
          3971 3970 3982 3983 4055 4054 4066 4067
          3970 3972 3984 3982 4054 4056 4068 4066
          3972 3973 3985 3984 4056 4057 4069 4068
          3973 3974 3986 3985 4057 4058 4070 4069
          3974 3975 3987 3986 4058 4059 4071 4070
          3975 3976 3988 3987 4059 4060 4072 4071
          3976 3977 3989 3988 4060 4061 4073 4072
          3977 3978 3990 3989 4061 4062 4074 4073
          3978 3979 3991 3990 4062 4063 4075 4074
          3979 3980 3992 3991 4063 4064 4076 4075
          3980 3981 3993 3992 4064 4065 4077 4076
          3983 3982 3606 3607 4067 4066 3618 3619
          3982 3984 3608 3606 4066 4068 3620 3618
          3984 3985 3609 3608 4068 4069 3621 3620
          3985 3986 3610 3609 4069 4070 3622 3621
          3986 3987 3611 3610 4070 4071 3623 3622
          3987 3988 3612 3611 4071 4072 3624 3623
          3988 3989 3613 3612 4072 4073 3625 3624
          3989 3990 3614 3613 4073 4074 3626 3625
          3990 3991 3615 3614 4074 4075 3627 3626
          3991 3992 3616 3615 4075 4076 3628 3627
          3992 3993 3617 3616 4076 4077 3629 3628
          3349 3348 3994 3995 3338 3337 4078 4079
          3348 3350 3996 3994 3337 3340 4080 4078
          3350 3351 3997 3996 3340 3342 4081 4080
          3353 3352 4002 4001 3344 3343 4082 4083
          3352 3354 4003 4002 3343 3345 4084 4082
          3354 3355 4004 4003 3345 3346 4085 4084
          3355 3356 4005 4004 3346 3347 4086 4085
          3995 3994 4006 4007 4079 4078 4087 4088
          3994 3996 4008 4006 4078 4080 4089 4087
          3996 3997 4009 4008 4080 4081 4090 4089
          4001 4002 4014 4013 4083 4082 4091 4092
          4002 4003 4015 4014 4082 4084 4093 4091
          4003 4004 4016 4015 4084 4085 4094 4093
          4004 4005 4017 4016 4085 4086 4095 4094
          4007 4006 4018 4019 4088 4087 4096 4097
          4006 4008 4020 4018 4087 4089 4098 4096
          4008 4009 4021 4020 4089 4090 4099 4098
          4013 4014 4026 4025 4092 4091 4100 4101
          4014 4015 4027 4026 4091 4093 4102 4100
          4015 4016 4028 4027 4093 4094 4103 4102
          4016 4017 4029 4028 4094 4095 4104 4103
          4019 4018 4030 4031 4097 4096 4105 4106
          4018 4020 4032 4030 4096 4098 4107 4105
          4020 4021 4033 4032 4098 4099 4108 4107
          4025 4026 4038 4037 4101 4100 4109 4110
          4026 4027 4039 4038 4100 4102 4111 4109
          4027 4028 4040 4039 4102 4103 4112 4111
          4028 4029 4041 4040 4103 4104 4113 4112
          4031 4030 4042 4043 4106 4105 4114 4115
          4030 4032 4044 4042 4105 4107 4116 4114
          4032 4033 4045 4044 4107 4108 4117 4116
          4037 4038 4050 4049 4110 4109 4118 4119
          4038 4039 4051 4050 4109 4111 4120 4118
          4039 4040 4052 4051 4111 4112 4121 4120
          4040 4041 4053 4052 4112 4113 4122 4121
          4043 4042 4054 4055 4115 4114 4123 4124
          4042 4044 4056 4054 4114 4116 4125 4123
          4044 4045 4057 4056 4116 4117 4126 4125
          4049 4050 4062 4061 4119 4118 4127 4128
          4050 4051 4063 4062 4118 4120 4129 4127
          4051 4052 4064 4063 4120 4121 4130 4129
          4052 4053 4065 4064 4121 4122 4131 4130
          4055 4054 4066 4067 4124 4123 4132 4133
          4054 4056 4068 4066 4123 4125 4134 4132
          4056 4057 4069 4068 4125 4126 4135 4134
          4061 4062 4074 4073 4128 4127 4136 4137
          4062 4063 4075 4074 4127 4129 4138 4136
          4063 4064 4076 4075 4129 4130 4139 4138
          4064 4065 4077 4076 4130 4131 4140 4139
          4067 4066 3618 3619 4133 4132 3630 3631
          4066 4068 3620 3618 4132 4134 3632 3630
          4068 4069 3621 3620 4134 4135 3633 3632
          4073 4074 3626 3625 4137 4136 3634 3635
          4074 4075 3627 3626 4136 4138 3636 3634
          4075 4076 3628 3627 4138 4139 3637 3636
          4076 4077 3629 3628 4139 4140 3638 3637
          3338 3337 4078 4079 3335 3336 4141 4142
          3337 3340 4080 4078 3336 3339 4143 4141
          3340 3342 4081 4080 3339 3341 4144 4143
          3344 3343 4082 4083 3331 3330 4145 4146
          3343 3345 4084 4082 3330 3332 4147 4145
          3345 3346 4085 4084 3332 3333 4148 4147
          3346 3347 4086 4085 3333 3334 4149 4148
          4079 4078 4087 4088 4142 4141 4150 4151
          4078 4080 4089 4087 4141 4143 4152 4150
          4080 4081 4090 4089 4143 4144 4153 4152
          4083 4082 4091 4092 4146 4145 4154 4155
          4082 4084 4093 4091 4145 4147 4156 4154
          4084 4085 4094 4093 4147 4148 4157 4156
          4085 4086 4095 4094 4148 4149 4158 4157
          4088 4087 4096 4097 4151 4150 4159 4160
          4087 4089 4098 4096 4150 4152 4161 4159
          4089 4090 4099 4098 4152 4153 4162 4161
          4092 4091 4100 4101 4155 4154 4163 4164
          4091 4093 4102 4100 4154 4156 4165 4163
          4093 4094 4103 4102 4156 4157 4166 4165
          4094 4095 4104 4103 4157 4158 4167 4166
          4097 4096 4105 4106 4160 4159 4168 4169
          4096 4098 4107 4105 4159 4161 4170 4168
          4098 4099 4108 4107 4161 4162 4171 4170
          4101 4100 4109 4110 4164 4163 4172 4173
          4100 4102 4111 4109 4163 4165 4174 4172
          4102 4103 4112 4111 4165 4166 4175 4174
          4103 4104 4113 4112 4166 4167 4176 4175
          4106 4105 4114 4115 4169 4168 4177 4178
          4105 4107 4116 4114 4168 4170 4179 4177
          4107 4108 4117 4116 4170 4171 4180 4179
          4110 4109 4118 4119 4173 4172 4181 4182
          4109 4111 4120 4118 4172 4174 4183 4181
          4111 4112 4121 4120 4174 4175 4184 4183
          4112 4113 4122 4121 4175 4176 4185 4184
          4115 4114 4123 4124 4178 4177 4186 4187
          4114 4116 4125 4123 4177 4179 4188 4186
          4116 4117 4126 4125 4179 4180 4189 4188
          4119 4118 4127 4128 4182 4181 4190 4191
          4118 4120 4129 4127 4181 4183 4192 4190
          4120 4121 4130 4129 4183 4184 4193 4192
          4121 4122 4131 4130 4184 4185 4194 4193
          4124 4123 4132 4133 4187 4186 4195 4196
          4123 4125 4134 4132 4186 4188 4197 4195
          4125 4126 4135 4134 4188 4189 4198 4197
          4128 4127 4136 4137 4191 4190 4199 4200
          4127 4129 4138 4136 4190 4192 4201 4199
          4129 4130 4139 4138 4192 4193 4202 4201
          4130 4131 4140 4139 4193 4194 4203 4202
          4133 4132 3630 3631 4196 4195 3639 3640
          4132 4134 3632 3630 4195 4197 3641 3639
          4134 4135 3633 3632 4197 4198 3642 3641
          4137 4136 3634 3635 4200 4199 3643 3644
          4136 4138 3636 3634 4199 4201 3645 3643
          4138 4139 3637 3636 4201 4202 3646 3645
          4139 4140 3638 3637 4202 4203 3647 3646
          3331 3330 4145 4146 3323 3322 4204 4205
          3330 3332 4147 4145 3322 3325 4206 4204
          3332 3333 4148 4147 3325 3327 4207 4206
          3333 3334 4149 4148 3327 3329 4208 4207
          4146 4145 4154 4155 4205 4204 4209 4210
          4145 4147 4156 4154 4204 4206 4211 4209
          4147 4148 4157 4156 4206 4207 4212 4211
          4148 4149 4158 4157 4207 4208 4213 4212
          4155 4154 4163 4164 4210 4209 4214 4215
          4154 4156 4165 4163 4209 4211 4216 4214
          4156 4157 4166 4165 4211 4212 4217 4216
          4157 4158 4167 4166 4212 4213 4218 4217
          4164 4163 4172 4173 4215 4214 4219 4220
          4163 4165 4174 4172 4214 4216 4221 4219
          4165 4166 4175 4174 4216 4217 4222 4221
          4166 4167 4176 4175 4217 4218 4223 4222
          4173 4172 4181 4182 4220 4219 4224 4225
          4172 4174 4183 4181 4219 4221 4226 4224
          4174 4175 4184 4183 4221 4222 4227 4226
          4175 4176 4185 4184 4222 4223 4228 4227
          4182 4181 4190 4191 4225 4224 4229 4230
          4181 4183 4192 4190 4224 4226 4231 4229
          4183 4184 4193 4192 4226 4227 4232 4231
          4184 4185 4194 4193 4227 4228 4233 4232
          4191 4190 4199 4200 4230 4229 4234 4235
          4190 4192 4201 4199 4229 4231 4236 4234
          4192 4193 4202 4201 4231 4232 4237 4236
          4193 4194 4203 4202 4232 4233 4238 4237
          4200 4199 3643 3644 4235 4234 3648 3649
          4199 4201 3645 3643 4234 4236 3650 3648
          4201 4202 3646 3645 4236 4237 3651 3650
          4202 4203 3647 3646 4237 4238 3652 3651
          3323 3322 4204 4205 3320 3321 4239 4240
          3322 3325 4206 4204 3321 3324 4241 4239
          3325 3327 4207 4206 3324 3326 4242 4241
          3327 3329 4208 4207 3326 3328 4243 4242
          4205 4204 4209 4210 4240 4239 4244 4245
          4204 4206 4211 4209 4239 4241 4246 4244
          4206 4207 4212 4211 4241 4242 4247 4246
          4207 4208 4213 4212 4242 4243 4248 4247
          4210 4209 4214 4215 4245 4244 4249 4250
          4209 4211 4216 4214 4244 4246 4251 4249
          4211 4212 4217 4216 4246 4247 4252 4251
          4212 4213 4218 4217 4247 4248 4253 4252
          4215 4214 4219 4220 4250 4249 4254 4255
          4214 4216 4221 4219 4249 4251 4256 4254
          4216 4217 4222 4221 4251 4252 4257 4256
          4217 4218 4223 4222 4252 4253 4258 4257
          4220 4219 4224 4225 4255 4254 4259 4260
          4219 4221 4226 4224 4254 4256 4261 4259
          4221 4222 4227 4226 4256 4257 4262 4261
          4222 4223 4228 4227 4257 4258 4263 4262
          4225 4224 4229 4230 4260 4259 4264 4265
          4224 4226 4231 4229 4259 4261 4266 4264
          4226 4227 4232 4231 4261 4262 4267 4266
          4227 4228 4233 4232 4262 4263 4268 4267
          4230 4229 4234 4235 4265 4264 4269 4270
          4229 4231 4236 4234 4264 4266 4271 4269
          4231 4232 4237 4236 4266 4267 4272 4271
          4232 4233 4238 4237 4267 4268 4273 4272
          4235 4234 3648 3649 4270 4269 3653 3654
          4234 4236 3650 3648 4269 4271 3655 3653
          4236 4237 3651 3650 4271 4272 3656 3655
          4237 4238 3652 3651 4272 4273 3657 3656
        </DataArray>
        <DataArray type="Int64" Name="offsets" format="ascii">
          8
          16
          24
          32
          40
          48
          56
          64
          72
          80
          88
          96
          104
          112
          120
          128
          136
          144
          152
          160
          168
          176
          184
          192
          200
          208
          216
          224
          232
          240
          248
          256
          264
          272
          280
          288
          296
          304
          312
          320
          328
          336
          344
          352
          360
          368
          376
          384
          392
          400
          408
          416
          424
          432
          440
          448
          456
          464
          472
          480
          488
          496
          504
          512
          520
          528
          536
          544
          552
          560
          568
          576
          584
          592
          600
          608
          616
          624
          632
          640
          648
          656
          664
          672
          680
          688
          696
          704
          712
          720
          728
          736
          744
          752
          760
          768
          776
          784
          792
          800
          808
          816
          824
          832
          840
          848
          856
          864
          872
          880
          888
          896
          904
          912
          920
          928
          936
          944
          952
          960
          968
          976
          984
          992
          1000
          1008
          1016
          1024
          1032
          1040
          1048
          1056
          1064
          1072
          1080
          1088
          1096
          1104
          1112
          1120
          1128
          1136
          1144
          1152
          1160
          1168
          1176
          1184
          1192
          1200
          1208
          1216
          1224
          1232
          1240
          1248
          1256
          1264
          1272
          1280
          1288
          1296
          1304
          1312
          1320
          1328
          1336
          1344
          1352
          1360
          1368
          1376
          1384
          1392
          1400
          1408
          1416
          1424
          1432
          1440
          1448
          1456
          1464
          1472
          1480
          1488
          1496
          1504
          1512
          1520
          1528
          1536
          1544
          1552
          1560
          1568
          1576
          1584
          1592
          1600
          1608
          1616
          1624
          1632
          1640
          1648
          1656
          1664
          1672
          1680
          1688
          1696
          1704
          1712
          1720
          1728
          1736
          1744
          1752
          1760
          1768
          1776
          1784
          1792
          1800
          1808
          1816
          1824
          1832
          1840
          1848
          1856
          1864
          1872
          1880
          1888
          1896
          1904
          1912
          1920
          1928
          1936
          1944
          1952
          1960
          1968
          1976
          1984
          1992
          2000
          2008
          2016
          2024
          2032
          2040
          2048
          2056
          2064
          2072
          2080
          2088
          2096
          2104
          2112
          2120
          2128
          2136
          2144
          2152
          2160
          2168
          2176
          2184
          2192
          2200
          2208
          2216
          2224
          2232
          2240
          2248
          2256
          2264
          2272
          2280
          2288
          2296
          2304
          2312
          2320
          2328
          2336
          2344
          2352
          2360
          2368
          2376
          2384
          2392
          2400
          2408
          2416
          2424
          2432
          2440
          2448
          2456
          2464
          2472
          2480
          2488
          2496
          2504
          2512
          2520
          2528
          2536
          2544
          2552
          2560
          2568
          2576
          2584
          2592
          2600
          2608
          2616
          2624
          2632
          2640
          2648
          2656
          2664
          2672
          2680
          2688
          2696
          2704
          2712
          2720
          2728
          2736
          2744
          2752
          2760
          2768
          2776
          2784
          2792
          2800
          2808
          2816
          2824
          2832
          2840
          2848
          2856
          2864
          2872
          2880
          2888
          2896
          2904
          2912
          2920
          2928
          2936
          2944
          2952
          2960
          2968
          2976
          2984
          2992
          3000
          3008
          3016
          3024
          3032
          3040
          3048
          3056
          3064
          3072
          3080
          3088
          3096
          3104
          3112
          3120
          3128
          3136
          3144
          3152
          3160
          3168
          3176
          3184
          3192
          3200
          3208
          3216
          3224
          3232
          3240
          3248
          3256
          3264
          3272
          3280
          3288
          3296
          3304
          3312
          3320
          3328
          3336
          3344
          3352
          3360
          3368
          3376
          3384
          3392
          3400
          3408
          3416
          3424
          3432
          3440
          3448
          3456
          3464
          3472
          3480
          3488
          3496
          3504
          3512
          3520
          3528
          3536
          3544
          3552
          3560
          3568
          3576
          3584
          3592
          3600
          3608
          3616
          3624
          3632
          3640
          3648
          3656
          3664
          3672
          3680
          3688
          3696
          3704
          3712
          3720
          3728
          3736
          3744
          3752
          3760
          3768
          3776
          3784
          3792
          3800
          3808
          3816
          3824
          3832
          3840
          3848
          3856
          3864
          3872
          3880
          3888
          3896
          3904
          3912
          3920
          3928
          3936
          3944
          3952
          3960
          3968
          3976
          3984
          3992
          4000
          4008
          4016
          4024
          4032
          4040
          4048
          4056
          4064
          4072
          4080
          4088
          4096
          4104
          4112
          4120
          4128
          4136
          4144
          4152
          4160
          4168
          4176
          4184
          4192
          4200
          4208
          4216
          4224
          4232
          4240
          4248
          4256
          4264
          4272
          4280
          4288
          4296
          4304
          4312
          4320
          4328
          4336
          4344
          4352
          4360
          4368
          4376
          4384
          4392
          4400
          4408
          4416
          4424
          4432
          4440
          4448
          4456
          4464
          4472
          4480
          4488
          4496
          4504
          4512
          4520
          4528
          4536
          4544
          4552
          4560
          4568
          4576
          4584
          4592
          4600
          4608
          4616
          4624
          4632
          4640
          4648
          4656
          4664
          4672
          4680
          4688
          4696
          4704
          4712
          4720
          4728
          4736
          4744
          4752
          4760
          4768
          4776
          4784
          4792
          4800
          4808
          4816
          4824
          4832
          4840
          4848
          4856
          4864
          4872
          4880
          4888
          4896
          4904
          4912
          4920
          4928
          4936
          4944
          4952
          4960
          4968
          4976
          4984
          4992
          5000
          5008
          5016
          5024
          5032
          5040
          5048
          5056
          5064
          5072
          5080
          5088
          5096
          5104
          5112
          5120
          5128
          5136
          5144
          5152
          5160
          5168
          5176
          5184
          5192
          5200
          5208
          5216
          5224
          5232
          5240
          5248
          5256
          5264
          5272
          5280
          5288
          5296
          5304
          5312
          5320
          5328
          5336
          5344
          5352
          5360
          5368
          5376
          5384
          5392
          5400
          5408
          5416
          5424
          5432
          5440
          5448
          5456
          5464
          5472
          5480
          5488
          5496
          5504
          5512
          5520
          5528
          5536
          5544
          5552
          5560
          5568
          5576
          5584
          5592
          5600
          5608
          5616
          5624
          5632
          5640
          5648
          5656
          5664
          5672
          5680
          5688
          5696
          5704
          5712
          5720
          5728
          5736
          5744
          5752
          5760
          5768
          5776
          5784
          5792
          5800
          5808
          5816
          5824
          5832
          5840
          5848
          5856
          5864
          5872
          5880
          5888
          5896
          5904
          5912
          5920
          5928
          5936
          5944
          5952
          5960
          5968
          5976
          5984
          5992
          6000
          6008
          6016
          6024
          6032
          6040
          6048
          6056
          6064
          6072
          6080
          6088
          6096
          6104
          6112
          6120
          6128
          6136
          6144
          6152
          6160
          6168
          6176
          6184
          6192
          6200
          6208
          6216
          6224
          6232
          6240
          6248
          6256
          6264
          6272
          6280
          6288
          6296
          6304
          6312
          6320
          6328
          6336
          6344
          6352
          6360
          6368
          6376
          6384
          6392
          6400
          6408
          6416
          6424
          6432
          6440
          6448
          6456
          6464
          6472
          6480
          6488
          6496
          6504
          6512
          6520
          6528
          6536
          6544
          6552
          6560
          6568
          6576
          6584
          6592
          6600
          6608
          6616
          6624
          6632
          6640
          6648
          6656
          6664
          6672
          6680
          6688
          6696
          6704
          6712
          6720
          6728
          6736
          6744
          6752
          6760
          6768
          6776
          6784
          6792
          6800
          6808
          6816
          6824
          6832
          6840
          6848
          6856
          6864
          6872
          6880
          6888
          6896
          6904
          6912
          6920
          6928
          6936
          6944
          6952
          6960
          6968
          6976
          6984
          6992
          7000
          7008
          7016
          7024
          7032
          7040
          7048
          7056
          7064
          7072
          7080
          7088
          7096
          7104
          7112
          7120
          7128
          7136
          7144
          7152
          7160
          7168
          7176
          7184
          7192
          7200
          7208
          7216
          7224
          7232
          7240
          7248
          7256
          7264
          7272
          7280
          7288
          7296
          7304
          7312
          7320
          7328
          7336
          7344
          7352
          7360
          7368
          7376
          7384
          7392
          7400
          7408
          7416
          7424
          7432
          7440
          7448
          7456
          7464
          7472
          7480
          7488
          7496
          7504
          7512
          7520
          7528
          7536
          7544
          7552
          7560
          7568
          7576
          7584
          7592
          7600
          7608
          7616
          7624
          7632
          7640
          7648
          7656
          7664
          7672
          7680
          7688
          7696
          7704
          7712
          7720
          7728
          7736
          7744
          7752
          7760
          7768
          7776
          7784
          7792
          7800
          7808
          7816
          7824
          7832
          7840
          7848
          7856
          7864
          7872
          7880
          7888
          7896
          7904
          7912
          7920
          7928
          7936
          7944
          7952
          7960
          7968
          7976
          7984
          7992
          8000
          8008
          8016
          8024
          8032
          8040
          8048
          8056
          8064
          8072
          8080
          8088
          8096
          8104
          8112
          8120
          8128
          8136
          8144
          8152
          8160
          8168
          8176
          8184
          8192
          8200
          8208
          8216
          8224
          8232
          8240
          8248
          8256
          8264
          8272
          8280
          8288
          8296
          8304
          8312
          8320
          8328
          8336
          8344
          8352
          8360
          8368
          8376
          8384
          8392
          8400
          8408
          8416
          8424
          8432
          8440
          8448
          8456
          8464
          8472
          8480
          8488
          8496
          8504
          8512
          8520
          8528
          8536
          8544
          8552
          8560
          8568
          8576
          8584
          8592
          8600
          8608
          8616
          8624
          8632
          8640
          8648
          8656
          8664
          8672
          8680
          8688
          8696
          8704
          8712
          8720
          8728
          8736
          8744
          8752
          8760
          8768
          8776
          8784
          8792
          8800
          8808
          8816
          8824
          8832
          8840
          8848
          8856
          8864
          8872
          8880
          8888
          8896
          8904
          8912
          8920
          8928
          8936
          8944
          8952
          8960
          8968
          8976
          8984
          8992
          9000
          9008
          9016
          9024
          9032
          9040
          9048
          9056
          9064
          9072
          9080
          9088
          9096
          9104
          9112
          9120
          9128
          9136
          9144
          9152
          9160
          9168
          9176
          9184
          9192
          9200
          9208
          9216
          9224
          9232
          9240
          9248
          9256
          9264
          9272
          9280
          9288
          9296
          9304
          9312
          9320
          9328
          9336
          9344
          9352
          9360
          9368
          9376
          9384
          9392
          9400
          9408
          9416
          9424
          9432
          9440
          9448
          9456
          9464
          9472
          9480
          9488
          9496
          9504
          9512
          9520
          9528
          9536
          9544
          9552
          9560
          9568
          9576
          9584
          9592
          9600
          9608
          9616
          9624
          9632
          9640
          9648
          9656
          9664
          9672
          9680
          9688
          9696
          9704
          9712
          9720
          9728
          9736
          9744
          9752
          9760
          9768
          9776
          9784
          9792
          9800
          9808
          9816
          9824
          9832
          9840
          9848
          9856
          9864
          9872
          9880
          9888
          9896
          9904
          9912
          9920
          9928
          9936
          9944
          9952
          9960
          9968
          9976
          9984
          9992
          10000
          10008
          10016
          10024
          10032
          10040
          10048
          10056
          10064
          10072
          10080
          10088
          10096
          10104
          10112
          10120
          10128
          10136
          10144
          10152
          10160
          10168
          10176
          10184
          10192
          10200
          10208
          10216
          10224
          10232
          10240
          10248
          10256
          10264
          10272
          10280
          10288
          10296
          10304
          10312
          10320
          10328
          10336
          10344
          10352
          10360
          10368
          10376
          10384
          10392
          10400
          10408
          10416
          10424
          10432
          10440
          10448
          10456
          10464
          10472
          10480
          10488
          10496
          10504
          10512
          10520
          10528
          10536
          10544
          10552
          10560
          10568
          10576
          10584
          10592
          10600
          10608
          10616
          10624
          10632
          10640
          10648
          10656
          10664
          10672
          10680
          10688
          10696
          10704
          10712
          10720
          10728
          10736
          10744
          10752
          10760
          10768
          10776
          10784
          10792
          10800
          10808
          10816
          10824
          10832
          10840
          10848
          10856
          10864
          10872
          10880
          10888
          10896
          10904
          10912
          10920
          10928
          10936
          10944
          10952
          10960
          10968
          10976
          10984
          10992
          11000
          11008
          11016
          11024
          11032
          11040
          11048
          11056
          11064
          11072
          11080
          11088
          11096
          11104
          11112
          11120
          11128
          11136
          11144
          11152
          11160
          11168
          11176
          11184
          11192
          11200
          11208
          11216
          11224
          11232
          11240
          11248
          11256
          11264
          11272
          11280
          11288
          11296
          11304
          11312
          11320
          11328
          11336
          11344
          11352
          11360
          11368
          11376
          11384
          11392
          11400
          11408
          11416
          11424
          11432
          11440
          11448
          11456
          11464
          11472
          11480
          11488
          11496
          11504
          11512
          11520
          11528
          11536
          11544
          11552
          11560
          11568
          11576
          11584
          11592
          11600
          11608
          11616
          11624
          11632
          11640
          11648
          11656
          11664
          11672
          11680
          11688
          11696
          11704
          11712
          11720
          11728
          11736
          11744
          11752
          11760
          11768
          11776
          11784
          11792
          11800
          11808
          11816
          11824
          11832
          11840
          11848
          11856
          11864
          11872
          11880
          11888
          11896
          11904
          11912
          11920
          11928
          11936
          11944
          11952
          11960
          11968
          11976
          11984
          11992
          12000
          12008
          12016
          12024
          12032
          12040
          12048
          12056
          12064
          12072
          12080
          12088
          12096
          12104
          12112
          12120
          12128
          12136
          12144
          12152
          12160
          12168
          12176
          12184
          12192
          12200
          12208
          12216
          12224
          12232
          12240
          12248
          12256
          12264
          12272
          12280
          12288
          12296
          12304
          12312
          12320
          12328
          12336
          12344
          12352
          12360
          12368
          12376
          12384
          12392
          12400
          12408
          12416
          12424
          12432
          12440
          12448
          12456
          12464
          12472
          12480
          12488
          12496
          12504
          12512
          12520
          12528
          12536
          12544
          12552
          12560
          12568
          12576
          12584
          12592
          12600
          12608
          12616
          12624
          12632
          12640
          12648
          12656
          12664
          12672
          12680
          12688
          12696
          12704
          12712
          12720
          12728
          12736
          12744
          12752
          12760
          12768
          12776
          12784
          12792
          12800
          12808
          12816
          12824
          12832
          12840
          12848
          12856
          12864
          12872
          12880
          12888
          12896
          12904
          12912
          12920
          12928
          12936
          12944
          12952
          12960
          12968
          12976
          12984
          12992
          13000
          13008
          13016
          13024
          13032
          13040
          13048
          13056
          13064
          13072
          13080
          13088
          13096
          13104
          13112
          13120
          13128
          13136
          13144
          13152
          13160
          13168
          13176
          13184
          13192
          13200
          13208
          13216
          13224
          13232
          13240
          13248
          13256
          13264
          13272
          13280
          13288
          13296
          13304
          13312
          13320
          13328
          13336
          13344
          13352
          13360
          13368
          13376
          13384
          13392
          13400
          13408
          13416
          13424
          13432
          13440
          13448
          13456
          13464
          13472
          13480
          13488
          13496
          13504
          13512
          13520
          13528
          13536
          13544
          13552
          13560
          13568
          13576
          13584
          13592
          13600
          13608
          13616
          13624
          13632
          13640
          13648
          13656
          13664
          13672
          13680
          13688
          13696
          13704
          13712
          13720
          13728
          13736
          13744
          13752
          13760
          13768
          13776
          13784
          13792
          13800
          13808
          13816
          13824
          13832
          13840
          13848
          13856
          13864
          13872
          13880
          13888
          13896
          13904
          13912
          13920
          13928
          13936
          13944
          13952
          13960
          13968
          13976
          13984
          13992
          14000
          14008
          14016
          14024
          14032
          14040
          14048
          14056
          14064
          14072
          14080
          14088
          14096
          14104
          14112
          14120
          14128
          14136
          14144
          14152
          14160
          14168
          14176
          14184
          14192
          14200
          14208
          14216
          14224
          14232
          14240
          14248
          14256
          14264
          14272
          14280
          14288
          14296
          14304
          14312
          14320
          14328
          14336
          14344
          14352
          14360
          14368
          14376
          14384
          14392
          14400
          14408
          14416
          14424
          14432
          14440
          14448
          14456
          14464
          14472
          14480
          14488
          14496
          14504
          14512
          14520
          14528
          14536
          14544
          14552
          14560
          14568
          14576
          14584
          14592
          14600
          14608
          14616
          14624
          14632
          14640
          14648
          14656
          14664
          14672
          14680
          14688
          14696
          14704
          14712
          14720
          14728
          14736
          14744
          14752
          14760
          14768
          14776
          14784
          14792
          14800
          14808
          14816
          14824
          14832
          14840
          14848
          14856
          14864
          14872
          14880
          14888
          14896
          14904
          14912
          14920
          14928
          14936
          14944
          14952
          14960
          14968
          14976
          14984
          14992
          15000
          15008
          15016
          15024
          15032
          15040
          15048
          15056
          15064
          15072
          15080
          15088
          15096
          15104
          15112
          15120
          15128
          15136
          15144
          15152
          15160
          15168
          15176
          15184
          15192
          15200
          15208
          15216
          15224
          15232
          15240
          15248
          15256
          15264
          15272
          15280
          15288
          15296
          15304
          15312
          15320
          15328
          15336
          15344
          15352
          15360
          15368
          15376
          15384
          15392
          15400
          15408
          15416
          15424
          15432
          15440
          15448
          15456
          15464
          15472
          15480
          15488
          15496
          15504
          15512
          15520
          15528
          15536
          15544
          15552
          15560
          15568
          15576
          15584
          15592
          15600
          15608
          15616
          15624
          15632
          15640
          15648
          15656
          15664
          15672
          15680
          15688
          15696
          15704
          15712
          15720
          15728
          15736
          15744
          15752
          15760
          15768
          15776
          15784
          15792
          15800
          15808
          15816
          15824
          15832
          15840
          15848
          15856
          15864
          15872
          15880
          15888
          15896
          15904
          15912
          15920
          15928
          15936
          15944
          15952
          15960
          15968
          15976
          15984
          15992
          16000
          16008
          16016
          16024
          16032
          16040
          16048
          16056
          16064
          16072
          16080
          16088
          16096
          16104
          16112
          16120
          16128
          16136
          16144
          16152
          16160
          16168
          16176
          16184
          16192
          16200
          16208
          16216
          16224
          16232
          16240
          16248
          16256
          16264
          16272
          16280
          16288
          16296
          16304
          16312
          16320
          16328
          16336
          16344
          16352
          16360
          16368
          16376
          16384
          16392
          16400
          16408
          16416
          16424
          16432
          16440
          16448
          16456
          16464
          16472
          16480
          16488
          16496
          16504
          16512
          16520
          16528
          16536
          16544
          16552
          16560
          16568
          16576
          16584
          16592
          16600
          16608
          16616
          16624
          16632
          16640
          16648
          16656
          16664
          16672
          16680
          16688
          16696
          16704
          16712
          16720
          16728
          16736
          16744
          16752
          16760
          16768
          16776
          16784
          16792
          16800
          16808
          16816
          16824
          16832
          16840
          16848
          16856
          16864
          16872
          16880
          16888
          16896
          16904
          16912
          16920
          16928
          16936
          16944
          16952
          16960
          16968
          16976
          16984
          16992
          17000
          17008
          17016
          17024
          17032
          17040
          17048
          17056
          17064
          17072
          17080
          17088
          17096
          17104
          17112
          17120
          17128
          17136
          17144
          17152
          17160
          17168
          17176
          17184
          17192
          17200
          17208
          17216
          17224
          17232
          17240
          17248
          17256
          17264
          17272
          17280
          17288
          17296
          17304
          17312
          17320
          17328
          17336
          17344
          17352
          17360
          17368
          17376
          17384
          17392
          17400
          17408
          17416
          17424
          17432
          17440
          17448
          17456
          17464
          17472
          17480
          17488
          17496
          17504
          17512
          17520
          17528
          17536
          17544
          17552
          17560
          17568
          17576
          17584
          17592
          17600
          17608
          17616
          17624
          17632
          17640
          17648
          17656
          17664
          17672
          17680
          17688
          17696
          17704
          17712
          17720
          17728
          17736
          17744
          17752
          17760
          17768
          17776
          17784
          17792
          17800
          17808
          17816
          17824
          17832
          17840
          17848
          17856
          17864
          17872
          17880
          17888
          17896
          17904
          17912
          17920
          17928
          17936
          17944
          17952
          17960
          17968
          17976
          17984
          17992
          18000
          18008
          18016
          18024
          18032
          18040
          18048
          18056
          18064
          18072
          18080
          18088
          18096
          18104
          18112
          18120
          18128
          18136
          18144
          18152
          18160
          18168
          18176
          18184
          18192
          18200
          18208
          18216
          18224
          18232
          18240
          18248
          18256
          18264
          18272
          18280
          18288
          18296
          18304
          18312
          18320
          18328
          18336
          18344
          18352
          18360
          18368
          18376
          18384
          18392
          18400
          18408
          18416
          18424
          18432
          18440
          18448
          18456
          18464
          18472
          18480
          18488
          18496
          18504
          18512
          18520
          18528
          18536
          18544
          18552
          18560
          18568
          18576
          18584
          18592
          18600
          18608
          18616
          18624
          18632
          18640
          18648
          18656
          18664
          18672
          18680
          18688
          18696
          18704
          18712
          18720
          18728
          18736
          18744
          18752
          18760
          18768
          18776
          18784
          18792
          18800
          18808
          18816
          18824
          18832
          18840
          18848
          18856
          18864
          18872
          18880
          18888
          18896
          18904
          18912
          18920
          18928
          18936
          18944
          18952
          18960
          18968
          18976
          18984
          18992
          19000
          19008
          19016
          19024
          19032
          19040
          19048
          19056
          19064
          19072
          19080
          19088
          19096
          19104
          19112
          19120
          19128
          19136
          19144
          19152
          19160
          19168
          19176
          19184
          19192
          19200
          19208
          19216
          19224
          19232
          19240
          19248
          19256
          19264
          19272
          19280
          19288
          19296
          19304
          19312
          19320
          19328
          19336
          19344
          19352
          19360
          19368
          19376
          19384
          19392
          19400
          19408
          19416
          19424
          19432
          19440
          19448
          19456
          19464
          19472
          19480
          19488
          19496
          19504
          19512
          19520
          19528
          19536
          19544
          19552
          19560
          19568
          19576
          19584
          19592
          19600
          19608
          19616
          19624
          19632
          19640
          19648
          19656
          19664
          19672
          19680
          19688
          19696
          19704
          19712
          19720
          19728
          19736
          19744
          19752
          19760
          19768
          19776
          19784
          19792
          19800
          19808
          19816
          19824
          19832
          19840
          19848
          19856
          19864
          19872
          19880
          19888
          19896
          19904
          19912
          19920
          19928
          19936
          19944
          19952
          19960
          19968
          19976
          19984
          19992
          20000
          20008
          20016
          20024
          20032
          20040
          20048
          20056
          20064
          20072
          20080
          20088
          20096
          20104
          20112
          20120
          20128
          20136
          20144
          20152
          20160
          20168
          20176
          20184
          20192
          20200
          20208
          20216
          20224
          20232
          20240
          20248
          20256
          20264
          20272
          20280
          20288
          20296
          20304
          20312
          20320
          20328
          20336
          20344
          20352
          20360
          20368
          20376
          20384
          20392
          20400
          20408
          20416
          20424
          20432
          20440
          20448
          20456
          20464
          20472
          20480
          20488
          20496
          20504
          20512
          20520
          20528
          20536
          20544
          20552
          20560
          20568
          20576
          20584
          20592
          20600
          20608
          20616
          20624
          20632
          20640
          20648
          20656
          20664
          20672
          20680
          20688
          20696
          20704
          20712
          20720
          20728
          20736
          20744
          20752
          20760
          20768
          20776
          20784
          20792
          20800
          20808
          20816
          20824
          20832
          20840
          20848
          20856
          20864
          20872
          20880
          20888
          20896
          20904
          20912
          20920
          20928
          20936
          20944
          20952
          20960
          20968
          20976
          20984
          20992
          21000
          21008
          21016
          21024
          21032
          21040
          21048
          21056
          21064
          21072
          21080
          21088
          21096
          21104
          21112
          21120
          21128
          21136
          21144
          21152
          21160
          21168
          21176
          21184
          21192
          21200
          21208
          21216
          21224
          21232
          21240
          21248
          21256
          21264
          21272
          21280
          21288
          21296
          21304
          21312
          21320
          21328
          21336
          21344
          21352
          21360
          21368
          21376
          21384
          21392
          21400
          21408
          21416
          21424
          21432
          21440
          21448
          21456
          21464
          21472
          21480
          21488
          21496
          21504
          21512
          21520
          21528
          21536
          21544
          21552
          21560
          21568
          21576
          21584
          21592
          21600
          21608
          21616
          21624
          21632
          21640
          21648
          21656
          21664
          21672
          21680
          21688
          21696
          21704
          21712
          21720
          21728
          21736
          21744
          21752
          21760
          21768
          21776
          21784
          21792
          21800
          21808
          21816
          21824
          21832
          21840
          21848
          21856
          21864
          21872
          21880
          21888
          21896
          21904
          21912
          21920
          21928
          21936
          21944
          21952
          21960
          21968
          21976
          21984
          21992
          22000
          22008
          22016
          22024
          22032
          22040
          22048
          22056
          22064
          22072
          22080
          22088
          22096
          22104
          22112
          22120
          22128
          22136
          22144
          22152
          22160
          22168
          22176
          22184
          22192
          22200
          22208
          22216
          22224
          22232
          22240
          22248
          22256
          22264
          22272
          22280
          22288
          22296
          22304
          22312
          22320
          22328
          22336
          22344
          22352
          22360
          22368
          22376
          22384
          22392
          22400
          22408
          22416
          22424
          22432
          22440
          22448
          22456
          22464
          22472
          22480
          22488
          22496
          22504
          22512
          22520
          22528
          22536
          22544
          22552
          22560
          22568
          22576
          22584
          22592
          22600
          22608
          22616
          22624
          22632
          22640
          22648
          22656
          22664
          22672
          22680
          22688
          22696
          22704
          22712
          22720
          22728
          22736
          22744
          22752
          22760
          22768
          22776
          22784
          22792
          22800
          22808
          22816
          22824
          22832
          22840
          22848
          22856
          22864
          22872
          22880
          22888
          22896
          22904
          22912
          22920
          22928
          22936
          22944
          22952
          22960
          22968
          22976
          22984
          22992
          23000
          23008
          23016
          23024
          23032
          23040
          23048
          23056
          23064
          23072
          23080
          23088
          23096
          23104
          23112
          23120
          23128
          23136
          23144
          23152
          23160
          23168
          23176
          23184
          23192
          23200
          23208
          23216
          23224
          23232
          23240
          23248
          23256
          23264
          23272
          23280
          23288
          23296
          23304
          23312
          23320
          23328
          23336
          23344
          23352
          23360
          23368
          23376
          23384
          23392
          23400
          23408
          23416
          23424
          23432
          23440
          23448
          23456
          23464
          23472
          23480
          23488
          23496
          23504
          23512
          23520
          23528
          23536
          23544
          23552
          23560
          23568
          23576
          23584
          23592
          23600
          23608
          23616
          23624
          23632
          23640
          23648
          23656
          23664
          23672
          23680
          23688
          23696
          23704
          23712
          23720
          23728
          23736
          23744
          23752
          23760
          23768
          23776
          23784
          23792
          23800
          23808
          23816
          23824
          23832
          23840
          23848
          23856
          23864
          23872
          23880
          23888
          23896
          23904
          23912
          23920
          23928
          23936
          23944
          23952
          23960
          23968
          23976
          23984
          23992
          24000
          24008
          24016
          24024
          24032
          24040
          24048
          24056
          24064
          24072
          24080
          24088
          24096
          24104
          24112
          24120
          24128
          24136
          24144
          24152
          24160
          24168
          24176
          24184
          24192
          24200
          24208
          24216
          24224
          24232
          24240
          24248
          24256
          24264
          24272
          24280
          24288
          24296
          24304
          24312
          24320
          24328
          24336
          24344
          24352
          24360
          24368
          24376
          24384
          24392
          24400
          24408
          24416
          24424
          24432
          24440
          24448
          24456
          24464
          24472
          24480
          24488
          24496
          24504
          24512
          24520
          24528
          24536
          24544
          24552
          24560
          24568
          24576
          24584
          24592
          24600
          24608
          24616
          24624
          24632
          24640
          24648
          24656
          24664
          24672
          24680
          24688
          24696
          24704
          24712
          24720
          24728
          24736
          24744
          24752
          24760
          24768
          24776
          24784
          24792
          24800
          24808
          24816
          24824
          24832
          24840
          24848
          24856
          24864
          24872
          24880
          24888
          24896
          24904
          24912
          24920
          24928
          24936
          24944
          24952
          24960
          24968
          24976
          24984
          24992
          25000
          25008
          25016
          25024
          25032
          25040
          25048
          25056
          25064
          25072
          25080
          25088
          25096
          25104
          25112
          25120
          25128
          25136
          25144
          25152
          25160
          25168
          25176
          25184
          25192
          25200
          25208
          25216
          25224
          25232
          25240
          25248
          25256
          25264
          25272
          25280
          25288
          25296
          25304
          25312
          25320
          25328
          25336
          25344
          25352
          25360
          25368
          25376
          25384
          25392
          25400
          25408
          25416
          25424
          25432
          25440
          25448
          25456
          25464
          25472
          25480
          25488
          25496
          25504
          25512
          25520
          25528
          25536
          25544
          25552
          25560
          25568
          25576
          25584
          25592
          25600
          25608
          25616
          25624
          25632
          25640
          25648
          25656
          25664
          25672
          25680
          25688
          25696
          25704
          25712
          25720
          25728
          25736
          25744
          25752
          25760
          25768
          25776
          25784
          25792
          25800
          25808
          25816
          25824
          25832
          25840
          25848
          25856
          25864
          25872
          25880
          25888
          25896
          25904
          25912
          25920
          25928
          25936
          25944
          25952
          25960
          25968
          25976
          25984
          25992
          26000
          26008
          26016
          26024
          26032
          26040
          26048
          26056
          26064
          26072
          26080
          26088
          26096
          26104
          26112
          26120
          26128
          26136
          26144
          26152
          26160
          26168
          26176
          26184
          26192
          26200
          26208
          26216
          26224
          26232
          26240
          26248
          26256
          26264
          26272
          26280
          26288
          26296
          26304
          26312
          26320
          26328
          26336
          26344
          26352
          26360
          26368
          26376
          26384
          26392
          26400
          26408
          26416
          26424
          26432
          26440
          26448
          26456
          26464
          26472
          26480
          26488
          26496
          26504
          26512
          26520
          26528
          26536
          26544
          26552
          26560
          26568
          26576
          26584
          26592
          26600
          26608
          26616
          26624
          26632
          26640
          26648
          26656
          26664
          26672
          26680
          26688
          26696
          26704
          26712
          26720
          26728
          26736
          26744
          26752
          26760
          26768
          26776
          26784
          26792
          26800
          26808
          26816
          26824
          26832
          26840
          26848
          26856
          26864
          26872
          26880
          26888
          26896
          26904
          26912
          26920
          26928
          26936
          26944
          26952
          26960
          26968
          26976
          26984
          26992
          27000
          27008
          27016
          27024
          27032
          27040
          27048
          27056
          27064
          27072
          27080
          27088
          27096
          27104
          27112
          27120
          27128
          27136
          27144
          27152
          27160
          27168
          27176
          27184
          27192
          27200
          27208
          27216
          27224
          27232
          27240
          27248
          27256
          27264
          27272
          27280
          27288
          27296
          27304
          27312
          27320
          27328
          27336
          27344
          27352
          27360
          27368
          27376
          27384
          27392
          27400
          27408
          27416
          27424
          27432
          27440
          27448
          27456
          27464
          27472
          27480
          27488
          27496
          27504
          27512
          27520
          27528
          27536
          27544
          27552
          27560
          27568
          27576
          27584
          27592
          27600
          27608
          27616
          27624
          27632
          27640
          27648
          27656
          27664
          27672
          27680
          27688
          27696
          27704
          27712
          27720
          27728
          27736
          27744
          27752
          27760
          27768
          27776
          27784
          27792
          27800
          27808
          27816
          27824
          27832
          27840
          27848
          27856
          27864
          27872
          27880
          27888
          27896
          27904
          27912
          27920
          27928
          27936
          27944
          27952
          27960
          27968
          27976
          27984
          27992
          28000
          28008
          28016
          28024
          28032
          28040
          28048
          28056
          28064
          28072
          28080
          28088
          28096
          28104
          28112
          28120
          28128
          28136
          28144
          28152
          28160
          28168
          28176
          28184
          28192
          28200
          28208
          28216
          28224
          28232
          28240
          28248
          28256
          28264
          28272
          28280
          28288
          28296
          28304
          28312
          28320
          28328
          28336
          28344
          28352
          28360
          28368
          28376
          28384
          28392
          28400
          28408
          28416
          28424
          28432
          28440
          28448
          28456
          28464
          28472
          28480
          28488
          28496
          28504
          28512
          28520
          28528
          28536
          28544
          28552
          28560
          28568
          28576
          28584
          28592
          28600
          28608
          28616
          28624
          28632
          28640
          28648
          28656
          28664
          28672
        </DataArray>
        <DataArray type="UInt8" Name="types" format="ascii">
          12
          12
          12
          12
          12
          12
          12
          12
          12
          12
          12
          12
          12
          12
          12
          12
          12
          12
          12
          12
          12
          12
          12
          12
          12
          12
          12
          12
          12
          12
          12
          12
          12
          12
          12
          12
          12
          12
          12
          12
          12
          12
          12
          12
          12
          12
          12
          12
          12
          12
          12
          12
          12
          12
          12
          12
          12
          12
          12
          12
          12
          12
          12
          12
          12
          12
          12
          12
          12
          12
          12
          12
          12
          12
          12
          12
          12
          12
          12
          12
          12
          12
          12
          12
          12
          12
          12
          12
          12
          12
          12
          12
          12
          12
          12
          12
          12
          12
          12
          12
          12
          12
          12
          12
          12
          12
          12
          12
          12
          12
          12
          12
          12
          12
          12
          12
          12
          12
          12
          12
          12
          12
          12
          12
          12
          12
          12
          12
          12
          12
          12
          12
          12
          12
          12
          12
          12
          12
          12
          12
          12
          12
          12
          12
          12
          12
          12
          12
          12
          12
          12
          12
          12
          12
          12
          12
          12
          12
          12
          12
          12
          12
          12
          12
          12
          12
          12
          12
          12
          12
          12
          12
          12
          12
          12
          12
          12
          12
          12
          12
          12
          12
          12
          12
          12
          12
          12
          12
          12
          12
          12
          12
          12
          12
          12
          12
          12
          12
          12
          12
          12
          12
          12
          12
          12
          12
          12
          12
          12
          12
          12
          12
          12
          12
          12
          12
          12
          12
          12
          12
          12
          12
          12
          12
          12
          12
          12
          12
          12
          12
          12
          12
          12
          12
          12
          12
          12
          12
          12
          12
          12
          12
          12
          12
          12
          12
          12
          12
          12
          12
          12
          12
          12
          12
          12
          12
          12
          12
          12
          12
          12
          12
          12
          12
          12
          12
          12
          12
          12
          12
          12
          12
          12
          12
          12
          12
          12
          12
          12
          12
          12
          12
          12
          12
          12
          12
          12
          12
          12
          12
          12
          12
          12
          12
          12
          12
          12
          12
          12
          12
          12
          12
          12
          12
          12
          12
          12
          12
          12
          12
          12
          12
          12
          12
          12
          12
          12
          12
          12
          12
          12
          12
          12
          12
          12
          12
          12
          12
          12
          12
          12
          12
          12
          12
          12
          12
          12
          12
          12
          12
          12
          12
          12
          12
          12
          12
          12
          12
          12
          12
          12
          12
          12
          12
          12
          12
          12
          12
          12
          12
          12
          12
          12
          12
          12
          12
          12
          12
          12
          12
          12
          12
          12
          12
          12
          12
          12
          12
          12
          12
          12
          12
          12
          12
          12
          12
          12
          12
          12
          12
          12
          12
          12
          12
          12
          12
          12
          12
          12
          12
          12
          12
          12
          12
          12
          12
          12
          12
          12
          12
          12
          12
          12
          12
          12
          12
          12
          12
          12
          12
          12
          12
          12
          12
          12
          12
          12
          12
          12
          12
          12
          12
          12
          12
          12
          12
          12
          12
          12
          12
          12
          12
          12
          12
          12
          12
          12
          12
          12
          12
          12
          12
          12
          12
          12
          12
          12
          12
          12
          12
          12
          12
          12
          12
          12
          12
          12
          12
          12
          12
          12
          12
          12
          12
          12
          12
          12
          12
          12
          12
          12
          12
          12
          12
          12
          12
          12
          12
          12
          12
          12
          12
          12
          12
          12
          12
          12
          12
          12
          12
          12
          12
          12
          12
          12
          12
          12
          12
          12
          12
          12
          12
          12
          12
          12
          12
          12
          12
          12
          12
          12
          12
          12
          12
          12
          12
          12
          12
          12
          12
          12
          12
          12
          12
          12
          12
          12
          12
          12
          12
          12
          12
          12
          12
          12
          12
          12
          12
          12
          12
          12
          12
          12
          12
          12
          12
          12
          12
          12
          12
          12
          12
          12
          12
          12
          12
          12
          12
          12
          12
          12
          12
          12
          12
          12
          12
          12
          12
          12
          12
          12
          12
          12
          12
          12
          12
          12
          12
          12
          12
          12
          12
          12
          12
          12
          12
          12
          12
          12
          12
          12
          12
          12
          12
          12
          12
          12
          12
          12
          12
          12
          12
          12
          12
          12
          12
          12
          12
          12
          12
          12
          12
          12
          12
          12
          12
          12
          12
          12
          12
          12
          12
          12
          12
          12
          12
          12
          12
          12
          12
          12
          12
          12
          12
          12
          12
          12
          12
          12
          12
          12
          12
          12
          12
          12
          12
          12
          12
          12
          12
          12
          12
          12
          12
          12
          12
          12
          12
          12
          12
          12
          12
          12
          12
          12
          12
          12
          12
          12
          12
          12
          12
          12
          12
          12
          12
          12
          12
          12
          12
          12
          12
          12
          12
          12
          12
          12
          12
          12
          12
          12
          12
          12
          12
          12
          12
          12
          12
          12
          12
          12
          12
          12
          12
          12
          12
          12
          12
          12
          12
          12
          12
          12
          12
          12
          12
          12
          12
          12
          12
          12
          12
          12
          12
          12
          12
          12
          12
          12
          12
          12
          12
          12
          12
          12
          12
          12
          12
          12
          12
          12
          12
          12
          12
          12
          12
          12
          12
          12
          12
          12
          12
          12
          12
          12
          12
          12
          12
          12
          12
          12
          12
          12
          12
          12
          12
          12
          12
          12
          12
          12
          12
          12
          12
          12
          12
          12
          12
          12
          12
          12
          12
          12
          12
          12
          12
          12
          12
          12
          12
          12
          12
          12
          12
          12
          12
          12
          12
          12
          12
          12
          12
          12
          12
          12
          12
          12
          12
          12
          12
          12
          12
          12
          12
          12
          12
          12
          12
          12
          12
          12
          12
          12
          12
          12
          12
          12
          12
          12
          12
          12
          12
          12
          12
          12
          12
          12
          12
          12
          12
          12
          12
          12
          12
          12
          12
          12
          12
          12
          12
          12
          12
          12
          12
          12
          12
          12
          12
          12
          12
          12
          12
          12
          12
          12
          12
          12
          12
          12
          12
          12
          12
          12
          12
          12
          12
          12
          12
          12
          12
          12
          12
          12
          12
          12
          12
          12
          12
          12
          12
          12
          12
          12
          12
          12
          12
          12
          12
          12
          12
          12
          12
          12
          12
          12
          12
          12
          12
          12
          12
          12
          12
          12
          12
          12
          12
          12
          12
          12
          12
          12
          12
          12
          12
          12
          12
          12
          12
          12
          12
          12
          12
          12
          12
          12
          12
          12
          12
          12
          12
          12
          12
          12
          12
          12
          12
          12
          12
          12
          12
          12
          12
          12
          12
          12
          12
          12
          12
          12
          12
          12
          12
          12
          12
          12
          12
          12
          12
          12
          12
          12
          12
          12
          12
          12
          12
          12
          12
          12
          12
          12
          12
          12
          12
          12
          12
          12
          12
          12
          12
          12
          12
          12
          12
          12
          12
          12
          12
          12
          12
          12
          12
          12
          12
          12
          12
          12
          12
          12
          12
          12
          12
          12
          12
          12
          12
          12
          12
          12
          12
          12
          12
          12
          12
          12
          12
          12
          12
          12
          12
          12
          12
          12
          12
          12
          12
          12
          12
          12
          12
          12
          12
          12
          12
          12
          12
          12
          12
          12
          12
          12
          12
          12
          12
          12
          12
          12
          12
          12
          12
          12
          12
          12
          12
          12
          12
          12
          12
          12
          12
          12
          12
          12
          12
          12
          12
          12
          12
          12
          12
          12
          12
          12
          12
          12
          12
          12
          12
          12
          12
          12
          12
          12
          12
          12
          12
          12
          12
          12
          12
          12
          12
          12
          12
          12
          12
          12
          12
          12
          12
          12
          12
          12
          12
          12
          12
          12
          12
          12
          12
          12
          12
          12
          12
          12
          12
          12
          12
          12
          12
          12
          12
          12
          12
          12
          12
          12
          12
          12
          12
          12
          12
          12
          12
          12
          12
          12
          12
          12
          12
          12
          12
          12
          12
          12
          12
          12
          12
          12
          12
          12
          12
          12
          12
          12
          12
          12
          12
          12
          12
          12
          12
          12
          12
          12
          12
          12
          12
          12
          12
          12
          12
          12
          12
          12
          12
          12
          12
          12
          12
          12
          12
          12
          12
          12
          12
          12
          12
          12
          12
          12
          12
          12
          12
          12
          12
          12
          12
          12
          12
          12
          12
          12
          12
          12
          12
          12
          12
          12
          12
          12
          12
          12
          12
          12
          12
          12
          12
          12
          12
          12
          12
          12
          12
          12
          12
          12
          12
          12
          12
          12
          12
          12
          12
          12
          12
          12
          12
          12
          12
          12
          12
          12
          12
          12
          12
          12
          12
          12
          12
          12
          12
          12
          12
          12
          12
          12
          12
          12
          12
          12
          12
          12
          12
          12
          12
          12
          12
          12
          12
          12
          12
          12
          12
          12
          12
          12
          12
          12
          12
          12
          12
          12
          12
          12
          12
          12
          12
          12
          12
          12
          12
          12
          12
          12
          12
          12
          12
          12
          12
          12
          12
          12
          12
          12
          12
          12
          12
          12
          12
          12
          12
          12
          12
          12
          12
          12
          12
          12
          12
          12
          12
          12
          12
          12
          12
          12
          12
          12
          12
          12
          12
          12
          12
          12
          12
          12
          12
          12
          12
          12
          12
          12
          12
          12
          12
          12
          12
          12
          12
          12
          12
          12
          12
          12
          12
          12
          12
          12
          12
          12
          12
          12
          12
          12
          12
          12
          12
          12
          12
          12
          12
          12
          12
          12
          12
          12
          12
          12
          12
          12
          12
          12
          12
          12
          12
          12
          12
          12
          12
          12
          12
          12
          12
          12
          12
          12
          12
          12
          12
          12
          12
          12
          12
          12
          12
          12
          12
          12
          12
          12
          12
          12
          12
          12
          12
          12
          12
          12
          12
          12
          12
          12
          12
          12
          12
          12
          12
          12
          12
          12
          12
          12
          12
          12
          12
          12
          12
          12
          12
          12
          12
          12
          12
          12
          12
          12
          12
          12
          12
          12
          12
          12
          12
          12
          12
          12
          12
          12
          12
          12
          12
          12
          12
          12
          12
          12
          12
          12
          12
          12
          12
          12
          12
          12
          12
          12
          12
          12
          12
          12
          12
          12
          12
          12
          12
          12
          12
          12
          12
          12
          12
          12
          12
          12
          12
          12
          12
          12
          12
          12
          12
          12
          12
          12
          12
          12
          12
          12
          12
          12
          12
          12
          12
          12
          12
          12
          12
          12
          12
          12
          12
          12
          12
          12
          12
          12
          12
          12
          12
          12
          12
          12
          12
          12
          12
          12
          12
          12
          12
          12
          12
          12
          12
          12
          12
          12
          12
          12
          12
          12
          12
          12
          12
          12
          12
          12
          12
          12
          12
          12
          12
          12
          12
          12
          12
          12
          12
          12
          12
          12
          12
          12
          12
          12
          12
          12
          12
          12
          12
          12
          12
          12
          12
          12
          12
          12
          12
          12
          12
          12
          12
          12
          12
          12
          12
          12
          12
          12
          12
          12
          12
          12
          12
          12
          12
          12
          12
          12
          12
          12
          12
          12
          12
          12
          12
          12
          12
          12
          12
          12
          12
          12
          12
          12
          12
          12
          12
          12
          12
          12
          12
          12
          12
          12
          12
          12
          12
          12
          12
          12
          12
          12
          12
          12
          12
          12
          12
          12
          12
          12
          12
          12
          12
          12
          12
          12
          12
          12
          12
          12
          12
          12
          12
          12
          12
          12
          12
          12
          12
          12
          12
          12
          12
          12
          12
          12
          12
          12
          12
          12
          12
          12
          12
          12
          12
          12
          12
          12
          12
          12
          12
          12
          12
          12
          12
          12
          12
          12
          12
          12
          12
          12
          12
          12
          12
          12
          12
          12
          12
          12
          12
          12
          12
          12
          12
          12
          12
          12
          12
          12
          12
          12
          12
          12
          12
          12
          12
          12
          12
          12
          12
          12
          12
          12
          12
          12
          12
          12
          12
          12
          12
          12
          12
          12
          12
          12
          12
          12
          12
          12
          12
          12
          12
          12
          12
          12
          12
          12
          12
          12
          12
          12
          12
          12
          12
          12
          12
          12
          12
          12
          12
          12
          12
          12
          12
          12
          12
          12
          12
          12
          12
          12
          12
          12
          12
          12
          12
          12
          12
          12
          12
          12
          12
          12
          12
          12
          12
          12
          12
          12
          12
          12
          12
          12
          12
          12
          12
          12
          12
          12
          12
          12
          12
          12
          12
          12
          12
          12
          12
          12
          12
          12
          12
          12
          12
          12
          12
          12
          12
          12
          12
          12
          12
          12
          12
          12
          12
          12
          12
          12
          12
          12
          12
          12
          12
          12
          12
          12
          12
          12
          12
          12
          12
          12
          12
          12
          12
          12
          12
          12
          12
          12
          12
          12
          12
          12
          12
          12
          12
          12
          12
          12
          12
          12
          12
          12
          12
          12
          12
          12
          12
          12
          12
          12
          12
          12
          12
          12
          12
          12
          12
          12
          12
          12
          12
          12
          12
          12
          12
          12
          12
          12
          12
          12
          12
          12
          12
          12
          12
          12
          12
          12
          12
          12
          12
          12
          12
          12
          12
          12
          12
          12
          12
          12
          12
          12
          12
          12
          12
          12
          12
          12
          12
          12
          12
          12
          12
          12
          12
          12
          12
          12
          12
          12
          12
          12
          12
          12
          12
          12
          12
          12
          12
          12
          12
          12
          12
          12
          12
          12
          12
          12
          12
          12
          12
          12
          12
          12
          12
          12
          12
          12
          12
          12
          12
          12
          12
          12
          12
          12
          12
          12
          12
          12
          12
          12
          12
          12
          12
          12
          12
          12
          12
          12
          12
          12
          12
          12
          12
          12
          12
          12
          12
          12
          12
          12
          12
          12
          12
          12
          12
          12
          12
          12
          12
          12
          12
          12
          12
          12
          12
          12
          12
          12
          12
          12
          12
          12
          12
          12
          12
          12
          12
          12
          12
          12
          12
          12
          12
          12
          12
          12
          12
          12
          12
          12
          12
          12
          12
          12
          12
          12
          12
          12
          12
          12
          12
          12
          12
          12
          12
          12
          12
          12
          12
          12
          12
          12
          12
          12
          12
          12
          12
          12
          12
          12
          12
          12
          12
          12
          12
          12
          12
          12
          12
          12
          12
          12
          12
          12
          12
          12
          12
          12
          12
          12
          12
          12
          12
          12
          12
          12
          12
          12
          12
          12
          12
          12
          12
          12
          12
          12
          12
          12
          12
          12
          12
          12
          12
          12
          12
          12
          12
          12
          12
          12
          12
          12
          12
          12
          12
          12
          12
          12
          12
          12
          12
          12
          12
          12
          12
          12
          12
          12
          12
          12
          12
          12
          12
          12
          12
          12
          12
          12
          12
          12
          12
          12
          12
          12
          12
          12
          12
          12
          12
          12
          12
          12
          12
          12
          12
          12
          12
          12
          12
          12
          12
          12
          12
          12
          12
          12
          12
          12
          12
          12
          12
          12
          12
          12
          12
          12
          12
          12
          12
          12
          12
          12
          12
          12
          12
          12
          12
          12
          12
          12
          12
          12
          12
          12
          12
          12
          12
          12
          12
          12
          12
          12
          12
          12
          12
          12
          12
          12
          12
          12
          12
          12
          12
          12
          12
          12
          12
          12
          12
          12
          12
          12
          12
          12
          12
          12
          12
          12
          12
          12
          12
          12
          12
          12
          12
          12
          12
          12
          12
          12
          12
          12
          12
          12
          12
          12
          12
          12
          12
          12
          12
          12
          12
          12
          12
          12
          12
          12
          12
          12
          12
          12
          12
          12
          12
          12
          12
          12
          12
          12
          12
          12
          12
          12
          12
          12
          12
          12
          12
          12
          12
          12
          12
          12
          12
          12
          12
          12
          12
          12
          12
          12
          12
          12
          12
          12
          12
          12
          12
          12
          12
          12
          12
          12
          12
          12
          12
          12
          12
          12
          12
          12
          12
          12
          12
          12
          12
          12
          12
          12
          12
          12
          12
          12
          12
          12
          12
          12
          12
          12
          12
          12
          12
          12
          12
          12
          12
          12
          12
          12
          12
          12
          12
          12
          12
          12
          12
          12
          12
          12
          12
          12
          12
          12
          12
          12
          12
          12
          12
          12
          12
          12
          12
          12
          12
          12
          12
          12
          12
          12
          12
          12
          12
          12
          12
          12
          12
          12
          12
          12
          12
          12
          12
          12
          12
          12
          12
          12
          12
          12
          12
          12
          12
          12
          12
          12
          12
          12
          12
          12
          12
          12
          12
          12
          12
          12
          12
          12
          12
          12
          12
          12
          12
          12
          12
          12
          12
          12
          12
          12
          12
          12
          12
          12
          12
          12
          12
          12
          12
          12
          12
          12
          12
          12
          12
          12
          12
          12
          12
          12
          12
          12
          12
          12
          12
          12
          12
          12
          12
          12
          12
          12
          12
          12
          12
          12
          12
          12
          12
          12
          12
          12
          12
          12
          12
          12
          12
          12
          12
          12
          12
          12
          12
          12
          12
          12
          12
          12
          12
          12
          12
          12
          12
          12
          12
          12
          12
          12
          12
          12
          12
          12
          12
          12
          12
          12
          12
          12
          12
          12
          12
          12
          12
          12
          12
          12
          12
          12
          12
          12
          12
          12
          12
          12
          12
          12
          12
          12
          12
          12
          12
          12
          12
          12
          12
          12
          12
          12
          12
          12
          12
          12
          12
          12
          12
          12
          12
          12
          12
          12
          12
          12
          12
          12
          12
          12
          12
          12
          12
          12
          12
          12
          12
          12
          12
          12
          12
          12
          12
          12
          12
          12
          12
          12
          12
          12
          12
          12
          12
          12
          12
          12
          12
          12
          12
          12
          12
          12
          12
          12
          12
          12
          12
          12
          12
          12
          12
          12
          12
          12
          12
          12
          12
          12
          12
          12
          12
          12
          12
          12
          12
          12
          12
          12
          12
          12
          12
          12
          12
          12
          12
          12
          12
          12
          12
          12
          12
          12
          12
          12
          12
          12
          12
          12
          12
          12
          12
          12
          12
          12
          12
          12
          12
          12
          12
          12
          12
          12
          12
          12
          12
          12
          12
          12
          12
          12
          12
          12
          12
          12
          12
          12
          12
          12
          12
          12
          12
          12
          12
          12
          12
          12
          12
          12
          12
          12
          12
          12
          12
          12
          12
          12
          12
          12
          12
          12
          12
          12
          12
          12
          12
          12
          12
          12
          12
          12
          12
          12
          12
          12
          12
          12
          12
          12
          12
          12
          12
          12
          12
          12
          12
          12
          12
          12
          12
          12
          12
          12
          12
          12
          12
          12
          12
          12
          12
          12
          12
          12
          12
          12
          12
          12
          12
          12
          12
          12
          12
          12
          12
          12
          12
          12
          12
          12
          12
          12
          12
          12
          12
          12
          12
          12
          12
          12
          12
          12
          12
          12
          12
          12
          12
          12
          12
          12
          12
          12
          12
          12
          12
          12
          12
          12
          12
          12
          12
          12
          12
          12
          12
          12
          12
          12
          12
          12
          12
          12
          12
          12
          12
          12
          12
          12
          12
          12
          12
          12
          12
          12
          12
          12
          12
          12
          12
          12
          12
          12
          12
          12
          12
          12
          12
          12
          12
          12
          12
          12
          12
          12
          12
          12
          12
          12
          12
          12
          12
          12
          12
          12
          12
          12
          12
          12
          12
          12
          12
          12
          12
          12
          12
          12
          12
          12
          12
          12
          12
          12
          12
          12
          12
          12
          12
          12
          12
          12
          12
          12
          12
          12
          12
          12
          12
          12
          12
          12
          12
          12
          12
          12
          12
          12
          12
          12
          12
          12
          12
          12
          12
          12
          12
          12
          12
          12
          12
          12
          12
          12
          12
          12
          12
          12
          12
          12
          12
          12
          12
          12
          12
          12
          12
          12
          12
          12
          12
          12
          12
          12
          12
          12
          12
          12
          12
          12
          12
          12
          12
          12
          12
          12
          12
          12
          12
          12
          12
          12
          12
          12
          12
          12
          12
          12
          12
          12
          12
          12
          12
          12
          12
          12
          12
          12
          12
          12
          12
          12
          12
          12
          12
          12
          12
          12
          12
          12
          12
          12
          12
          12
          12
          12
          12
          12
          12
          12
          12
          12
          12
          12
          12
          12
          12
          12
          12
          12
          12
          12
          12
          12
          12
          12
          12
          12
          12
          12
          12
          12
          12
          12
          12
          12
          12
          12
          12
          12
          12
          12
          12
          12
          12
          12
          12
          12
          12
          12
          12
          12
          12
          12
          12
          12
          12
          12
          12
          12
          12
          12
          12
          12
          12
          12
          12
          12
          12
          12
          12
          12
          12
          12
          12
          12
          12
          12
          12
          12
          12
          12
          12
          12
          12
          12
          12
          12
          12
          12
          12
          12
          12
          12
          12
          12
          12
          12
          12
          12
          12
          12
          12
          12
          12
          12
          12
          12
          12
          12
          12
          12
          12
          12
          12
          12
          12
          12
          12
          12
          12
          12
          12
          12
          12
          12
          12
          12
          12
          12
          12
          12
          12
          12
          12
          12
          12
          12
          12
          12
          12
          12
          12
          12
          12
          12
          12
          12
          12
          12
          12
          12
          12
          12
          12
          12
          12
          12
          12
          12
          12
          12
          12
          12
          12
          12
          12
          12
          12
          12
          12
          12
          12
          12
          12
          12
          12
          12
          12
          12
          12
          12
          12
          12
          12
          12
          12
          12
          12
          12
          12
          12
          12
          12
          12
          12
          12
          12
          12
          12
          12
          12
          12
          12
          12
          12
          12
          12
          12
          12
          12
          12
          12
          12
          12
          12
          12
          12
          12
          12
          12
          12
          12
          12
          12
          12
          12
          12
          12
          12
          12
          12
          12
          12
          12
          12
          12
          12
          12
          12
          12
          12
          12
          12
          12
          12
          12
          12
          12
          12
          12
          12
          12
          12
          12
          12
          12
          12
          12
          12
          12
          12
          12
          12
          12
          12
          12
          12
          12
          12
          12
          12
          12
          12
          12
          12
          12
          12
          12
          12
          12
          12
          12
          12
          12
          12
          12
          12
          12
          12
          12
          12
          12
          12
          12
          12
          12
          12
          12
          12
          12
          12
          12
          12
          12
          12
          12
          12
          12
          12
          12
          12
          12
          12
          12
          12
          12
          12
          12
          12
          12
          12
          12
          12
          12
          12
          12
          12
          12
          12
          12
          12
          12
          12
          12
          12
          12
          12
          12
          12
          12
          12
          12
          12
          12
          12
          12
          12
          12
          12
          12
          12
          12
          12
          12
          12
          12
          12
          12
          12
          12
          12
          12
          12
          12
          12
          12
          12
          12
          12
          12
          12
          12
          12
          12
          12
          12
          12
          12
          12
          12
          12
          12
          12
          12
          12
          12
          12
          12
          12
          12
          12
          12
          12
          12
          12
          12
          12
          12
          12
          12
          12
          12
          12
          12
          12
          12
          12
          12
          12
          12
          12
          12
          12
          12
          12
          12
          12
          12
          12
          12
          12
          12
          12
          12
          12
          12
          12
          12
          12
          12
          12
          12
          12
          12
          12
          12
          12
          12
          12
          12
          12
          12
          12
          12
          12
          12
          12
          12
          12
          12
          12
          12
          12
          12
          12
          12
          12
          12
          12
          12
          12
          12
          12
          12
          12
          12
          12
          12
          12
          12
          12
          12
          12
          12
          12
          12
          12
          12
          12
          12
          12
          12
          12
          12
          12
          12
          12
          12
          12
          12
          12
          12
          12
          12
          12
          12
          12
          12
          12
          12
          12
          12
          12
          12
          12
          12
          12
          12
          12
          12
          12
          12
          12
          12
          12
          12
          12
          12
          12
          12
          12
          12
          12
          12
          12
          12
          12
          12
          12
          12
          12
          12
          12
          12
          12
          12
          12
          12
          12
          12
          12
          12
          12
          12
          12
          12
          12
          12
          12
          12
          12
          12
          12
          12
          12
          12
          12
          12
          12
          12
          12
          12
          12
          12
          12
          12
          12
          12
          12
          12
          12
          12
          12
          12
          12
          12
          12
          12
          12
          12
          12
          12
          12
          12
          12
          12
          12
          12
          12
          12
          12
          12
          12
          12
          12
          12
          12
          12
          12
          12
          12
          12
          12
          12
        </DataArray>
      </Cells>
      <CellData>
        <DataArray type="UInt32" Name="part" format="ascii">
          0
          0
          0
          0
          0
          0
          0
          0
          0
          0
          0
          0
          0
          0
          0
          0
          0
          0
          0
          0
          0
          0
          0
          0
          0
          0
          0
          0
          0
          0
          0
          0
          0
          0
          0
          0
          0
          0
          0
          0
          0
          0
          0
          0
          0
          0
          0
          0
          0
          0
          0
          0
          0
          0
          0
          0
          0
          0
          0
          0
          0
          0
          0
          0
          0
          0
          0
          0
          0
          0
          0
          0
          0
          0
          0
          0
          0
          0
          0
          0
          0
          0
          0
          0
          0
          0
          0
          0
          0
          0
          0
          0
          0
          0
          0
          0
          0
          0
          0
          0
          0
          0
          0
          0
          0
          0
          0
          0
          0
          0
          0
          0
          0
          0
          0
          0
          0
          0
          0
          0
          0
          0
          0
          0
          0
          0
          0
          0
          0
          0
          0
          0
          0
          0
          0
          0
          0
          0
          0
          0
          0
          0
          0
          0
          0
          0
          0
          0
          0
          0
          0
          0
          0
          0
          0
          0
          0
          0
          0
          0
          0
          0
          0
          0
          0
          0
          0
          0
          0
          0
          0
          0
          0
          0
          0
          0
          0
          0
          0
          0
          0
          0
          0
          0
          0
          0
          0
          0
          0
          0
          0
          0
          0
          0
          0
          0
          0
          0
          0
          0
          0
          0
          0
          0
          0
          0
          0
          0
          0
          0
          0
          0
          0
          0
          0
          0
          0
          0
          0
          0
          0
          0
          0
          0
          0
          0
          0
          0
          0
          0
          0
          0
          0
          0
          0
          0
          0
          0
          0
          0
          0
          0
          0
          0
          0
          0
          0
          0
          0
          0
          0
          0
          0
          0
          0
          0
          0
          0
          0
          0
          0
          0
          0
          0
          0
          0
          0
          0
          0
          0
          0
          0
          0
          0
          0
          0
          0
          0
          0
          0
          0
          0
          0
          0
          0
          0
          0
          0
          0
          0
          0
          0
          0
          0
          0
          0
          0
          0
          0
          0
          0
          0
          0
          0
          0
          0
          0
          0
          0
          0
          0
          0
          0
          0
          0
          0
          0
          0
          0
          0
          0
          0
          0
          0
          0
          0
          0
          0
          0
          0
          0
          0
          0
          0
          0
          0
          0
          0
          0
          0
          0
          0
          0
          0
          0
          0
          0
          0
          0
          0
          0
          0
          0
          0
          0
          0
          0
          0
          0
          0
          0
          0
          0
          0
          0
          0
          0
          0
          0
          0
          0
          0
          0
          0
          0
          0
          0
          0
          0
          0
          0
          0
          0
          0
          0
          0
          0
          0
          0
          0
          0
          0
          0
          0
          0
          0
          0
          0
          0
          0
          0
          0
          0
          0
          0
          0
          0
          0
          0
          0
          0
          0
          0
          0
          0
          0
          0
          0
          0
          0
          0
          0
          0
          0
          0
          0
          0
          0
          0
          0
          0
          0
          0
          0
          0
          0
          0
          0
          0
          0
          0
          0
          0
          0
          0
          0
          0
          0
          0
          0
          0
          0
          0
          0
          0
          0
          0
          0
          0
          0
          0
          0
          0
          0
          0
          0
          0
          0
          0
          0
          0
          0
          0
          0
          0
          0
          0
          0
          0
          0
          0
          0
          0
          0
          0
          0
          0
          0
          0
          0
          0
          0
          0
          0
          0
          0
          0
          0
          0
          0
          0
          0
          0
          0
          0
          0
          0
          0
          0
          0
          0
          0
          0
          0
          0
          0
          0
          0
          0
          0
          0
          0
          0
          0
          0
          0
          0
          0
          0
          0
          0
          0
          0
          0
          0
          0
          0
          0
          0
          0
          0
          0
          0
          0
          0
          0
          0
          0
          0
          0
          0
          0
          0
          0
          0
          0
          0
          0
          0
          0
          0
          0
          0
          0
          0
          0
          0
          0
          0
          0
          0
          0
          0
          0
          0
          0
          0
          0
          0
          0
          0
          0
          0
          0
          0
          0
          0
          0
          0
          0
          0
          0
          0
          0
          0
          0
          0
          0
          0
          0
          0
          0
          0
          0
          0
          0
          0
          0
          0
          0
          0
          0
          0
          0
          0
          0
          0
          0
          0
          0
          0
          0
          0
          0
          0
          0
          0
          0
          0
          0
          0
          0
          0
          0
          0
          0
          0
          0
          0
          0
          0
          0
          0
          0
          0
          0
          0
          0
          0
          0
          0
          0
          0
          0
          0
          0
          0
          0
          0
          0
          0
          0
          0
          0
          0
          0
          0
          0
          0
          0
          0
          0
          0
          0
          0
          0
          0
          0
          0
          0
          0
          0
          0
          0
          0
          0
          0
          0
          0
          0
          0
          0
          0
          0
          0
          0
          0
          0
          0
          0
          0
          0
          0
          0
          0
          0
          0
          0
          0
          0
          0
          0
          0
          0
          0
          0
          0
          0
          0
          0
          0
          0
          0
          0
          0
          0
          0
          0
          0
          0
          0
          0
          0
          0
          0
          0
          0
          0
          0
          0
          0
          0
          0
          0
          0
          0
          0
          0
          0
          0
          0
          0
          0
          0
          0
          0
          0
          0
          0
          0
          0
          0
          0
          0
          0
          0
          0
          0
          0
          0
          0
          0
          0
          0
          0
          0
          0
          0
          0
          0
          0
          0
          0
          0
          0
          0
          0
          0
          0
          0
          0
          0
          0
          0
          0
          0
          0
          0
          0
          0
          0
          0
          0
          0
          0
          0
          0
          0
          0
          0
          0
          0
          0
          0
          0
          0
          0
          0
          0
          0
          0
          0
          0
          0
          0
          0
          0
          0
          0
          0
          0
          0
          0
          0
          0
          0
          0
          0
          0
          0
          0
          0
          0
          0
          0
          0
          0
          0
          0
          0
          0
          0
          0
          0
          0
          0
          0
          0
          0
          0
          0
          0
          0
          0
          0
          0
          0
          0
          0
          0
          0
          0
          0
          0
          0
          0
          0
          0
          0
          0
          0
          0
          0
          0
          0
          0
          0
          0
          0
          0
          0
          0
          0
          0
          0
          0
          0
          0
          0
          0
          0
          0
          0
          0
          0
          0
          0
          0
          0
          0
          0
          0
          0
          0
          0
          0
          0
          0
          0
          0
          0
          0
          0
          0
          0
          0
          0
          0
          0
          0
          0
          0
          0
          0
          0
          0
          0
          0
          0
          0
          0
          0
          0
          0
          0
          0
          0
          0
          0
          0
          0
          0
          0
          0
          0
          0
          0
          0
          0
          0
          0
          0
          0
          0
          0
          0
          0
          0
          0
          0
          0
          0
          0
          0
          0
          0
          0
          0
          0
          0
          0
          0
          0
          0
          0
          0
          0
          0
          0
          0
          0
          0
          0
          0
          0
          0
          0
          0
          0
          0
          0
          0
          0
          0
          0
          0
          0
          0
          0
          0
          0
          0
          0
          0
          0
          0
          0
          0
          0
          0
          0
          0
          0
          0
          0
          0
          0
          0
          0
          0
          0
          0
          0
          0
          0
          0
          0
          0
          0
          0
          0
          0
          0
          0
          0
          0
          0
          0
          0
          0
          0
          0
          0
          0
          0
          0
          0
          0
          0
          0
          0
          0
          0
          0
          0
          0
          0
          0
          0
          0
          0
          0
          0
          0
          0
          0
          0
          0
          0
          0
          0
          0
          0
          0
          0
          0
          0
          0
          0
          0
          0
          0
          0
          0
          0
          0
          0
          0
          0
          0
          0
          0
          0
          0
          0
          0
          0
          0
          0
          0
          0
          0
          0
          0
          0
          0
          0
          0
          0
          0
          0
          0
          0
          0
          0
          0
          0
          0
          0
          0
          0
          0
          0
          0
          0
          0
          0
          0
          0
          0
          0
          0
          0
          0
          0
          0
          0
          0
          0
          0
          0
          0
          0
          0
          0
          0
          0
          0
          0
          0
          0
          0
          0
          0
          0
          0
          0
          0
          0
          0
          0
          0
          0
          0
          0
          0
          0
          0
          0
          0
          0
          0
          0
          0
          0
          0
          0
          0
          0
          0
          0
          0
          0
          0
          0
          0
          0
          0
          0
          0
          0
          0
          0
          0
          0
          0
          0
          0
          0
          0
          0
          0
          0
          0
          0
          0
          0
          0
          0
          0
          0
          0
          0
          0
          0
          0
          0
          0
          0
          0
          0
          0
          0
          0
          0
          0
          0
          0
          0
          0
          0
          0
          0
          0
          0
          0
          0
          0
          0
          0
          0
          0
          0
          0
          0
          0
          0
          0
          0
          0
          0
          0
          0
          0
          0
          0
          0
          0
          0
          0
          0
          0
          0
          0
          0
          0
          0
          0
          0
          0
          0
          0
          0
          0
          0
          0
          0
          0
          0
          0
          0
          0
          0
          0
          0
          0
          0
          0
          0
          0
          0
          0
          0
          0
          0
          0
          0
          0
          0
          0
          0
          0
          0
          0
          0
          0
          0
          0
          0
          0
          0
          0
          0
          0
          0
          0
          0
          0
          0
          0
          0
          0
          0
          0
          0
          0
          0
          0
          0
          0
          0
          0
          0
          0
          0
          0
          0
          0
          0
          0
          0
          0
          0
          0
          0
          0
          0
          0
          0
          0
          0
          0
          0
          0
          0
          0
          0
          0
          0
          0
          0
          0
          0
          0
          0
          0
          0
          0
          0
          0
          0
          0
          0
          0
          0
          0
          0
          0
          0
          0
          0
          0
          0
          0
          0
          0
          0
          0
          0
          0
          0
          0
          0
          0
          0
          0
          0
          0
          0
          0
          0
          0
          0
          0
          0
          0
          0
          0
          0
          0
          0
          0
          0
          0
          0
          0
          0
          0
          0
          0
          0
          0
          0
          0
          0
          0
          0
          0
          0
          0
          0
          0
          0
          0
          0
          0
          0
          0
          0
          0
          0
          0
          0
          0
          0
          0
          0
          0
          0
          0
          0
          0
          0
          0
          0
          0
          0
          0
          0
          0
          0
          0
          0
          0
          0
          0
          0
          0
          0
          0
          0
          0
          0
          0
          0
          0
          0
          0
          0
          0
          0
          0
          0
          0
          0
          0
          0
          0
          0
          0
          0
          0
          0
          0
          0
          0
          0
          0
          0
          0
          0
          0
          0
          0
          0
          0
          0
          0
          0
          0
          0
          0
          0
          0
          0
          0
          0
          0
          0
          0
          0
          0
          0
          0
          0
          0
          0
          0
          0
          0
          0
          0
          0
          0
          0
          0
          0
          0
          0
          0
          0
          0
          0
          0
          0
          0
          0
          0
          0
          0
          0
          0
          0
          0
          0
          0
          0
          0
          0
          0
          0
          0
          0
          0
          0
          0
          0
          0
          0
          0
          0
          0
          0
          0
          0
          0
          0
          0
          0
          0
          0
          0
          0
          0
          0
          0
          0
          0
          0
          0
          0
          0
          0
          0
          0
          0
          0
          0
          0
          0
          0
          0
          0
          0
          0
          0
          0
          0
          0
          0
          0
          0
          0
          0
          0
          0
          0
          0
          0
          0
          0
          0
          0
          0
          0
          0
          0
          0
          0
          0
          0
          0
          0
          0
          0
          0
          0
          0
          0
          0
          0
          0
          0
          0
          0
          0
          0
          0
          0
          0
          0
          0
          0
          0
          0
          0
          0
          0
          0
          0
          0
          0
          0
          0
          0
          0
          0
          0
          0
          0
          0
          0
          0
          0
          0
          0
          0
          0
          0
          0
          0
          0
          0
          0
          0
          0
          0
          0
          0
          0
          0
          0
          0
          0
          0
          0
          0
          0
          0
          0
          0
          0
          0
          0
          0
          0
          0
          0
          0
          0
          0
          0
          0
          0
          0
          0
          0
          0
          0
          0
          0
          0
          0
          0
          0
          0
          0
          0
          0
          0
          0
          0
          0
          0
          0
          0
          0
          0
          0
          0
          0
          0
          0
          0
          0
          0
          0
          0
          0
          0
          0
          0
          0
          0
          0
          0
          0
          0
          0
          0
          0
          0
          0
          0
          0
          0
          0
          0
          0
          0
          0
          0
          0
          0
          0
          0
          0
          0
          0
          0
          0
          0
          0
          0
          0
          0
          0
          0
          0
          0
          0
          0
          0
          0
          0
          0
          0
          0
          0
          0
          0
          0
          0
          0
          0
          0
          0
          0
          0
          0
          0
          0
          0
          0
          0
          0
          0
          0
          0
          0
          0
          0
          0
          0
          0
          0
          0
          0
          0
          0
          0
          0
          0
          0
          0
          0
          0
          0
          0
          0
          0
          0
          0
          0
          0
          0
          0
          0
          0
          0
          0
          0
          0
          0
          0
          0
          0
          0
          0
          0
          0
          0
          0
          0
          0
          0
          0
          0
          0
          0
          0
          0
          0
          0
          0
          0
          0
          0
          0
          0
          0
          0
          0
          0
          0
          0
          0
          0
          0
          0
          0
          0
          0
          0
          0
          0
          0
          0
          0
          0
          0
          0
          0
          0
          0
          0
          0
          0
          0
          0
          0
          0
          0
          0
          0
          0
          0
          0
          0
          0
          0
          0
          0
          0
          0
          0
          0
          0
          0
          0
          0
          0
          0
          0
          0
          0
          0
          0
          0
          0
          0
          0
          0
          0
          0
          0
          0
          0
          0
          0
          0
          0
          0
          0
          0
          0
          0
          0
          0
          0
          0
          0
          0
          0
          0
          0
          0
          0
          0
          0
          0
          0
          0
          0
          0
          0
          0
          0
          0
          0
          0
          0
          0
          0
          0
          0
          0
          0
          0
          0
          0
          0
          0
          0
          0
          0
          0
          0
          0
          0
          0
          0
          0
          0
          0
          0
          0
          0
          0
          0
          0
          0
          0
          0
          0
          0
          0
          0
          0
          0
          0
          0
          0
          0
          0
          0
          0
          0
          0
          0
          0
          0
          0
          0
          0
          0
          0
          0
          0
          0
          0
          0
          0
          0
          0
          0
          0
          0
          0
          0
          0
          0
          0
          0
          0
          0
          0
          0
          0
          0
          0
          0
          0
          0
          0
          0
          0
          0
          0
          0
          0
          0
          0
          0
          0
          0
          0
          0
          0
          0
          0
          0
          0
          0
          0
          0
          0
          0
          0
          0
          0
          0
          0
          0
          0
          0
          0
          0
          0
          0
          0
          0
          0
          0
          0
          0
          0
          0
          0
          0
          0
          0
          0
          0
          0
          0
          0
          0
          0
          0
          0
          0
          0
          0
          0
          0
          0
          0
          0
          0
          0
          0
          0
          0
          0
          0
          0
          0
          0
          0
          0
          0
          0
          0
          0
          0
          0
          0
          0
          0
          0
          0
          0
          0
          0
          0
          0
          0
          0
          0
          0
          0
          0
          0
          0
          0
          0
          0
          0
          0
          0
          0
          0
          0
          0
          0
          0
          0
          0
          0
          0
          0
          0
          0
          0
          0
          0
          0
          0
          0
          0
          0
          0
          0
          0
          0
          0
          0
          0
          0
          0
          0
          0
          0
          0
          0
          0
          0
          0
          0
          0
          0
          0
          0
          0
          0
          0
          0
          0
          0
          0
          0
          0
          0
          0
          0
          0
          0
          0
          0
          0
          0
          0
          0
          0
          0
          0
          0
          0
          0
          0
          0
          0
          0
          0
          0
          0
          0
          0
          0
          0
          0
          0
          0
          0
          0
          0
          0
          0
          0
          0
          0
          0
          0
          0
          0
          0
          0
          0
          0
          0
          0
          0
          0
          0
          0
          0
          0
          0
          0
          0
          0
          0
          0
          0
          0
          0
          0
          0
          0
          0
          0
          0
          0
          0
          0
          0
          0
          0
          0
          0
          0
          0
          0
          0
          0
          0
          0
          0
          0
          0
          0
          0
          0
          0
          0
          0
          0
          0
          0
          0
          0
          0
          0
          0
          0
          0
          0
          0
          0
          0
          0
          0
          0
          0
          0
          0
          0
          0
          0
          0
          0
          0
          0
          0
          0
          0
          0
          0
          0
          0
          0
          0
          0
          0
          0
          0
          0
          0
          0
          0
          0
          0
          0
          0
          0
          0
          0
          0
          0
          0
          0
          0
          0
          0
          0
          0
          0
          0
          0
          0
          0
          0
          0
          0
          0
          0
          0
          0
          0
          0
          0
          0
          0
          0
          0
          0
          0
          0
          0
          0
          0
          0
          0
          0
          0
          0
          0
          0
          0
          0
          0
          0
          0
          0
          0
          0
          0
          0
          0
          0
          0
          0
          0
          0
          0
          0
          0
          0
          0
          0
          0
          0
          0
          0
          0
          0
          0
          0
          0
          0
          0
          0
          0
          0
          0
          0
          0
          0
          0
          0
          0
          0
          0
          0
          0
          0
          0
          0
          0
          0
          0
          0
          0
          0
          0
          0
          0
          0
          0
          0
          0
          0
          0
          0
          0
          0
          0
          0
          0
          0
          0
          0
          0
          0
          0
          0
          0
          0
          0
          0
          0
          0
          0
          0
          0
          0
          0
          0
          0
          0
          0
          0
          0
          0
          0
          0
          0
          0
          0
          0
          0
          0
          0
          0
          0
          0
          0
          0
          0
          0
          0
          0
          0
          0
          0
          0
          0
          0
          0
          0
          0
          0
          0
          0
          0
          0
          0
          0
          0
          0
          0
          0
          0
          0
          0
          0
          0
          0
          0
          0
          0
          0
          0
          0
          0
          0
          0
          0
          0
          0
          0
          0
          0
          0
          0
          0
          0
          0
          0
          0
          0
          0
          0
          0
          0
          0
          0
          0
          0
          0
          0
          0
          0
          0
          0
          0
          0
          0
          0
          0
          0
          0
          0
          0
          0
          0
          0
          0
          0
          0
          0
          0
          0
          0
          0
          0
          0
          0
          0
          0
          0
          0
          0
          0
          0
          0
          0
          0
          0
          0
          0
          0
          0
          0
          0
          0
          0
          0
          0
          0
          0
          0
          0
          0
          0
          0
          0
          0
          0
          0
          0
          0
          0
          0
          0
          0
          0
          0
          0
          0
          0
          0
          0
          0
          0
          0
          0
          0
          0
          0
          0
          0
          0
          0
          0
          0
          0
          0
          0
          0
          0
          0
          0
          0
          0
          0
          0
          0
          0
          0
          0
          0
          0
          0
          0
          0
          0
          0
          0
          0
          0
          0
          0
          0
          0
          0
          0
          0
          0
          0
          0
          0
          0
          0
          0
          0
          0
          0
          0
          0
          0
          0
          0
          0
          0
          0
          0
          0
          0
          0
          0
          0
          0
          0
          0
          0
          0
          0
          0
          0
          0
          0
          0
          0
          0
          0
          0
          0
          0
          0
          0
          0
          0
          0
          0
          0
          0
          0
          0
          0
          0
          0
          0
          0
          0
          0
          0
          0
          0
          0
          0
          0
          0
          0
          0
          0
          0
          0
          0
          0
          0
          0
          0
          0
          0
          0
          0
          0
          0
          0
          0
          0
          0
          0
          0
          0
          0
          0
          0
          0
          0
          0
          0
          0
          0
          0
          0
          0
          0
          0
          0
          0
          0
          0
          0
          0
          0
          0
          0
          0
          0
          0
          0
          0
          0
          0
          0
          0
          0
          0
          0
          0
          0
          0
          0
          0
          0
          0
          0
          0
          0
          0
          0
          0
          0
          0
          0
          0
          0
          0
          0
          0
          0
          0
          0
          0
          0
          0
          0
          0
          0
          0
          0
          0
          0
          0
          0
          0
          0
          0
          0
          0
          0
          0
          0
          0
          0
          0
          0
          0
          0
          0
          0
          0
          0
          0
          0
          0
          0
          0
          0
          0
          0
          0
          0
          0
          0
          0
          0
          0
          0
          0
          0
          0
          0
          0
          0
          0
          0
          0
          0
          0
          0
          0
          0
          0
          0
          0
          0
          0
          0
          0
          0
          0
          0
          0
          0
          0
          0
          0
          0
          0
          0
          0
          0
          0
          0
          0
          0
          0
          0
          0
          0
          0
          0
          0
          0
          0
          0
          0
          0
          0
          0
          0
          0
          0
          0
          0
          0
          0
          0
          0
          0
          0
          0
          0
          0
          0
          0
          0
          0
          0
          0
          0
          0
          0
          0
          0
          0
          0
          0
          0
          0
          0
          0
          0
          0
          0
          0
          0
          0
          0
          0
          0
          0
          0
          0
          0
          0
          0
          0
          0
          0
          0
          0
          0
          0
          0
          0
          0
          0
          0
          0
          0
          0
          0
          0
          0
          0
          0
          0
          0
          0
          0
          0
          0
          0
          0
          0
          0
          0
          0
          0
          0
          0
          0
          0
          0
          0
          0
          0
          0
          0
          0
          0
          0
          0
          0
          0
          0
          0
          0
          0
          0
          0
          0
          0
          0
          0
          0
          0
          0
          0
          0
          0
          0
          0
          0
          0
          0
          0
          0
          0
          0
          0
          0
          0
          0
          0
          0
          0
          0
          0
          0
          0
          0
          0
          0
          0
          0
          0
          0
          0
          0
          0
          0
          0
          0
          0
          0
          0
          0
          0
          0
          0
          0
          0
          0
          0
          0
          0
          0
          0
          0
          0
          0
          0
          0
          0
          0
          0
          0
          0
          0
          0
          0
          0
          0
          0
          0
          0
          0
          0
          0
          0
          0
          0
          0
          0
          0
          0
          0
          0
          0
          0
          0
          0
          0
          0
          0
          0
          0
          0
          0
          0
          0
          0
          0
          0
          0
          0
          0
          0
          0
          0
          0
          0
          0
          0
          0
          0
          0
          0
          0
          0
          0
          0
          0
          0
          0
          0
          0
          0
          0
          0
          0
          0
          0
          0
          0
          0
          0
          0
          0
          0
          0
          0
          0
          0
          0
          0
          0
          0
          0
          0
          0
          0
          0
          0
          0
          0
          0
          0
          0
          0
          0
          0
          0
          0
          0
          0
          0
          0
          0
          0
          0
          0
          0
          0
          0
          0
          0
          0
          0
          0
          0
          0
          0
          0
          0
          0
          0
          0
          0
          0
          0
          0
          0
          0
          0
          0
          0
          0
          0
          0
          0
          0
          0
          0
          0
          0
          0
          0
          0
          0
          0
          0
          0
          0
          0
          0
          0
          0
          0
          0
          0
          0
          0
          0
          0
          0
          0
          0
          0
          0
          0
          0
          0
          0
          0
          0
          0
          0
          0
          0
          0
          0
          0
          0
          0
          0
          0
          0
          0
          0
          0
          0
          0
          0
          0
          0
          0
          0
          0
          0
          0
          0
          0
          0
          0
          0
          0
          0
          0
          0
          0
          0
          0
          0
          0
          0
          0
          0
          0
          0
          0
          0
          0
          0
          0
          0
          0
          0
          0
          0
          0
          0
          0
          0
          0
          0
          0
          0
          0
          0
          0
          0
          0
          0
          0
          0
          0
          0
          0
          0
          0
          0
          0
          0
          0
          0
          0
          0
          0
          0
          0
          0
          0
          0
          0
          0
          0
          0
          0
          0
          0
          0
          0
          0
          0
          0
          0
          0
          0
          0
          0
          0
          0
          0
          0
          0
          0
          0
          0
          0
          0
          0
          0
          0
          0
          0
          0
          0
          0
          0
          0
          0
          0
          0
          0
          0
          0
          0
          0
          0
          0
          0
          0
          0
          0
          0
          0
          0
          0
          0
          0
          0
          0
          0
          0
          0
          0
          0
          0
          0
          0
          0
          0
          0
          0
          0
          0
          0
          0
          0
          0
          0
          0
          0
          0
          0
          0
          0
          0
          0
          0
          0
          0
          0
          0
          0
          0
          0
          0
          0
          0
          0
          0
          0
          0
          0
          0
          0
          0
          0
          0
          0
          0
          0
          0
          0
          0
          0
          0
          0
          0
          0
          0
          0
          0
          0
          0
          0
          0
          0
          0
          0
          0
          0
          0
          0
          0
          0
          0
          0
          0
          0
          0
          0
          0
          0
          0
          0
          0
          0
          0
          0
          0
          0
          0
          0
          0
          0
          0
          0
          0
          0
          0
          0
          0
          0
          0
          0
          0
          0
          0
          0
          0
          0
          0
          0
          0
          0
          0
          0
          0
          0
          0
          0
          0
          0
          0
          0
          0
          0
          0
          0
          0
          0
          0
          0
          0
          0
          0
          0
          0
          0
          0
          0
          0
          0
          0
          0
        </DataArray>
        <DataArray type="Float64" Name="scaled_jacobian" NumberOfComponents="1" format="ascii">
          0.9951847266721966
          0.9951847266721967
          0.9951847266721965
          0.9951847266721966
          0.9951847266721965
          0.9951847266721966
          0.9951847266721964
          0.9951847266721967
          0.9951847266721964
          0.9951847266721964
          0.995184726672196
          0.9951847266721962
          0.9951847266721952
          0.9951847266721952
          0.9951847266721949
          0.9951847266721948
          0.9951847266721959
          0.9951847266721959
          0.9951847266721966
          0.9951847266721965
          0.9951847266721967
          0.9951847266721955
          0.9951847266721953
          0.9951847266721964
          0.9951847266721954
          0.9951847266721955
          0.9951847266721955
          0.9951847266721958
          0.9951847266721967
          0.9951847266721965
          0.9951847266721967
          0.9951847266721968
          0.9951847266721968
          0.9951847266721968
          0.9951847266721968
          0.9951847266721969
          0.9951847266721963
          0.9951847266721953
          0.9951847266721954
          0.9951847266721963
          0.9951847266721964
          0.9951847266721962
          0.995184726672196
          0.9951847266721962
          0.9951847266721962
          0.9951847266721962
          0.995184726672197
          0.9951847266721965
          0.9951847266721966
          0.9951847266721954
          0.9951847266721954
          0.9951847266721966
          0.9951847266721959
          0.9951847266721957
          0.9951847266721957
          0.9951847266721959
          0.9951847266721963
          0.995184726672196
          0.9951847266721959
          0.9951847266721963
          0.9951847266721958
          0.9951847266721957
          0.9951847266721967
          0.9951847266721967
          0.9951847266721965
          0.9951847266721963
          0.9951847266721963
          0.9951847266721964
          0.9951847266721965
          0.9951847266721965
          0.9951847266721964
          0.9951847266721969
          0.9951847266721968
          0.9951847266721967
          0.9951847266721967
          0.9951847266721968
          0.9951847266721968
          0.9951847266721967
          0.9951847266721964
          0.9951847266721966
          0.9951847266721964
          0.9951847266721962
          0.9951847266721962
          0.9951847266721959
          0.995184726672196
          0.9951847266721956
          0.9951847266721956
          0.9951847266721965
          0.9951847266721964
          0.995184726672196
          0.995184726672196
          0.9951847266721963
          0.9951847266721969
          0.9951847266721972
          0.9951847266721967
          0.9951847266721968
          0.9951847266721966
          0.9951847266721966
          0.9951847266721968
          0.9951847266721962
          0.995184726672196
          0.9951847266721959
          0.9951847266721959
          0.995184726672196
          0.9951847266721965
          0.9951847266721966
          0.9951847266721965
          0.9951847266721963
          0.9951847266721964
          0.9951847266721962
          0.9951847266721963
          0.9951847266721968
          0.9951847266721969
          0.9951847266721963
          0.9951847266721964
          0.9951847266721962
          0.9951847266721963
          0.9951847266721963
          0.9951847266721964
          0.9951847266721962
          0.9951847266721967
          0.9951847266721967
          0.9951847266721967
          0.9951847266721968
          0.9951847266721964
          0.9951847266721967
          0.9951847266721967
          0.9951847266721965
          0.9951847266721966
          0.9951847266721966
          0.9951847266721964
          0.9951847266721965
          0.9951847266721963
          0.9951847266721964
          0.9951847266721968
          0.995184726672196
          0.995184726672196
          0.9951847266721966
          0.9951847266721967
          0.9951847266721965
          0.9951847266721968
          0.9951847266721966
          0.9951847266721966
          0.9951847266721967
          0.9951847266721964
          0.9951847266721964
          0.9951847266721965
          0.9951847266721965
          0.995184726672196
          0.9951847266721962
          0.9951847266721962
          0.9951847266721966
          0.9951847266721966
          0.9951847266721968
          0.9951847266721968
          0.9951847266721967
          0.995184726672197
          0.9951847266721966
          0.9951847266721963
          0.9951847266721965
          0.9951847266721962
          0.9951847266721966
          0.9951847266721963
          0.9951847266721956
          0.9951847266721954
          0.995184726672195
          0.9951847266721952
          0.9951847266721963
          0.9951847266721963
          0.9951847266721963
          0.9951847266721963
          0.995184726672196
          0.9951847266721959
          0.9951847266721959
          0.9951847266721967
          0.9951847266721965
          0.9951847266721964
          0.9951847266721964
          0.9951847266721964
          0.9951847266721965
          0.9951847266721964
          0.995184726672196
          0.9951847266721962
          0.9951847266721966
          0.9951847266721959
          0.9951847266721959
          0.9951847266721965
          0.9951847266721966
          0.9951847266721966
          0.9951847266721965
          0.9951847266721967
          0.9951847266721969
          0.995184726672197
          0.9951847266721967
          0.9951847266721968
          0.995184726672197
          0.9951847266721968
          0.9951847266721968
          0.9951847266721967
          0.9951847266721963
          0.9951847266721963
          0.9951847266721959
          0.9951847266721959
          0.9951847266721963
          0.9951847266721967
          0.9951847266721959
          0.9951847266721957
          0.9951847266721958
          0.9951847266721966
          0.9951847266721965
          0.9951847266721966
          0.9951847266721967
          0.9951847266721969
          0.9951847266721967
          0.9951847266721968
          0.9951847266721967
          0.9951847266721958
          0.9951847266721957
          0.9951847266721966
          0.9951847266721965
          0.9951847266721953
          0.9951847266721946
          0.9951847266721947
          0.9951847266721962
          0.9951847266721954
          0.9951847266721956
          0.9951847266721958
          0.9951847266721962
          0.9951847266721943
          0.9951847266721944
          0.9951847266721963
          0.9951847266721954
          0.9951847266721953
          0.9951847266721955
          0.9951847266721955
          0.9951847266721954
          0.9951847266721954
          0.9951847266721958
          0.995184726672195
          0.9951847266721952
          0.9951847266721953
          0.9951847266721953
          0.9951847266721972
          0.9951847266721978
          0.9951847266721974
          0.9951847266721973
          0.9951847266721968
          0.9951847266721968
          0.9951847266721973
          0.9951847266721972
          0.995184726672197
          0.9951847266721974
          0.9951847266721973
          0.9951847266721957
          0.9951847266721954
          0.9951847266721955
          0.9951847266721957
          0.9951847266721958
          0.9951847266721954
          0.9951847266721952
          0.9951847266721958
          0.9951847266721957
          0.9951847266721958
          0.9951847266721958
          0.9951847266721968
          0.9951847266721968
          0.9951847266721968
          0.9951847266721967
          0.9951847266721966
          0.9951847266721966
          0.9951847266721968
          0.9951847266721965
          0.9951847266721966
          0.9951847266721965
          0.9951847266721965
          0.9951847266721965
          0.995184726672196
          0.995184726672196
          0.995184726672196
          0.995184726672196
          0.9951847266721959
          0.9951847266721959
          0.995184726672196
          0.9951847266721959
          0.9951847266721955
          0.9951847266721955
          0.9951847266721966
          0.9951847266721965
          0.9951847266721967
          0.9951847266721967
          0.9951847266721968
          0.9951847266721968
          0.9951847266721966
          0.9951847266721963
          0.9951847266721964
          0.9951847266721962
          0.9951847266721962
          0.9951847266721953
          0.9951847266721954
          0.9951847266721962
          0.9951847266721962
          0.9951847266721963
          0.9951847266721962
          0.9951847266721962
          0.9951847266721962
          0.9951847266721953
          0.9951847266721953
          0.9951847266721962
          0.9951847266721954
          0.9951847266721957
          0.9951847266721955
          0.9951847266721956
          0.9951847266721955
          0.9951847266721958
          0.9951847266721956
          0.9951847266721954
          0.9951847266721949
          0.995184726672195
          0.9951847266721955
          0.9951847266721962
          0.9951847266721957
          0.9951847266721957
          0.9951847266721962
          0.9951847266721963
          0.9951847266721965
          0.995184726672196
          0.995184726672196
          0.9951847266721969
          0.9951847266721969
          0.9951847266721963
          0.9951847266721955
          0.9951847266721956
          0.9951847266721954
          0.9951847266721955
          0.9951847266721956
          0.9951847266721949
          0.9951847266721949
          0.9951847266721957
          0.9951847266721955
          0.9951847266721954
          0.9951847266721955
          0.9951847266721964
          0.9951847266721964
          0.9951847266721967
          0.9951847266721966
          0.9951847266721966
          0.9951847266721963
          0.9951847266721964
          0.9951847266721965
          0.9951847266721963
          0.9951847266721963
          0.9951847266721966
          0.694592674737969
          0.6973893205813442
          0.9472571055927933
          0.9472571055927929
          0.9472571055927929
          0.947257105592793
          0.9472571055927925
          0.9472571055927925
          0.9472571055927925
          0.9472571055927926
          0.9472571055927926
          0.9472571055927926
          0.9472571055927929
          0.9472571055927933
          0.9472571055927933
          0.9472571055927929
          0.9472571055927929
          0.6947117102680663
          0.6971628241158312
          0.978396371662828
          0.9783963716628278
          0.9783963716628277
          0.9783963716628284
          0.9783963716628283
          0.978396371662827
          0.9783963716628272
          0.9783963716628278
          0.9783963716628278
          0.9783963716628277
          0.9783963716628282
          0.9783963716628282
          0.9783963716628261
          0.9783963716628261
          0.9783963716628276
          0.6991919590266117
          0.7002664392544299
          0.9901905996253246
          0.9901905996253273
          0.9901905996253276
          0.9901905996253246
          0.9901905996253246
          0.9901905996253278
          0.9901905996253246
          0.9901905996253246
          0.9901905996253277
          0.9901905996253272
          0.9901905996253246
          0.9901905996253249
          0.9901905996253276
          0.9901905996253288
          0.9901905996253245
          0.7037018687641731
          0.7037018687574241
          0.9951847266721969
          0.9951847266721969
          0.9951847266721967
          0.9951847266721969
          0.9951847266721968
          0.9951847266721972
          0.9951847266721969
          0.9951847266721969
          0.9951847266721969
          0.9951847266721967
          0.9951847266721967
          0.9951847266721967
          0.9951847266721969
          0.995184726672197
          0.9951847266721968
          0.7037018687641726
          0.7037018687574236
          0.9951847266721964
          0.9951847266721965
          0.9951847266721967
          0.9951847266721965
          0.9951847266721967
          0.9951847266721965
          0.9951847266721965
          0.9951847266721967
          0.9951847266721967
          0.9951847266721969
          0.9951847266721967
          0.9951847266721966
          0.9951847266721967
          0.9951847266721968
          0.9951847266721967
          0.6991919590266122
          0.7002664392544304
          0.9901905996253249
          0.9901905996253278
          0.990190599625328
          0.9901905996253247
          0.990190599625325
          0.9901905996253278
          0.9901905996253249
          0.9901905996253247
          0.9901905996253277
          0.990190599625328
          0.9901905996253251
          0.9901905996253247
          0.990190599625328
          0.9901905996253281
          0.9901905996253249
          0.6947117102680651
          0.6971628241158312
          0.9783963716628282
          0.9783963716628272
          0.9783963716628272
          0.978396371662828
          0.9783963716628278
          0.9783963716628277
          0.9783963716628272
          0.9783963716628274
          0.9783963716628273
          0.9783963716628271
          0.9783963716628272
          0.9783963716628273
          0.9783963716628272
          0.9783963716628273
          0.9783963716628273
          0.6945926747379678
          0.6973893205813441
          0.9472571055927921
          0.9472571055927916
          0.947257105592793
          0.947257105592793
          0.9472571055927923
          0.9472571055927923
          0.9472571055927931
          0.9472571055927934
          0.9472571055927931
          0.9472571055927931
          0.947257105592794
          0.9472571055927927
          0.947257105592793
          0.9472571055927929
          0.9472571055927929
          0.707106781186546
          0.707106781186546
          0.7071067811865475
          0.7071067811865459
          0.7071067811865459
          0.7071067811865476
          0.7071067811865475
          0.7071067811865476
          0.7071067811865475
          0.707106781186546
          0.7071067811865459
          0.707106781186546
          0.7071067811865475
          0.7071067811865476
          0.7071067811865444
          0.7071067811865445
          0.707106781186546
          0.8671991213945207
          0.8603924972197162
          0.8603924972197162
          0.8603924972197512
          0.860392497219751
          0.8603924972197162
          0.8603924972197161
          0.8603924972197515
          0.8603924972197162
          0.8603924972197161
          0.8603924972197524
          0.8603924972197509
          0.8603924972197161
          0.8603924972197161
          0.8603924972197531
          0.8603924972197532
          0.8603924972197162
          0.8863231900338605
          0.8856533965752604
          0.9442367457253882
          0.9442367457254109
          0.9442367457254109
          0.9442367457253882
          0.9442367457253883
          0.9442367457254098
          0.9442367457253882
          0.9442367457253883
          0.944236745725411
          0.9442367457254109
          0.9442367457253881
          0.9442367457253882
          0.94423674572541
          0.9442367457254102
          0.9442367457253882
          0.8905912719299495
          0.8901997270319861
          0.986860299731275
          0.9868602997312796
          0.9868602997312796
          0.986860299731275
          0.9868602997312751
          0.9868602997312813
          0.9868602997312751
          0.986860299731275
          0.9868602997312796
          0.9868602997312796
          0.986860299731275
          0.9868602997312751
          0.9868602997312804
          0.9868602997312806
          0.9868602997312751
          0.8905912719299521
          0.8901997270319854
          0.9868602997312754
          0.9868602997312803
          0.9868602997312803
          0.9868602997312754
          0.9868602997312753
          0.9868602997312823
          0.9868602997312753
          0.9868602997312755
          0.9868602997312803
          0.9868602997312803
          0.9868602997312755
          0.9868602997312754
          0.9868602997312814
          0.9868602997312814
          0.9868602997312754
          0.8863231900338587
          0.8856533965752619
          0.944236745725388
          0.9442367457254096
          0.9442367457254086
          0.944236745725388
          0.9442367457253878
          0.9442367457254085
          0.9442367457253878
          0.9442367457253877
          0.9442367457254086
          0.9442367457254083
          0.9442367457253877
          0.9442367457253878
          0.9442367457254093
          0.9442367457254087
          0.944236745725388
          0.867199121394521
          0.8603924972197167
          0.8603924972197166
          0.8603924972197509
          0.8603924972197529
          0.8603924972197166
          0.8603924972197166
          0.8603924972197526
          0.8603924972197167
          0.8603924972197166
          0.860392497219754
          0.8603924972197532
          0.8603924972197166
          0.8603924972197166
          0.8603924972197541
          0.8603924972197539
          0.8603924972197167
          0.7071067811865483
          0.7071067811865479
          0.7071067811865466
          0.7071067811865461
          0.707106781186546
          0.7071067811865461
          0.707106781186546
          0.707106781186546
          0.7071067811865475
          0.707106781186546
          0.707106781186546
          0.707106781186546
          0.7071067811865479
          0.707106781186548
          0.7071067811865438
          0.7071067811865439
          0.7071067811865459
          0.9951847266721967
          0.9951847266721968
          0.9951847266721969
          0.9951847266721967
          0.9951847266721969
          0.9951847266721968
          0.9951847266721968
          0.9951847266721968
          0.9951847266721966
          0.9951847266721962
          0.9951847266721962
          0.9951847266721964
          0.9951847266721966
          0.9951847266721965
          0.9951847266721964
          0.9951847266721964
          0.9951847266721964
          0.9951847266721967
          0.9951847266721964
          0.9951847266721966
          0.9951847266721964
          0.9951847266721964
          0.9951847266721965
          0.9951847266721967
          0.9951847266721965
          0.9951847266721965
          0.9951847266721968
          0.9951847266721968
          0.9951847266721965
          0.9951847266721964
          0.9951847266721968
          0.9951847266721967
          0.9951847266721966
          0.9951847266721967
          0.995184726672197
          0.9951847266721968
          0.9951847266721968
          0.9951847266721968
          0.9951847266721968
          0.9951847266721968
          0.9951847266721967
          0.9951847266721968
          0.9951847266721967
          0.9951847266721967
          0.6945926747379695
          0.6973893205813447
          0.9472571055927944
          0.947257105592793
          0.947257105592793
          0.9472571055927937
          0.9472571055927944
          0.9472571055927943
          0.9472571055927944
          0.9472571055927935
          0.9472571055927926
          0.9472571055927926
          0.9472571055927952
          0.947257105592791
          0.947257105592791
          0.947257105592791
          0.947257105592791
          0.7071067811865476
          0.7071067811865476
          0.7071067811865475
          0.7071067811865492
          0.7071067811865492
          0.7071067811865476
          0.7071067811865475
          0.7071067811865507
          0.7071067811865475
          0.7071067811865477
          0.7071067811865492
          0.7071067811865492
          0.7071067811865477
          0.7071067811865476
          0.7071067811865491
          0.7071067811865491
          0.7071067811865476
          1
          1
          1
          1
          1
          1
          1
          1
          1
          1
          1
          1
          1
          1
          1
          1
          1
          1
          1
          1
          1
          1
          1
          1
          1
          1
          1
          1
          1
          1
          1
          1
          1
          1
          1
          1
          1
          1
          1
          1
          1
          1
          1
          1
          1
          1
          1
          1
          1
          1
          1
          1
          1
          1
          1
          1
          1
          1
          1
          1
          1
          1
          1
          1
          1
          1
          1
          1
          1
          1
          1
          1
          1
          1
          1
          1
          1
          1
          1
          1
          1
          1
          1
          1
          1
          1
          1
          1
          1
          1
          1
          1
          1
          1
          1
          1
          1
          1
          1
          1
          1
          1
          1
          1
          1
          1
          1
          1
          1
          1
          1
          1
          1
          1
          1
          1
          1
          1
          1
          1
          1
          1
          1
          1
          1
          1
          1
          1
          1
          1
          1
          1
          1
          1
          1
          1
          0.7071067811865442
          0.7071067811865442
          0.707106781186547
          0.707106781186547
          0.7071067811865472
          0.707106781186547
          0.707106781186547
          0.7071067811865471
          0.707106781186547
          0.707106781186547
          0.7071067811865469
          0.7071067811865469
          0.7071067811865469
          0.7071067811865469
          0.707106781186547
          0.707106781186547
          0.7071067811865469
          0.6945926747379693
          0.6973893205813442
          0.9472571055927965
          0.9472571055927957
          0.9472571055927955
          0.9472571055927973
          0.9472571055927955
          0.9472571055927955
          0.9472571055927956
          0.9472571055927962
          0.9472571055927957
          0.9472571055927955
          0.9472571055927976
          0.9472571055927965
          0.9472571055927956
          0.9472571055927955
          0.9472571055927975
          0.9951847266721967
          0.9951847266721965
          0.9951847266721965
          0.9951847266721965
          0.995184726672196
          0.995184726672196
          0.9951847266721965
          0.9951847266721964
          0.9951847266721963
          0.9951847266721964
          0.9951847266721965
          0.9951847266721959
          0.9951847266721958
          0.9951847266721965
          0.9951847266721966
          0.9951847266721966
          0.9951847266721966
          0.9951847266721966
          0.9951847266721965
          0.9951847266721957
          0.9951847266721956
          0.9951847266721965
          0.9951847266721955
          0.9951847266721955
          0.9951847266721958
          0.9951847266721962
          0.995184726672196
          0.995184726672196
          0.995184726672196
          0.9951847266721967
          0.9951847266721962
          0.9951847266721962
          0.995184726672196
          0.9951847266721962
          0.9951847266721964
          0.9951847266721965
          0.9951847266721959
          0.9951847266721959
          0.9951847266721959
          0.9951847266721959
          0.9951847266721959
          0.9951847266721959
          0.9951847266721957
          0.9951847266721957
          0.9951847266721959
          0.9951847266721957
          0.9951847266721957
          0.9951847266721957
          0.9951847266721958
          0.9951847266721957
          0.9951847266721959
          0.9951847266721959
          0.9951847266721967
          0.9951847266721969
          0.9951847266721967
          0.9951847266721965
          0.9951847266721968
          0.9951847266721966
          0.9951847266721967
          0.9951847266721967
          0.9951847266721967
          0.9951847266721966
          0.9951847266721967
          0.9951847266721968
          0.9951847266721969
          0.9951847266721967
          0.9951847266721959
          0.9951847266721959
          0.9951847266721962
          0.9951847266721966
          0.9951847266721962
          0.995184726672196
          0.9951847266721963
          0.9951847266721964
          0.995184726672196
          0.9951847266721962
          0.9951847266721967
          0.9951847266721962
          0.9951847266721962
          0.9951847266721959
          0.9951847266721955
          0.9951847266721955
          0.995184726672196
          0.9951847266721959
          0.9951847266721958
          0.9951847266721959
          0.9951847266721955
          0.9951847266721955
          0.6947117102680666
          0.6971628241158303
          0.9783963716628267
          0.9783963716628266
          0.9783963716628276
          0.9783963716628274
          0.9783963716628268
          0.978396371662827
          0.9783963716628274
          0.9783963716628273
          0.9783963716628274
          0.9783963716628261
          0.978396371662826
          0.9783963716628286
          0.9783963716628282
          0.9783963716628283
          0.9783963716628284
          0.867199121394519
          0.8603924972197156
          0.8603924972197156
          0.8603924972197489
          0.8603924972197488
          0.8603924972197156
          0.8603924972197156
          0.8603924972197476
          0.8603924972197156
          0.8603924972197156
          0.8603924972197498
          0.8603924972197468
          0.8603924972197156
          0.8603924972197154
          0.860392497219751
          0.860392497219751
          0.8603924972197154
          1
          1
          1
          1
          1
          1
          1
          1
          1
          1
          1
          1
          1
          1
          1
          1
          1
          1
          1
          1
          1
          1
          1
          1
          1
          1
          1
          1
          1
          1
          1
          1
          1
          1
          1
          1
          1
          1
          1
          1
          1
          1
          1
          1
          1
          1
          1
          1
          1
          1
          1
          1
          1
          1
          1
          1
          1
          1
          1
          1
          1
          1
          1
          1
          1
          1
          1
          1
          1
          1
          1
          1
          1
          1
          1
          1
          1
          1
          1
          1
          1
          1
          1
          1
          1
          1
          1
          1
          1
          1
          1
          1
          1
          1
          1
          1
          1
          1
          1
          1
          1
          1
          1
          1
          1
          1
          1
          1
          1
          1
          1
          1
          1
          1
          1
          1
          1
          1
          1
          1
          1
          1
          1
          1
          1
          1
          1
          1
          1
          1
          1
          1
          1
          1
          1
          1
          0.8671991213945222
          0.8603924972197161
          0.860392497219716
          0.8603924972197485
          0.8603924972197545
          0.860392497219716
          0.8603924972197162
          0.8603924972197523
          0.8603924972197161
          0.8603924972197161
          0.8603924972197481
          0.8603924972197534
          0.8603924972197161
          0.8603924972197161
          0.8603924972197533
          0.8603924972197537
          0.8603924972197161
          0.6947117102680662
          0.6971628241158299
          0.9783963716628241
          0.978396371662824
          0.9783963716628247
          0.9783963716628248
          0.9783963716628264
          0.9783963716628267
          0.978396371662827
          0.9783963716628241
          0.9783963716628241
          0.9783963716628251
          0.978396371662825
          0.9783963716628258
          0.9783963716628257
          0.9783963716628256
          0.9783963716628256
          0.9951847266721957
          0.9951847266721956
          0.9951847266721964
          0.9951847266721958
          0.9951847266721959
          0.9951847266721964
          0.9951847266721964
          0.9951847266721957
          0.9951847266721957
          0.9951847266721963
          0.9951847266721964
          0.9951847266721965
          0.9951847266721966
          0.9951847266721965
          0.9951847266721965
          0.9951847266721955
          0.9951847266721956
          0.9951847266721965
          0.9951847266721964
          0.995184726672196
          0.9951847266721962
          0.9951847266721964
          0.9951847266721967
          0.9951847266721964
          0.9951847266721964
          0.9951847266721963
          0.9951847266721963
          0.9951847266721968
          0.9951847266721967
          0.9951847266721955
          0.9951847266721955
          0.9951847266721964
          0.995184726672196
          0.995184726672196
          0.9951847266721962
          0.9951847266721962
          0.9951847266721947
          0.9951847266721949
          0.9951847266721948
          0.9951847266721948
          0.9951847266721968
          0.9951847266721968
          0.9951847266721968
          0.9951847266721968
          0.9951847266721967
          0.9951847266721964
          0.9951847266721964
          0.9951847266721966
          0.9951847266721966
          0.9951847266721962
          0.9951847266721954
          0.9951847266721954
          0.9951847266721965
          0.9951847266721966
          0.9951847266721965
          0.9951847266721965
          0.9951847266721964
          0.9951847266721963
          0.9951847266721963
          0.9951847266721966
          0.9951847266721966
          0.9951847266721966
          0.9951847266721966
          0.9951847266721966
          0.9951847266721966
          0.9951847266721968
          0.9951847266721964
          0.9951847266721962
          0.9951847266721962
          0.9951847266721962
          0.995184726672196
          0.9951847266721955
          0.9951847266721957
          0.9951847266721958
          0.9951847266721958
          0.9951847266721956
          0.9951847266721956
          0.9951847266721954
          0.9951847266721953
          0.9951847266721962
          0.9951847266721958
          0.9951847266721957
          0.9951847266721954
          0.9951847266721954
          0.9951847266721955
          0.9951847266721953
          0.9951847266721953
          0.9951847266721953
          0.6991919590266117
          0.7002664392544299
          0.9901905996253251
          0.9901905996253282
          0.9901905996253282
          0.9901905996253246
          0.990190599625325
          0.9901905996253278
          0.9901905996253249
          0.990190599625325
          0.9901905996253287
          0.9901905996253288
          0.9901905996253249
          0.9901905996253251
          0.990190599625328
          0.9901905996253278
          0.9901905996253251
          0.8863231900338574
          0.8856533965752638
          0.9442367457253882
          0.9442367457254104
          0.9442367457254102
          0.9442367457253882
          0.9442367457253882
          0.9442367457254095
          0.9442367457253882
          0.9442367457253881
          0.9442367457254105
          0.9442367457254102
          0.9442367457253882
          0.9442367457253881
          0.9442367457254077
          0.9442367457254085
          0.9442367457253882
          1
          1
          1
          1
          1
          1
          1
          1
          1
          1
          1
          1
          1
          1
          1
          1
          1
          1
          1
          1
          1
          1
          1
          1
          1
          1
          1
          1
          1
          1
          1
          1
          1
          1
          1
          1
          1
          1
          1
          1
          1
          1
          1
          1
          1
          1
          1
          1
          1
          1
          1
          1
          1
          1
          1
          1
          1
          1
          1
          1
          1
          1
          1
          1
          1
          1
          1
          1
          1
          1
          1
          1
          1
          1
          1
          1
          1
          1
          1
          1
          1
          1
          1
          1
          1
          1
          1
          1
          1
          1
          1
          1
          1
          1
          1
          1
          1
          1
          1
          1
          1
          1
          1
          1
          1
          1
          1
          1
          1
          1
          1
          1
          1
          1
          1
          1
          1
          1
          1
          1
          1
          1
          1
          1
          1
          1
          1
          1
          1
          1
          1
          1
          1
          1
          1
          1
          0.8863231900338562
          0.885653396575266
          0.9442367457253877
          0.9442367457254064
          0.9442367457254088
          0.9442367457253877
          0.9442367457253878
          0.9442367457254098
          0.9442367457253878
          0.9442367457253877
          0.9442367457254096
          0.9442367457254096
          0.9442367457253876
          0.9442367457253877
          0.9442367457254103
          0.9442367457254106
          0.9442367457253878
          0.699191959026611
          0.7002664392544298
          0.9901905996253254
          0.9901905996253276
          0.9901905996253287
          0.9901905996253254
          0.9901905996253254
          0.9901905996253277
          0.9901905996253254
          0.9901905996253256
          0.9901905996253296
          0.9901905996253304
          0.9901905996253254
          0.9901905996253256
          0.9901905996253271
          0.9901905996253271
          0.9901905996253256
          0.9951847266721968
          0.9951847266721967
          0.9951847266721968
          0.9951847266721974
          0.9951847266721962
          0.995184726672196
          0.9951847266721969
          0.9951847266721972
          0.9951847266721973
          0.9951847266721973
          0.9951847266721972
          0.9951847266721954
          0.9951847266721956
          0.9951847266721957
          0.9951847266721954
          0.9951847266721953
          0.9951847266721959
          0.9951847266721959
          0.9951847266721956
          0.9951847266721957
          0.9951847266721955
          0.9951847266721963
          0.9951847266721966
          0.9951847266721964
          0.9951847266721964
          0.9951847266721966
          0.9951847266721966
          0.9951847266721956
          0.9951847266721956
          0.9951847266721966
          0.9951847266721968
          0.9951847266721967
          0.9951847266721965
          0.9951847266721965
          0.9951847266721968
          0.9951847266721965
          0.995184726672196
          0.9951847266721966
          0.9951847266721963
          0.995184726672196
          0.9951847266721959
          0.9951847266721944
          0.9951847266721944
          0.9951847266721962
          0.9951847266721965
          0.9951847266721962
          0.9951847266721962
          0.9951847266721965
          0.9951847266721962
          0.9951847266721956
          0.9951847266721956
          0.9951847266721963
          0.9951847266721964
          0.9951847266721966
          0.9951847266721966
          0.9951847266721966
          0.9951847266721969
          0.9951847266721965
          0.9951847266721966
          0.9951847266721964
          0.9951847266721964
          0.9951847266721966
          0.9951847266721965
          0.9951847266721964
          0.9951847266721963
          0.995184726672196
          0.995184726672196
          0.995184726672196
          0.9951847266721963
          0.9951847266721962
          0.9951847266721962
          0.9951847266721963
          0.9951847266721963
          0.9951847266721964
          0.9951847266721962
          0.9951847266721962
          0.9951847266721963
          0.9951847266721973
          0.9951847266721967
          0.9951847266721968
          0.9951847266721972
          0.9951847266721974
          0.9951847266721974
          0.9951847266721972
          0.9951847266721968
          0.9951847266721967
          0.9951847266721974
          0.9951847266721972
          0.7037018687641721
          0.7037018687574231
          0.9951847266721967
          0.9951847266721967
          0.9951847266721969
          0.9951847266721969
          0.9951847266721969
          0.9951847266721969
          0.9951847266721968
          0.9951847266721969
          0.9951847266721969
          0.9951847266721969
          0.9951847266721969
          0.9951847266721968
          0.995184726672197
          0.995184726672197
          0.9951847266721968
          0.8905912719299474
          0.8901997270319872
          0.986860299731275
          0.9868602997312813
          0.9868602997312812
          0.986860299731275
          0.986860299731275
          0.9868602997312814
          0.986860299731275
          0.9868602997312751
          0.98686029973128
          0.986860299731281
          0.986860299731275
          0.9868602997312751
          0.9868602997312813
          0.9868602997312812
          0.9868602997312751
          1
          1
          1
          1
          1
          1
          1
          1
          1
          1
          1
          1
          1
          1
          1
          1
          1
          1
          1
          1
          1
          1
          1
          1
          1
          1
          1
          1
          1
          1
          1
          1
          1
          1
          1
          1
          1
          1
          1
          1
          1
          1
          1
          1
          1
          1
          1
          1
          1
          1
          1
          1
          1
          1
          1
          1
          1
          1
          1
          1
          1
          1
          1
          1
          1
          1
          1
          1
          1
          1
          1
          1
          1
          1
          1
          1
          1
          1
          1
          1
          1
          1
          1
          1
          1
          1
          1
          1
          1
          1
          1
          1
          1
          1
          1
          1
          1
          1
          1
          1
          1
          1
          1
          1
          1
          1
          1
          1
          1
          1
          1
          1
          1
          1
          1
          1
          1
          1
          1
          1
          1
          1
          1
          1
          1
          1
          1
          1
          1
          1
          1
          1
          1
          1
          1
          1
          0.8905912719299498
          0.8901997270319862
          0.986860299731275
          0.9868602997312805
          0.9868602997312805
          0.9868602997312751
          0.986860299731275
          0.9868602997312804
          0.986860299731275
          0.9868602997312749
          0.9868602997312806
          0.9868602997312801
          0.9868602997312751
          0.9868602997312752
          0.98686029973128
          0.9868602997312799
          0.9868602997312751
          0.7037018687641717
          0.7037018687574251
          0.9951847266721969
          0.9951847266721969
          0.9951847266721969
          0.9951847266721969
          0.995184726672197
          0.9951847266721968
          0.9951847266721969
          0.9951847266721969
          0.9951847266721969
          0.9951847266721969
          0.9951847266721969
          0.9951847266721969
          0.9951847266721968
          0.9951847266721968
          0.9951847266721967
          0.9951847266721957
          0.9951847266721958
          0.9951847266721962
          0.995184726672196
          0.9951847266721963
          0.9951847266721965
          0.9951847266721965
          0.9951847266721959
          0.9951847266721956
          0.9951847266721956
          0.9951847266721963
          0.9951847266721958
          0.9951847266721957
          0.9951847266721968
          0.9951847266721962
          0.9951847266721959
          0.9951847266721959
          0.9951847266721968
          0.9951847266721964
          0.995184726672196
          0.995184726672196
          0.9951847266721967
          0.995184726672196
          0.995184726672196
          0.995184726672196
          0.9951847266721964
          0.9951847266721956
          0.9951847266721956
          0.9951847266721959
          0.9951847266721967
          0.9951847266721967
          0.9951847266721967
          0.9951847266721963
          0.9951847266721963
          0.995184726672196
          0.995184726672196
          0.9951847266721949
          0.9951847266721952
          0.9951847266721952
          0.9951847266721958
          0.9951847266721959
          0.9951847266721959
          0.9951847266721962
          0.9951847266721966
          0.995184726672197
          0.9951847266721965
          0.9951847266721962
          0.9951847266721962
          0.995184726672196
          0.995184726672196
          0.995184726672197
          0.9951847266721964
          0.9951847266721965
          0.9951847266721965
          0.9951847266721966
          0.9951847266721966
          0.9951847266721964
          0.9951847266721964
          0.9951847266721964
          0.9951847266721962
          0.995184726672196
          0.9951847266721965
          0.995184726672196
          0.995184726672196
          0.9951847266721962
          0.9951847266721967
          0.995184726672197
          0.9951847266721963
          0.9951847266721963
          0.995184726672197
          0.9951847266721965
          0.9951847266721962
          0.9951847266721962
          0.9951847266721966
          0.9951847266721964
          0.9951847266721973
          0.995184726672197
          0.9951847266721953
          0.9951847266721953
          0.9951847266721955
          0.9951847266721955
          0.9951847266721959
          0.9951847266721962
          0.9951847266721954
          0.9951847266721955
          0.9951847266721955
          0.9951847266721945
          0.9951847266721944
          0.7037018687641728
          0.7037018687574238
          0.9951847266721967
          0.9951847266721969
          0.9951847266721969
          0.9951847266721967
          0.9951847266721966
          0.9951847266721966
          0.9951847266721968
          0.9951847266721967
          0.9951847266721967
          0.9951847266721965
          0.9951847266721965
          0.9951847266721965
          0.9951847266721966
          0.9951847266721967
          0.9951847266721967
          0.890591271929953
          0.8901997270319848
          0.9868602997312754
          0.9868602997312818
          0.9868602997312818
          0.9868602997312754
          0.9868602997312754
          0.9868602997312823
          0.9868602997312754
          0.9868602997312754
          0.9868602997312812
          0.9868602997312818
          0.9868602997312754
          0.9868602997312755
          0.986860299731282
          0.9868602997312819
          0.9868602997312754
          1
          1
          1
          1
          1
          1
          1
          1
          1
          1
          1
          1
          1
          1
          1
          1
          1
          1
          1
          1
          1
          1
          1
          1
          1
          1
          1
          1
          1
          1
          1
          1
          1
          1
          1
          1
          1
          1
          1
          1
          1
          1
          1
          1
          1
          1
          1
          1
          1
          1
          1
          1
          1
          1
          1
          1
          1
          1
          1
          1
          1
          1
          1
          1
          1
          1
          1
          1
          1
          1
          1
          1
          1
          1
          1
          1
          1
          1
          1
          1
          1
          1
          1
          1
          1
          1
          1
          1
          1
          1
          1
          1
          1
          1
          1
          1
          1
          1
          1
          1
          1
          1
          1
          1
          1
          1
          1
          1
          1
          1
          1
          1
          1
          1
          1
          1
          1
          1
          1
          1
          1
          1
          1
          1
          1
          1
          1
          1
          1
          1
          1
          1
          1
          1
          1
          1
          0.890591271929949
          0.8901997270319912
          0.9868602997312755
          0.9868602997312813
          0.9868602997312813
          0.9868602997312755
          0.9868602997312754
          0.9868602997312815
          0.9868602997312754
          0.9868602997312755
          0.9868602997312813
          0.9868602997312804
          0.9868602997312755
          0.9868602997312754
          0.9868602997312815
          0.9868602997312814
          0.9868602997312754
          0.7037018687641721
          0.7037018687574255
          0.9951847266721967
          0.9951847266721967
          0.9951847266721969
          0.9951847266721967
          0.9951847266721968
          0.9951847266721968
          0.9951847266721968
          0.9951847266721967
          0.9951847266721969
          0.9951847266721969
          0.9951847266721967
          0.9951847266721967
          0.9951847266721967
          0.9951847266721968
          0.9951847266721967
          0.9951847266721962
          0.9951847266721963
          0.9951847266721962
          0.9951847266721959
          0.9951847266721954
          0.9951847266721954
          0.9951847266721963
          0.995184726672196
          0.9951847266721958
          0.9951847266721964
          0.9951847266721964
          0.9951847266721964
          0.9951847266721963
          0.9951847266721963
          0.9951847266721967
          0.9951847266721967
          0.9951847266721957
          0.9951847266721958
          0.9951847266721963
          0.9951847266721959
          0.9951847266721959
          0.9951847266721964
          0.9951847266721966
          0.9951847266721967
          0.9951847266721965
          0.9951847266721965
          0.9951847266721954
          0.9951847266721954
          0.995184726672196
          0.9951847266721964
          0.9951847266721957
          0.9951847266721958
          0.9951847266721964
          0.9951847266721956
          0.9951847266721956
          0.9951847266721964
          0.9951847266721958
          0.9951847266721949
          0.9951847266721953
          0.9951847266721965
          0.9951847266721949
          0.9951847266721948
          0.9951847266721957
          0.9951847266721957
          0.9951847266721943
          0.9951847266721943
          0.9951847266721954
          0.9951847266721956
          0.9951847266721948
          0.9951847266721945
          0.995184726672194
          0.995184726672194
          0.9951847266721967
          0.995184726672197
          0.9951847266721967
          0.9951847266721968
          0.9951847266721968
          0.9951847266721967
          0.9951847266721968
          0.9951847266721967
          0.9951847266721969
          0.9951847266721967
          0.9951847266721967
          0.995184726672197
          0.9951847266721967
          0.9951847266721966
          0.9951847266721953
          0.9951847266721947
          0.9951847266721948
          0.9951847266721949
          0.9951847266721947
          0.9951847266721947
          0.9951847266721947
          0.9951847266721954
          0.9951847266721955
          0.9951847266721957
          0.9951847266721957
          0.9951847266721962
          0.9951847266721964
          0.995184726672196
          0.995184726672196
          0.9951847266721963
          0.9951847266721969
          0.995184726672196
          0.9951847266721956
          0.9951847266721956
          0.995184726672196
          0.9951847266721963
          0.6991919590266122
          0.7002664392544299
          0.9901905996253245
          0.9901905996253277
          0.9901905996253283
          0.9901905996253249
          0.9901905996253246
          0.9901905996253276
          0.9901905996253249
          0.9901905996253246
          0.9901905996253282
          0.9901905996253278
          0.9901905996253245
          0.9901905996253247
          0.9901905996253276
          0.9901905996253275
          0.9901905996253246
          0.8863231900338591
          0.8856533965752592
          0.9442367457253881
          0.9442367457254092
          0.9442367457254089
          0.9442367457253881
          0.944236745725388
          0.9442367457254096
          0.9442367457253882
          0.9442367457253881
          0.9442367457254088
          0.9442367457254089
          0.9442367457253881
          0.9442367457253883
          0.9442367457254102
          0.9442367457254105
          0.9442367457253881
          1
          1
          1
          1
          1
          1
          1
          1
          1
          1
          1
          1
          1
          1
          1
          1
          1
          1
          1
          1
          1
          1
          1
          1
          1
          1
          1
          1
          1
          1
          1
          1
          1
          1
          1
          1
          1
          1
          1
          1
          1
          1
          1
          1
          1
          1
          1
          1
          1
          1
          1
          1
          1
          1
          1
          1
          1
          1
          1
          1
          1
          1
          1
          1
          1
          1
          1
          1
          1
          1
          1
          1
          1
          1
          1
          1
          1
          1
          1
          1
          1
          1
          1
          1
          1
          1
          1
          1
          1
          1
          1
          1
          1
          1
          1
          1
          1
          1
          1
          1
          1
          1
          1
          1
          1
          1
          1
          1
          1
          1
          1
          1
          1
          1
          1
          1
          1
          1
          1
          1
          1
          1
          1
          1
          1
          1
          1
          1
          1
          1
          1
          1
          1
          1
          1
          1
          0.8863231900338562
          0.8856533965752645
          0.9442367457253877
          0.9442367457254093
          0.9442367457254092
          0.9442367457253877
          0.9442367457253878
          0.9442367457254088
          0.9442367457253878
          0.9442367457253875
          0.9442367457254095
          0.9442367457254106
          0.9442367457253875
          0.9442367457253878
          0.9442367457254096
          0.9442367457254095
          0.9442367457253877
          0.6991919590266101
          0.7002664392544328
          0.9901905996253244
          0.990190599625326
          0.9901905996253267
          0.9901905996253244
          0.9901905996253245
          0.9901905996253274
          0.9901905996253245
          0.9901905996253244
          0.9901905996253267
          0.9901905996253267
          0.9901905996253244
          0.9901905996253246
          0.9901905996253264
          0.9901905996253245
          0.9901905996253244
          0.9951847266721952
          0.995184726672195
          0.9951847266721964
          0.9951847266721954
          0.9951847266721955
          0.9951847266721949
          0.995184726672195
          0.9951847266721953
          0.9951847266721949
          0.9951847266721949
          0.9951847266721956
          0.9951847266721959
          0.9951847266721967
          0.9951847266721959
          0.9951847266721959
          0.995184726672196
          0.9951847266721966
          0.9951847266721959
          0.9951847266721959
          0.9951847266721965
          0.9951847266721958
          0.9951847266721958
          0.9951847266721957
          0.9951847266721948
          0.9951847266721949
          0.9951847266721955
          0.9951847266721956
          0.9951847266721947
          0.9951847266721947
          0.9951847266721966
          0.9951847266721964
          0.9951847266721963
          0.9951847266721957
          0.9951847266721958
          0.9951847266721964
          0.9951847266721964
          0.9951847266721948
          0.9951847266721945
          0.9951847266721952
          0.9951847266721952
          0.995184726672196
          0.9951847266721956
          0.9951847266721955
          0.9951847266721965
          0.9951847266721954
          0.9951847266721947
          0.9951847266721945
          0.9951847266721945
          0.995184726672196
          0.995184726672196
          0.9951847266721959
          0.9951847266721963
          0.995184726672196
          0.995184726672196
          0.9951847266721959
          0.9951847266721959
          0.9951847266721962
          0.9951847266721965
          0.9951847266721964
          0.9951847266721962
          0.9951847266721962
          0.9951847266721963
          0.9951847266721958
          0.9951847266721959
          0.9951847266721955
          0.9951847266721956
          0.9951847266721968
          0.9951847266721968
          0.9951847266721968
          0.9951847266721966
          0.9951847266721964
          0.9951847266721957
          0.9951847266721957
          0.9951847266721967
          0.9951847266721965
          0.9951847266721965
          0.9951847266721965
          0.9951847266721957
          0.9951847266721957
          0.9951847266721963
          0.9951847266721963
          0.995184726672196
          0.9951847266721967
          0.9951847266721962
          0.9951847266721963
          0.9951847266721963
          0.9951847266721969
          0.9951847266721963
          0.6947117102680661
          0.6971628241158309
          0.9783963716628292
          0.9783963716628296
          0.9783963716628296
          0.978396371662829
          0.9783963716628283
          0.9783963716628269
          0.9783963716628269
          0.9783963716628282
          0.9783963716628282
          0.9783963716628279
          0.9783963716628278
          0.9783963716628287
          0.9783963716628278
          0.9783963716628278
          0.9783963716628287
          0.8671991213945178
          0.8603924972197167
          0.8603924972197167
          0.8603924972197516
          0.860392497219753
          0.8603924972197167
          0.8603924972197166
          0.8603924972197532
          0.8603924972197166
          0.8603924972197167
          0.860392497219753
          0.860392497219753
          0.8603924972197167
          0.8603924972197167
          0.8603924972197523
          0.8603924972197509
          0.8603924972197167
          1
          1
          1
          1
          1
          1
          1
          1
          1
          1
          1
          1
          1
          1
          1
          1
          1
          1
          1
          1
          1
          1
          1
          1
          1
          1
          1
          1
          1
          1
          1
          1
          1
          1
          1
          1
          1
          1
          1
          1
          1
          1
          1
          1
          1
          1
          1
          1
          1
          1
          1
          1
          1
          1
          1
          1
          1
          1
          1
          1
          1
          1
          1
          1
          1
          1
          1
          1
          1
          1
          1
          1
          1
          1
          1
          1
          1
          1
          1
          1
          1
          1
          1
          1
          1
          1
          1
          1
          1
          1
          1
          1
          1
          1
          1
          1
          1
          1
          1
          1
          1
          1
          1
          1
          1
          1
          1
          1
          1
          1
          1
          1
          1
          1
          1
          1
          1
          1
          1
          1
          1
          1
          1
          1
          1
          1
          1
          1
          1
          1
          1
          1
          1
          1
          1
          1
          0.8671991213945205
          0.8603924972197163
          0.8603924972197166
          0.860392497219752
          0.860392497219752
          0.8603924972197166
          0.8603924972197164
          0.8603924972197518
          0.8603924972197164
          0.8603924972197166
          0.860392497219752
          0.860392497219752
          0.8603924972197166
          0.8603924972197167
          0.8603924972197521
          0.8603924972197521
          0.8603924972197164
          0.6947117102680662
          0.6971628241158315
          0.9783963716628284
          0.9783963716628266
          0.9783963716628266
          0.9783963716628266
          0.9783963716628266
          0.9783963716628264
          0.9783963716628267
          0.9783963716628283
          0.9783963716628264
          0.9783963716628264
          0.9783963716628282
          0.9783963716628266
          0.9783963716628267
          0.9783963716628292
          0.9783963716628283
          0.995184726672194
          0.9951847266721937
          0.9951847266721937
          0.9951847266721949
          0.995184726672194
          0.9951847266721937
          0.9951847266721938
          0.9951847266721945
          0.9951847266721945
          0.9951847266721937
          0.9951847266721937
          0.9951847266721965
          0.9951847266721967
          0.9951847266721964
          0.9951847266721952
          0.9951847266721952
          0.9951847266721965
          0.9951847266721965
          0.9951847266721952
          0.9951847266721952
          0.9951847266721967
          0.9951847266721966
          0.9951847266721964
          0.9951847266721968
          0.9951847266721966
          0.9951847266721965
          0.995184726672196
          0.9951847266721958
          0.9951847266721964
          0.9951847266721956
          0.9951847266721956
          0.9951847266721956
          0.995184726672196
          0.995184726672195
          0.9951847266721952
          0.9951847266721954
          0.9951847266721955
          0.9951847266721937
          0.9951847266721939
          0.9951847266721948
          0.9951847266721962
          0.9951847266721962
          0.9951847266721963
          0.9951847266721963
          0.9951847266721968
          0.9951847266721973
          0.9951847266721973
          0.9951847266721968
          0.9951847266721967
          0.9951847266721966
          0.9951847266721966
          0.9951847266721966
          0.9951847266721963
          0.9951847266721965
          0.9951847266721965
          0.9951847266721966
          0.9951847266721962
          0.9951847266721962
          0.9951847266721963
          0.9951847266721962
          0.9951847266721962
          0.9951847266721962
          0.9951847266721958
          0.995184726672196
          0.9951847266721954
          0.9951847266721955
          0.9951847266721957
          0.9951847266721955
          0.9951847266721964
          0.9951847266721966
          0.9951847266721965
          0.9951847266721965
          0.9951847266721964
          0.9951847266721963
          0.9951847266721965
          0.9951847266721967
          0.9951847266721966
          0.9951847266721964
          0.9951847266721966
          0.9951847266721966
          0.9951847266721967
          0.9951847266721966
          0.9951847266721966
          0.9951847266721967
          0.9951847266721969
          0.9951847266721964
          0.995184726672196
          0.9951847266721963
          0.6945926747379675
          0.6973893205813444
          0.9472571055927911
          0.9472571055927912
          0.9472571055927915
          0.9472571055927917
          0.9472571055927941
          0.9472571055927935
          0.9472571055927936
          0.9472571055927936
          0.9472571055927931
          0.9472571055927931
          0.9472571055927946
          0.9472571055927916
          0.9472571055927915
          0.947257105592793
          0.947257105592793
          0.7071067811865486
          0.707106781186548
          0.7071067811865479
          0.7071067811865461
          0.7071067811865461
          0.7071067811865481
          0.7071067811865475
          0.7071067811865476
          0.707106781186548
          0.7071067811865481
          0.7071067811865459
          0.7071067811865459
          0.7071067811865481
          0.7071067811865465
          0.7071067811865464
          0.707106781186547
          0.707106781186548
          1
          1
          1
          1
          1
          1
          1
          1
          1
          1
          1
          1
          1
          1
          1
          1
          1
          1
          1
          1
          1
          1
          1
          1
          1
          1
          1
          1
          1
          1
          1
          1
          1
          1
          1
          1
          1
          1
          1
          1
          1
          1
          1
          1
          1
          1
          1
          1
          1
          1
          1
          1
          1
          1
          1
          1
          1
          1
          1
          1
          1
          1
          1
          1
          1
          1
          1
          1
          1
          1
          1
          1
          1
          1
          1
          1
          1
          1
          1
          1
          1
          1
          1
          1
          1
          1
          1
          1
          1
          1
          1
          1
          1
          1
          1
          1
          1
          1
          1
          1
          1
          1
          1
          1
          1
          1
          1
          1
          1
          1
          1
          1
          1
          1
          1
          1
          1
          1
          1
          1
          1
          1
          1
          1
          1
          1
          1
          1
          1
          1
          1
          1
          1
          1
          1
          1
          0.7071067811865475
          0.7071067811865475
          0.7071067811865414
          0.7071067811865411
          0.7071067811865477
          0.7071067811865475
          0.7071067811865475
          0.7071067811865476
          0.7071067811865475
          0.7071067811865411
          0.7071067811865411
          0.7071067811865441
          0.7071067811865441
          0.7071067811865475
          0.7071067811865475
          0.7071067811865475
          0.7071067811865475
          0.6945926747379679
          0.6973893205813444
          0.947257105592792
          0.9472571055927919
          0.9472571055927943
          0.9472571055927943
          0.9472571055927935
          0.9472571055927935
          0.9472571055927944
          0.9472571055927915
          0.9472571055927919
          0.9472571055927926
          0.9472571055927927
          0.9472571055927946
          0.9472571055927945
          0.9472571055927945
          0.9472571055927954
          0.995184726672197
          0.9951847266721966
          0.9951847266721969
          0.9951847266721968
          0.9951847266721967
          0.9951847266721966
          0.9951847266721966
          0.9951847266721968
          0.9951847266721967
          0.9951847266721968
          0.9951847266721968
          0.995184726672195
          0.9951847266721948
          0.9951847266721948
          0.9951847266721953
          0.9951847266721945
          0.9951847266721947
          0.9951847266721952
          0.9951847266721944
          0.9951847266721945
          0.9951847266721949
          0.9951847266721949
          0.9951847266721963
          0.9951847266721963
          0.9951847266721962
          0.995184726672196
          0.9951847266721958
          0.9951847266721964
          0.9951847266721962
          0.9951847266721965
          0.9951847266721965
          0.9951847266721964
          0.9951847266721966
          0.9951847266721964
          0.9951847266721964
          0.9951847266721965
          0.9951847266721959
          0.9951847266721957
          0.9951847266721962
          0.9951847266721962
          0.9951847266721959
          0.995184726672195
          0.995184726672195
          0.9951847266721959
          0.7071067811865441
          0.7071067811865441
          0.707106781186547
          0.707106781186547
          0.7071067811865469
          0.7071067811865469
          0.707106781186547
          0.7071067811865471
          0.707106781186547
          0.707106781186547
          0.707106781186547
          0.707106781186547
          0.707106781186547
          0.7071067811865469
          0.7071067811865471
          0.707106781186547
          0.7071067811865469
          0.867199121394521
          0.8603924972197166
          0.8603924972197164
          0.8603924972197488
          0.8603924972197503
          0.8603924972197164
          0.8603924972197166
          0.8603924972197491
          0.8603924972197164
          0.8603924972197164
          0.860392497219747
          0.8603924972197499
          0.8603924972197164
          0.8603924972197166
          0.8603924972197486
          0.8603924972197498
          0.8603924972197164
          0.8863231900338584
          0.8856533965752643
          0.9442367457253877
          0.9442367457254096
          0.9442367457254113
          0.9442367457253877
          0.9442367457253877
          0.9442367457254124
          0.9442367457253877
          0.944236745725388
          0.9442367457254112
          0.9442367457254113
          0.9442367457253878
          0.9442367457253877
          0.9442367457254096
          0.9442367457254096
          0.9442367457253878
          0.8905912719299511
          0.890199727031984
          0.986860299731275
          0.9868602997312803
          0.9868602997312803
          0.9868602997312751
          0.986860299731275
          0.9868602997312801
          0.9868602997312751
          0.9868602997312751
          0.9868602997312803
          0.98686029973128
          0.9868602997312751
          0.9868602997312751
          0.9868602997312815
          0.9868602997312822
          0.9868602997312751
          0.8905912719299452
          0.8901997270319942
          0.9868602997312755
          0.986860299731281
          0.9868602997312811
          0.9868602997312755
          0.9868602997312755
          0.9868602997312809
          0.9868602997312755
          0.9868602997312753
          0.9868602997312811
          0.9868602997312811
          0.9868602997312753
          0.9868602997312754
          0.9868602997312811
          0.9868602997312819
          0.9868602997312754
          0.8863231900338548
          0.885653396575265
          0.9442367457253882
          0.944236745725409
          0.9442367457254104
          0.9442367457253882
          0.9442367457253882
          0.944236745725411
          0.9442367457253882
          0.9442367457253881
          0.944236745725411
          0.9442367457254114
          0.9442367457253881
          0.9442367457253881
          0.9442367457254085
          0.9442367457254085
          0.9442367457253881
          0.8671991213945226
          0.8603924972197169
          0.860392497219717
          0.8603924972197521
          0.8603924972197516
          0.860392497219717
          0.8603924972197169
          0.8603924972197521
          0.8603924972197169
          0.860392497219717
          0.8603924972197516
          0.860392497219752
          0.860392497219717
          0.8603924972197169
          0.8603924972197516
          0.8603924972197543
          0.8603924972197169
          0.7071067811865475
          0.7071067811865475
          0.7071067811865475
          0.7071067811865475
          0.7071067811865475
          0.7071067811865475
          0.7071067811865475
          0.7071067811865476
          0.7071067811865475
          0.7071067811865476
          0.7071067811865476
          0.7071067811865444
          0.7071067811865444
          0.7071067811865475
          0.7071067811865476
          0.7071067811865475
          0.7071067811865475
          0.694592674737968
          0.6973893205813457
          0.9472571055927949
          0.9472571055927947
          0.9472571055927953
          0.9472571055927965
          0.9472571055927956
          0.9472571055927947
          0.9472571055927946
          0.9472571055927945
          0.9472571055927942
          0.9472571055927951
          0.947257105592797
          0.9472571055927949
          0.9472571055927943
          0.9472571055927943
          0.9472571055927957
          0.6947117102680656
          0.6971628241158309
          0.9783963716628263
          0.9783963716628246
          0.9783963716628248
          0.9783963716628247
          0.978396371662825
          0.978396371662825
          0.9783963716628249
          0.9783963716628239
          0.9783963716628237
          0.9783963716628247
          0.978396371662825
          0.978396371662825
          0.9783963716628249
          0.9783963716628242
          0.9783963716628243
          0.6991919590266112
          0.7002664392544301
          0.9901905996253255
          0.9901905996253265
          0.9901905996253314
          0.9901905996253255
          0.9901905996253254
          0.9901905996253295
          0.9901905996253254
          0.9901905996253255
          0.9901905996253297
          0.9901905996253308
          0.9901905996253255
          0.9901905996253253
          0.9901905996253292
          0.9901905996253293
          0.9901905996253256
          0.7037018687641721
          0.7037018687574255
          0.9951847266721969
          0.9951847266721967
          0.9951847266721969
          0.9951847266721969
          0.9951847266721967
          0.9951847266721968
          0.9951847266721968
          0.9951847266721969
          0.9951847266721969
          0.9951847266721972
          0.9951847266721972
          0.9951847266721967
          0.9951847266721968
          0.9951847266721969
          0.9951847266721969
          0.7037018687641717
          0.7037018687574252
          0.9951847266721969
          0.9951847266721969
          0.9951847266721969
          0.9951847266721967
          0.9951847266721969
          0.9951847266721969
          0.9951847266721967
          0.9951847266721967
          0.9951847266721969
          0.9951847266721972
          0.9951847266721969
          0.9951847266721966
          0.9951847266721967
          0.9951847266721968
          0.9951847266721967
          0.69919195902661
          0.7002664392544328
          0.990190599625324
          0.9901905996253255
          0.9901905996253265
          0.990190599625324
          0.9901905996253239
          0.9901905996253262
          0.9901905996253241
          0.990190599625324
          0.9901905996253259
          0.9901905996253261
          0.990190599625324
          0.9901905996253242
          0.9901905996253261
          0.9901905996253261
          0.9901905996253241
          0.6947117102680662
          0.6971628241158301
          0.9783963716628283
          0.9783963716628277
          0.9783963716628278
          0.9783963716628282
          0.9783963716628283
          0.9783963716628296
          0.9783963716628283
          0.9783963716628283
          0.9783963716628279
          0.9783963716628278
          0.9783963716628283
          0.9783963716628281
          0.9783963716628281
          0.9783963716628287
          0.9783963716628283
          0.6945926747379678
          0.6973893205813452
          0.9472571055927933
          0.9472571055927931
          0.9472571055927935
          0.9472571055927936
          0.9472571055927944
          0.9472571055927944
          0.9472571055927943
          0.9472571055927924
          0.9472571055927923
          0.9472571055927946
          0.9472571055927945
          0.9472571055927935
          0.9472571055927935
          0.9472571055927936
          0.9472571055927936
          0.9951847266721963
          0.9951847266721962
          0.9951847266721962
          0.9951847266721966
          0.995184726672196
          0.995184726672196
          0.9951847266721959
          0.9951847266721966
          0.9951847266721959
          0.9951847266721959
          0.9951847266721966
          0.9951847266721953
          0.9951847266721952
          0.9951847266721952
          0.995184726672196
          0.9951847266721957
          0.9951847266721957
          0.9951847266721959
          0.9951847266721958
          0.995184726672195
          0.9951847266721949
          0.9951847266721958
          0.9951847266721967
          0.9951847266721972
          0.9951847266721967
          0.9951847266721967
          0.9951847266721967
          0.9951847266721964
          0.9951847266721966
          0.9951847266721958
          0.995184726672196
          0.9951847266721962
          0.9951847266721962
          0.9951847266721963
          0.9951847266721965
          0.9951847266721964
          0.9951847266721965
          0.9951847266721954
          0.9951847266721956
          0.9951847266721962
          0.9951847266721955
          0.9951847266721956
          0.9951847266721959
          0.9951847266721964
          0.9951847266721956
          0.9951847266721956
          0.9951847266721964
          0.9951847266721957
          0.9951847266721957
          0.9951847266721956
          0.9951847266721954
          0.995184726672195
          0.9951847266721949
          0.9951847266721959
          0.9951847266721959
          0.9951847266721965
          0.9951847266721965
          0.9951847266721964
          0.9951847266721954
          0.9951847266721955
          0.9951847266721965
          0.9951847266721963
          0.9951847266721963
          0.9951847266721953
          0.9951847266721955
          0.9951847266721964
          0.995184726672195
          0.9951847266721949
          0.995184726672195
          0.9951847266721947
          0.9951847266721939
          0.9951847266721942
          0.9951847266721955
          0.9951847266721954
          0.995184726672195
          0.9951847266721945
          0.9951847266721945
          0.995184726672197
          0.9951847266721969
          0.9951847266721968
          0.9951847266721969
          0.9951847266721967
          0.9951847266721966
          0.9951847266721966
          0.9951847266721968
          0.9951847266721967
          0.9951847266721966
          0.9951847266721968
          0.9951847266721953
          0.9951847266721952
          0.9951847266721953
          0.9951847266721963
          0.9951847266721958
          0.9951847266721952
          0.9951847266721952
          0.9951847266721955
          0.9951847266721952
          0.9951847266721952
          0.9951847266721958
          0.9951847266721968
          0.9951847266721974
          0.9951847266721968
          0.9951847266721967
          0.9951847266721965
          0.9951847266721966
          0.9951847266721967
          0.9951847266721968
          0.9951847266721967
          0.9951847266721965
          0.9951847266721968
          0.9951847266721957
          0.9951847266721955
          0.9951847266721955
          0.995184726672196
          0.995184726672196
          0.9951847266721963
          0.9951847266721963
          0.9951847266721964
          0.9951847266721953
          0.9951847266721954
          0.9951847266721958
          0.9951847266721959
          0.9951847266721968
          0.995184726672196
          0.995184726672196
          0.9951847266721962
          0.9951847266721954
          0.9951847266721954
          0.9951847266721946
          0.9951847266721946
          0.9951847266721953
          0.9951847266721954
          0.9951847266721965
          0.9951847266721964
          0.9951847266721965
          0.9951847266721964
          0.9951847266721955
          0.9951847266721953
          0.9951847266721965
          0.995184726672196
          0.9951847266721959
          0.9951847266721959
          0.9951847266721965
          0.9951847266721954
          0.9951847266721954
          0.9951847266721959
          0.9951847266721952
          0.995184726672195
          0.995184726672195
          0.9951847266721948
          0.9951847266721946
          0.9951847266721948
          0.9951847266721949
          0.995184726672195
          0.9951847266721964
          0.9951847266721952
          0.9951847266721953
          0.9951847266721953
          0.9951847266721953
          0.9951847266721967
          0.9951847266721965
          0.9951847266721966
          0.9951847266721946
          0.9951847266721946
          0.9951847266721949
          0.995184726672196
          0.9951847266721959
          0.9951847266721962
          0.9951847266721956
          0.9951847266721953
          0.9951847266721953
          0.9951847266721963
          0.995184726672196
          0.9951847266721964
          0.9951847266721963
          0.9951847266721962
          0.9951847266721967
          0.9951847266721963
          0.9951847266721962
          0.9951847266721966
          0.9951847266721967
          0.9951847266721966
          0.9951847266721966
          0.9951847266721963
          0.9951847266721963
          0.9951847266721964
          0.9951847266721964
          0.9951847266721964
          0.9951847266721964
          0.9951847266721965
          0.9951847266721968
          0.9951847266721962
          0.9951847266721959
          0.9951847266721968
          0.9951847266721956
          0.9951847266721954
          0.9951847266721959
          0.9951847266721957
          0.9951847266721955
          0.9951847266721966
          0.9951847266721958
          0.9951847266721957
          0.9951847266721966
          0.9951847266721968
          0.9951847266721959
          0.9951847266721958
          0.9951847266721955
          0.9951847266721966
          0.9951847266721967
          0.9951847266721956
          0.9951847266721956
          0.9951847266721964
          0.9951847266721962
          0.995184726672196
          0.9951847266721956
          0.9951847266721957
          0.995184726672197
          0.995184726672197
          0.9951847266721963
          0.9951847266721963
          0.9951847266721964
          0.995184726672195
          0.9951847266721949
          0.995184726672196
          0.9951847266721962
          0.9951847266721964
          0.9951847266721955
          0.9951847266721955
          0.9951847266721958
          0.9951847266721957
          0.9951847266721963
          0.9951847266721963
          0.995184726672196
          0.995184726672196
          0.9951847266721962
          0.9951847266721962
          0.9951847266721958
          0.9951847266721959
          0.9951847266721963
          0.9951847266721959
          0.9951847266721959
          0.9951847266721965
          0.9951847266721962
          0.995184726672196
          0.9951847266721957
          0.9951847266721958
          0.9951847266721957
          0.9951847266721956
          0.9951847266721965
          0.9951847266721962
          0.995184726672196
          0.9951847266721963
          0.9951847266721965
          0.9951847266721965
          0.9951847266721958
          0.9951847266721963
          0.9951847266721966
          0.9951847266721965
          0.9951847266721964
          0.9951847266721964
          0.9951847266721966
          0.995184726672196
          0.995184726672196
          0.9951847266721947
          0.9951847266721949
          0.9951847266721963
          0.9951847266721967
          0.995184726672196
          0.9951847266721957
          0.9951847266721956
          0.9951847266721959
          0.995184726672196
          0.9951847266721958
          0.9951847266721958
          0.9951847266721966
          0.9951847266721956
          0.9951847266721955
          0.9951847266721958
          0.9951847266721957
          0.9951847266721954
          0.9951847266721954
          0.9951847266721965
          0.9951847266721965
          0.9951847266721964
          0.9951847266721966
          0.9951847266721965
          0.9951847266721965
          0.9951847266721965
          0.9951847266721959
          0.9951847266721962
          0.9951847266721962
          0.9951847266721964
          0.9951847266721952
          0.995184726672195
          0.9951847266721956
          0.9951847266721955
          0.9951847266721959
          0.9951847266721958
          0.995184726672196
          0.9951847266721959
          0.9951847266721957
          0.9951847266721955
          0.9951847266721945
          0.9951847266721946
          0.9951847266721959
          0.9951847266721959
          0.9951847266721963
          0.9951847266721964
          0.9951847266721957
          0.9951847266721949
          0.9951847266721952
          0.9951847266721958
          0.9951847266721954
          0.9951847266721939
          0.9951847266721936
          0.9951847266721935
          0.9951847266721965
          0.9951847266721966
          0.9951847266721967
          0.9951847266721967
          0.9951847266721962
          0.9951847266721962
          0.9951847266721962
          0.9951847266721962
          0.9951847266721953
          0.9951847266721953
          0.995184726672196
          0.995184726672196
          0.9951847266721965
          0.9951847266721963
          0.9951847266721967
          0.9951847266721968
          0.9951847266721963
          0.9951847266721958
          0.9951847266721959
          0.9951847266721963
          0.9951847266721957
          0.9951847266721958
          0.9951847266721956
          0.9951847266721955
          0.9951847266721966
          0.9951847266721956
          0.9951847266721955
          0.9951847266721963
          0.9951847266721962
          0.9951847266721964
          0.995184726672197
          0.9951847266721965
          0.9951847266721965
          0.9951847266721956
          0.9951847266721954
          0.9951847266721955
        </DataArray>
        <DataArray type="Float64" Name="skew" NumberOfComponents="1" format="ascii">
          0.00000000000023779724019472167
          0.000000000000004215590611377492
          0.0000000000000026913560771975207
          0.00000000000023549561855348584
          0.00000000000023987180215375395
          0.000000000000005633608656212421
          0.0000000000000035059488228081747
          0.00000000000023617894305734055
          0.0000000000002411882847965356
          0.000000000000009755683680857523
          0.000000000000010822711583451324
          0.00000000000023301860963187745
          0.00000000000024081147896065084
          0.000000000000011902442199171233
          0.000000000000010136765074641057
          0.0000000000002326524208781502
          0.00000000000024273058602369137
          0.000000000000008856133193610392
          0.000000000000005864242526480701
          0.00000000000023402346844304797
          0.00000000000024393156823230424
          0.000000000000010427816580238035
          0.000000000000009552440270839713
          0.0000000000002337623016676231
          0.00000000000024127610751964477
          0.000000000000007486396613320035
          0.000000000000005589193775491329
          0.00000000000023618570123017344
          0.0000000000002390715288334165
          0.0000000000000018765903066175892
          0.000000000000003150272855276921
          0.00000000000023599515735836006
          0.000000000001710739735914745
          0.00000000000000440969470112666
          0.000000000000004311223848863794
          0.0000000000017085789778796625
          0.0000000000017113195196312876
          0.000000000000005691133702009846
          0.000000000000002047222211391459
          0.000000000001708318809213223
          0.0000000000017140396688733097
          0.000000000000007490751437400853
          0.000000000000008137435014730417
          0.0000000000017065910151708393
          0.0000000000017144889442882903
          0.000000000000004502574403277544
          0.0000000000000025408887601589732
          0.0000000000017070296735036622
          0.0000000000017153953271027378
          0.000000000000009236125088389762
          0.0000000000000050489670876941124
          0.00000000000170625292597809
          0.0000000000017161908431398461
          0.000000000000011967652947266021
          0.000000000000009969705150497527
          0.0000000000017062794011610768
          0.0000000000017121481339351232
          0.000000000000010349605746352681
          0.00000000000000705962905251448
          0.0000000000017085096067306747
          0.0000000000017104911451275986
          0.000000000000004706894796305769
          0.0000000000000023711731168750814
          0.0000000000017092767797270566
          0.0000000000016944963170446315
          0.0000000000000024897317727188454
          0.0000000000016957522904200467
          0.0000000000018071233937710287
          0.0000000000000039231882629564125
          0.000000000000002298405192363594
          0.0000000000018070375723706723
          0.0000000000016973049281721935
          0.000000000000004470652934288059
          0.0000000000016952007292564007
          0.0000000000018073524542466733
          0.000000000000004275959197669308
          0.000000000000001422703870125057
          0.000000000001806138946398235
          0.0000000000016987052555354561
          0.0000000000000024881966677932558
          0.0000000000016928264903101143
          0.0000000000018107584242787451
          0.0000000000000019386908277589055
          0.0000000000000030429685915482134
          0.0000000000018092557297659892
          0.00000000000169539337884796
          0.000000000000004371850434238463
          0.000000000001690407253448348
          0.0000000000018092425892354132
          0.000000000000003690138163136859
          0.000000000000004208832282453292
          0.000000000001808902433547875
          0.0000000000016953933788479606
          0.000000000000003497480347390757
          0.0000000000016922098254197081
          0.0000000000018088120432116155
          0.00000000000000653523153596179
          0.000000000000003927255474824367
          0.0000000000018085726372624117
          0.0000000000016980319219462132
          0.000000000000002667569756484487
          0.0000000000016920502217581208
          0.0000000000018091764396239893
          0.000000000000004086840978048173
          0.000000000000004545950822165573
          0.00000000000180988190166103
          0.0000000000016971549172636557
          0.000000000000003556759675312632
          0.0000000000016902446677901037
          0.0000000000018063628406078303
          0.0000000000000033789216915469955
          0.000000000000003034577620069408
          0.0000000000018072157221118912
          0.0000000000016954798523329531
          0.00000000000000432739093829701
          0.0000000000016939994956409421
          0.0000000000018074334596617227
          0.0000000000000024304524447969526
          0.000000000000002028667822317044
          0.0000000000018075305949921945
          0.00000000000006242504588504078
          0.0000000000000017124248819817922
          0.00000000000006162738219908324
          0.0000000000000660986252115901
          0.000000000000005190960718299306
          0.000000000000001778010337996114
          0.00000000000006601280381123031
          0.00000000000006060155865561536
          0.000000000000006176707532320885
          0.00000000000006234182752050092
          0.00000000000006663696528253716
          0.000000000000005721793640558971
          0.0000000000000008779178545290448
          0.00000000000006765464727226359
          0.0000000000000596163029404104
          0.000000000000003725923336383369
          0.00000000000006425734149716012
          0.0000000000000642569184060829
          0.00000000000000250457384922149
          0.000000000000002573407263015583
          0.00000000000006610100865057927
          0.00000000000006213747116821396
          0.0000000000000027047111440368023
          0.00000000000006646754597607637
          0.00000000000006461994449918332
          0.0000000000000015218827456866629
          0.00000000000000195966030968791
          0.00000000000006530832702192793
          0.0000000000000621201925278303
          0.00000000000000429205133895899
          0.00000000000006563020861408759
          0.00000000000006550753824418893
          0.00000000000000703624391093097
          0.0000000000000032346302437914
          0.00000000000006531166064938571
          0.00000000000006041715850593485
          0.000000000000005300939900706346
          0.00000000000006503361004915175
          0.00000000000006385498481688812
          0.000000000000009233895310907851
          0.000000000000004993143390342751
          0.00000000000006459867685263392
          0.000000000000059654763178805
          0.000000000000007318717024201064
          0.00000000000006352625217910624
          0.00000000000006337734260009424
          0.00000000000000752391469777678
          0.000000000000005087156717255113
          0.00000000000006632295197596295
          0.00000000000006126395781992099
          0.0000000000000008318260191026134
          0.00000000000006161790863221015
          0.00000000000006446574465976436
          0.0000000000000014435742088333997
          0.0000000000000016976553898441279
          0.00000000000006659816401646444
          0.0000000000011645697296194467
          0.0000000000000024742676002175074
          0.000000000001162702146812896
          0.0000000000010290319601919672
          0.000000000000005955782939600166
          0.000000000000003724593101432863
          0.000000000001038316697775364
          0.000000000001243450605176166
          0.0000000000000034893667999941474
          0.000000000000002628909325231097
          0.0000000000012413910581387195
          0.0000000000011642192104721916
          0.000000000000004801538116494385
          0.0000000000011607165730284857
          0.0000000000010288787130697998
          0.00000000000000750951059249031
          0.0000000000000031948601630413984
          0.0000000000010382550508577813
          0.0000000000012446442042359895
          0.000000000000004331349428571583
          0.0000000000000026542594200539084
          0.0000000000012411792320308829
          0.0000000000011636327152283974
          0.0000000000000012757942313621411
          0.0000000000011604811621067515
          0.0000000000010387842461679945
          0.00000000000000382374416857881
          0.000000000000007895459807524722
          0.000000000001030921368279005
          0.0000000000012466615282402237
          0.000000000000005257818650462185
          0.0000000000000039047035565932386
          0.0000000000012386589953672018
          0.0000000000011638003403689755
          0.00000000000000460528246631241
          0.0000000000011676060282808865
          0.0000000000010407809730153757
          0.000000000000009256778056437568
          0.000000000000007907467511814507
          0.0000000000010341418139438681
          0.0000000000012465950133099218
          0.0000000000000044372818716765115
          0.000000000000006147008569290351
          0.0000000000012388946697623324
          0.0000000000011672318660664721
          0.000000000000004635759404987654
          0.0000000000011715445266057733
          0.0000000000010402513122007281
          0.000000000000005411965243534123
          0.000000000000004409856505932295
          0.0000000000010352936824916175
          0.0000000000012483233388180751
          0.000000000000008442613826803617
          0.000000000000008930559619535026
          0.0000000000012388913361348745
          0.0000000000011648306296849484
          0.000000000000010051712125883515
          0.0000000000011679861543948396
          0.0000000000010390528134449788
          0.000000000000010515637300924356
          0.000000000000010090372557136968
          0.0000000000010356682443984558
          0.0000000000012491887726630075
          0.000000000000011323091482498507
          0.000000000000004992976574601511
          0.000000000001238730562662093
          0.0000000000011610736169288396
          0.000000000000005210801110323511
          0.0000000000011670187650093577
          0.00000000000103649234501287
          0.00000000000000386604312533983
          0.000000000000003776216653311645
          0.0000000000010358873953941126
          0.0000000000012460197470789848
          0.0000000000000087154171482863
          0.0000000000000035257957606040274
          0.0000000000012415270362016217
          0.0000000000011626899289691108
          0.00000000000000935582436332244
          0.000000000001165743035528352
          0.0000000000010348299184410827
          0.0000000000000040980057128602216
          0.000000000000005799064688009771
          0.000000000001031536821404
          0.000000000001243144614952649
          0.0000000000000059537064130233734
          0.000000000000007113519350625328
          0.0000000000012407660453249813
          0.0000000000019778428823770665
          0.000000000000002241718567399795
          0.0000000000019795057460264645
          0.0000000000017660722982849281
          0.000000000000005200166251236369
          0.000000000000003944293428411085
          0.0000000000017552763273247944
          0.000000000002110049492182358
          0.000000000000005239486740736597
          0.000000000000003302705412790305
          0.000000000002112452324821253
          0.0000000000019765723530963108
          0.0000000000000046198098927651015
          0.000000000001980983345031535
          0.0000000000017660338374404788
          0.000000000000005871996625819471
          0.0000000000000036562657563641406
          0.0000000000017554813912791397
          0.000000000002109240799693799
          0.000000000000006861060513047475
          0.000000000000002625227379397419
          0.000000000002112344451382515
          0.0000000000019796298559881103
          0.000000000000002540542625223299
          0.0000000000019819566758499574
          0.000000000001755954098520589
          0.000000000000005154728639487711
          0.000000000000008388251581765152
          0.0000000000017638677268864752
          0.000000000002106860898668617
          0.000000000000005970275169274801
          0.000000000000006563068448493559
          0.0000000000021145375952350554
          0.0000000000019807161528451498
          0.0000000000000047357864125603895
          0.000000000001976609094104968
          0.0000000000017535956332970673
          0.000000000000008666676917676138
          0.000000000000009119995270113963
          0.0000000000017602334033571364
          0.0000000000021067054430605926
          0.000000000000004784688610837233
          0.000000000000006266671808884154
          0.0000000000021146669567345937
          0.0000000000019777852595997544
          0.0000000000000046826613730912035
          0.0000000000019742887557054594
          0.0000000000017553348249606961
          0.000000000000005688184492860777
          0.000000000000003945615242515604
          0.000000000001759338228232932
          0.0000000000021065106108388388
          0.000000000000009515725764536677
          0.000000000000009781089107109716
          0.000000000002114841070152197
          0.000000000001979473798327107
          0.000000000000003255126321821504
          0.000000000001978266544972588
          0.0000000000017561689523421742
          0.000000000000003381606068013855
          0.00000000000000242053075906865
          0.0000000000017596202010317182
          0.000000000002104883977842145
          0.000000000000011117719192128083
          0.00000000000000599583032457309
          0.0000000000021145447063834694
          0.000000000001982272397108427
          0.000000000000006036941451786711
          0.000000000001977153389369369
          0.0000000000017600858785175432
          0.000000000000002576161476688294
          0.0000000000000040510504442187336
          0.0000000000017594809288987844
          0.0000000000021083075142877628
          0.000000000000009552785965818071
          0.0000000000000028031547277949493
          0.0000000000021126854973804206
          0.0000000000019796316967353365
          0.000000000000006944149842277015
          0.0000000000019771068286991525
          0.00000000000176085734301046
          0.000000000000006605410825580615
          0.000000000000007621627875669916
          0.0000000000017619551078160826
          0.0000000000021103069563834376
          0.000000000000007706312629844
          0.0000000000000059279327921876954
          0.000000000002112170597608955
          0.5972958004058564
          0.5976548899412282
          0.05883062078546165
          0.05883062078546405
          0.058830620785462744
          0.05883062078546045
          0.05883062078546177
          0.05883062078546499
          0.05883062078546284
          0.058830620785461446
          0.05883062078546383
          0.05883062078546399
          0.05883062078546159
          0.058830620785460974
          0.05883062078546359
          0.058830620785463965
          0.058830620785461446
          0.5959940035221509
          0.596798889178559
          0.008811836919352903
          0.008811836919337223
          0.008811836919336511
          0.008811836919352188
          0.008811836919352452
          0.008811836919336314
          0.008811836919353298
          0.008811836919353291
          0.008811836919337537
          0.008811836919336537
          0.008811836919352296
          0.008811836919352504
          0.00881183691933629
          0.008811836919337237
          0.008811836919353453
          0.5968723125780474
          0.5973129802787188
          0.005750036714382441
          0.005750036714399042
          0.005750036714399841
          0.005750036714383206
          0.005750036714383755
          0.005750036714398865
          0.005750036714383042
          0.005750036714383694
          0.005750036714400295
          0.005750036714398973
          0.005750036714382339
          0.005750036714382812
          0.0057500367144003445
          0.005750036714401546
          0.0057500367143840485
          0.5979764455246687
          0.5980329761330551
          0.0035631954481594396
          0.003563195448166575
          0.0035631954481671886
          0.003563195448160054
          0.0035631954481589946
          0.003563195448164149
          0.0035631954481591573
          0.0035631954481601283
          0.0035631954481672797
          0.003563195448167127
          0.003563195448160009
          0.0035631954481592587
          0.0035631954481641116
          0.0035631954481630903
          0.0035631954481582383
          0.597976445524668
          0.5980329761330553
          0.0035631954481623387
          0.003563195448168358
          0.00356319544816669
          0.00356319544816067
          0.0035631954481611483
          0.003563195448166493
          0.0035631954481609063
          0.0035631954481604947
          0.0035631954481664986
          0.003563195448167279
          0.0035631954481612597
          0.0035631954481616344
          0.0035631954481677762
          0.003563195448167455
          0.003563195448161313
          0.5968723125780472
          0.5973129802787185
          0.005750036714384194
          0.005750036714399257
          0.005750036714398284
          0.005750036714383359
          0.005750036714382377
          0.005750036714396665
          0.005750036714382941
          0.005750036714384655
          0.005750036714399579
          0.005750036714399612
          0.005750036714384619
          0.005750036714383137
          0.005750036714397679
          0.0057500367143989775
          0.005750036714384437
          0.5959940035221523
          0.5967988891785586
          0.00881183691934956
          0.0088118369193341
          0.008811836919334124
          0.008811836919349584
          0.00881183691935206
          0.008811836919335523
          0.008811836919351824
          0.008811836919351288
          0.008811836919335828
          0.00881183691933576
          0.0088118369193513
          0.008811836919352743
          0.008811836919335606
          0.008811836919332995
          0.008811836919350136
          0.5972958004058571
          0.5976548899412285
          0.05883062078546114
          0.05883062078546416
          0.05883062078546407
          0.05883062078546105
          0.05883062078546256
          0.05883062078546577
          0.05883062078546105
          0.05883062078546087
          0.05883062078546389
          0.05883062078546382
          0.0588306207854608
          0.058830620785461335
          0.0588306207854639
          0.058830620785464305
          0.058830620785461626
          0.3822192823663668
          0.3770458834518772
          0.37303479536258755
          0.37303479536261464
          0.37303479536261597
          0.3730347953625889
          0.37303479536258866
          0.3730347953626158
          0.373034795362588
          0.37303479536258843
          0.37303479536261547
          0.37303479536261397
          0.3730347953625869
          0.3730347953625872
          0.37303479536261397
          0.37303479536261447
          0.37303479536258777
          0.24056730012308464
          0.24089218454834918
          0.2348954081872256
          0.23489540818722526
          0.2348954081872245
          0.23489540818722485
          0.23489540818722462
          0.23489540818722635
          0.23489540818722582
          0.2348954081872244
          0.2348954081872241
          0.23489540818722496
          0.23489540818722524
          0.23489540818722418
          0.23489540818722757
          0.23489540818722815
          0.23489540818722474
          0.24092182120379724
          0.24109969252197622
          0.12979870934272375
          0.12979870934272053
          0.12979870934272
          0.1297987093427233
          0.12979870934272206
          0.12979870934271803
          0.12979870934272314
          0.12979870934272214
          0.1297987093427189
          0.12979870934272036
          0.12979870934272364
          0.12979870934272308
          0.12979870934271628
          0.12979870934271398
          0.1297987093427208
          0.24136749394608087
          0.24139031198751834
          0.04155497556421269
          0.041554975564212816
          0.041554975564215155
          0.041554975564215044
          0.04155497556421434
          0.04155497556421273
          0.04155497556421397
          0.04155497556421567
          0.041554975564215786
          0.04155497556421471
          0.0415549755642146
          0.0415549755642145
          0.04155497556421426
          0.041554975564215474
          0.0415549755642157
          0.24136749394608004
          0.2413903119875186
          0.04155497556421315
          0.04155497556421313
          0.041554975564211664
          0.041554975564211685
          0.04155497556421057
          0.04155497556420779
          0.04155497556421151
          0.04155497556421345
          0.041554975564213434
          0.04155497556421218
          0.0415549755642122
          0.04155497556421193
          0.041554975564209146
          0.04155497556420954
          0.04155497556421233
          0.24092182120379643
          0.24109969252197558
          0.12979870934272217
          0.12979870934271842
          0.12979870934271956
          0.1297987093427233
          0.1297987093427218
          0.12979870934271728
          0.1297987093427225
          0.12979870934272236
          0.12979870934271864
          0.1297987093427198
          0.12979870934272347
          0.1297987093427213
          0.1297987093427185
          0.1297987093427208
          0.1297987093427236
          0.2405673001230867
          0.24089218454834754
          0.2348954081872258
          0.23489540818722546
          0.2348954081872264
          0.2348954081872267
          0.23489540818722346
          0.23489540818722454
          0.23489540818722632
          0.23489540818722635
          0.23489540818722604
          0.23489540818722707
          0.2348954081872274
          0.2348954081872244
          0.23489540818722543
          0.2348954081872275
          0.23489540818722654
          0.3822192823663631
          0.3770458834518737
          0.37303479536258827
          0.3730347953626171
          0.3730347953626158
          0.37303479536258705
          0.3730347953625867
          0.3730347953626153
          0.37303479536258666
          0.37303479536258644
          0.37303479536261525
          0.3730347953626138
          0.3730347953625849
          0.3730347953625862
          0.3730347953626134
          0.37303479536261347
          0.37303479536258616
          0.0000000000002368663204430648
          0.0000000000000040648682003573166
          0.0000000000000051827069554555805
          0.0000000000002354778717256192
          0.0000000000017090387807904322
          0.0000000000000039878820601990115
          0.0000000000000032334178866478444
          0.0000000000017081960396697184
          0.0000000000016958709774657178
          0.0000000000000021933351331094597
          0.0000000000016950848281819708
          0.0000000000018071023472086913
          0.000000000000002487794820950097
          0.0000000000000010660133655998235
          0.0000000000018085490545808106
          0.00000000000006008710461358026
          0.000000000000002188775184807785
          0.00000000000006264774008708924
          0.00000000000006539344796254655
          0.0000000000000015047829395553513
          0.0000000000000024877948209500986
          0.00000000000006349337057741014
          0.000000000001166317049428854
          0.0000000000000023196258752038966
          0.0000000000011632069353213643
          0.0000000000010349986034371597
          0.000000000000003585659828818584
          0.00000000000000408457133215271
          0.0000000000010383251690183954
          0.0000000000012424581270353652
          0.0000000000000027033240163608296
          0.0000000000000015447019208832667
          0.0000000000012421699669253106
          0.0000000000019797677549632748
          0.0000000000000025523166479447095
          0.000000000001981120020532125
          0.0000000000017611123348633934
          0.000000000000003808378468211032
          0.0000000000000048401880205165144
          0.0000000000017576738130964844
          0.0000000000021115634149086747
          0.0000000000000031020695961602685
          0.000000000000003556759675312661
          0.0000000000021135064446367906
          0.5972958004058548
          0.5976548899412293
          0.058830620785459475
          0.058830620785461064
          0.058830620785461724
          0.05883062078546013
          0.05883062078545994
          0.058830620785460856
          0.05883062078545994
          0.05883062078546073
          0.058830620785462334
          0.058830620785460946
          0.058830620785459344
          0.058830620785461696
          0.058830620785463285
          0.058830620785463285
          0.058830620785461696
          0.3822192823663669
          0.37704588345187856
          0.37303479536258605
          0.3730347953626131
          0.3730347953626148
          0.3730347953625877
          0.3730347953625869
          0.37303479536261197
          0.3730347953625872
          0.3730347953625871
          0.37303479536261397
          0.37303479536261247
          0.37303479536258566
          0.3730347953625895
          0.37303479536261636
          0.37303479536261636
          0.3730347953625895
          0.000000000000002775557561562884
          0.000000000000002775557561562884
          0.0000000000000011102230246251563
          0.0000000000000012952601953960196
          0.0000000000000014802973661668745
          0.0000000000000020354088784794543
          0.0000000000000016653345369377267
          0.0000000000000027755575615628768
          0.0000000000000033306690738754617
          0.000000000000004070817756958899
          0.0000000000000040708177569589015
          0.000000000000006291263806209217
          0.000000000000006661338147750927
          0.000000000000010658141036401454
          0.000000000000014210854715201947
          0.000000000000009547918011776346
          0.000000000000003774758283725535
          0.0000000000000017000291057189456
          0.0000000000000016653345369377352
          0.0000000000000005551115123125779
          0.0000000000000011102230246251583
          0.000000000000002775557561562892
          0.0000000000000027755575615628768
          0.0000000000000067307270867900525
          0.000000000000003885780586188017
          0.000000000000006314393452555597
          0.00000000000000703141248929264
          0.000000000000008141635513917857
          0.0000000000000048109664400423516
          0.000000000000007031412489292652
          0.000000000000010436096431476527
          0.000000000000016875389974302455
          0.000000000000013766765505351957
          0.000000000000007771561172376096
          0.0000000000000027755575615628866
          0.0000000000000027755575615628866
          0.0000000000000014802973661668743
          0.000000000000003885780586188048
          0.000000000000007216449660063494
          0.000000000000004440892098500615
          0.000000000000006661338147750932
          0.000000000000008881784197001218
          0.0000000000000068695049648681324
          0.000000000000009621932880084695
          0.000000000000016283271027835612
          0.000000000000013877787807814424
          0.000000000000011102230246251545
          0.000000000000009769962616701362
          0.0000000000000024424906541753397
          0.000000000000014210854715201982
          0.0000000000000064392935428259
          0.000000000000004440892098500618
          0.000000000000004440892098500618
          0.000000000000005551115123125783
          0.0000000000000021279274638648736
          0.000000000000008881784197001244
          0.0000000000000044408920985006246
          0.000000000000005551115123125771
          0.000000000000006661338147750909
          0.000000000000003608224830031766
          0.0000000000000061062266354383594
          0.000000000000011842378929334958
          0.00000000000000906682136777211
          0.0000000000000033306690738754566
          0.000000000000012212453270876747
          0.000000000000005551115123125784
          0.000000000000013322676295501885
          0.000000000000005551115123125792
          0.000000000000006106226635438369
          0.000000000000006106226635438369
          0.000000000000001734723475976797
          0.000000000000005551115123125736
          0.000000000000009436895709313821
          0.000000000000003700743415417189
          0.000000000000006661338147750942
          0.000000000000011657341758564131
          0.000000000000004996003610813173
          0.000000000000004996003610813213
          0.000000000000011102230246251583
          0.000000000000013692750637043532
          0.000000000000007401486830834379
          0.000000000000015099033134902015
          0.000000000000010880185641326394
          0.000000000000009992007221626362
          0.000000000000004440892098500573
          0.000000000000005551115123125771
          0.000000000000005551115123125771
          0.000000000000009992007221626418
          0.000000000000007771561172376097
          0.000000000000006383782391594646
          0.000000000000004996003610813197
          0.0000000000000030531133177191773
          0.000000000000002220446049250315
          0.000000000000006661338147750941
          0.0000000000000049960036108131894
          0.000000000000010917193075480751
          0.000000000000011287267417022476
          0.000000000000014802973661668793
          0.00000000000001376676550535201
          0.00000000000001487698852997712
          0.000000000000007771561172376121
          0.000000000000011657341758564177
          0.000000000000002185751579730777
          0.0000000000000023245294578089215
          0.0000000000000033306690738754854
          0.0000000000000022204460492503107
          0.0000000000000027755575615628843
          0.0000000000000012952601953960183
          0.0000000000000033306690738754815
          0.0000000000000027755575615629028
          0.0000000000000022204460492503206
          0.0000000000000033306690738754815
          0.000000000000010362081563168081
          0.000000000000004810966440042337
          0.000000000000006661338147750958
          0.000000000000003330669073875481
          0.000000000000004440892098500642
          0.000000000000009769962616701387
          0.000000000000005329070518200757
          0.0000000000000006245004513516504
          0.0000000000000005551115123125778
          0.0000000000000011102230246251577
          0.0000000000000005551115123125787
          0.000000000000001295260195396015
          0.0000000000000024054832200211726
          0.000000000000002220446049250316
          0.000000000000003261280134836387
          0.0000000000000011102230246251556
          0.000000000000004070817756958895
          0.000000000000006661338147750931
          0.000000000000004440892098500624
          0.000000000000002035408878479454
          0.0000000000000039968028886505635
          0.00000000000000621724893790086
          0.000000000000008881784197001255
          0.0000000000000039968028886505675
          0.3822192823663625
          0.37704588345187345
          0.37303479536258277
          0.37303479536260853
          0.3730347953626083
          0.3730347953625826
          0.37303479536258516
          0.3730347953626108
          0.37303479536258516
          0.3730347953625837
          0.3730347953626095
          0.3730347953626083
          0.3730347953625826
          0.3730347953625827
          0.3730347953626085
          0.3730347953626079
          0.3730347953625823
          0.5972958004058572
          0.5976548899412273
          0.058830620785459246
          0.05883062078546147
          0.058830620785461224
          0.05883062078545899
          0.0588306207854595
          0.05883062078546088
          0.05883062078545865
          0.058830620785459246
          0.05883062078546147
          0.05883062078546121
          0.058830620785458976
          0.05883062078545967
          0.058830620785461904
          0.05883062078546121
          0.058830620785458976
          0.000000000001982184716824858
          0.000000000000003374936810588617
          0.000000000001979981679040021
          0.0000000000017584170298241848
          0.0000000000000035154697533263696
          0.0000000000000033980834148686964
          0.000000000001756068453647554
          0.000000000002117785950867896
          0.000000000000005699172895987329
          0.000000000000003954050743122425
          0.0000000000021104058101505054
          0.000000000001160289505179705
          0.000000000000002164984150190303
          0.0000000000011638542126108793
          0.0000000000010362724477504696
          0.0000000000000031780997611755445
          0.0000000000000030749343465335528
          0.00000000000103878970892317
          0.0000000000012374169866227395
          0.000000000000007355960991758009
          0.000000000000005335139512968961
          0.0000000000012434239849343683
          0.0000000000000653894061454543
          0.000000000000007455515473251451
          0.0000000000000627967196003857
          0.00000000000006694946381353984
          0.0000000000000038303565734136055
          0.000000000000004103953471514577
          0.00000000000006631236113698957
          0.0000000000016971456594171633
          0.0000000000000022477579999139925
          0.0000000000016968501925256462
          0.000000000001808713405265474
          0.000000000000004979463545437674
          0.000000000000003438201019468869
          0.0000000000018091918975080111
          0.0000000000017013946596886352
          0.000000000000013149232739034766
          0.000000000000012718110354148385
          0.0000000000017090629605160538
          0.0000000000002320211691279937
          0.000000000000005547361972038333
          0.0000000000000013470776723508203
          0.00000000000023997119716770947
          0.00000000000024036266896938454
          0.000000000000004877841840428775
          0.000000000000006910275940607427
          0.0000000000002361687252213732
          0.0000000000017127846485526752
          0.0000000000000035105495833710443
          0.000000000000000593151994070093
          0.0000000000017080538329480459
          0.0000000000016963914333476341
          0.0000000000000021577023831172098
          0.000000000001693528958594871
          0.000000000001805400569257206
          0.0000000000000026469538483426993
          0.000000000000002418261183193397
          0.000000000001808196314727753
          0.0000000000000601303464882932
          0.0000000000000011890823741337463
          0.00000000000006396144125003956
          0.00000000000006809771694708317
          0.0000000000000026777223914444047
          0.000000000000004072724299758431
          0.00000000000006531548782220394
          0.0000000000011669413326752492
          0.000000000000007190840213132037
          0.0000000000011622967691461023
          0.000000000001032506819772697
          0.0000000000000049154047008812634
          0.000000000000006094251706439707
          0.0000000000010382310871516333
          0.000000000001245260016672315
          0.000000000000007345481938145632
          0.000000000000005721743825502894
          0.0000000000012421684180070002
          0.000000000001979167910640099
          0.0000000000000040867660696025
          0.000000000001981216916625462
          0.0000000000017629965336823368
          0.000000000000005165770004620779
          0.00000000000000737448143036297
          0.0000000000017575648518704218
          0.0000000000021075680583995936
          0.0000000000000022596608583870464
          0.0000000000000033873901669644605
          0.0000000000021134012190869605
          0.5959940035221507
          0.5967988891785592
          0.008811836919353918
          0.008811836919337923
          0.00881183691933644
          0.008811836919352358
          0.008811836919353442
          0.008811836919337002
          0.008811836919352516
          0.008811836919353605
          0.008811836919337611
          0.008811836919337318
          0.008811836919353236
          0.008811836919348793
          0.008811836919331488
          0.008811836919331488
          0.008811836919348793
          0.24056730012308508
          0.24089218454834818
          0.23489540818722984
          0.23489540818723148
          0.23489540818723012
          0.2348954081872284
          0.2348954081872291
          0.23489540818723298
          0.23489540818722865
          0.23489540818722698
          0.23489540818722873
          0.23489540818723367
          0.23489540818723195
          0.23489540818722524
          0.23489540818722698
          0.23489540818722698
          0.23489540818722524
          0.000000000000006106226635438375
          0.000000000000006106226635438375
          0.0000000000000049960036108132044
          0.0000000000000016653345369377366
          0.000000000000003608224830031763
          0.0000000000000029605947323337627
          0.000000000000003261280134836418
          0.000000000000006661338147750939
          0.0000000000000022204460492503036
          0.000000000000005551115123125789
          0.000000000000009806970050855549
          0.00000000000001498801083243959
          0.000000000000012027416100105856
          0.000000000000011102230246251556
          0.00000000000001465494392505207
          0.000000000000011546319456101704
          0.000000000000006661338147750961
          0.0000000000000049960036108132305
          0.0000000000000049960036108132305
          0.000000000000001295260195396017
          0.0000000000000033306690738754645
          0.0000000000000011102230246251246
          0.000000000000004810966440042354
          0.0000000000000033306690738754897
          0.00000000000000555111512312591
          0.0000000000000040939474033053066
          0.000000000000004440892098500644
          0.0000000000000024054832200211793
          0.000000000000018873791418627746
          0.000000000000021464311809419738
          0.000000000000013766765505351973
          0.000000000000018873791418627636
          0.00000000000001043609643147636
          0.000000000000010214051826551398
          0.0000000000000020469738340015308
          0.0000000000000025326962749261384
          0.000000000000004996003610813213
          0.000000000000004996003610813202
          0.000000000000008881784197001208
          0.000000000000008881784197001232
          0.0000000000000061062266354383815
          0.000000000000012212453270876867
          0.000000000000014988010832439705
          0.000000000000009251858538542963
          0.000000000000006291263806209228
          0.000000000000004996003610813222
          0.000000000000012767564783189335
          0.000000000000011324274851176571
          0.00000000000001731947918415244
          0.000000000000009547918011776343
          0.000000000000005773159728050807
          0.0000000000000061062266354383594
          0.0000000000000061062266354383594
          0.000000000000009436895709313809
          0.000000000000014432899320127007
          0.000000000000010547118733939017
          0.000000000000005551115123125808
          0.0000000000000066613381477509085
          0.0000000000000116573417585641
          0.000000000000012975731600306527
          0.000000000000006661338147750925
          0.000000000000013877787807814394
          0.00000000000001998401444325273
          0.000000000000014988010832439556
          0.00000000000001243449787580175
          0.0000000000000235367281220533
          0.000000000000013877787807814514
          0.000000000000007771561172376112
          0.00000000000000610622663543834
          0.00000000000000610622663543834
          0.000000000000004996003610813156
          0.000000000000007771561172376015
          0.000000000000007401486830834338
          0.000000000000007586524001605215
          0.00000000000000735522753814163
          0.000000000000004371503159461498
          0.000000000000003885780586187975
          0.000000000000013877787807814474
          0.000000000000016653345369377358
          0.000000000000019613940101710943
          0.000000000000007771561172376082
          0.000000000000016653345369377203
          0.000000000000015099033134902072
          0.000000000000007771561172375963
          0.0000000000000083266726846886
          0.000000000000009992007221626401
          0.000000000000009992007221626401
          0.00000000000000777156117237612
          0.000000000000008881784197001278
          0.000000000000011102230246251592
          0.000000000000009992007221626437
          0.00000000000000999200722162637
          0.000000000000008743006318923155
          0.000000000000007216449660063557
          0.0000000000000014802973661668682
          0.000000000000004440892098500617
          0.000000000000006106226635438398
          0.000000000000011842378929335084
          0.000000000000020650148258028098
          0.000000000000022426505097428323
          0.000000000000004662936703425696
          0.000000000000004996003610813266
          0.000000000000003885780520013602
          0.0000000000000026367796834847432
          0.000000000000009992007221626483
          0.000000000000009992007221626477
          0.0000000000000033306690738755008
          0.0000000000000033306690738754854
          0.00000000000000915933995315753
          0.000000000000010963452368173383
          0.0000000000000049266146717741495
          0.00000000000000666133814775097
          0.000000000000006661338147750972
          0.000000000000012212453270876727
          0.000000000000018873791418627667
          0.000000000000006217248937900915
          0.000000000000007105427357601048
          0.000000000000011768364061026607
          0.000000000000006217248937900882
          0.0000000000000009714450803725643
          0.0000000000000005551115123125763
          0.000000000000007771561172376097
          0.000000000000007216449660063535
          0.000000000000003885780586188057
          0.0000000000000044408920985006325
          0.0000000000000070776717819853895
          0.0000000000000036082248300317785
          0.0000000000000033306690738754744
          0.000000000000007216449660063527
          0.000000000000006661338147750935
          0.000000000000013322676295501837
          0.000000000000011102230246251556
          0.000000000000008215650382226165
          0.000000000000011990408665951716
          0.000000000000010880185641326592
          0.000000000000005773159728050825
          0.24056730012308913
          0.24089218454834235
          0.23489540818723328
          0.23489540818723487
          0.23489540818723123
          0.2348954081872297
          0.2348954081872285
          0.23489540818722968
          0.23489540818722768
          0.23489540818723317
          0.2348954081872347
          0.234895408187232
          0.23489540818723045
          0.23489540818722965
          0.2348954081872295
          0.2348954081872293
          0.23489540818722945
          0.5959940035221528
          0.5967988891785566
          0.008811836919355331
          0.008811836919339587
          0.008811836919338513
          0.008811836919354415
          0.008811836919351841
          0.008811836919335634
          0.008811836919353153
          0.008811836919355023
          0.008811836919339278
          0.0088118369193379
          0.008811836919353722
          0.008811836919353324
          0.008811836919335337
          0.008811836919335037
          0.008811836919352944
          0.000000000001983361947434522
          0.000000000000003394479393568991
          0.000000000001981601694581911
          0.000000000001757663341410304
          0.000000000000004380806174157699
          0.000000000000004815809333707655
          0.0000000000017615756531114586
          0.0000000000021178568405904657
          0.000000000000006181987054710075
          0.000000000000004911715742098427
          0.0000000000021116595938955825
          0.0000000000011602024246332929
          0.0000000000000054897812379825375
          0.000000000001164191061544593
          0.0000000000010376177569641017
          0.000000000000004853454783246608
          0.000000000000004948535200434958
          0.0000000000010351628755819414
          0.0000000000012369497675871224
          0.000000000000005655613006278237
          0.0000000000000068042359005980665
          0.0000000000012441396599212576
          0.00000000000006498552937121506
          0.0000000000000015047829395553475
          0.00000000000006260313317052151
          0.00000000000006814091340935808
          0.000000000000002716643737405814
          0.0000000000000018504235472020022
          0.00000000000006747633044092629
          0.0000000000016961290113812356
          0.000000000000002152562050073117
          0.0000000000016970443353586458
          0.0000000000018061018570243687
          0.0000000000000011855865584375472
          0.000000000000002015497149343835
          0.0000000000018098996537322825
          0.0000000000016977109853745433
          0.000000000000001401147750880738
          0.000000000000007297359305050636
          0.0000000000017070386499401393
          0.00000000000022889669915372297
          0.000000000000008196587337627426
          0.00000000000000333130244834193
          0.0000000000002418809329697491
          0.00000000000023524551846621007
          0.000000000000004808685711748368
          0.000000000000004623787577906388
          0.0000000000002341108085477752
          0.0000000000017063254677378186
          0.000000000000005658481301633707
          0.000000000000010131376044829888
          0.0000000000017054868124040014
          0.0000000000016951686293693669
          0.0000000000000011743737386753851
          0.0000000000016954847162796215
          0.0000000000018043308786429969
          0.000000000000004128060367318876
          0.000000000000003418657283737443
          0.0000000000018085800494509275
          0.00000000000006141594082045849
          0.0000000000000012311860414543735
          0.00000000000006067686044895018
          0.00000000000006803686933375931
          0.000000000000003316351200242231
          0.000000000000003864556185676212
          0.0000000000000653346460412723
          0.0000000000011675112917931329
          0.0000000000000010835303307966669
          0.0000000000011640463468746239
          0.0000000000010366073055154574
          0.000000000000001561076497705771
          0.000000000000007056683320018699
          0.0000000000010316833598636837
          0.0000000000012406698651885455
          0.0000000000000034159890920904872
          0.000000000000003160527466234786
          0.0000000000012404042040246005
          0.000000000001978647646428784
          0.000000000000008637844925759328
          0.00000000000198066107449377
          0.000000000001760290694871735
          0.00000000000000690180746519002
          0.00000000000000884955681119455
          0.000000000001764380043338802
          0.0000000000021139532089129286
          0.000000000000010924333288460303
          0.000000000000011305414682243822
          0.0000000000021159187375871543
          0.596872312578049
          0.5973129802787176
          0.005750036714383479
          0.005750036714399137
          0.005750036714399269
          0.0057500367143835055
          0.005750036714382771
          0.0057500367143982194
          0.005750036714384126
          0.005750036714385952
          0.005750036714401679
          0.005750036714400972
          0.005750036714385242
          0.005750036714383713
          0.00575003671439819
          0.00575003671439819
          0.005750036714383713
          0.2409218212037994
          0.24109969252197389
          0.12979870934272159
          0.12979870934271534
          0.1297987093427163
          0.12979870934272253
          0.1297987093427226
          0.12979870934272014
          0.12979870934272392
          0.1297987093427201
          0.12979870934271384
          0.12979870934271437
          0.12979870934272061
          0.12979870934272492
          0.12979870934272222
          0.12979870934272178
          0.12979870934272456
          0.0000000000000018735012878804975
          0.000000000000002081668171172176
          0.0000000000000016422048905913773
          0.00000000000000360822483003177
          0.000000000000006106226635438391
          0.0000000000000027755575615629067
          0.000000000000002220446049250313
          0.000000000000004440892098500622
          0.0000000000000034000580129145447
          0.000000000000005736152293896646
          0.000000000000012582527612418459
          0.000000000000022019423321732383
          0.000000000000016283271027835688
          0.000000000000011768364061026677
          0.000000000000007771561172376108
          0.0000000000000055511151231257646
          0.000000000000004996003610813189
          0.000000000000006106226635438371
          0.000000000000006106226635438371
          0.000000000000002220446049250321
          0.000000000000003885780586188064
          0.000000000000008881784197001278
          0.000000000000007216449660063513
          0.00000000000000797972798949335
          0.000000000000008881784197001257
          0.000000000000007216449660063502
          0.0000000000000022204460492503296
          0.0000000000000029605947323337702
          0.00000000000001276756478318924
          0.0000000000000033306690738754858
          0.000000000000009103828801926318
          0.000000000000007549516567451098
          0.000000000000008326672684688701
          0.000000000000008326672684688693
          0.0000000000000027755575615629016
          0.0000000000000027755575615629016
          0.0000000000000044408920985006435
          0.000000000000003053113317719183
          0.000000000000008881784197001227
          0.0000000000000048109664400423445
          0.000000000000004996003610813223
          0.00000000000001332267629550194
          0.000000000000005828670879282066
          0.000000000000011657341758564118
          0.0000000000000027755575615628716
          0.000000000000014802973661668695
          0.000000000000011842378929334977
          0.000000000000009325873406851313
          0.000000000000013544720900426905
          0.000000000000010880185641326574
          0.0000000000000051070259132757374
          0.0000000000000049960036108132
          0.0000000000000049960036108132
          0.000000000000003885780586188092
          0.00000000000000777156117237613
          0.000000000000009436895709313807
          0.000000000000005551115123125766
          0.0000000000000050653925498522885
          0.00000000000000471844785465692
          0.000000000000007424616477180739
          0.000000000000019243865760169416
          0.000000000000010732155904709877
          0.000000000000007771561172376052
          0.000000000000003885780586188022
          0.0000000000000035527136788005104
          0.000000000000007771561172376124
          0.000000000000010436096431476471
          0.0000000000000059952043329758445
          0.0000000000000033306690738754767
          0.0000000000000033306690738754767
          0.000000000000011102230246251608
          0.000000000000012212453270876807
          0.000000000000006013708050052904
          0.00000000000000592118946466748
          0.000000000000007632783294297939
          0.000000000000006106226635438405
          0.0000000000000064531713306337445
          0.00000000000001683838254014826
          0.000000000000011102230246251646
          0.000000000000008141635513917887
          0.000000000000007586524001605217
          0.0000000000000028865798640254106
          0.0000000000000064392935428259505
          0.000000000000012434497875801745
          0.000000000000006217248937900866
          0.000000000000007216449660063524
          0.000000000000007216449660063524
          0.00000000000000721644966006354
          0.000000000000012212453270876755
          0.000000000000012767564783189343
          0.000000000000007771561172376115
          0.000000000000008881784197001255
          0.00000000000000721644966006353
          0.000000000000006730727086790014
          0.00000000000001091719307548069
          0.000000000000013507713466272794
          0.000000000000017578531223231754
          0.0000000000000083266726846887
          0.000000000000004884981308350709
          0.0000000000000024424906541753523
          0.000000000000009103828801926247
          0.0000000000000042188474935755996
          0.000000000000004996003676987651
          0.0000000000000060368376963992855
          0.000000000000009992007221626478
          0.000000000000009992007221626488
          0.0000000000000027755575615628992
          0.0000000000000027755575615628977
          0.000000000000009298117831235683
          0.000000000000015959455978986597
          0.00000000000000693889390390725
          0.000000000000012212453270876714
          0.000000000000007956598343147
          0.000000000000006661338147751012
          0.000000000000006661338147751011
          0.000000000000016209256159527368
          0.00000000000002442490654175353
          0.000000000000010880185641326509
          0.000000000000003996802888650563
          0.000000000000004440892098500612
          0.000000000000004440892098500612
          0.0000000000000047878367936959876
          0.000000000000005551115123125722
          0.000000000000008326672684688631
          0.000000000000003885780586188037
          0.000000000000010408340855860871
          0.000000000000007910339050454272
          0.000000000000005551115123125788
          0.0000000000000048109664400423595
          0.00000000000000777156117237603
          0.000000000000015543122344752125
          0.000000000000019243865760169365
          0.000000000000006661338147750893
          0.000000000000010214051826551462
          0.000000000000006661338147750952
          0.000000000000007771561172376104
          0.24092182120379957
          0.24109969252197103
          0.12979870934272492
          0.12979870934271542
          0.12979870934271245
          0.12979870934272192
          0.12979870934272203
          0.1297987093427158
          0.12979870934271967
          0.1297987093427191
          0.1297987093427096
          0.12979870934270735
          0.1297987093427168
          0.12979870934272134
          0.12979870934271945
          0.1297987093427197
          0.12979870934272164
          0.5968723125780482
          0.5973129802787172
          0.005750036714383452
          0.005750036714400676
          0.00575003671440168
          0.005750036714384457
          0.0057500367143830545
          0.005750036714395496
          0.00575003671438232
          0.005750036714385808
          0.005750036714403034
          0.005750036714404247
          0.005750036714387059
          0.005750036714384561
          0.0057500367143972905
          0.005750036714396791
          0.005750036714384028
          0.0000000000019816837345025647
          0.0000000000000016936950834822115
          0.0000000000019851705713212193
          0.0000000000017566971979606324
          0.000000000000003968419638406156
          0.000000000000009010866870559674
          0.000000000001769376594590607
          0.0000000000021141465773523646
          0.0000000000000030811235933052534
          0.000000000000001830601338356922
          0.000000000002111585270203765
          0.0000000000011623577292974913
          0.000000000000006610933744331111
          0.0000000000011613217588024846
          0.000000000001039315454764955
          0.000000000000006779677032392274
          0.000000000000006607461996611462
          0.0000000000010270439106550234
          0.000000000001239497650701027
          0.000000000000004755233044167984
          0.0000000000000025515884627242787
          0.0000000000012436299130669392
          0.00000000000006230774550215
          0.000000000000001844823442332244
          0.00000000000006057527304289498
          0.00000000000006369531638845319
          0.0000000000000017037857992952293
          0.0000000000000025307713074339976
          0.00000000000006369139809943335
          0.0000000000016935875336635978
          0.000000000000001541262525968804
          0.000000000001694583620864734
          0.000000000001806967671375502
          0.000000000000003141804379859482
          0.0000000000000031154353029943295
          0.0000000000018080793480055691
          0.0000000000017111780261362865
          0.000000000000007652422331733211
          0.0000000000000066823969657389
          0.0000000000017099754182280904
          0.00000000000023538299276682154
          0.000000000000007621627875670036
          0.000000000000006656221678085126
          0.0000000000002388167905131773
          0.00000000000023424516088190984
          0.00000000000000439783137893011
          0.000000000000007050847457755684
          0.00000000000023028064509441267
          0.000000000001707465578488343
          0.000000000000007248245095902321
          0.000000000000010023595448608398
          0.0000000000017047365247613556
          0.000000000001693728024910668
          0.0000000000000018672988295391313
          0.0000000000016959078843721865
          0.0000000000018053430074598021
          0.000000000000008108664242798264
          0.0000000000000025193714366797904
          0.0000000000018116224361668229
          0.0000000000000619210665321689
          0.0000000000000016424659181002588
          0.00000000000006021674769301605
          0.00000000000006859815331622585
          0.000000000000006689378748553794
          0.0000000000000027530687871410464
          0.00000000000006367810447799883
          0.00000000000117062442686211
          0.000000000000003612676839554749
          0.0000000000011647545468894478
          0.0000000000010379340791605672
          0.000000000000004645633747467252
          0.000000000000005780257575969691
          0.0000000000010326262939333565
          0.0000000000012401157519399594
          0.000000000000004542052090816933
          0.000000000000007367213634662841
          0.0000000000012375222837173488
          0.0000000000019764062567014307
          0.000000000000004300069812528327
          0.0000000000019815887437011197
          0.0000000000017596023405490443
          0.000000000000004789801357974293
          0.000000000000005767089613214785
          0.0000000000017632374514888486
          0.000000000002113859393923769
          0.000000000000005610364964034842
          0.000000000000008028473019318055
          0.000000000002117959495215668
          0.5979764455246692
          0.5980329761330543
          0.0035631954481592796
          0.0035631954481636337
          0.003563195448163833
          0.0035631954481594786
          0.0035631954481577122
          0.0035631954481637773
          0.003563195448159486
          0.0035631954481599136
          0.003563195448164268
          0.0035631954481613057
          0.003563195448156934
          0.0035631954481587093
          0.003563195448163514
          0.0035631954481630426
          0.0035631954481582383
          0.24136749394608317
          0.24139031198751584
          0.041554975564215314
          0.041554975564214995
          0.041554975564213684
          0.041554975564213996
          0.04155497556421292
          0.0415549755642108
          0.041554975564214384
          0.04155497556421556
          0.041554975564215245
          0.04155497556421526
          0.04155497556421557
          0.04155497556421171
          0.04155497556420921
          0.041554975564212164
          0.04155497556421466
          0.00000000000000388578058618804
          0.00000000000000388578058618804
          0.000000000000003330669073875449
          0.0000000000000038857805861880234
          0.000000000000009992007221626434
          0.0000000000000055511151231257575
          0.0000000000000066613381477509085
          0.000000000000011657341758564087
          0.000000000000008326672684688657
          0.000000000000008881784197001196
          0.000000000000012582527612418347
          0.000000000000010732155904709798
          0.000000000000011102230246251532
          0.000000000000014876988529977006
          0.000000000000011102230246251498
          0.0000000000000028865798640254098
          0.0000000000000024424906541753483
          0.000000000000003885780586188034
          0.000000000000003885780586188034
          0.0000000000000044408920985005986
          0.000000000000009159339953157497
          0.000000000000004625929269271422
          0.000000000000007031412489292615
          0.000000000000003677613769070839
          0.000000000000003885780586188045
          0.0000000000000005551115123125746
          0.000000000000012767564783189198
          0.000000000000021464311809419413
          0.000000000000013322676295501771
          0.000000000000009066821367772052
          0.000000000000013100631690576726
          0.000000000000007549516567450998
          0.000000000000004996003610813178
          0.00000000000000666133814775092
          0.000000000000007216449660063546
          0.000000000000007216449660063546
          0.0000000000000055511151231257756
          0.000000000000010547118733939039
          0.00000000000001221245327087681
          0.00000000000000721644966006353
          0.000000000000010547118733939
          0.000000000000010547118733939088
          0.000000000000006175615574477443
          0.0000000000000116573417585641
          0.00000000000001665334536937731
          0.000000000000012767564783189474
          0.000000000000008511709855459525
          0.000000000000006439293542825883
          0.000000000000009103828801926236
          0.000000000000009547918011776343
          0.0000000000000048849813083506785
          0.0000000000000055511151231257535
          0.0000000000000055511151231257535
          0.00000000000000481096644004233
          0.000000000000006106226635438301
          0.000000000000016098233857064707
          0.000000000000008326672684688649
          0.000000000000013877787807814474
          0.000000000000023869795029440885
          0.000000000000007771561172376086
          0.0000000000000096219328800847
          0.000000000000009066821367772032
          0.000000000000019984014443252685
          0.000000000000012212453270876664
          0.000000000000004440892098500618
          0.0000000000000038857805861880645
          0.000000000000010214051826551478
          0.0000000000000061062266354383405
          0.00000000000000388578058618804
          0.00000000000000388578058618804
          0.00000000000001110223024625152
          0.00000000000001387778780781439
          0.0000000000000072164496600635
          0.000000000000005181040781584049
          0.000000000000011518563880485966
          0.000000000000008049116928532344
          0.000000000000007355227538141653
          0.000000000000011287267417022419
          0.000000000000007401486830834371
          0.00000000000000832667268468862
          0.0000000000000055511151231257464
          0.000000000000007771561172376056
          0.000000000000005107025913275751
          0.000000000000009325873406851317
          0.000000000000009103828801926254
          0.000000000000003608224830031754
          0.0000000000000034000580129145395
          0.000000000000010547118733938965
          0.000000000000007771561172376055
          0.0000000000000027755575615629446
          0.000000000000004070817756958899
          0.000000000000008326672684688658
          0.000000000000013877787807814458
          0.0000000000000045796699765787565
          0.000000000000009436895709313809
          0.000000000000012212453270876689
          0.000000000000009992007221626458
          0.000000000000007216449660063522
          0.000000000000009769962616701348
          0.000000000000009103828801926236
          0.000000000000007105427357601011
          0.000000000000002886579864025396
          0.000000000000004544975507059231
          0.000000000000004475586568020159
          0.000000000000005134781488891354
          0.000000000000006106226635438313
          0.0000000000000011102230246251475
          0.000000000000002590520390792026
          0.0000000000000066613381477508935
          0.000000000000012767564783189213
          0.000000000000006106226635438339
          0.000000000000016098233857064656
          0.000000000000026460315420232652
          0.000000000000021094237467877753
          0.000000000000015173048003210308
          0.000000000000027311486405778614
          0.000000000000031530333899354155
          0.0000000000000173194791841523
          0.000000000000008881784197001224
          0.0000000000000022551405187698504
          0.0000000000000021857515797307785
          0.0000000000000044408920985006064
          0.0000000000000058286708792820616
          0.0000000000000022204460492503107
          0.0000000000000011102230246251556
          0.000000000000008187894806610537
          0.000000000000007216449660063527
          0.0000000000000031918911957973262
          0.000000000000007956598343146913
          0.000000000000011657341758564054
          0.000000000000007771561172376082
          0.000000000000010362081563168115
          0.00000000000001221245327087665
          0.000000000000013322676295501792
          0.0000000000000066613381477508714
          0.000000000000002220446049250313
          0.24136749394608037
          0.2413903119875162
          0.04155497556421223
          0.04155497556421513
          0.041554975564216806
          0.041554975564213906
          0.041554975564213885
          0.04155497556420868
          0.041554975564214
          0.0415549755642161
          0.041554975564219006
          0.041554975564221386
          0.041554975564218485
          0.04155497556421893
          0.04155497556421257
          0.04155497556420797
          0.04155497556421433
          0.5979764455246681
          0.5980329761330542
          0.003563195448159051
          0.003563195448161511
          0.0035631954481618803
          0.00356319544815942
          0.0035631954481586204
          0.0035631954481661083
          0.003563195448158794
          0.003563195448157337
          0.003563195448159798
          0.0035631954481593476
          0.003563195448156887
          0.0035631954481569624
          0.0035631954481661655
          0.0035631954481688288
          0.0035631954481596425
          0.0000000000019756703232944864
          0.0000000000000027099121335715247
          0.000000000001983877739719404
          0.0000000000017574027834698686
          0.0000000000000048125351944365734
          0.0000000000000032742374999164294
          0.000000000001763818744723609
          0.0000000000021154497500744064
          0.000000000000005628400484293899
          0.000000000000009113252653153318
          0.000000000002105851018267905
          0.0000000000011637941704051248
          0.000000000000006534024046284819
          0.0000000000011597300427201082
          0.0000000000010374704618867894
          0.0000000000000055284416692359465
          0.0000000000000030691764964835237
          0.0000000000010301309917790767
          0.0000000000012408255401202066
          0.000000000000008229679388954494
          0.000000000000006947027012940521
          0.0000000000012468451371809
          0.00000000000006375029297114028
          0.000000000000005745534860120431
          0.00000000000006052657288331272
          0.00000000000006234489797296871
          0.0000000000000032670821567134617
          0.000000000000005899433115302245
          0.00000000000006153364301498647
          0.0000000000016914028539332029
          0.0000000000000023870238985117594
          0.0000000000016937571084407996
          0.0000000000018051311133544483
          0.000000000000003118127497395119
          0.000000000000005078085373158371
          0.0000000000018076666431537217
          0.000000000001708791819590861
          0.000000000000014267456424833867
          0.000000000000009511637616555878
          0.000000000001712240040939783
          0.00000000000023946014005347606
          0.0000000000000032640851149904913
          0.00000000000000730224943670832
          0.00000000000024047429838087073
          0.00000000000023542866492064877
          0.00000000000000787568213819228
          0.0000000000000068492523823622055
          0.00000000000023397827327491836
          0.000000000001706680496894126
          0.000000000000005152070493105664
          0.000000000000006603179178242712
          0.0000000000017061642024555594
          0.000000000001696017301221475
          0.0000000000000023012326238176384
          0.0000000000016937175023662719
          0.0000000000018050015434782366
          0.0000000000000007155056608327736
          0.0000000000000018969384935000692
          0.0000000000018098439150493556
          0.00000000000006041026430986934
          0.0000000000000038645561856762444
          0.00000000000006296428598580268
          0.00000000000006878903046984243
          0.00000000000000437755036961556
          0.0000000000000016244815824745234
          0.00000000000006448566728882098
          0.0000000000011706627505912941
          0.00000000000000474931684743817
          0.0000000000011636983207883493
          0.0000000000010370914516325732
          0.0000000000000023389560908305928
          0.00000000000000599236684427673
          0.0000000000010353843665632888
          0.0000000000012402714348078195
          0.000000000000004773745412055155
          0.000000000000007309633731027465
          0.0000000000012400832698409827
          0.0000000000019756381695291514
          0.000000000000006406632343398357
          0.0000000000019809452838361417
          0.0000000000017590164064446012
          0.0000000000000014685284600670856
          0.0000000000000009314487528658595
          0.0000000000017595949216564897
          0.0000000000021140987998729726
          0.000000000000004017095249954157
          0.000000000000006287842997427728
          0.000000000002116141824744307
          0.5979764455246679
          0.5980329761330553
          0.003563195448160949
          0.0035631954481667527
          0.0035631954481655493
          0.003563195448159745
          0.0035631954481616076
          0.003563195448166749
          0.003563195448160072
          0.0035631954481616106
          0.003563195448167431
          0.0035631954481671214
          0.003563195448161301
          0.0035631954481620777
          0.003563195448167393
          0.003563195448166086
          0.003563195448160788
          0.2413674939460805
          0.24139031198751756
          0.0415549755642107
          0.04155497556420849
          0.04155497556421059
          0.0415549755642128
          0.04155497556421218
          0.041554975564210235
          0.04155497556421326
          0.04155497556421286
          0.041554975564210644
          0.04155497556421116
          0.041554975564213364
          0.041554975564210866
          0.04155497556421032
          0.04155497556421111
          0.041554975564211664
          0.000000000000004440892098500615
          0.000000000000004440892098500615
          0.000000000000012212453270876717
          0.000000000000013322676295501842
          0.000000000000012212453270876692
          0.000000000000011102230246251559
          0.000000000000008396061623727715
          0.000000000000009992007221626324
          0.000000000000010547118733938946
          0.0000000000000070314124892926426
          0.000000000000007771561172376072
          0.000000000000006291263806209187
          0.000000000000004440892098500606
          0.000000000000015987211554602204
          0.000000000000010547118733938951
          0.000000000000006883382752675996
          0.000000000000006106226635438381
          0.000000000000004336808689942019
          0.00000000000000454497550705924
          0.00000000000000444089209850065
          0.000000000000006661338147750924
          0.0000000000000066613381477509195
          0.000000000000007216449660063499
          0.000000000000005967448757360187
          0.000000000000005551115123125757
          0.0000000000000069388939039072244
          0.00000000000000777156117237608
          0.000000000000016283271027835603
          0.00000000000001665334536937724
          0.000000000000011472304587793222
          0.000000000000019761969838327708
          0.000000000000015543122344752062
          0.000000000000012212453270876664
          0.000000000000005551115123125759
          0.0000000000000016653345369377427
          0.0000000000000016653345369377427
          0.000000000000002775557561562895
          0.000000000000005551115123125821
          0.0000000000000018503717077085967
          0.0000000000000035157062446463335
          0.000000000000005551115123125751
          0.000000000000007771561172376097
          0.000000000000003400058012914529
          0.00000000000000573615229389662
          0.000000000000012952601953960162
          0.00000000000000740148683083446
          0.000000000000006476300976980049
          0.00000000000000666133814775093
          0.00000000000001509903313490218
          0.000000000000020650148258028013
          0.000000000000009103828801926258
          0.0000000000000044408920985006025
          0.0000000000000044408920985006025
          0.000000000000003585095183685399
          0.000000000000003978299171573444
          0.0000000000000055511151231257235
          0.0000000000000022204460492503012
          0.0000000000000063143934525555715
          0.000000000000010616507672978017
          0.000000000000008604228440844936
          0.00000000000000462592926927148
          0.000000000000006106226635438313
          0.0000000000000025905203907920215
          0.0000000000000027755575615628843
          0.000000000000007216449660063489
          0.000000000000012212453270876613
          0.000000000000016431300764452254
          0.000000000000010880185641326452
          0.0000000000000055511151231257646
          0.0000000000000055511151231257646
          0.000000000000010547118733938933
          0.00000000000001387778780781436
          0.000000000000007771561172376058
          0.000000000000004440892098500617
          0.000000000000003885780586188028
          0.000000000000007771561172376045
          0.000000000000002636779683484735
          0.0000000000000038857805861880384
          0.000000000000007216449660063475
          0.000000000000003885780586187999
          0.0000000000000014802973661668585
          0.000000000000008881784197001205
          0.0000000000000027755575615628633
          0.000000000000011657341758564066
          0.000000000000005551115123125749
          0.00000000000000225514051876985
          0.0000000000000026020852139652138
          0.000000000000008326672684688635
          0.000000000000007771561172376063
          0.0000000000000019428902930940243
          0.0000000000000027755575615628914
          0.00000000000000284494650060196
          0.0000000000000070776717819854416
          0.0000000000000044408920985006514
          0.0000000000000059211894646675026
          0.000000000000007031412489292731
          0.000000000000003515706244646396
          0.00000000000000462592926927151
          0.000000000000017319479184152603
          0.000000000000024202861936828624
          0.000000000000011324274851176573
          0.000000000000005329070518200741
          0.000000000000004440892098500619
          0.000000000000004440892098500619
          0.0000000000000049960036108132005
          0.000000000000004440892098500614
          0.0000000000000033306690738754716
          0.000000000000002960594732333754
          0.0000000000000070776717819853524
          0.000000000000006383782391594603
          0.000000000000005551115123125776
          0.000000000000013137639124730974
          0.000000000000016838382540148093
          0.000000000000019984014443252676
          0.000000000000014432899320126934
          0.000000000000023314683517128246
          0.000000000000021760371282652977
          0.000000000000015765166949677163
          0.0000000000000055511151231258
          0.000000000000002775557561562889
          0.000000000000002775557561562889
          0.000000000000003885780586188041
          0.000000000000004440892098500618
          0.000000000000003885780586188042
          0.0000000000000033306690738754716
          0.00000000000000721644966006348
          0.000000000000011102230246251507
          0.000000000000006106226635438355
          0.0000000000000061062266354383444
          0.000000000000009992007221626332
          0.000000000000014062824978585288
          0.000000000000009251858538542952
          0.000000000000019761969838327723
          0.000000000000015321077739827066
          0.000000000000007771561172376097
          0.000000000000007216449660063502
          0.2413674939460791
          0.24139031198751515
          0.04155497556420974
          0.04155497556420525
          0.04155497556420255
          0.04155497556420702
          0.041554975564206065
          0.04155497556419857
          0.04155497556420697
          0.041554975564208715
          0.04155497556420423
          0.04155497556420577
          0.04155497556421027
          0.04155497556421025
          0.041554975564204566
          0.041554975564197336
          0.041554975564203026
          0.5979764455246682
          0.5980329761330518
          0.0035631954481608226
          0.0035631954481683244
          0.0035631954481713593
          0.003563195448163858
          0.003563195448163555
          0.0035631954481730416
          0.0035631954481634364
          0.003563195448161705
          0.0035631954481692065
          0.0035631954481702218
          0.0035631954481627204
          0.0035631954481607736
          0.003563195448168699
          0.0035631954481701754
          0.0035631954481622503
          0.000000000001973081689297246
          0.000000000000008193249966345144
          0.000000000001982802952632574
          0.0000000000017567676007984391
          0.000000000000007918024515279308
          0.000000000000007177032916255853
          0.000000000001761995419875763
          0.0000000000021147104850890002
          0.0000000000000032450198319216463
          0.000000000000008026330892528122
          0.000000000002105807161579866
          0.0000000000011623211313269683
          0.000000000000009163465875776839
          0.000000000001160886445471446
          0.0000000000010346222261915258
          0.000000000000003408614092808605
          0.0000000000000015464172501359342
          0.000000000001028675959263667
          0.000000000001238318800272753
          0.000000000000010142119197082177
          0.00000000000000741660530718199
          0.0000000000012428026157926423
          0.00000000000006466796365228021
          0.0000000000000023426734399895938
          0.00000000000005994276212883679
          0.00000000000005887458411318815
          0.000000000000011331375943025808
          0.000000000000007506814891645454
          0.00000000000006238140055275158
          0.0000000000016918035349870503
          0.000000000000004446302793669268
          0.000000000001693214105518577
          0.0000000000018021462786479917
          0.0000000000000068689962666911806
          0.000000000000008382356963003588
          0.0000000000018067686900066422
          0.0000000000017071180686925378
          0.000000000000006482498540181601
          0.0000000000000038396837403943455
          0.0000000000017112476467895921
          0.0000000000002372005187831981
          0.000000000000006728313836125835
          0.000000000000004454995382015492
          0.000000000000237533320362467
          0.0000000000002387261082189324
          0.000000000000005266360585655656
          0.000000000000003764640486405816
          0.00000000000023660116010016324
          0.0000000000017104457262527832
          0.000000000000011532523795710756
          0.000000000000011640304391932324
          0.0000000000017084879204256786
          0.0000000000016983041539743485
          0.0000000000000032603630357032764
          0.0000000000016952322963586164
          0.0000000000018042812564920416
          0.0000000000000033124730475618583
          0.0000000000000016882263741480632
          0.0000000000018082053164230104
          0.00000000000006005324512530896
          0.000000000000001607381776343214
          0.00000000000006192321669624122
          0.00000000000006977435514405048
          0.000000000000004496691386023703
          0.000000000000005437738349756827
          0.0000000000000646065134306739
          0.0000000000011640776005897946
          0.00000000000000777074668193305
          0.0000000000011663938050788189
          0.0000000000010398898378779608
          0.000000000000008118690563213644
          0.000000000000011984733688553448
          0.0000000000010314644287899877
          0.0000000000012442100183852307
          0.0000000000000059193703271562524
          0.000000000000003468585901790338
          0.0000000000012424420254233408
          0.0000000000019810940680074807
          0.0000000000000057597758144586614
          0.0000000000019789478928201645
          0.0000000000017547558947923523
          0.0000000000000058022958958881244
          0.000000000000004639449208655025
          0.000000000001764394858231327
          0.0000000000021111709700488187
          0.000000000000012067577469810778
          0.000000000000012236946978159016
          0.00000000000211386535676327
          0.5968723125780471
          0.5973129802787196
          0.005750036714382773
          0.005750036714398783
          0.005750036714399542
          0.00575003671438346
          0.005750036714382724
          0.0057500367143982906
          0.0057500367143827665
          0.005750036714384404
          0.00575003671440045
          0.005750036714399053
          0.005750036714383078
          0.005750036714382562
          0.005750036714399042
          0.005750036714398929
          0.005750036714382448
          0.24092182120379566
          0.2410996925219774
          0.1297987093427237
          0.1297987093427216
          0.1297987093427232
          0.12979870934272522
          0.12979870934272494
          0.12979870934271892
          0.12979870934272267
          0.12979870934272403
          0.12979870934272203
          0.1297987093427219
          0.12979870934272392
          0.12979870934272292
          0.12979870934271673
          0.1297987093427165
          0.12979870934272272
          0.0000000000000011102230246251492
          0.0000000000000012836953722228398
          0.000000000000006106226635438338
          0.000000000000003885780586188027
          0.000000000000003885780586188035
          0.000000000000006106226635438352
          0.000000000000006106226635438353
          0.000000000000005551115123125795
          0.0000000000000058980598183211465
          0.0000000000000049960036108132005
          0.000000000000010177044392397285
          0.0000000000000033306690738754822
          0.000000000000006291263806209221
          0.000000000000026201263381153723
          0.00000000000001643130076445234
          0.000000000000013322676295501882
          0.000000000000006661338147750949
          0.0000000000000022204460823375396
          0.0000000000000021510571102112443
          0.000000000000008326672684688663
          0.00000000000001054711873393897
          0.0000000000000036082248300317974
          0.000000000000007031412489292695
          0.00000000000000437150315946156
          0.000000000000015543122344752242
          0.000000000000012212453270876802
          0.000000000000006291263806209217
          0.000000000000011842378929334975
          0.000000000000007216449660063481
          0.000000000000012027416100105843
          0.000000000000032418512319054836
          0.00000000000002509104035652862
          0.000000000000014210854715202013
          0.000000000000004662936703425667
          0.000000000000002775557561562897
          0.000000000000002775557561562897
          0.000000000000009436895709313875
          0.000000000000012212453270876804
          0.000000000000008881784197001262
          0.000000000000006106226635438351
          0.000000000000005759281940243023
          0.000000000000006106226635438304
          0.0000000000000056898930012039304
          0.000000000000006106226635438352
          0.000000000000003885780586188053
          0.000000000000005736152293896655
          0.0000000000000029605947323337643
          0.000000000000009992007221626466
          0.000000000000013766765505351932
          0.000000000000028643754035329266
          0.000000000000017097434579227486
          0.000000000000003157196759365017
          0.0000000000000034347524824340855
          0.000000000000004440892098500638
          0.0000000000000044408920985006435
          0.0000000000000020354088784794452
          0.0000000000000016653345369377417
          0.000000000000006661338147750922
          0.000000000000012698175844150163
          0.00000000000001158795281952504
          0.0000000000000044408920985006175
          0.000000000000008141635513917914
          0.000000000000002775557561562918
          0.000000000000006661338147750923
          0.00000000000001332267629550198
          0.00000000000000821565038222614
          0.000000000000019539925233402954
          0.00000000000000754951656745114
          0.000000000000006106226635438349
          0.000000000000006106226635438349
          0.00000000000000444089209850064
          0.0000000000000016653345369377027
          0.000000000000007771561172376094
          0.0000000000000016653345369377299
          0.0000000000000014571677198205193
          0.0000000000000061756155744774624
          0.00000000000000568989300120394
          0.000000000000006291263806209216
          0.000000000000011102230246251554
          0.000000000000006106226635438335
          0.0000000000000066613381477509156
          0.000000000000012212453270876843
          0.000000000000015321077739827302
          0.000000000000010880185641326501
          0.0000000000000064392935428259284
          0.0000000000000044408920985006246
          0.0000000000000044408920985006246
          0.000000000000007771561172376107
          0.000000000000009992007221626433
          0.0000000000000055511151231257906
          0.0000000000000033306690738754657
          0.000000000000003053113317719189
          0.0000000000000061756155744774435
          0.0000000000000067307270867900155
          0.000000000000008141635513917836
          0.00000000000001739349405246083
          0.00000000000000740148683083439
          0.00000000000001165734175856418
          0.000000000000024646951146678535
          0.00000000000002731148640577886
          0.000000000000011102230246251635
          0.000000000000005995204332975843
          0.0000000000000016653345369377405
          0.0000000000000016653345369377405
          0.000000000000006661338147750948
          0.000000000000008326672684688688
          0.000000000000004996003610813205
          0.0000000000000038857805861880605
          0.000000000000007771561172376091
          0.000000000000012212453270876675
          0.00000000000000721644966006353
          0.000000000000008881784197001248
          0.000000000000027570538444858115
          0.000000000000024980018054066104
          0.00000000000002405483220021178
          0.00000000000003042011087472933
          0.0000000000000315303338993544
          0.00000000000001332267629550193
          0.000000000000007771561172376094
          0.0000000000000027755575615628886
          0.0000000000000027755575615628886
          0.0000000000000027755575615628917
          0.000000000000003330669073875475
          0.000000000000004440892098500619
          0.000000000000001480297366166867
          0.0000000000000025673907444456753
          0.0000000000000055511151231257614
          0.000000000000007216449660063519
          0.000000000000004070817756958923
          0.000000000000013322676295501921
          0.000000000000012952601953960133
          0.00000000000000888178419700127
          0.000000000000016209256159527285
          0.000000000000023314683517128275
          0.000000000000007216449660063467
          0.000000000000005551115123125768
          0.24092182120379865
          0.24109969252197005
          0.12979870934272847
          0.12979870934272514
          0.12979870934272278
          0.12979870934272622
          0.12979870934272467
          0.12979870934272056
          0.12979870934272508
          0.12979870934272614
          0.12979870934272275
          0.12979870934271878
          0.12979870934272217
          0.12979870934272458
          0.12979870934272136
          0.1297987093427253
          0.12979870934272858
          0.5968723125780492
          0.597312980278714
          0.005750036714378012
          0.005750036714392457
          0.00575003671439503
          0.005750036714380656
          0.005750036714380316
          0.0057500367143955775
          0.0057500367143798956
          0.005750036714379835
          0.005750036714394244
          0.005750036714396243
          0.005750036714381832
          0.005750036714379581
          0.005750036714392937
          0.005750036714387091
          0.0057500367143736965
          0.0000000000019784413033465855
          0.00000000000000533513951296897
          0.0000000000019837415846052684
          0.0000000000017603433368666628
          0.000000000000004684650389965122
          0.0000000000000047423462337501936
          0.000000000001759464450892303
          0.000000000002113281923332641
          0.000000000000009720789953021337
          0.000000000000009484692467500373
          0.000000000002111163972631341
          0.0000000000011625225105360895
          0.0000000000000047424837991366704
          0.0000000000011622448171993472
          0.0000000000010319130713909304
          0.000000000000005064516494195145
          0.000000000000002399590303527431
          0.0000000000010332116617993448
          0.0000000000012329182732148844
          0.000000000000007254913329087841
          0.0000000000000019716819939233088
          0.0000000000012397250818662651
          0.00000000000006093783886682676
          0.00000000000001077287786272577
          0.0000000000000624518402336325
          0.00000000000006164669301414501
          0.000000000000014315545287608046
          0.000000000000010978075536301434
          0.00000000000006483321916628661
          0.0000000000016947290631529111
          0.000000000000002952561598895679
          0.0000000000016940118746815466
          0.000000000001802126142414462
          0.000000000000008737570692189784
          0.000000000000008897829297297984
          0.0000000000018075438584047768
          0.000000000001706568344597278
          0.000000000000007544641735511684
          0.000000000000004257333550753016
          0.0000000000017091862713143017
          0.0000000000002331319624996838
          0.000000000000004112421936933387
          0.0000000000000034851277015102493
          0.0000000000002349764154589853
          0.00000000000024226476047717504
          0.000000000000015243255751339993
          0.000000000000016767581326474024
          0.00000000000023572646778441025
          0.000000000001715263838647214
          0.000000000000015304844663466612
          0.000000000000015843747644574597
          0.0000000000017087796113371172
          0.0000000000016959685009792553
          0.00000000000000444594959414081
          0.0000000000016942103524612546
          0.0000000000018044603645249034
          0.000000000000003260363035703259
          0.0000000000000023711731168750964
          0.0000000000018080576916079645
          0.00000000000006217357844174963
          0.000000000000007250317799675826
          0.00000000000006264661976191863
          0.00000000000006876413510293625
          0.000000000000009028697637332162
          0.000000000000010396682127837034
          0.00000000000006448141751437068
          0.0000000000011610381441959737
          0.000000000000006881556763104908
          0.0000000000011679589495173736
          0.0000000000010348619094461352
          0.000000000000011056883338471904
          0.000000000000015541493363866102
          0.0000000000010342921972807805
          0.000000000001248068627404105
          0.0000000000000093184074109619
          0.000000000000007654765388172859
          0.000000000001242229241562496
          0.0000000000019834569842399814
          0.000000000000006363007861854351
          0.0000000000019781062454514455
          0.0000000000017608836118687408
          0.000000000000002630722963931373
          0.000000000000004569337360939334
          0.0000000000017625450895415532
          0.0000000000021060898407952625
          0.000000000000006509263660592195
          0.000000000000004272755773222607
          0.0000000000021133303388489337
          0.5959940035221523
          0.5967988891785594
          0.008811836919348634
          0.008811836919327902
          0.008811836919326436
          0.00881183691934717
          0.008811836919350412
          0.00881183691933565
          0.008811836919352509
          0.00881183691934982
          0.008811836919329087
          0.008811836919329932
          0.008811836919350663
          0.008811836919349789
          0.008811836919333214
          0.008811836919334208
          0.008811836919350783
          0.24056730012308625
          0.2408921845483495
          0.23489540818722263
          0.2348954081872226
          0.2348954081872236
          0.23489540818722363
          0.23489540818722365
          0.23489540818722449
          0.23489540818722401
          0.2348954081872244
          0.23489540818722437
          0.2348954081872248
          0.23489540818722493
          0.23489540818722227
          0.23489540818722368
          0.23489540818722565
          0.23489540818722424
          0.0000000000000012143064662709895
          0.0000000000000010061396160665483
          0.0000000000000023129646346357498
          0.0000000000000032381504884900424
          0.000000000000003515706244646321
          0.000000000000002775557561562883
          0.0000000000000016653345369377484
          0.000000000000008881784197001224
          0.000000000000007424616477180728
          0.000000000000004996003610813202
          0.000000000000005921189464667543
          0.00000000000000999200722162645
          0.0000000000000044408920985006325
          0.000000000000020650148258027987
          0.000000000000010214051826551508
          0.000000000000014432899320127152
          0.000000000000007549516567451102
          0.0000000000000027755575615629016
          0.0000000000000027755575615629016
          0.000000000000005551115123125764
          0.000000000000008326672684688663
          0.000000000000010547118733939033
          0.000000000000007771561172376132
          0.000000000000004718447854656946
          0.000000000000005551115123125768
          0.000000000000012767564783189288
          0.000000000000006661338147750953
          0.00000000000000943689570931387
          0.000000000000010547118733938971
          0.000000000000010362081563168122
          0.00000000000002065014825802788
          0.000000000000017763568394002552
          0.00000000000001931788062847779
          0.000000000000009769962616701387
          0.0000000000000022204460492503198
          0.0000000000000022204460492503198
          0.0000000000000014571677198205172
          0.000000000000006291263806209252
          0.0000000000000066613381477509645
          0.000000000000008881784197001267
          0.000000000000005551115123125788
          0.000000000000013322676295501927
          0.000000000000007771561172376121
          0.000000000000005551115123125777
          0.000000000000008511709855459543
          0.0000000000000066613381477509424
          0.000000000000008881784197001267
          0.000000000000015543122344752188
          0.000000000000017319479184152442
          0.000000000000013766765505351968
          0.000000000000006661338147750958
          0.000000000000003330669073875473
          0.000000000000003330669073875473
          0.000000000000003885780586188049
          0.000000000000007216449660063529
          0.000000000000003885780586188067
          0.0000000000000020354088784794464
          0.000000000000008049116928532342
          0.000000000000010894063429134255
          0.000000000000009367506770274735
          0.000000000000008696747026230394
          0.000000000000007586524001605231
          0.000000000000011842378929334969
          0.000000000000008511709855459513
          0.00000000000002020605904817789
          0.00000000000003619327060278007
          0.000000000000024646951146678393
          0.000000000000008881784197001237
          0.0000000000000022204460492503083
          0.000000000000002428612866367531
          0.00000000000000444089209850063
          0.000000000000006661338147750948
          0.000000000000002220446049250315
          0.000000000000004255854927729763
          0.0000000000000031918911957973235
          0.000000000000010547118733939023
          0.000000000000007424616477180715
          0.000000000000006106226635438355
          0.00000000000001091719307548072
          0.000000000000016653345369377253
          0.000000000000007401486830834308
          0.000000000000026645352591003606
          0.000000000000034194869158454626
          0.000000000000021094237467877842
          0.000000000000004440892098500639
          0.000000000000003885780586188046
          0.000000000000003885780586188046
          0.0000000000000032844097811827507
          0.000000000000006476300976980074
          0.000000000000007771561172376082
          0.000000000000003885780586188043
          0.000000000000007216449660063533
          0.000000000000014432899320127
          0.000000000000007216449660063486
          0.000000000000011102230246251529
          0.00000000000001831867990631498
          0.000000000000024609943712524397
          0.00000000000002590520390792047
          0.000000000000042188474935756125
          0.000000000000047961634663806927
          0.00000000000001887379141862773
          0.0000000000000064392935428259395
          0.000000000000002463307335887067
          0.000000000000002220446049250321
          0.00000000000000444089209850064
          0.0000000000000066613381477509566
          0.000000000000004440892098500646
          0.0000000000000022204460492503182
          0.00000000000000749400541621984
          0.00000000000000832667268468874
          0.00000000000000888178419700129
          0.000000000000006661338147750958
          0.000000000000017023419710919125
          0.000000000000013322676295501927
          0.000000000000010732155904709909
          0.00000000000002331468351712839
          0.00000000000002331468351712837
          0.000000000000005551115123125828
          0.0000000000000026645352591003662
          0.0000000000000001734723475976813
          0.0000000000000002428612866367539
          0.00000000000000444089209850064
          0.000000000000004440892098500633
          0.0000000000000024980018054066014
          0.0000000000000022204460492503123
          0.000000000000003608224830031775
          0.0000000000000055511151231257985
          0.000000000000004996003610813198
          0.0000000000000055511151231258024
          0.000000000000005551115123125822
          0.000000000000005551115123125778
          0.0000000000000011102230246251802
          0.000000000000012656542480726841
          0.000000000000009992007221626475
          0.000000000000006661338147750954
          0.000000000000005329070518200775
          0.240567300123089
          0.2408921845483448
          0.23489540818722193
          0.23489540818722415
          0.23489540818722993
          0.2348954081872278
          0.23489540818722912
          0.2348954081872315
          0.23489540818722787
          0.23489540818722424
          0.2348954081872264
          0.23489540818722743
          0.2348954081872253
          0.2348954081872278
          0.23489540818722543
          0.23489540818722163
          0.2348954081872239
          0.5959940035221539
          0.5967988891785567
          0.008811836919348465
          0.008811836919332384
          0.008811836919336905
          0.008811836919352906
          0.008811836919353444
          0.008811836919336747
          0.008811836919352212
          0.008811836919350632
          0.008811836919334551
          0.008811836919335335
          0.008811836919351414
          0.008811836919352906
          0.008811836919334636
          0.008811836919332685
          0.008811836919351033
          0.000000000001979373310523217
          0.00000000000001676758132647377
          0.0000000000019830929031077283
          0.0000000000017613632150629877
          0.000000000000016259472801429134
          0.0000000000000164288423097773
          0.000000000001754191344523066
          0.000000000002121982403082302
          0.000000000000017143084531071395
          0.00000000000001456577771794696
          0.000000000002112324176864016
          0.0000000000011622570649608131
          0.0000000000000062629898630505074
          0.0000000000011600315094648049
          0.0000000000010324800971825975
          0.000000000000010592958163431133
          0.000000000000006494952450570911
          0.0000000000010386953656716972
          0.0000000000012254570012117675
          0.000000000000011470731647669201
          0.0000000000000042305980904796835
          0.0000000000012403418632133512
          0.00000000000006029774304082874
          0.0000000000000011627868169291298
          0.00000000000006556866997888061
          0.00000000000006666676346498753
          0.000000000000009313527513149261
          0.000000000000005745534860120387
          0.00000000000006677066541691742
          0.0000000000016965848744931598
          0.000000000000006935681366859707
          0.0000000000016957200293762406
          0.0000000000018025805565864473
          0.000000000000003136938116196674
          0.000000000000008002709269453507
          0.0000000000018093780280528924
          0.0000000000016930487871577831
          0.000000000000007436861139290165
          0.000000000000013634245422031917
          0.000000000001705460789574892
          0.0000000000002284972536039126
          0.000000000000014483686620188854
          0.000000000000007469195318156427
          0.00000000000023839714956842416
          0.00000000000023598212499165563
          0.000000000000005589193775491279
          0.000000000000008739466630768182
          0.0000000000002361537677923759
          0.0000000000017088494744474428
          0.000000000000004634565637528551
          0.0000000000000037723208677557976
          0.0000000000017087393900358677
          0.0000000000016958997634712455
          0.0000000000000016598211818125432
          0.0000000000016943162026433764
          0.0000000000018078327299728454
          0.0000000000000024084896039421634
          0.000000000000001837659165578172
          0.000000000001808194621620452
          0.00000000000006260358433482026
          0.000000000000001304662098096169
          0.00000000000006269341588557955
          0.00000000000006568585031096762
          0.0000000000000023939728583834986
          0.000000000000004035554246989331
          0.00000000000006495641005070543
          0.000000000001163079998939513
          0.000000000000004329968300380602
          0.000000000001165648953238583
          0.0000000000010327511231406093
          0.0000000000000026289093252310665
          0.0000000000000055671021004893104
          0.0000000000010372943795210076
          0.0000000000012413537627607944
          0.000000000000002619307890147255
          0.0000000000000014690905377634313
          0.0000000000012416727853510178
          0.0000000000019797576474442085
          0.0000000000000025689542990696952
          0.0000000000019789798169860234
          0.0000000000017632611465623421
          0.0000000000000023027076718005836
          0.000000000000002709912133571526
          0.0000000000017588796435900594
          0.000000000002112758315044767
          0.0000000000000027216698366105514
          0.000000000000002032434100178656
          0.0000000000021127097890223327
          0.5972958004058576
          0.5976548899412278
          0.058830620785462195
          0.05883062078546521
          0.05883062078546462
          0.05883062078546172
          0.058830620785460114
          0.05883062078546307
          0.05883062078546074
          0.05883062078545997
          0.05883062078546295
          0.05883062078546179
          0.058830620785458775
          0.05883062078546172
          0.05883062078546363
          0.058830620785461966
          0.05883062078546006
          0.38221928236636465
          0.37704588345187523
          0.37303479536258616
          0.37303479536261497
          0.3730347953626158
          0.373034795362587
          0.37303479536258566
          0.3730347953626113
          0.3730347953625839
          0.373034795362583
          0.3730347953626119
          0.37303479536261275
          0.37303479536258377
          0.3730347953625872
          0.37303479536261575
          0.37303479536261563
          0.37303479536258716
          0.00000000000000006938893903907215
          0.00000000000000006938893903907215
          0.000000000000001110223024625153
          0.0000000000000011102230246251534
          0.000000000000002035408878479452
          0.0000000000000005551115123125778
          0.0000000000000033306690738754554
          0.000000000000005689893001203907
          0.000000000000004579669976578761
          0.000000000000003885780586188042
          0.0000000000000057361522938966395
          0.000000000000009621932880084695
          0.00000000000000462592926927149
          0.000000000000004440892098500618
          0.0000000000000068833827526759745
          0.00000000000000910382880192628
          0.00000000000000399680288865056
          0.0000000000000010061395829793236
          0.0000000000000012143064331837654
          0.000000000000003330669073875473
          0.0000000000000012952601953960082
          0.0000000000000021279274638648934
          0.000000000000003330669073875474
          0.000000000000002081668171172151
          0.000000000000005551115123125783
          0.000000000000007632783294297948
          0.000000000000003330669073875496
          0.0000000000000018503717077085735
          0.000000000000014062824978585307
          0.000000000000008141635513917803
          0.000000000000007105427357600992
          0.000000000000007771561172376123
          0.000000000000011102230246251569
          0.000000000000005329070518200755
          0.0000000000000017000290395444943
          0.0000000000000015612511283791254
          0.000000000000008881784197001273
          0.000000000000007216449660063527
          0.000000000000008881784197001238
          0.000000000000007216449660063508
          0.000000000000007216449660063527
          0.000000000000013322676295501885
          0.000000000000004996003610813201
          0.000000000000007216449660063489
          0.000000000000008881784197001197
          0.000000000000012212453270876684
          0.000000000000013692750637043572
          0.000000000000013988810110277017
          0.000000000000017097434579227433
          0.000000000000006439293542825893
          0.000000000000004440892098500622
          0.000000000000001665334536937732
          0.000000000000001665334536937732
          0.000000000000005551115123125784
          0.000000000000003885780586188041
          0.000000000000007216449660063519
          0.000000000000005551115123125783
          0.000000000000004163336342344335
          0.000000000000002220446049250308
          0.000000000000002775557561562889
          0.000000000000004440892098500625
          0.000000000000004440892098500611
          0.000000000000008511709855459532
          0.000000000000009251858538542964
          0.000000000000015765166949677245
          0.00000000000002087219286295298
          0.000000000000006661338147750978
          0.000000000000004440892098500622
          0.0000000000000016653345369377332
          0.0000000000000017347234759768079
          0.0000000000000005551115123125793
          0.00000000000000231296463463575
          0.0000000000000038857805861880534
          0.0000000000000038857805861880495
          0.000000000000004163336342344327
          0.0000000000000044408920985006025
          0.000000000000002220446049250316
          0.0000000000000044408920985006135
          0.000000000000009066821367772123
          0.000000000000015543122344752138
          0.000000000000008141635513917792
          0.000000000000023092638912203124
          0.000000000000025091040356528617
          0.000000000000012434497875801728
          0.000000000000005551115123125768
          0.0000000000000021857515797307793
          0.0000000000000022551405187698524
          0.000000000000007771561172376091
          0.000000000000010547118733938989
          0.000000000000004440892098500613
          0.000000000000001850371707708596
          0.0000000000000008326672684688694
          0.0000000000000027755575615629012
          0.000000000000003608224830031762
          0.000000000000006661338147750935
          0.000000000000009806970050855513
          0.000000000000012952601953960198
          0.000000000000011657341758564188
          0.000000000000023536728122053435
          0.000000000000032640556923979684
          0.000000000000009992007221626433
          0.000000000000001776356839400255
          0.000000000000002220446049250321
          0.000000000000002393918396847994
          0.000000000000005551115123125779
          0.0000000000000033306690738754744
          0.000000000000004440892098500642
          0.000000000000002220446049250322
          0.000000000000002220446049250321
          0.000000000000004440892098500646
          0.0000000000000036082248300317635
          0.000000000000002960594732333747
          0.000000000000008141635513917836
          0.000000000000005551115123125841
          0.0000000000000033306690738754964
          0.000000000000008881784197001284
          0.000000000000008215650382226196
          0.000000000000006661338147750974
          0.000000000000004440892098500638
          0.00000000000000010408340855860835
          0.00000000000000017347234759768054
          0.0000000000000044408920985006325
          0.000000000000004440892098500631
          0.0000000000000002775557561562889
          0.0000000000000011102230246251556
          0.0000000000000005551115123125778
          0.000000000000002220446049250311
          0.000000000000002220446049250311
          0.000000000000004440892098500622
          0.000000000000004440892098500642
          0.0000000000000066613381477509456
          0.000000000000006661338147750926
          0.000000000000005773159728050824
          0.000000000000008659739592076234
          0.0000000000000033306690738754665
          0.000000000000004440892098500622
          0.38221928236636177
          0.37704588345187257
          0.3730347953625901
          0.37303479536261686
          0.3730347953626123
          0.37303479536258555
          0.3730347953625867
          0.37303479536261347
          0.37303479536258555
          0.3730347953625901
          0.37303479536261686
          0.37303479536261513
          0.3730347953625883
          0.37303479536258555
          0.37303479536261375
          0.37303479536261397
          0.3730347953625857
          0.597295800405858
          0.5976548899412281
          0.05883062078545963
          0.05883062078546211
          0.05883062078546131
          0.05883062078545883
          0.05883062078545824
          0.05883062078546073
          0.05883062078545883
          0.05883062078545963
          0.05883062078546211
          0.058830620785461855
          0.05883062078545936
          0.05883062078545883
          0.058830620785459226
          0.05883062078545771
          0.05883062078545732
          0.00000000000197875347590759
          0.000000000000009484692467500266
          0.0000000000019807486985375678
          0.000000000001758248344828107
          0.000000000000006605410825580583
          0.000000000000007198204104799308
          0.0000000000017561649687823106
          0.0000000000021214273286329694
          0.000000000000010407819598815762
          0.000000000000008468475417410956
          0.0000000000021104186759460226
          0.0000000000011600069595735453
          0.000000000000008969220050788538
          0.0000000000011583335671949184
          0.0000000000010356416119121728
          0.000000000000008505294875747688
          0.00000000000000920118263830892
          0.0000000000010335582358663775
          0.0000000000012288636849787095
          0.000000000000011560793181417603
          0.0000000000000066495941755845894
          0.000000000001237935740835293
          0.00000000000006359553802765398
          0.0000000000000016415813886058279
          0.00000000000006475406446831727
          0.00000000000006420828045868463
          0.000000000000003626960104146147
          0.0000000000000009328526427572036
          0.00000000000006721022774909278
          0.0000000000016970995323189349
          0.0000000000000011585264406624566
          0.0000000000016965846663809694
          0.0000000000018068942682483459
          0.0000000000000033452328918477335
          0.000000000000001600541853890684
          0.000000000001809896215538757
          0.0000000000016994338831326602
          0.000000000000012394768565483566
          0.00000000000001498150287480185
          0.000000000001707254361496341
          0.00000000000023121392166301136
          0.000000000000010173233114742172
          0.000000000000005284328660464477
          0.00000000000023678058232830335
          0.38221928236636
          0.3770458834518714
          0.3730347953625839
          0.37303479536260986
          0.3730347953626099
          0.3730347953625839
          0.3730347953625856
          0.37303479536261075
          0.37303479536258444
          0.3730347953625834
          0.3730347953626093
          0.3730347953626097
          0.37303479536258377
          0.37303479536258416
          0.3730347953626097
          0.373034795362608
          0.37303479536258244
          0.24056730012308844
          0.24089218454834274
          0.2348954081872293
          0.23489540818723334
          0.2348954081872363
          0.23489540818723226
          0.2348954081872307
          0.23489540818723575
          0.23489540818723087
          0.234895408187233
          0.23489540818723695
          0.234895408187237
          0.23489540818723306
          0.23489540818723104
          0.23489540818723478
          0.23489540818723537
          0.23489540818723165
          0.240921821203797
          0.24109969252197408
          0.12979870934272394
          0.12979870934271176
          0.12979870934269955
          0.12979870934271173
          0.12979870934271584
          0.1297987093427075
          0.12979870934271753
          0.12979870934271584
          0.12979870934270363
          0.1297987093427037
          0.12979870934271598
          0.12979870934271817
          0.12979870934271254
          0.12979870934271356
          0.12979870934271923
          0.24136749394607898
          0.2413903119875183
          0.04155497556421346
          0.04155497556421501
          0.04155497556422319
          0.04155497556422166
          0.04155497556422227
          0.04155497556421767
          0.04155497556421462
          0.04155497556421474
          0.04155497556421627
          0.041554975564219936
          0.04155497556421841
          0.041554975564218534
          0.041554975564212164
          0.041554975564211304
          0.04155497556421767
          0.24136749394608145
          0.2413903119875129
          0.04155497556421636
          0.04155497556421313
          0.04155497556420747
          0.04155497556421072
          0.04155497556421596
          0.041554975564212865
          0.04155497556421137
          0.0415549755642078
          0.04155497556420455
          0.041554975564207244
          0.04155497556421049
          0.04155497556421507
          0.041554975564209985
          0.04155497556421005
          0.04155497556421513
          0.240921821203801
          0.24109969252196845
          0.12979870934273086
          0.12979870934272533
          0.12979870934272228
          0.12979870934272783
          0.12979870934272636
          0.129798709342724
          0.12979870934272844
          0.12979870934272655
          0.129798709342721
          0.12979870934272003
          0.12979870934272555
          0.1297987093427248
          0.12979870934272209
          0.12979870934272464
          0.12979870934272736
          0.24056730012309138
          0.24089218454834377
          0.23489540818721952
          0.2348954081872197
          0.23489540818722313
          0.23489540818722288
          0.2348954081872232
          0.23489540818722068
          0.23489540818722232
          0.2348954081872236
          0.23489540818722374
          0.23489540818722252
          0.23489540818722232
          0.23489540818722562
          0.2348954081872237
          0.2348954081872205
          0.23489540818722246
          0.3822192823663615
          0.37704588345187123
          0.37303479536258544
          0.3730347953626133
          0.37303479536261347
          0.37303479536258555
          0.37303479536258444
          0.3730347953626123
          0.37303479536258444
          0.3730347953625867
          0.3730347953626145
          0.3730347953626129
          0.37303479536258505
          0.37303479536258555
          0.37303479536261347
          0.373034795362612
          0.3730347953625841
          0.5972958004058585
          0.5976548899412258
          0.058830620785461356
          0.05883062078546401
          0.05883062078546222
          0.05883062078545965
          0.05883062078545992
          0.05883062078546324
          0.058830620785461356
          0.05883062078546031
          0.058830620785462875
          0.05883062078546147
          0.058830620785458906
          0.05883062078546134
          0.0588306207854655
          0.05883062078546524
          0.058830620785461064
          0.5959940035221536
          0.5967988891785557
          0.008811836919353477
          0.008811836919339674
          0.00881183691933976
          0.008811836919353487
          0.00881183691935409
          0.00881183691933867
          0.008811836919354023
          0.008811836919356972
          0.008811836919343093
          0.008811836919338735
          0.008811836919352537
          0.008811836919354638
          0.00881183691933882
          0.00881183691933922
          0.008811836919355037
          0.5968723125780472
          0.5973129802787183
          0.005750036714380056
          0.005750036714398921
          0.005750036714407553
          0.0057500367143886524
          0.005750036714386237
          0.005750036714401412
          0.005750036714385018
          0.005750036714386279
          0.005750036714405179
          0.00575003671440556
          0.00575003671438666
          0.00575003671438506
          0.005750036714400027
          0.005750036714400131
          0.005750036714385165
          0.5979764455246672
          0.5980329761330554
          0.0035631954481569286
          0.003563195448160815
          0.003563195448158049
          0.0035631954481541465
          0.0035631954481545602
          0.00356319544816124
          0.0035631954481579863
          0.003563195448158513
          0.0035631954481623995
          0.00356319544816053
          0.0035631954481566428
          0.00356319544815585
          0.0035631954481633444
          0.003563195448162443
          0.0035631954481549137
          0.5979764455246694
          0.5980329761330506
          0.0035631954481588116
          0.0035631954481657245
          0.0035631954481676266
          0.003563195448160696
          0.0035631954481581654
          0.0035631954481655692
          0.0035631954481613395
          0.0035631954481604743
          0.0035631954481673872
          0.00356319544816693
          0.00356319544816
          0.0035631954481585245
          0.0035631954481642578
          0.0035631954481641706
          0.003563195448158437
          0.5968723125780502
          0.5973129802787132
          0.005750036714377471
          0.005750036714392531
          0.005750036714392658
          0.0057500367143775615
          0.005750036714379002
          0.005750036714393504
          0.005750036714377682
          0.005750036714376132
          0.005750036714391193
          0.005750036714391229
          0.0057500367143761685
          0.00575003671438027
          0.005750036714392316
          0.00575003671439097
          0.005750036714378925
          0.5959940035221546
          0.5967988891785564
          0.008811836919348726
          0.00881183691933263
          0.008811836919333406
          0.0088118369193495
          0.00881183691935206
          0.008811836919333335
          0.0088118369193509
          0.008811836919351274
          0.008811836919335026
          0.008811836919334804
          0.0088118369193509
          0.00881183691935292
          0.008811836919334045
          0.008811836919333736
          0.008811836919352611
          0.5972958004058603
          0.5976548899412263
          0.05883062078545957
          0.05883062078546148
          0.05883062078546073
          0.05883062078545883
          0.058830620785457796
          0.058830620785459614
          0.058830620785457796
          0.05883062078545967
          0.05883062078546158
          0.05883062078546046
          0.05883062078545864
          0.05883062078545883
          0.05883062078546073
          0.05883062078546112
          0.0588306207854593
          0.0000000000019840579873431333
          0.000000000000011855865584375564
          0.000000000001978347953116943
          0.0000000000017582631338513294
          0.000000000000007706312629844092
          0.000000000000012279289355246152
          0.0000000000017619098913389453
          0.0000000000021190488422908876
          0.000000000000010670279025937973
          0.00000000000000982343148419687
          0.0000000000021126369999886772
          0.0000000000019849287705332027
          0.000000000000006135772054960125
          0.0000000000019776774035591455
          0.0000000000017575339440588693
          0.000000000000005015330704132524
          0.0000000000000030892922232245078
          0.0000000000017628164601605247
          0.000000000002118449079998592
          0.000000000000008131932253851157
          0.0000000000000028792816419197548
          0.0000000000021130028091966934
          0.000000000001983134613118661
          0.000000000000004514184289386953
          0.0000000000019843106356750635
          0.0000000000017521816405591284
          0.00000000000001275496520849591
          0.000000000000008889966465479193
          0.0000000000017630371641407373
          0.000000000002105461253015858
          0.0000000000000054301347954890256
          0.000000000000006701406092540586
          0.000000000002105783533748238
          0.000000000001980141998210417
          0.0000000000000023076595512445064
          0.000000000001981958859174599
          0.0000000000017514639354345615
          0.000000000000010689553894176136
          0.000000000000007356928800711433
          0.0000000000017659740882752218
          0.0000000000021033663709313022
          0.0000000000000037930050558112375
          0.000000000000008141966012859884
          0.0000000000021053655391145857
          0.0000000000019765404300473937
          0.000000000000003795207230529539
          0.0000000000019755064507928077
          0.0000000000017544457268886014
          0.00000000000000734640242460411
          0.000000000000009188295827891093
          0.0000000000017715083703494236
          0.0000000000021068142639466
          0.000000000000005419824267143072
          0.0000000000000086060093226295
          0.0000000000021089004888386827
          0.0000000000019761250988575606
          0.0000000000000030996508115377873
          0.000000000001978438608233194
          0.0000000000017590128881259867
          0.000000000000005285501608452151
          0.000000000000005246226384153837
          0.0000000000017637443708095495
          0.0000000000021191785093553087
          0.000000000000012452908698410322
          0.000000000000008503959748001674
          0.000000000002110014314986442
          0.000000000001976800290348074
          0.000000000000012279289355245939
          0.000000000001979412728135143
          0.0000000000017608623867948055
          0.00000000000001676758132647382
          0.000000000000010839648534286141
          0.0000000000017540999333831214
          0.0000000000021249873726913833
          0.000000000000012780850256629729
          0.0000000000000124486588635942
          0.000000000002108945064564873
          0.0000000000019786380539279506
          0.0000000000000021463564226319696
          0.000000000001979109988344337
          0.0000000000017566858127937619
          0.000000000000007621627875669873
          0.000000000000006012617546361795
          0.0000000000017573901308245056
          0.000000000002114610642340172
          0.000000000000004977141507303345
          0.000000000000005296247383119755
          0.0000000000021070345125252495
          0.0000000000011622948353287463
          0.000000000000005412460375475742
          0.0000000000011677407502934052
          0.000000000001036639395789063
          0.0000000000000040580343759481045
          0.000000000000005489781237982534
          0.0000000000010354203159273476
          0.000000000001233874212767952
          0.000000000000006185669000543718
          0.0000000000000053351395129689524
          0.0000000000012408495094947598
          0.0000000000011618673768902794
          0.000000000000006135772054960056
          0.0000000000011691187438643279
          0.0000000000010377500373681464
          0.000000000000006205317162420692
          0.000000000000008118690563213539
          0.0000000000010358381556871091
          0.0000000000012353108171570793
          0.000000000000006417631588064072
          0.000000000000004261791985642757
          0.0000000000012410204955460284
          0.0000000000011624154618214253
          0.0000000000000052578186504621764
          0.0000000000011615774180754151
          0.0000000000010454087087912109
          0.000000000000012281547319036878
          0.000000000000008387667790927662
          0.0000000000010340916192341727
          0.0000000000012472161328403723
          0.000000000000005572129043455703
          0.000000000000009549126519589402
          0.0000000000012474095012798004
          0.0000000000011645047316898103
          0.0000000000000016121806302494674
          0.0000000000011622123301032662
          0.0000000000010445867341767339
          0.000000000000014203689843766177
          0.000000000000008389313581987297
          0.0000000000010326364908487912
          0.0000000000012513871892717245
          0.000000000000008872568972654857
          0.000000000000011562084263324233
          0.0000000000012467363162949004
          0.0000000000011635486822389464
          0.000000000000003537246405960015
          0.000000000001164745892822531
          0.0000000000010367627319580275
          0.000000000000008234671856973806
          0.000000000000009085201344548496
          0.0000000000010248199075226414
          0.0000000000012461279647063444
          0.000000000000005491246220263444
          0.000000000000007077612076142692
          0.0000000000012413682708435172
          0.0000000000011645478304487601
          0.0000000000000049098747691815925
          0.0000000000011635145550671402
          0.000000000001032813812488425
          0.000000000000008853238757028174
          0.000000000000005605762531742717
          0.0000000000010308517256574777
          0.0000000000012324173443076585
          0.000000000000012386234106045504
          0.000000000000007307737558599732
          0.0000000000012428444354582778
          0.0000000000011641464244620103
          0.0000000000000026289093252310977
          0.0000000000011598690344179596
          0.0000000000010319792689144157
          0.000000000000007268161075638868
          0.0000000000000020567380011815077
          0.0000000000010408351443699218
          0.000000000001228644280333903
          0.000000000000016224617639545257
          0.000000000000007422802800652497
          0.0000000000012418167823079822
          0.0000000000011598915375939053
          0.0000000000000017010589751495474
          0.0000000000011578681629105925
          0.0000000000010340790798778278
          0.000000000000007190840213132162
          0.0000000000000036340805378194685
          0.0000000000010347833979085723
          0.0000000000012354341377149332
          0.000000000000008348439132559201
          0.000000000000005577974595418347
          0.0000000000012393572426923
          0.00000000000006241858524236183
          0.000000000000003046576427181944
          0.00000000000006351287056114656
          0.00000000000006631879403474726
          0.0000000000000027359689810097313
          0.000000000000002599170531959244
          0.00000000000006526475750480382
          0.00000000000006324779110404564
          0.0000000000000032402154773090965
          0.00000000000006286232309433074
          0.00000000000006784306387372708
          0.0000000000000035722907325779984
          0.0000000000000008678478812396176
          0.00000000000006567334867547414
          0.00000000000006418686564261025
          0.0000000000000033515620017368946
          0.00000000000006141586973862546
          0.000000000000069026019389659
          0.0000000000000048905445535549014
          0.0000000000000024965716951713823
          0.00000000000006430973341643258
          0.00000000000006414726261711314
          0.000000000000004001354634726719
          0.00000000000006518928031303018
          0.000000000000067235176898995
          0.000000000000001060187980141277
          0.0000000000000026155607334546528
          0.00000000000006277982299727357
          0.00000000000006242440833931876
          0.000000000000002510704193525576
          0.00000000000006856079601986817
          0.00000000000007011821649406831
          0.000000000000002188775184807807
          0.000000000000002872767430060246
          0.00000000000006207003481703103
          0.00000000000006137478105172529
          0.000000000000001949377898969445
          0.00000000000006524338048106725
          0.0000000000000704616765952395
          0.000000000000009131296474120025
          0.0000000000000039642944403132405
          0.0000000000000619270744426807
          0.00000000000005937374872282258
          0.000000000000003419961226262181
          0.00000000000006311868445545654
          0.00000000000006711777541564026
          0.000000000000007729112371352528
          0.0000000000000045143488186661
          0.00000000000006269195209458427
          0.00000000000006040167120172679
          0.0000000000000028727674300602165
          0.00000000000006425538488174068
          0.00000000000006657390100524568
          0.000000000000003556759675312663
          0.0000000000000025307713074340095
          0.00000000000006517657887386256
          0.0000000000016945049875909811
          0.0000000000000037345976590782626
          0.0000000000016972726652883956
          0.000000000001806764718572304
          0.0000000000000056315361525783145
          0.000000000000004327390938297021
          0.0000000000018079418718805348
          0.0000000000016945384668515212
          0.0000000000000046830669058283146
          0.000000000001698253839375213
          0.000000000001807024273510013
          0.000000000000007587753974000283
          0.000000000000007528474646078407
          0.000000000001808201343069022
          0.000000000001697299437194509
          0.0000000000000053944188408908464
          0.0000000000016978366903105988
          0.0000000000018064547386173352
          0.000000000000003820534625219323
          0.0000000000000020371334675881593
          0.000000000001809585847076415
          0.0000000000016969838732167373
          0.0000000000000017352452996759288
          0.0000000000016945356375698457
          0.0000000000018036609526788854
          0.000000000000004549764718782618
          0.0000000000000010941590755298944
          0.0000000000018074567140096846
          0.0000000000016922673513073007
          0.000000000000005524775741287843
          0.0000000000016941664435615608
          0.000000000001805646039126878
          0.000000000000008374644335037874
          0.0000000000000029480037930271365
          0.0000000000018060371376491995
          0.0000000000016938086998694374
          0.0000000000000037119035309077955
          0.0000000000016952894135621728
          0.000000000001805826348276406
          0.000000000000010329070246093741
          0.0000000000000034812412791698765
          0.0000000000018065728489347235
          0.0000000000016951030827156115
          0.0000000000000035486774160219354
          0.0000000000016930737855362104
          0.0000000000018056273774013695
          0.000000000000008196587337627412
          0.000000000000005572256824656409
          0.0000000000018050899725261766
          0.0000000000016939056654930078
          0.000000000000003589594418482618
          0.0000000000016947062726137788
          0.0000000000018070286989567355
          0.000000000000004235002022719217
          0.0000000000000037938769870001006
          0.0000000000018075808394512283
          0.0000000000017033992478058854
          0.000000000000009012937983610576
          0.000000000000006682396965738955
          0.0000000000017056215642301186
          0.0000000000017041358524514211
          0.000000000000008213799478103841
          0.000000000000007613871593450467
          0.0000000000016961173458134815
          0.0000000000017124114823888478
          0.000000000000013053352413444239
          0.00000000000000727519024495779
          0.0000000000016954841901632107
          0.0000000000017082624837494832
          0.000000000000015090306360386836
          0.000000000000009619839316383953
          0.000000000001700620376772861
          0.0000000000017088273069836403
          0.000000000000007832241945372346
          0.000000000000007046156477986731
          0.0000000000016953611522074965
          0.000000000001705081187987633
          0.000000000000004362907912565885
          0.0000000000000053351395129690376
          0.0000000000016873223515765952
          0.0000000000017084159226146908
          0.000000000000016059308837017855
          0.000000000000020639984176435634
          0.000000000001694331873075422
          0.000000000001714977787815138
          0.000000000000009808034256165229
          0.000000000000014119258105029006
          0.0000000000017075232229131328
          0.00000000000023218621245976333
          0.000000000000008836580721727924
          0.000000000000005657279812426176
          0.00000000000023442627571185916
          0.0000000000002377525746092039
          0.000000000000011789270654541955
          0.000000000000003542077597386064
          0.00000000000023023039079088187
          0.00000000000024713793481342563
          0.000000000000007194498421723453
          0.00000000000001322049470510589
          0.0000000000002307382956105367
          0.00000000000024443009139397535
          0.0000000000000043162468404502026
          0.000000000000015147557930375564
          0.00000000000023011519407910685
          0.0000000000002465601729741039
          0.000000000000010882040849783998
          0.000000000000011765285780336143
          0.00000000000022624711444210887
          0.000000000000243749250752343
          0.000000000000009326714463886315
          0.00000000000001696873660580975
          0.0000000000002257325897553881
          0.0000000000002425002050692029
          0.000000000000003788273043955824
          0.000000000000008555911513173614
          0.0000000000002271871349949531
          0.0000000000002424442950384687
          0.000000000000002743786035241167
          0.000000000000006605410825580623
          0.00000000000023176761402289077
        </DataArray>
        <DataArray type="Float64" Name="aspect_ratio" NumberOfComponents="1" format="ascii">
          3.4471991174923993
          3.4471991175007557
          3.4471991175007566
          3.4471991174923997
          3.4471991174923895
          3.4471991175007552
          3.447199117500759
          3.447199117492394
          3.4471991174923846
          3.447199117500746
          3.447199117500749
          3.4471991174923886
          3.447199117492399
          3.4471991175007606
          3.4471991175007544
          3.4471991174923926
          3.447199117492382
          3.447199117500752
          3.447199117500759
          3.44719911749239
          3.4471991174923944
          3.4471991175007597
          3.44719911750076
          3.447199117492395
          3.4471991174923815
          3.4471991175007486
          3.447199117500757
          3.4471991174923895
          3.4471991174923957
          3.4471991175007717
          3.447199117500776
          3.4471991174924006
          3.250216310778062
          3.250216310786419
          3.250216310786417
          3.2502163107780615
          3.2502163107780633
          3.2502163107864246
          3.250216310786422
          3.2502163107780606
          3.2502163107780677
          3.2502163107864286
          3.2502163107864264
          3.2502163107780655
          3.2502163107780615
          3.2502163107864166
          3.2502163107864077
          3.250216310778053
          3.2502163107780495
          3.2502163107864086
          3.2502163107864166
          3.2502163107780575
          3.250216310778055
          3.2502163107864077
          3.2502163107864055
          3.2502163107780526
          3.250216310778047
          3.2502163107864006
          3.2502163107864
          3.2502163107780464
          3.250216310778083
          3.250216310786439
          3.2502163107864317
          3.2502163107780757
          1.4773710503588573
          1.4773710503574637
          1.477371050358856
          1.4773710503588562
          1.4773710503574635
          1.477371050357463
          1.477371050358856
          1.477371050358855
          1.4773710503574615
          1.4773710503588555
          1.4773710503588553
          1.4773710503574609
          1.4773710503574609
          1.477371050358855
          1.4773710503588589
          1.4773710503574675
          1.4773710503588595
          1.4773710503588569
          1.477371050357465
          1.477371050357465
          1.4773710503588569
          1.4773710503588542
          1.4773710503574586
          1.4773710503588549
          1.4773710503588569
          1.4773710503574622
          1.4773710503574597
          1.4773710503588549
          1.4773710503588569
          1.4773710503574617
          1.477371050358855
          1.4773710503588553
          1.4773710503574595
          1.4773710503574613
          1.4773710503588573
          1.4773710503588537
          1.4773710503574569
          1.4773710503588502
          1.4773710503588473
          1.4773710503574546
          1.477371050357459
          1.4773710503588515
          1.4773710503588517
          1.4773710503574558
          1.4773710503588517
          1.4773710503588513
          1.4773710503574566
          1.4773710503574595
          1.4773710503588542
          1.4773710503588608
          1.4773710503574657
          1.4773710503588597
          1.477371050358859
          1.4773710503574655
          1.4773710503574653
          1.477371050358859
          1.339784763169882
          1.3397847631684137
          1.33978476316988
          1.2803882436445284
          1.2803882436431337
          1.2803882436431337
          1.2803882436445286
          1.3397847631698803
          1.3397847631684168
          1.3397847631698814
          1.2803882436445289
          1.2803882436431344
          1.2803882436431346
          1.280388243644529
          1.3397847631698792
          1.339784763168417
          1.3397847631698818
          1.280388243644526
          1.2803882436431337
          1.2803882436431333
          1.2803882436445255
          1.3397847631698838
          1.3397847631684132
          1.3397847631698818
          1.2803882436445289
          1.280388243643134
          1.2803882436431329
          1.2803882436445275
          1.3397847631698834
          1.339784763168413
          1.3397847631698838
          1.2803882436445326
          1.2803882436431397
          1.2803882436431402
          1.280388243644533
          1.3397847631698803
          1.3397847631684148
          1.3397847631698838
          1.2803882436445266
          1.2803882436431344
          1.2803882436431353
          1.2803882436445275
          1.3397847631698827
          1.3397847631684214
          1.3397847631698852
          1.2803882436445326
          1.2803882436431384
          1.280388243643136
          1.2803882436445306
          1.3397847631698827
          1.3397847631684194
          1.3397847631698823
          1.2803882436445326
          1.2803882436431402
          1.2803882436431373
          1.2803882436445297
          2.679569526339772
          2.6795695263368478
          2.679569526339767
          3.01451571713223
          3.0145157171289427
          3.0145157171289427
          3.014515717132247
          2.512096430943536
          2.5120964309407783
          2.5120964309407894
          2.5120964309435285
          2.6795695263397676
          2.679569526336841
          2.679569526339765
          3.0145157171322245
          3.01451571712893
          3.0145157171289316
          3.014515717132238
          2.5120964309435316
          2.512096430940765
          2.512096430940786
          2.5120964309435223
          2.6795695263397583
          2.6795695263368344
          2.6795695263397654
          3.0145157171322343
          3.0145157171289374
          3.0145157171289347
          3.014515717132226
          2.512096430943531
          2.512096430940768
          2.512096430940781
          2.5120964309435267
          2.679569526339763
          2.6795695263368327
          2.679569526339769
          3.014515717132241
          3.0145157171289427
          3.0145157171289383
          3.0145157171322414
          2.5120964309435396
          2.5120964309407743
          2.512096430940785
          2.5120964309435334
          2.6795695263397734
          2.6795695263368233
          2.6795695263397765
          3.014515717132255
          3.0145157171289365
          3.014515717128941
          3.0145157171322583
          2.5120964309435427
          2.5120964309407747
          2.512096430940795
          2.512096430943542
          2.679569526339773
          2.6795695263368318
          2.679569526339772
          3.0145157171322565
          3.014515717128936
          3.014515717128933
          3.014515717132254
          2.5120964309435467
          2.51209643094077
          2.512096430940791
          2.512096430943541
          2.679569526339771
          2.6795695263368446
          2.6795695263397725
          3.0145157171322428
          3.014515717128929
          3.0145157171289303
          3.0145157171322543
          2.5120964309435485
          2.512096430940769
          2.512096430940792
          2.5120964309435343
          2.679569526339777
          2.6795695263368473
          2.679569526339777
          3.0145157171322436
          3.0145157171289365
          3.0145157171289454
          3.0145157171322565
          2.5120964309435436
          2.512096430940782
          2.5120964309407965
          2.5120964309435383
          2.6795695263397596
          2.679569526336816
          2.679569526339756
          3.0145157171322334
          3.014515717128933
          3.014515717128919
          3.014515717132236
          2.5120964309435347
          2.5120964309407587
          2.512096430940772
          2.512096430943529
          2.6795695263397628
          2.67956952633682
          2.679569526339764
          3.014515717132243
          3.0145157171289343
          3.0145157171289285
          3.0145157171322485
          2.5120964309435454
          2.51209643094076
          2.5120964309407805
          2.512096430943535
          2.6795695263397645
          2.6795695263368264
          2.6795695263397654
          3.014515717132243
          3.0145157171289285
          3.01451571712893
          3.0145157171322388
          2.5120964309435405
          2.5120964309407627
          2.5120964309407725
          2.5120964309435334
          2.679569526339764
          2.6795695263368247
          2.6795695263397645
          3.014515717132235
          3.0145157171289267
          3.0145157171289183
          3.014515717132231
          2.5120964309435325
          2.5120964309407565
          2.512096430940768
          2.5120964309435276
          2.679569526339761
          2.6795695263368167
          2.6795695263397703
          3.014515717132238
          3.014515717128916
          3.014515717128914
          3.0145157171322343
          2.5120964309435303
          2.5120964309407543
          2.512096430940768
          2.5120964309435228
          2.6795695263397548
          2.6795695263368233
          2.6795695263397663
          3.0145157171322374
          3.014515717128918
          3.0145157171289165
          3.0145157171322365
          2.5120964309435316
          2.512096430940755
          2.5120964309407716
          2.5120964309435214
          2.679569526339749
          2.6795695263368224
          2.6795695263397548
          3.014515717132238
          3.014515717128935
          3.014515717128923
          3.014515717132235
          2.5120964309435343
          2.512096430940751
          2.5120964309407756
          2.512096430943522
          2.6795695263397494
          2.6795695263368144
          2.679569526339753
          3.014515717132232
          3.014515717128934
          3.0145157171289214
          3.0145157171322237
          2.5120964309435254
          2.5120964309407525
          2.512096430940766
          2.512096430943519
          1.2626380007170888
          1.660971205800254
          1.7952752328493358
          1.7952752328498371
          1.7952752328498351
          1.795275232849337
          1.595800206977185
          1.5958002069776365
          1.5958002069771873
          1.7952752328493344
          1.7952752328498347
          1.7952752328498371
          1.7952752328493322
          1.4960626940411104
          1.4960626940415305
          1.4960626940415316
          1.4960626940411137
          1.5091900874449156
          1.9068189483349336
          1.7700789515178539
          1.7700789515183464
          1.77007895151834
          1.770078951517851
          1.5734035124603143
          1.5734035124607588
          1.5734035124603156
          1.7700789515178559
          1.770078951518341
          1.77007895151835
          1.7700789515178559
          1.5504045033088423
          1.5504045033083362
          1.5504045033083398
          1.5504045033088458
          1.6848507423826842
          2.082928025964188
          1.7533279319537118
          1.753327931954202
          1.7533279319542021
          1.7533279319537152
          1.664278425840758
          1.6642784258402854
          1.6642784258407612
          1.7533279319537156
          1.7533279319542001
          1.7533279319541988
          1.753327931953711
          1.6642784258407661
          1.6642784258402934
          1.6642784258402887
          1.6642784258407615
          1.7753045438987387
          2.1739762533357596
          1.7449693285547778
          1.744969328555251
          1.7449693285552477
          1.7449693285547794
          1.7225871481840436
          1.7225871481835913
          1.7225871481840451
          1.7449693285547847
          1.7449693285552532
          1.744969328555252
          1.7449693285547803
          1.7225871481840442
          1.7225871481835886
          1.7225871481835864
          1.7225871481840418
          1.7753045438987403
          2.173976253335759
          1.7449693285547874
          1.7449693285552632
          1.744969328555264
          1.7449693285547896
          1.7225871481840498
          1.7225871481835975
          1.7225871481840516
          1.744969328554792
          1.744969328555256
          1.7449693285552592
          1.7449693285547894
          1.722587148184048
          1.7225871481835926
          1.7225871481835937
          1.7225871481840491
          1.6848507423826875
          2.0829280259641854
          1.7533279319537034
          1.7533279319541917
          1.7533279319541852
          1.7533279319536998
          1.664278425840755
          1.664278425840282
          1.6642784258407544
          1.7533279319537076
          1.7533279319541835
          1.753327931954187
          1.7533279319537083
          1.664278425840761
          1.6642784258402874
          1.6642784258402803
          1.6642784258407535
          1.5091900874449131
          1.9068189483349294
          1.7700789515178565
          1.7700789515183468
          1.7700789515183457
          1.7700789515178608
          1.573403512460313
          1.5734035124607608
          1.573403512460314
          1.7700789515178614
          1.7700789515183404
          1.770078951518342
          1.7700789515178668
          1.5504045033088467
          1.5504045033083416
          1.5504045033083442
          1.5504045033088492
          1.2626380007170888
          1.660971205800251
          1.7952752328493327
          1.7952752328498331
          1.7952752328498298
          1.7952752328493318
          1.5958002069771804
          1.5958002069776285
          1.5958002069771824
          1.7952752328493338
          1.795275232849828
          1.795275232849826
          1.7952752328493369
          1.4960626940411115
          1.4960626940415174
          1.496062694041526
          1.496062694041108
          1.5289553908415114
          2.0113055980414316
          2.5621884689233454
          2.5621884689236545
          2.562188468923654
          2.5621884689233485
          2.27750086126519
          2.2775008612654712
          2.2775008612651932
          2.562188468923344
          2.562188468923653
          2.5621884689236563
          2.5621884689233405
          2.135157057436115
          2.135157057436382
          2.1351570574363823
          2.1351570574361243
          1.8275105918663823
          2.30900789360146
          2.490497597871955
          2.4904975978722654
          2.4904975978722574
          2.4904975978719492
          2.213775642552849
          2.213775642553137
          2.2137756425528514
          2.490497597871957
          2.490497597872262
          2.4904975978722708
          2.490497597871954
          2.181416081982925
          2.1814160819818817
          2.181416081981882
          2.1814160819829254
          2.040221840199894
          2.522262146573888
          2.4444770563935103
          2.4444770563938336
          2.4444770563938327
          2.4444770563935125
          2.3203248823425735
          2.3203248823415694
          2.3203248823425717
          2.4444770563935143
          2.444477056393831
          2.4444770563938287
          2.444477056393508
          2.3203248823425726
          2.3203248823415676
          2.3203248823415685
          2.320324882342574
          2.1497542852645437
          2.6325143946349683
          2.421976782518123
          2.4219767825184193
          2.4219767825184184
          2.421976782518127
          2.390910837510973
          2.390910837509986
          2.39091083751097
          2.421976782518133
          2.421976782518419
          2.421976782518424
          2.42197678251813
          2.390910837510968
          2.3909108375099866
          2.390910837509991
          2.3909108375109724
          2.1497542852645446
          2.6325143946349674
          2.421976782518143
          2.421976782518444
          2.4219767825184477
          2.421976782518144
          2.3909108375109844
          2.39091083751
          2.390910837510983
          2.4219767825181475
          2.4219767825184344
          2.421976782518437
          2.4219767825181386
          2.3909108375109773
          2.390910837509994
          2.3909108375099954
          2.3909108375109787
          2.040221840199896
          2.5222621465738846
          2.4444770563934957
          2.444477056393812
          2.4444770563938025
          2.4444770563934863
          2.3203248823425606
          2.3203248823415557
          2.3203248823425575
          2.4444770563934988
          2.444477056393804
          2.4444770563938123
          2.4444770563935
          2.3203248823425664
          2.3203248823415605
          2.3203248823415503
          2.320324882342556
          1.8275105918663828
          2.309007893601461
          2.4904975978719657
          2.490497597872272
          2.4904975978722717
          2.490497597871972
          2.2137756425528514
          2.2137756425531427
          2.213775642552854
          2.4904975978719706
          2.4904975978722637
          2.490497597872269
          2.490497597871976
          2.181416081982929
          2.1814160819818875
          2.1814160819819044
          2.1814160819829453
          1.5289553908415097
          2.0113055980414307
          2.5621884689233436
          2.56218846892365
          2.5621884689236447
          2.5621884689233405
          2.277500861265185
          2.277500861265462
          2.27750086126519
          2.5621884689233436
          2.5621884689236425
          2.562188468923642
          2.562188468923347
          2.135157057436118
          2.1351570574363663
          2.1351570574363725
          2.135157057436114
          3.44719911749239
          3.447199117500748
          3.4471991175007517
          3.447199117492393
          3.250216310778062
          3.250216310786418
          3.2502163107864166
          3.2502163107780615
          1.4773710503588549
          1.4773710503574609
          1.4773710503588557
          1.4773710503588564
          1.4773710503574622
          1.4773710503574617
          1.4773710503588557
          1.33978476316988
          1.3397847631684172
          1.3397847631698796
          1.2803882436445286
          1.280388243643134
          1.2803882436431344
          1.280388243644529
          2.679569526339753
          2.6795695263368238
          2.67956952633976
          3.014515717132224
          3.0145157171289276
          3.014515717128923
          3.014515717132234
          2.5120964309435294
          2.5120964309407623
          2.5120964309407636
          2.5120964309435205
          2.679569526339771
          2.6795695263368398
          2.679569526339766
          3.0145157171322388
          3.0145157171289423
          3.0145157171289383
          3.01451571713225
          2.512096430943533
          2.5120964309407796
          2.512096430940791
          2.512096430943535
          1.2626380007170919
          1.6609712058002541
          1.7952752328493358
          1.7952752328498385
          1.7952752328498407
          1.7952752328493367
          1.5958002069771877
          1.5958002069776351
          1.5958002069771888
          1.795275232849334
          1.7952752328498387
          1.795275232849838
          1.7952752328493387
          1.4960626940411157
          1.496062694041526
          1.4960626940415325
          1.496062694041113
          1.5289553908415088
          2.0113055980414276
          2.5621884689233507
          2.562188468923663
          2.562188468923662
          2.5621884689233467
          2.277500861265197
          2.277500861265476
          2.2775008612651986
          2.562188468923346
          2.5621884689236585
          2.5621884689236585
          2.5621884689233516
          2.1351570574361243
          2.135157057436377
          2.1351570574363854
          2.135157057436123
          1.0000000000000047
          1.000000000000005
          2.9999999999999996
          3.0000000000000004
          2.999999999999996
          2.9999999999999982
          2.6666666666666576
          2.6666666666666483
          2.6666666666666607
          3.000000000000005
          2.999999999999988
          3.0000000000000027
          3.0000000000000084
          2.4999999999999902
          2.500000000000004
          2.500000000000005
          2.500000000000006
          1.0000000000000084
          1.0000000000000084
          2.999999999999998
          2.9999999999999996
          3.0000000000000115
          2.999999999999997
          2.666666666666681
          2.66666666666669
          2.6666666666666745
          3.000000000000019
          3.0000000000000155
          3
          3
          2.5000000000000018
          2.5000000000000204
          2.500000000000006
          2.5000000000000115
          1.0000000000000016
          1.0000000000000024
          3.0000000000000115
          3.0000000000000084
          2.9999999999999916
          2.9999999999999947
          2.666666666666654
          2.666666666666676
          2.6666666666666607
          3.000000000000009
          2.9999999999999956
          2.9999999999999862
          3.000000000000001
          2.5000000000000018
          2.4999999999999982
          2.500000000000009
          2.500000000000017
          1.0000000000000024
          1.0000000000000029
          2.9999999999999996
          2.999999999999998
          2.9999999999999982
          3.0000000000000004
          2.6666666666666585
          2.666666666666679
          2.6666666666666696
          3.000000000000006
          2.999999999999988
          2.999999999999993
          3.000000000000001
          2.500000000000005
          2.4999999999999964
          2.50000000000001
          2.5000000000000107
          1.0000000000000013
          1.000000000000001
          3.0000000000000084
          3.000000000000006
          3.0000000000000044
          2.9999999999999956
          2.6666666666666727
          2.666666666666671
          2.6666666666666705
          3.0000000000000115
          3.0000000000000093
          3.0000000000000004
          3
          2.5000000000000093
          2.499999999999992
          2.500000000000013
          2.500000000000017
          1.0000000000000044
          1.0000000000000044
          3.0000000000000124
          3.000000000000004
          2.999999999999998
          2.999999999999998
          2.6666666666666705
          2.6666666666666714
          2.666666666666672
          3.000000000000007
          3.0000000000000173
          3.000000000000004
          3.000000000000011
          2.5000000000000155
          2.4999999999999925
          2.5000000000000195
          2.500000000000011
          1.0000000000000067
          1.0000000000000067
          3.000000000000008
          3.000000000000005
          3.0000000000000036
          2.9999999999999996
          2.666666666666673
          2.6666666666666807
          2.666666666666675
          3.000000000000017
          3.0000000000000133
          2.9999999999999987
          3.0000000000000133
          2.5000000000000044
          2.5000000000000067
          2.5000000000000036
          2.500000000000008
          1.0000000000000013
          1.0000000000000018
          3.0000000000000013
          2.9999999999999973
          3.000000000000006
          3.0000000000000027
          2.6666666666666603
          2.666666666666669
          2.666666666666664
          3.000000000000003
          2.9999999999999956
          2.9999999999999964
          3.000000000000004
          2.499999999999994
          2.4999999999999982
          2.500000000000002
          2.500000000000008
          1.528955390841514
          2.0113055980414325
          2.562188468923346
          2.562188468923661
          2.562188468923655
          2.562188468923346
          2.2775008612651924
          2.277500861265478
          2.2775008612651955
          2.5621884689233503
          2.5621884689236576
          2.5621884689236567
          2.562188468923346
          2.1351570574361145
          2.1351570574363823
          2.1351570574363823
          2.135157057436122
          1.2626380007170868
          1.6609712058002477
          1.7952752328493344
          1.795275232849839
          1.7952752328498356
          1.795275232849335
          1.5958002069771842
          1.5958002069776358
          1.5958002069771855
          1.7952752328493364
          1.7952752328498376
          1.7952752328498371
          1.7952752328493347
          1.4960626940411095
          1.4960626940415302
          1.49606269404153
          1.496062694041112
          2.679569526339756
          2.6795695263368353
          2.6795695263397685
          3.014515717132237
          3.0145157171289383
          3.014515717128935
          3.014515717132245
          2.512096430943536
          2.512096430940781
          2.512096430940777
          2.512096430943534
          2.679569526339763
          2.6795695263368313
          2.6795695263397628
          3.0145157171322325
          3.014515717128926
          3.0145157171289245
          3.0145157171322414
          2.5120964309435245
          2.5120964309407703
          2.5120964309407747
          2.5120964309435307
          1.3397847631698765
          1.3397847631684112
          1.3397847631698798
          1.280388243644528
          1.2803882436431373
          1.2803882436431377
          1.280388243644528
          1.4773710503588626
          1.4773710503574715
          1.477371050358859
          1.4773710503588573
          1.4773710503574644
          1.4773710503574646
          1.4773710503588573
          3.2502163107780913
          3.250216310786449
          3.2502163107864503
          3.2502163107780926
          3.4471991174923646
          3.4471991175007224
          3.447199117500721
          3.4471991174923633
          3.447199117492388
          3.4471991175007504
          3.4471991175007477
          3.4471991174923855
          3.2502163107780517
          3.250216310786405
          3.250216310786407
          3.250216310778054
          1.477371050358852
          1.4773710503574582
          1.4773710503588549
          1.4773710503588493
          1.4773710503574533
          1.4773710503574529
          1.4773710503588489
          1.3397847631698792
          1.3397847631684192
          1.3397847631698783
          1.2803882436445273
          1.2803882436431329
          1.2803882436431324
          1.2803882436445264
          2.6795695263397463
          2.6795695263368207
          2.679569526339754
          3.0145157171322197
          3.0145157171289205
          3.014515717128912
          3.0145157171322263
          2.5120964309435307
          2.5120964309407507
          2.5120964309407565
          2.512096430943513
          2.679569526339781
          2.6795695263368504
          2.6795695263397694
          3.01451571713225
          3.0145157171289485
          3.0145157171289467
          3.0145157171322636
          2.5120964309435445
          2.5120964309407805
          2.512096430940803
          2.5120964309435445
          1.509190087444916
          1.9068189483349363
          1.7700789515178548
          1.770078951518345
          1.7700789515183437
          1.7700789515178526
          1.5734035124603123
          1.5734035124607537
          1.5734035124603112
          1.7700789515178572
          1.7700789515183444
          1.7700789515183475
          1.7700789515178572
          1.5504045033088487
          1.5504045033083427
          1.5504045033083427
          1.5504045033088487
          1.8275105918663799
          2.309007893601459
          2.4904975978719497
          2.4904975978722566
          2.490497597872262
          2.4904975978719532
          2.2137756425528448
          2.2137756425531268
          2.213775642552845
          2.490497597871957
          2.4904975978722583
          2.4904975978722663
          2.4904975978719563
          2.1814160819829316
          2.1814160819818835
          2.1814160819818835
          2.1814160819829316
          1.0000000000000029
          1.0000000000000029
          3.000000000000005
          2.9999999999999987
          3.000000000000015
          3.00000000000001
          2.6666666666666816
          2.666666666666687
          2.6666666666666843
          3.0000000000000218
          3.000000000000006
          3.000000000000013
          3.000000000000008
          2.4999999999999973
          2.5000000000000018
          2.5000000000000173
          2.5000000000000204
          1.0000000000000042
          1.0000000000000044
          2.9999999999999956
          2.9999999999999982
          3.0000000000000178
          3.0000000000000044
          2.666666666666682
          2.6666666666667123
          2.6666666666666936
          3.00000000000003
          3.0000000000000147
          3.00000000000002
          2.99999999999999
          2.5000000000000013
          2.500000000000003
          2.4999999999999862
          2.499999999999996
          1.0000000000000056
          1.0000000000000056
          3.00000000000001
          3.0000000000000004
          2.9999999999999973
          2.9999999999999947
          2.6666666666666594
          2.6666666666667074
          2.6666666666666776
          3.0000000000000155
          3
          3.0000000000000115
          3.0000000000000004
          2.5000000000000027
          2.499999999999986
          2.4999999999999902
          2.5000000000000018
          1.0000000000000007
          1.0000000000000007
          2.999999999999997
          2.999999999999994
          3.0000000000000004
          3.0000000000000044
          2.666666666666652
          2.6666666666666843
          2.6666666666666674
          3.000000000000003
          2.999999999999982
          2.9999999999999933
          3.000000000000002
          2.500000000000007
          2.499999999999983
          2.500000000000004
          2.5000000000000093
          1.0000000000000036
          1.000000000000003
          2.999999999999989
          2.9999999999999836
          2.999999999999998
          2.9999999999999996
          2.6666666666666523
          2.6666666666666563
          2.666666666666658
          3.0000000000000244
          3.0000000000000067
          2.999999999999985
          2.9999999999999956
          2.499999999999997
          2.4999999999999742
          2.499999999999982
          2.4999999999999836
          1.0000000000000027
          1.0000000000000022
          3.0000000000000124
          3.0000000000000115
          3.000000000000008
          3.0000000000000124
          2.666666666666662
          2.6666666666666843
          2.6666666666666834
          3.000000000000011
          3.000000000000009
          3.0000000000000133
          3.000000000000022
          2.5000000000000298
          2.5000000000000053
          2.500000000000011
          2.500000000000017
          1.0000000000000053
          1.0000000000000062
          3.0000000000000293
          3.0000000000000244
          3.000000000000029
          3.000000000000027
          2.666666666666674
          2.6666666666666816
          2.666666666666672
          3.00000000000003
          3.0000000000000147
          3.0000000000000044
          2.9999999999999964
          2.5000000000000147
          2.5000000000000053
          2.500000000000006
          2.5000000000000155
          1.0000000000000062
          1.0000000000000062
          3.0000000000000018
          3.0000000000000036
          3.0000000000000204
          3.0000000000000133
          2.6666666666666683
          2.666666666666684
          2.6666666666666687
          3.0000000000000204
          3.000000000000009
          3.0000000000000058
          2.999999999999991
          2.4999999999999996
          2.4999999999999964
          2.5000000000000084
          2.50000000000001
          1.8275105918663876
          2.309007893601465
          2.490497597871954
          2.4904975978722637
          2.490497597872266
          2.490497597871958
          2.213775642552849
          2.2137756425531356
          2.2137756425528425
          2.4904975978719652
          2.490497597872264
          2.490497597872267
          2.4904975978719603
          2.1814160819829356
          2.1814160819818937
          2.1814160819818986
          2.1814160819829405
          1.5091900874449078
          1.9068189483349263
          1.7700789515178539
          1.7700789515183448
          1.7700789515183437
          1.7700789515178548
          1.5734035124603132
          1.5734035124607577
          1.5734035124603094
          1.7700789515178603
          1.7700789515183444
          1.7700789515183442
          1.770078951517857
          1.5504045033088416
          1.55040450330833
          1.5504045033083285
          1.5504045033088407
          2.679569526339755
          2.6795695263368455
          2.679569526339768
          3.014515717132244
          3.0145157171289387
          3.0145157171289476
          3.014515717132247
          2.5120964309435343
          2.512096430940778
          2.5120964309407876
          2.5120964309435374
          2.6795695263397636
          2.6795695263368318
          2.679569526339755
          3.014515717132244
          3.014515717128913
          3.014515717128911
          3.014515717132237
          2.51209643094353
          2.5120964309407627
          2.5120964309407663
          2.512096430943527
          1.3397847631698767
          1.339784763168412
          1.3397847631698774
          1.2803882436445255
          1.2803882436431318
          1.2803882436431286
          1.2803882436445226
          1.477371050358856
          1.477371050357463
          1.4773710503588553
          1.4773710503588524
          1.4773710503574593
          1.4773710503574617
          1.477371050358855
          3.250216310778089
          3.2502163107864397
          3.2502163107864535
          3.2502163107781024
          3.4471991174923797
          3.447199117500755
          3.447199117500738
          3.4471991174923633
          3.4471991174924024
          3.447199117500767
          3.4471991175007664
          3.4471991174924024
          3.2502163107780855
          3.2502163107864535
          3.2502163107864535
          3.250216310778085
          1.4773710503588575
          1.477371050357465
          1.4773710503588584
          1.4773710503588653
          1.4773710503574744
          1.4773710503574722
          1.477371050358863
          1.3397847631698812
          1.339784763168418
          1.3397847631698812
          1.2803882436445362
          1.280388243643144
          1.2803882436431415
          1.2803882436445337
          2.679569526339753
          2.6795695263368193
          2.6795695263397583
          3.0145157171322237
          3.014515717128927
          3.014515717128918
          3.014515717132221
          2.512096430943528
          2.512096430940757
          2.512096430940761
          2.512096430943519
          2.6795695263397787
          2.679569526336843
          2.6795695263397716
          3.014515717132253
          3.014515717128953
          3.0145157171289387
          3.0145157171322454
          2.5120964309435414
          2.5120964309407836
          2.512096430940798
          2.512096430943543
          1.6848507423826804
          2.082928025964192
          1.7533279319537134
          1.7533279319541955
          1.7533279319541923
          1.753327931953711
          1.664278425840766
          1.664278425840297
          1.6642784258407652
          1.75332793195372
          1.7533279319541986
          1.7533279319541897
          1.753327931953705
          1.6642784258407584
          1.6642784258402885
          1.6642784258402885
          1.6642784258407584
          2.0402218401998953
          2.5222621465738913
          2.4444770563935094
          2.444477056393819
          2.4444770563938136
          2.4444770563935045
          2.3203248823425717
          2.3203248823415725
          2.3203248823425753
          2.444477056393525
          2.4444770563938243
          2.444477056393815
          2.4444770563934966
          2.3203248823425646
          2.3203248823415583
          2.3203248823415583
          2.320324882342564
          1.0000000000000024
          1.000000000000003
          3.0000000000000084
          3.0000000000000084
          3.0000000000000155
          3.0000000000000115
          2.6666666666666705
          2.666666666666677
          2.666666666666675
          3.000000000000018
          3.000000000000008
          3.000000000000018
          3.000000000000002
          2.5000000000000138
          2.499999999999993
          2.5000000000000226
          2.5000000000000213
          1.000000000000005
          1.000000000000005
          3.0000000000000266
          3.000000000000018
          3.000000000000026
          3.0000000000000266
          2.6666666666666727
          2.66666666666669
          2.666666666666675
          3.0000000000000404
          3.0000000000000067
          3.0000000000000293
          2.9999999999999987
          2.500000000000014
          2.499999999999991
          2.500000000000017
          2.5000000000000147
          1.0000000000000029
          1.0000000000000029
          3.000000000000019
          3.000000000000006
          2.9999999999999893
          3.000000000000008
          2.6666666666666563
          2.666666666666683
          2.6666666666666736
          3.0000000000000315
          2.999999999999982
          3.000000000000009
          3.0000000000000004
          2.500000000000014
          2.4999999999999822
          2.5000000000000036
          2.5000000000000147
          1.000000000000005
          1.000000000000005
          3.0000000000000178
          3.0000000000000173
          2.9999999999999907
          3.000000000000001
          2.666666666666656
          2.6666666666666776
          2.6666666666666705
          3.0000000000000324
          2.9999999999999956
          3.0000000000000093
          3.0000000000000107
          2.500000000000024
          2.499999999999986
          2.499999999999995
          2.5000000000000036
          1.0000000000000056
          1.0000000000000056
          3.0000000000000195
          3.0000000000000226
          3.000000000000015
          3.000000000000013
          2.6666666666666714
          2.6666666666666963
          2.666666666666672
          3.0000000000000373
          3.0000000000000067
          3.000000000000019
          3.000000000000026
          2.500000000000021
          2.499999999999981
          2.500000000000001
          2.500000000000006
          1.0000000000000009
          1.0000000000000013
          3.000000000000009
          3.0000000000000058
          3.000000000000015
          3.000000000000009
          2.6666666666666687
          2.6666666666666816
          2.6666666666666723
          3.000000000000026
          3.000000000000013
          3.0000000000000107
          3.0000000000000084
          2.5000000000000213
          2.499999999999985
          2.4999999999999822
          2.500000000000006
          1.0000000000000042
          1.0000000000000047
          3.000000000000037
          3.000000000000029
          3.0000000000000133
          3.0000000000000133
          2.6666666666666687
          2.666666666666683
          2.6666666666666785
          3.0000000000000324
          3.000000000000006
          3.000000000000039
          3.00000000000001
          2.500000000000017
          2.499999999999995
          2.4999999999999907
          2.5000000000000084
          1.0000000000000047
          1.0000000000000044
          3.0000000000000044
          3.0000000000000067
          3.000000000000004
          3.000000000000004
          2.666666666666664
          2.6666666666666803
          2.666666666666668
          3.000000000000022
          3.000000000000002
          3.000000000000022
          3.0000000000000044
          2.50000000000001
          2.499999999999992
          2.4999999999999996
          2.5000000000000058
          2.040221840199899
          2.5222621465738895
          2.4444770563935
          2.4444770563938056
          2.444477056393798
          2.444477056393496
          2.320324882342555
          2.3203248823415437
          2.3203248823425615
          2.444477056393516
          2.4444770563937994
          2.44447705639379
          2.444477056393497
          2.320324882342561
          2.3203248823415503
          2.3203248823415503
          2.320324882342561
          1.6848507423826797
          2.082928025964185
          1.753327931953706
          1.753327931954186
          1.7533279319541826
          1.7533279319537052
          1.6642784258407528
          1.6642784258402752
          1.6642784258407544
          1.7533279319537152
          1.753327931954184
          1.7533279319541741
          1.7533279319537067
          1.6642784258407541
          1.6642784258402767
          1.664278425840275
          1.6642784258407528
          2.6795695263397583
          2.6795695263368398
          2.6795695263397663
          3.014515717132243
          3.014515717128956
          3.0145157171289507
          3.014515717132241
          2.5120964309435267
          2.5120964309407774
          2.512096430940783
          2.5120964309435396
          2.6795695263397725
          2.679569526336839
          2.6795695263397614
          3.0145157171322468
          3.0145157171289187
          3.0145157171289028
          3.014515717132234
          2.512096430943529
          2.5120964309407667
          2.512096430940763
          2.5120964309435316
          1.3397847631698827
          1.3397847631684168
          1.3397847631698827
          1.2803882436445337
          1.280388243643142
          1.280388243643141
          1.280388243644533
          1.477371050358854
          1.4773710503574586
          1.4773710503588537
          1.4773710503588522
          1.4773710503574575
          1.4773710503574586
          1.4773710503588533
          3.2502163107780557
          3.250216310786388
          3.250216310786407
          3.2502163107780753
          3.4471991174923953
          3.4471991175007783
          3.4471991175007592
          3.447199117492376
          3.447199117492375
          3.4471991175007317
          3.447199117500733
          3.4471991174923753
          3.250216310778052
          3.250216310786409
          3.2502163107864073
          3.25021631077805
          1.477371050358856
          1.4773710503574615
          1.477371050358855
          1.4773710503588493
          1.4773710503574542
          1.4773710503574575
          1.4773710503588524
          1.3397847631698834
          1.3397847631684165
          1.3397847631698832
          1.2803882436445235
          1.2803882436431322
          1.2803882436431318
          1.2803882436445229
          2.679569526339761
          2.679569526336816
          2.6795695263397636
          3.0145157171322277
          3.0145157171289316
          3.0145157171289316
          3.014515717132228
          2.5120964309435334
          2.512096430940767
          2.5120964309407685
          2.512096430943527
          2.6795695263397725
          2.6795695263368313
          2.6795695263397707
          3.0145157171322445
          3.014515717128944
          3.0145157171289307
          3.0145157171322308
          2.5120964309435325
          2.5120964309407694
          2.5120964309407814
          2.5120964309435365
          1.7753045438987356
          2.173976253335763
          1.7449693285547832
          1.7449693285552583
          1.7449693285552579
          1.744969328554782
          1.7225871481840385
          1.7225871481835797
          1.7225871481840396
          1.7449693285547745
          1.744969328555252
          1.7449693285552528
          1.7449693285547767
          1.7225871481840414
          1.7225871481835842
          1.722587148183589
          1.722587148184047
          2.1497542852645424
          2.6325143946349705
          2.4219767825181346
          2.421976782518438
          2.421976782518437
          2.421976782518133
          2.3909108375109636
          2.3909108375099724
          2.390910837510965
          2.4219767825181218
          2.4219767825184215
          2.42197678251843
          2.421976782518125
          2.390910837510965
          2.390910837509973
          2.3909108375099772
          2.3909108375109698
          1.0000000000000042
          1.0000000000000044
          3.000000000000017
          3.000000000000009
          3.0000000000000084
          3.0000000000000155
          2.6666666666666585
          2.6666666666666647
          2.666666666666672
          3.0000000000000058
          2.999999999999993
          2.9999999999999996
          3.000000000000002
          2.5000000000000084
          2.4999999999999885
          2.500000000000005
          2.500000000000006
          1.0000000000000058
          1.0000000000000064
          2.99999999999998
          2.9999999999999716
          2.9999999999999725
          2.99999999999998
          2.6666666666666616
          2.6666666666666776
          2.6666666666666603
          3.0000000000000218
          2.9999999999999916
          2.9999999999999933
          2.9999999999999845
          2.5000000000000004
          2.49999999999997
          2.4999999999999853
          2.499999999999994
          1.0000000000000067
          1.0000000000000062
          3.0000000000000213
          3.0000000000000346
          3.00000000000002
          3.000000000000017
          2.666666666666665
          2.6666666666666874
          2.6666666666666763
          3.0000000000000164
          2.9999999999999916
          3.0000000000000338
          3.000000000000009
          2.5000000000000147
          2.4999999999999925
          2.5000000000000124
          2.500000000000006
          1.0000000000000067
          1.0000000000000069
          2.9999999999999902
          2.999999999999996
          3.0000000000000058
          3.000000000000008
          2.6666666666666785
          2.66666666666669
          2.6666666666666816
          3.00000000000002
          2.999999999999995
          2.999999999999991
          2.9999999999999907
          2.5000000000000084
          2.4999999999999822
          2.500000000000007
          2.5000000000000093
          1.0000000000000016
          1.000000000000003
          2.9999999999999885
          2.999999999999986
          2.9999999999999902
          2.999999999999991
          2.6666666666666607
          2.6666666666666656
          2.6666666666666665
          3.0000000000000218
          2.999999999999988
          2.9999999999999747
          2.9999999999999885
          2.5000000000000053
          2.499999999999985
          2.500000000000002
          2.500000000000007
          1.000000000000005
          1.000000000000005
          3.00000000000002
          3.000000000000026
          3.000000000000027
          3.000000000000019
          2.6666666666666727
          2.6666666666666856
          2.6666666666666825
          3.0000000000000258
          3.0000000000000147
          3.0000000000000218
          3.0000000000000173
          2.5000000000000226
          2.4999999999999902
          2.499999999999996
          2.5000000000000213
          1.0000000000000044
          1.0000000000000044
          3.0000000000000173
          3.0000000000000058
          2.9999999999999885
          2.999999999999998
          2.6666666666666625
          2.666666666666672
          2.6666666666666736
          3.000000000000019
          2.9999999999999987
          2.999999999999998
          3.0000000000000058
          2.5000000000000058
          2.499999999999993
          2.4999999999999916
          2.500000000000008
          1.000000000000003
          1.0000000000000033
          2.9999999999999867
          2.9999999999999845
          2.9999999999999902
          2.9999999999999947
          2.6666666666666594
          2.666666666666678
          2.6666666666666683
          3.000000000000002
          2.9999999999999867
          2.9999999999999947
          2.999999999999998
          2.500000000000001
          2.499999999999991
          2.4999999999999907
          2.499999999999995
          2.149754285264544
          2.6325143946349656
          2.421976782518132
          2.4219767825184446
          2.42197678251844
          2.421976782518135
          2.3909108375109795
          2.3909108375100065
          2.3909108375109827
          2.421976782518144
          2.4219767825184313
          2.42197678251844
          2.4219767825181364
          2.390910837510973
          2.3909108375099946
          2.390910837509999
          2.3909108375109773
          1.7753045438987394
          2.1739762533357614
          1.7449693285547805
          1.7449693285552625
          1.7449693285552594
          1.7449693285547832
          1.7225871481840445
          1.72258714818359
          1.7225871481840438
          1.744969328554789
          1.744969328555258
          1.7449693285552594
          1.7449693285547832
          1.722587148184044
          1.7225871481835866
          1.7225871481835844
          1.722587148184042
          2.6795695263397534
          2.6795695263368158
          2.6795695263397676
          3.0145157171322396
          3.014515717128945
          3.01451571712893
          3.0145157171322396
          2.5120964309435374
          2.5120964309407743
          2.512096430940763
          2.512096430943545
          2.6795695263397836
          2.6795695263368393
          2.679569526339768
          3.014515717132235
          3.0145157171289334
          3.0145157171289205
          3.0145157171322365
          2.5120964309435125
          2.51209643094076
          2.5120964309407716
          2.5120964309435427
          1.3397847631698838
          1.3397847631684165
          1.3397847631698845
          1.2803882436445333
          1.2803882436431462
          1.280388243643145
          1.2803882436445322
          1.4773710503588564
          1.4773710503574602
          1.4773710503588553
          1.47737105035885
          1.4773710503574553
          1.477371050357457
          1.477371050358852
          3.2502163107780935
          3.2502163107864703
          3.250216310786463
          3.250216310778086
          3.447199117492367
          3.4471991175007077
          3.4471991175007206
          3.4471991174923797
          3.447199117492384
          3.4471991175007437
          3.4471991175007473
          3.4471991174923873
          3.2502163107780655
          3.2502163107864264
          3.2502163107864197
          3.2502163107780593
          1.4773710503588569
          1.4773710503574626
          1.477371050358856
          1.477371050358858
          1.4773710503574657
          1.4773710503574649
          1.4773710503588573
          1.339784763169881
          1.3397847631684205
          1.3397847631698803
          1.280388243644532
          1.2803882436431373
          1.2803882436431373
          1.2803882436445317
          2.6795695263397596
          2.679569526336818
          2.6795695263397605
          3.014515717132236
          3.0145157171289165
          3.014515717128931
          3.014515717132234
          2.5120964309435316
          2.512096430940762
          2.512096430940768
          2.5120964309435228
          2.6795695263397783
          2.6795695263368353
          2.679569526339767
          3.014515717132253
          3.014515717128934
          3.0145157171289365
          3.014515717132239
          2.512096430943539
          2.512096430940774
          2.5120964309407903
          2.512096430943541
          1.7753045438987383
          2.173976253335766
          1.744969328554785
          1.744969328555262
          1.744969328555264
          1.7449693285547867
          1.7225871481840536
          1.7225871481835997
          1.7225871481840502
          1.7449693285547898
          1.744969328555266
          1.7449693285552652
          1.7449693285547934
          1.7225871481840551
          1.7225871481836046
          1.7225871481836026
          1.7225871481840533
          2.149754285264542
          2.6325143946349683
          2.421976782518135
          2.421976782518437
          2.421976782518443
          2.4219767825181386
          2.3909108375109813
          2.3909108375099923
          2.390910837510978
          2.421976782518139
          2.4219767825184424
          2.421976782518441
          2.421976782518146
          2.39091083751099
          2.3909108375100057
          2.3909108375099963
          2.390910837510981
          1.0000000000000029
          1.0000000000000036
          3.0000000000000058
          2.9999999999999925
          3.000000000000002
          3.00000000000001
          2.66666666666667
          2.6666666666666585
          2.6666666666666683
          3.0000000000000027
          2.999999999999989
          2.9999999999999947
          3.000000000000009
          2.500000000000007
          2.4999999999999893
          2.500000000000015
          2.5000000000000133
          1.0000000000000033
          1.0000000000000033
          3.000000000000002
          3
          3.000000000000008
          3.0000000000000018
          2.6666666666666603
          2.6666666666666665
          2.666666666666666
          3.000000000000011
          3.0000000000000013
          2.9999999999999933
          2.9999999999999822
          2.5000000000000036
          2.4999999999999707
          2.5000000000000013
          2.500000000000008
          1.000000000000005
          1.000000000000005
          3.000000000000018
          3.000000000000027
          3.000000000000011
          3.0000000000000027
          2.666666666666663
          2.666666666666686
          2.6666666666666723
          2.9999999999999982
          2.9999999999999956
          3.000000000000031
          3.000000000000013
          2.5000000000000098
          2.4999999999999822
          2.500000000000006
          2.5000000000000107
          1.0000000000000064
          1.000000000000008
          2.999999999999998
          2.999999999999993
          2.999999999999982
          2.9999999999999902
          2.666666666666666
          2.6666666666666576
          2.666666666666663
          3.0000000000000107
          2.999999999999997
          2.9999999999999702
          2.9999999999999862
          2.5000000000000067
          2.4999999999999654
          2.499999999999985
          2.500000000000004
          1.0000000000000044
          1.0000000000000058
          2.9999999999999862
          2.9999999999999796
          2.9999999999999893
          2.9999999999999907
          2.666666666666651
          2.6666666666666496
          2.6666666666666567
          3.0000000000000115
          2.9999999999999925
          2.999999999999966
          2.9999999999999813
          2.499999999999995
          2.4999999999999707
          2.499999999999985
          2.4999999999999862
          1.000000000000004
          1.000000000000004
          3.000000000000027
          3.000000000000027
          3.000000000000022
          3.0000000000000155
          2.6666666666666803
          2.666666666666714
          2.666666666666691
          3.00000000000003
          3.0000000000000155
          3.0000000000000338
          3.000000000000027
          2.5000000000000226
          2.5000000000000084
          2.5000000000000138
          2.5000000000000226
          1.0000000000000056
          1.0000000000000056
          3.0000000000000004
          2.999999999999991
          3.0000000000000036
          3.0000000000000067
          2.6666666666666634
          2.6666666666666643
          2.666666666666666
          3.00000000000001
          3
          2.999999999999997
          3.000000000000002
          2.500000000000002
          2.4999999999999902
          2.4999999999999933
          2.500000000000008
          1.0000000000000024
          1.000000000000003
          2.999999999999994
          2.999999999999993
          2.9999999999999973
          2.9999999999999996
          2.6666666666666625
          2.666666666666671
          2.666666666666666
          2.999999999999998
          3
          2.999999999999989
          2.9999999999999947
          2.5000000000000053
          2.4999999999999867
          2.4999999999999907
          2.499999999999995
          2.149754285264546
          2.632514394634964
          2.4219767825181373
          2.4219767825184437
          2.4219767825184357
          2.421976782518135
          2.3909108375109795
          2.3909108375099954
          2.3909108375109787
          2.421976782518139
          2.4219767825184366
          2.4219767825184357
          2.421976782518132
          2.390910837510977
          2.39091083751
          2.3909108375100083
          2.3909108375109858
          1.7753045438987405
          2.173976253335764
          1.7449693285547823
          1.7449693285552612
          1.7449693285552546
          1.744969328554782
          1.7225871481840485
          1.7225871481835913
          1.722587148184046
          1.7449693285547865
          1.744969328555257
          1.7449693285552574
          1.744969328554781
          1.7225871481840487
          1.7225871481835895
          1.7225871481835917
          1.722587148184051
          2.6795695263397383
          2.6795695263368127
          2.6795695263397636
          3.0145157171322334
          3.014515717128922
          3.014515717128925
          3.0145157171322263
          2.512096430943526
          2.5120964309407547
          2.5120964309407507
          2.5120964309435254
          2.6795695263397916
          2.6795695263368473
          2.6795695263397574
          3.014515717132253
          3.014515717128926
          3.014515717128936
          3.0145157171322534
          2.5120964309435214
          2.512096430940777
          2.512096430940801
          2.512096430943549
          1.339784763169884
          1.3397847631684205
          1.3397847631698847
          1.280388243644538
          1.2803882436431426
          1.2803882436431369
          1.2803882436445324
          1.477371050358854
          1.4773710503574533
          1.4773710503588509
          1.4773710503588438
          1.4773710503574509
          1.4773710503574595
          1.4773710503588526
          3.2502163107780837
          3.2502163107864526
          3.250216310786436
          3.2502163107780664
          3.447199117492375
          3.447199117500727
          3.447199117500743
          3.4471991174923913
          3.447199117492389
          3.4471991175007592
          3.447199117500771
          3.4471991174924006
          3.2502163107780477
          3.2502163107864055
          3.2502163107864126
          3.2502163107780535
          1.4773710503588493
          1.477371050357449
          1.4773710503588497
          1.477371050358849
          1.4773710503574504
          1.4773710503574509
          1.4773710503588495
          1.3397847631698776
          1.33978476316842
          1.339784763169878
          1.2803882436445297
          1.2803882436431349
          1.2803882436431373
          1.2803882436445329
          2.6795695263397645
          2.6795695263368273
          2.6795695263397654
          3.0145157171322507
          3.0145157171289276
          3.014515717128923
          3.01451571713224
          2.5120964309435325
          2.5120964309407596
          2.512096430940774
          2.5120964309435263
          2.679569526339764
          2.679569526336832
          2.679569526339766
          3.0145157171322405
          3.0145157171289263
          3.014515717128934
          3.014515717132241
          2.512096430943534
          2.5120964309407734
          2.512096430940791
          2.512096430943532
          1.6848507423826875
          2.082928025964185
          1.753327931953704
          1.7533279319541868
          1.753327931954186
          1.753327931953704
          1.66427842584076
          1.6642784258402952
          1.6642784258407612
          1.753327931953713
          1.7533279319541881
          1.7533279319541886
          1.753327931953714
          1.6642784258407544
          1.6642784258402865
          1.664278425840286
          1.6642784258407537
          2.0402218401998957
          2.5222621465738864
          2.4444770563934917
          2.4444770563937968
          2.4444770563937954
          2.444477056393489
          2.3203248823425673
          2.3203248823415734
          2.320324882342571
          2.444477056393505
          2.4444770563938025
          2.4444770563938056
          2.4444770563935054
          2.3203248823425633
          2.3203248823415623
          2.32032488234156
          2.320324882342561
          1.0000000000000033
          1.0000000000000036
          2.9999999999999907
          2.9999999999999867
          3.0000000000000044
          2.999999999999998
          2.6666666666666705
          2.6666666666666607
          2.666666666666678
          3.0000000000000018
          3.0000000000000027
          3.0000000000000013
          3.000000000000008
          2.4999999999999942
          2.500000000000008
          2.500000000000005
          2.500000000000007
          1.0000000000000013
          1.000000000000001
          3.000000000000003
          2.9999999999999902
          3.000000000000025
          3.0000000000000155
          2.6666666666666723
          2.666666666666671
          2.6666666666666825
          3.000000000000008
          3.00000000000001
          3.0000000000000147
          3.0000000000000178
          2.5000000000000133
          2.500000000000028
          2.499999999999992
          2.500000000000006
          1.000000000000003
          1.0000000000000024
          3.000000000000019
          3.0000000000000226
          3.0000000000000115
          3.000000000000008
          2.6666666666666785
          2.666666666666694
          2.6666666666666763
          3.0000000000000115
          3.0000000000000115
          3.0000000000000355
          3.00000000000003
          2.5000000000000306
          2.5000000000000213
          2.500000000000008
          2.5000000000000195
          1.0000000000000078
          1.0000000000000078
          3.00000000000001
          3.0000000000000284
          3.0000000000000204
          3.0000000000000115
          2.666666666666674
          2.666666666666675
          2.6666666666666776
          3.0000000000000333
          3.00000000000003
          3.0000000000000395
          3.0000000000000138
          2.5000000000000275
          2.5000000000000115
          2.500000000000026
          2.500000000000029
          1.0000000000000062
          1.0000000000000062
          3.0000000000000107
          3.0000000000000195
          3.0000000000000147
          3.000000000000006
          2.666666666666663
          2.6666666666666807
          2.666666666666681
          3.000000000000033
          3.0000000000000226
          3.000000000000039
          3.0000000000000147
          2.500000000000026
          2.500000000000004
          2.5000000000000147
          2.5000000000000173
          1.0000000000000022
          1.0000000000000022
          3.0000000000000093
          3.000000000000004
          2.999999999999997
          3.000000000000005
          2.6666666666666674
          2.666666666666678
          2.6666666666666754
          3.00000000000001
          2.999999999999998
          3.0000000000000226
          3.000000000000013
          2.5000000000000027
          2.5000000000000013
          2.5000000000000018
          2.500000000000012
          1.0000000000000036
          1.0000000000000033
          3.000000000000009
          3.00000000000001
          3.00000000000001
          3.0000000000000138
          2.6666666666666705
          2.666666666666676
          2.666666666666677
          3.0000000000000124
          3.0000000000000093
          3.000000000000009
          3.000000000000011
          2.5000000000000013
          2.50000000000001
          2.5000000000000044
          2.5000000000000133
          1.0000000000000018
          1.0000000000000018
          3.000000000000004
          3.000000000000008
          2.999999999999993
          2.9999999999999933
          2.6666666666666643
          2.6666666666666785
          2.6666666666666683
          3.0000000000000138
          3.000000000000019
          3.000000000000006
          3.000000000000009
          2.5000000000000036
          2.4999999999999902
          2.4999999999999973
          2.5000000000000036
          2.0402218401999
          2.52226214657389
          2.4444770563934934
          2.4444770563938114
          2.444477056393815
          2.4444770563935045
          2.3203248823425584
          2.320324882341559
          2.3203248823425597
          2.4444770563935094
          2.4444770563938247
          2.4444770563938176
          2.4444770563935037
          2.320324882342562
          2.3203248823415676
          2.32032488234156
          2.3203248823425544
          1.6848507423826808
          2.0829280259641894
          1.7533279319537083
          1.7533279319541968
          1.7533279319541955
          1.7533279319537138
          1.664278425840766
          1.6642784258402978
          1.6642784258407635
          1.7533279319537156
          1.7533279319542003
          1.7533279319541943
          1.7533279319537127
          1.6642784258407652
          1.664278425840294
          1.6642784258402896
          1.6642784258407608
          2.6795695263397556
          2.6795695263368424
          2.679569526339772
          3.0145157171322325
          3.0145157171289405
          3.014515717128932
          3.0145157171322414
          2.512096430943505
          2.5120964309407547
          2.512096430940786
          2.5120964309435245
          2.6795695263397685
          2.6795695263368247
          2.679569526339749
          3.014515717132243
          3.014515717128925
          3.0145157171289143
          3.014515717132249
          2.5120964309435423
          2.5120964309407845
          2.5120964309407867
          2.512096430943532
          1.3397847631698812
          1.339784763168417
          1.339784763169881
          1.2803882436445346
          1.280388243643134
          1.2803882436431286
          1.2803882436445295
          1.4773710503588575
          1.4773710503574615
          1.4773710503588569
          1.4773710503588453
          1.4773710503574613
          1.4773710503574708
          1.4773710503588549
          3.2502163107780664
          3.250216310786415
          3.2502163107864126
          3.250216310778064
          3.4471991174923784
          3.4471991175007464
          3.447199117500751
          3.447199117492383
          3.4471991174923673
          3.447199117500725
          3.4471991175007273
          3.4471991174923695
          3.2502163107780495
          3.250216310786403
          3.250216310786398
          3.2502163107780446
          1.4773710503588506
          1.4773710503574564
          1.4773710503588495
          1.4773710503588464
          1.4773710503574513
          1.477371050357451
          1.477371050358846
          1.339784763169881
          1.3397847631684163
          1.339784763169882
          1.280388243644523
          1.2803882436431295
          1.2803882436431304
          1.2803882436445237
          2.679569526339764
          2.6795695263368278
          2.679569526339766
          3.0145157171322365
          3.014515717128926
          3.01451571712891
          3.0145157171322423
          2.51209643094354
          2.51209643094076
          2.51209643094077
          2.5120964309435267
          2.679569526339757
          2.6795695263368295
          2.67956952633977
          3.0145157171322357
          3.0145157171289396
          3.0145157171289334
          3.0145157171322503
          2.5120964309435325
          2.5120964309407676
          2.5120964309407885
          2.51209643094353
          1.509190087444916
          1.906818948334924
          1.7700789515178565
          1.7700789515183495
          1.7700789515183477
          1.770078951517856
          1.5734035124603125
          1.5734035124607455
          1.5734035124603118
          1.770078951517857
          1.7700789515183446
          1.770078951518346
          1.7700789515178592
          1.5504045033088412
          1.5504045033083285
          1.5504045033083262
          1.550404503308839
          1.8275105918663819
          2.3090078936014593
          2.490497597871972
          2.4904975978722885
          2.4904975978722854
          2.4904975978719683
          2.213775642552852
          2.2137756425531263
          2.2137756425528496
          2.490497597871966
          2.490497597872278
          2.49049759787228
          2.490497597871963
          2.181416081982935
          2.1814160819818795
          2.181416081981874
          2.1814160819829302
          1.0000000000000056
          1.0000000000000056
          3.0000000000000324
          3.0000000000000258
          3.000000000000016
          3.000000000000013
          2.666666666666689
          2.6666666666666874
          2.6666666666666905
          3.0000000000000178
          3.000000000000022
          3.0000000000000147
          3.0000000000000058
          2.4999999999999987
          2.5000000000000258
          2.500000000000017
          2.500000000000017
          1.000000000000004
          1.000000000000004
          3.0000000000000147
          3.0000000000000058
          3.000000000000017
          3.000000000000011
          2.666666666666687
          2.666666666666693
          2.666666666666693
          3.000000000000031
          3.0000000000000377
          3.000000000000019
          3
          2.4999999999999902
          2.5000000000000147
          2.5000000000000013
          2.500000000000008
          1.0000000000000036
          1.0000000000000033
          3.0000000000000235
          3.000000000000028
          3.0000000000000044
          3.0000000000000044
          2.666666666666674
          2.6666666666666807
          2.6666666666666825
          3.000000000000028
          3.0000000000000213
          3.0000000000000147
          2.9999999999999956
          2.5000000000000093
          2.499999999999996
          2.4999999999999925
          2.5000000000000013
          1.0000000000000044
          1.0000000000000044
          3.000000000000011
          3.000000000000007
          2.9999999999999964
          3.0000000000000067
          2.666666666666672
          2.6666666666666727
          2.6666666666666843
          3.0000000000000147
          2.999999999999998
          3.000000000000009
          2.999999999999998
          2.500000000000009
          2.4999999999999902
          2.4999999999999982
          2.500000000000009
          1.0000000000000033
          1.0000000000000033
          3.000000000000005
          3.000000000000002
          3.0000000000000058
          3.0000000000000115
          2.6666666666666705
          2.6666666666666816
          2.6666666666666785
          3.0000000000000147
          3.000000000000007
          3.000000000000008
          3.0000000000000067
          2.4999999999999947
          2.4999999999999734
          2.4999999999999987
          2.5000000000000133
          1.000000000000001
          1.0000000000000009
          3.000000000000013
          2.999999999999994
          2.999999999999998
          3.0000000000000107
          2.666666666666672
          2.6666666666666807
          2.666666666666677
          3.000000000000008
          3.0000000000000053
          3.0000000000000107
          3.0000000000000155
          2.5000000000000138
          2.5000000000000067
          2.5000000000000044
          2.5000000000000204
          1.0000000000000033
          1.0000000000000036
          3.0000000000000133
          3.000000000000011
          3.000000000000007
          3.0000000000000173
          2.6666666666666776
          2.6666666666666945
          2.6666666666666803
          3.0000000000000133
          3.0000000000000155
          3.000000000000011
          3.000000000000019
          2.5000000000000036
          2.5000000000000124
          2.5000000000000147
          2.5000000000000235
          1.0000000000000044
          1.0000000000000044
          3.0000000000000155
          3.0000000000000138
          3.0000000000000155
          3.0000000000000178
          2.6666666666666776
          2.666666666666698
          2.6666666666666763
          3.00000000000002
          3.00000000000002
          3.000000000000011
          3.00000000000002
          2.5000000000000155
          2.5000000000000155
          2.5000000000000147
          2.500000000000019
          1.8275105918663836
          2.309007893601462
          2.490497597871961
          2.4904975978722663
          2.49049759787226
          2.4904975978719577
          2.213775642552849
          2.213775642553128
          2.21377564255285
          2.4904975978719572
          2.4904975978722583
          2.4904975978722663
          2.490497597871954
          2.181416081982932
          2.1814160819818755
          2.181416081981873
          2.181416081982929
          1.5091900874449127
          1.9068189483349292
          1.7700789515178539
          1.7700789515183424
          1.7700789515183408
          1.7700789515178548
          1.5734035124603152
          1.5734035124607517
          1.573403512460315
          1.7700789515178545
          1.7700789515183393
          1.7700789515183422
          1.770078951517855
          1.5504045033088445
          1.550404503308328
          1.5504045033083214
          1.550404503308838
          2.6795695263397574
          2.679569526336826
          2.6795695263397583
          3.0145157171322308
          3.014515717128924
          3.014515717128903
          3.0145157171322396
          2.5120964309435023
          2.5120964309407587
          2.5120964309407845
          2.5120964309435245
          2.6795695263397734
          2.6795695263368406
          2.679569526339769
          3.0145157171322428
          3.0145157171289436
          3.0145157171289316
          3.014515717132261
          2.5120964309435454
          2.512096430940793
          2.5120964309407854
          2.5120964309435343
          1.3397847631698758
          1.3397847631684079
          1.3397847631698756
          1.2803882436445255
          1.2803882436431304
          1.280388243643125
          1.280388243644521
          1.4773710503588582
          1.4773710503574662
          1.4773710503588637
          1.4773710503588542
          1.4773710503574642
          1.477371050357471
          1.4773710503588608
          3.2502163107781135
          3.2502163107864748
          3.250216310786466
          3.250216310778105
          3.447199117492341
          3.4471991175007037
          3.447199117500717
          3.4471991174923535
          3.4471991174924
          3.4471991175007726
          3.447199117500771
          3.447199117492398
          3.2502163107780873
          3.2502163107864575
          3.250216310786459
          3.250216310778089
          1.4773710503588664
          1.4773710503574768
          1.4773710503588646
          1.4773710503588642
          1.4773710503574744
          1.477371050357474
          1.4773710503588637
          1.3397847631698816
          1.3397847631684152
          1.339784763169884
          1.2803882436445366
          1.280388243643145
          1.2803882436431444
          1.280388243644536
          2.679569526339771
          2.679569526336837
          2.679569526339767
          3.0145157171322317
          3.014515717128927
          3.0145157171289187
          3.0145157171322414
          2.5120964309435343
          2.512096430940771
          2.5120964309407734
          2.5120964309435276
          2.6795695263397574
          2.679569526336827
          2.6795695263397667
          3.014515717132239
          3.014515717128945
          3.0145157171289347
          3.014515717132247
          2.512096430943532
          2.5120964309407756
          2.512096430940785
          2.512096430943532
          1.2626380007170892
          1.6609712058002493
          1.7952752328493307
          1.7952752328498298
          1.7952752328498298
          1.795275232849332
          1.5958002069771826
          1.5958002069776231
          1.5958002069771848
          1.7952752328493287
          1.7952752328498287
          1.7952752328498232
          1.7952752328493293
          1.4960626940411137
          1.4960626940415236
          1.4960626940415336
          1.4960626940411141
          1.5289553908415099
          2.0113055980414303
          2.562188468923343
          2.5621884689236483
          2.5621884689236483
          2.562188468923343
          2.2775008612651915
          2.2775008612654633
          2.277500861265196
          2.5621884689233423
          2.5621884689236505
          2.562188468923645
          2.5621884689233427
          2.135157057436124
          2.135157057436372
          2.135157057436386
          2.1351570574361247
          1.000000000000002
          1.000000000000002
          2.999999999999997
          2.9999999999999925
          2.9999999999999996
          2.999999999999996
          2.6666666666666585
          2.6666666666666554
          2.6666666666666687
          3.0000000000000018
          3.0000000000000018
          3.0000000000000018
          2.9999999999999973
          2.5000000000000027
          2.4999999999999916
          2.499999999999999
          2.500000000000002
          1.0000000000000033
          1.0000000000000033
          3.000000000000002
          2.9999999999999973
          3.000000000000009
          3.0000000000000027
          2.6666666666666763
          2.666666666666681
          2.6666666666666723
          3.0000000000000124
          3.00000000000001
          3.000000000000004
          2.999999999999989
          2.500000000000011
          2.499999999999996
          2.5000000000000036
          2.500000000000008
          1.000000000000002
          1.0000000000000022
          3.0000000000000124
          3.000000000000009
          2.999999999999991
          2.9999999999999973
          2.666666666666668
          2.666666666666678
          2.6666666666666647
          2.999999999999998
          2.999999999999989
          2.9999999999999996
          2.9999999999999956
          2.500000000000016
          2.499999999999991
          2.499999999999994
          2.5000000000000036
          1.000000000000002
          1.0000000000000022
          3.0000000000000004
          2.9999999999999973
          2.999999999999994
          2.9999999999999996
          2.6666666666666625
          2.6666666666666687
          2.666666666666665
          3.0000000000000067
          3.0000000000000027
          2.9999999999999956
          3.0000000000000004
          2.500000000000011
          2.4999999999999942
          2.499999999999991
          2.499999999999998
          1.0000000000000018
          1.0000000000000018
          3.0000000000000044
          3.000000000000002
          3.0000000000000084
          3.0000000000000004
          2.6666666666666625
          2.6666666666666705
          2.6666666666666616
          3.0000000000000044
          3.0000000000000115
          2.999999999999988
          2.9999999999999956
          2.5000000000000213
          2.4999999999999987
          2.499999999999985
          2.499999999999995
          1.000000000000004
          1.000000000000004
          3.0000000000000027
          3
          3.000000000000013
          3.0000000000000036
          2.6666666666666696
          2.6666666666666807
          2.666666666666667
          3.0000000000000044
          3.00000000000002
          3.0000000000000013
          3.0000000000000115
          2.5000000000000226
          2.500000000000004
          2.4999999999999947
          2.500000000000009
          1.0000000000000036
          1.0000000000000036
          3.000000000000013
          3.000000000000008
          3.000000000000011
          3.000000000000011
          2.6666666666666745
          2.666666666666681
          2.6666666666666727
          3.000000000000011
          3.0000000000000155
          3.000000000000011
          3.0000000000000178
          2.500000000000011
          2.5000000000000084
          2.5000000000000036
          2.5000000000000133
          1.0000000000000009
          1.000000000000001
          3.000000000000002
          2.9999999999999987
          2.999999999999998
          2.999999999999998
          2.666666666666662
          2.666666666666669
          2.6666666666666616
          3
          3
          2.999999999999988
          2.999999999999997
          2.500000000000008
          2.4999999999999956
          2.4999999999999925
          2.500000000000002
          1.528955390841508
          2.011305598041427
          2.562188468923349
          2.5621884689236625
          2.5621884689236585
          2.5621884689233467
          2.2775008612651937
          2.2775008612654815
          2.277500861265194
          2.5621884689233516
          2.5621884689236607
          2.562188468923663
          2.5621884689233485
          2.135157057436114
          2.1351570574363925
          2.135157057436387
          2.1351570574361256
          1.2626380007170914
          1.660971205800251
          1.7952752328493344
          1.7952752328498383
          1.7952752328498351
          1.7952752328493333
          1.595800206977183
          1.5958002069776354
          1.5958002069771837
          1.7952752328493364
          1.7952752328498367
          1.7952752328498374
          1.795275232849336
          1.4960626940411064
          1.4960626940415354
          1.4960626940415298
          1.4960626940411124
          2.6795695263397405
          2.6795695263367976
          2.679569526339738
          3.014515717132228
          3.0145157171289076
          3.014515717128885
          3.014515717132214
          2.5120964309435068
          2.5120964309407565
          2.512096430940747
          2.512096430943506
          2.6795695263397876
          2.679569526336867
          2.679569526339787
          3.014515717132251
          3.0145157171289463
          3.014515717128961
          3.0145157171322743
          2.5120964309435405
          2.512096430940802
          2.512096430940805
          2.512096430943552
          1.3397847631698783
          1.3397847631684114
          1.3397847631698792
          1.280388243644534
          1.2803882436431417
          1.2803882436431355
          1.280388243644528
          1.4773710503588624
          1.4773710503574704
          1.4773710503588633
          1.4773710503588564
          1.4773710503574637
          1.4773710503574677
          1.4773710503588602
          3.2502163107781072
          3.250216310786454
          3.2502163107864415
          3.250216310778095
          3.447199117492347
          3.447199117500714
          3.4471991175007206
          3.447199117492353
          1.5289553908415148
          2.0113055980414343
          2.5621884689233405
          2.5621884689236483
          2.562188468923654
          2.562188468923343
          2.2775008612651924
          2.2775008612654686
          2.2775008612651932
          2.5621884689233405
          2.562188468923649
          2.5621884689236527
          2.5621884689233516
          2.135157057436116
          2.135157057436368
          2.1351570574363716
          2.1351570574361194
          1.8275105918663896
          2.309007893601467
          2.490497597871962
          2.4904975978722668
          2.4904975978722748
          2.49049759787196
          2.213775642552852
          2.2137756425531334
          2.2137756425528563
          2.4904975978719612
          2.4904975978722677
          2.490497597872267
          2.49049759787196
          2.181416081982935
          2.1814160819818933
          2.1814160819818937
          2.1814160819829356
          2.0402218401998975
          2.5222621465738855
          2.444477056393494
          2.444477056393804
          2.4444770563938003
          2.444477056393491
          2.320324882342564
          2.3203248823415557
          2.3203248823425646
          2.4444770563935054
          2.4444770563938127
          2.444477056393803
          2.4444770563934943
          2.320324882342567
          2.32032488234156
          2.32032488234156
          2.320324882342567
          2.1497542852645415
          2.6325143946349607
          2.4219767825181404
          2.4219767825184437
          2.4219767825184317
          2.4219767825181395
          2.3909108375109764
          2.3909108375100003
          2.3909108375109795
          2.4219767825181377
          2.4219767825184304
          2.4219767825184313
          2.4219767825181373
          2.390910837510975
          2.3909108375099963
          2.3909108375099954
          2.390910837510974
          2.149754285264547
          2.6325143946349687
          2.421976782518134
          2.4219767825184397
          2.4219767825184437
          2.421976782518141
          2.39091083751097
          2.390910837509982
          2.3909108375109747
          2.4219767825181533
          2.421976782518444
          2.421976782518447
          2.4219767825181417
          2.390910837510971
          2.390910837510001
          2.3909108375099994
          2.3909108375109693
          2.040221840199903
          2.522262146573896
          2.444477056393503
          2.4444770563938154
          2.444477056393808
          2.4444770563934966
          2.320324882342575
          2.3203248823415854
          2.320324882342572
          2.4444770563935005
          2.4444770563938043
          2.444477056393808
          2.4444770563934957
          2.3203248823425695
          2.320324882341559
          2.3203248823415605
          2.3203248823425713
          1.8275105918663863
          2.309007893601469
          2.4904975978719612
          2.490497597872262
          2.4904975978722583
          2.49049759787196
          2.213775642552848
          2.213775642553124
          2.213775642552848
          2.4904975978719555
          2.4904975978722534
          2.4904975978722534
          2.490497597871964
          2.181416081982933
          2.181416081981884
          2.181416081981888
          2.181416081982937
          1.5289553908415106
          2.011305598041434
          2.562188468923344
          2.5621884689236576
          2.562188468923658
          2.5621884689233467
          2.2775008612651937
          2.27750086126548
          2.2775008612651932
          2.562188468923346
          2.562188468923657
          2.5621884689236545
          2.562188468923352
          2.1351570574361207
          2.13515705743638
          2.1351570574363783
          2.135157057436117
          1.262638000717085
          1.6609712058002497
          1.795275232849333
          1.7952752328498343
          1.7952752328498363
          1.795275232849333
          1.5958002069771855
          1.5958002069776323
          1.595800206977185
          1.7952752328493307
          1.7952752328498318
          1.795275232849834
          1.7952752328493382
          1.4960626940411121
          1.4960626940415225
          1.4960626940415254
          1.4960626940411108
          1.509190087444907
          1.9068189483349285
          1.7700789515178574
          1.7700789515183457
          1.7700789515183504
          1.7700789515178565
          1.5734035124603156
          1.5734035124607557
          1.5734035124603185
          1.7700789515178592
          1.770078951518345
          1.7700789515183457
          1.7700789515178583
          1.5504045033088458
          1.5504045033083398
          1.55040450330834
          1.550404503308846
          1.684850742382685
          2.0829280259641814
          1.7533279319537025
          1.753327931954183
          1.75332793195418
          1.7533279319537012
          1.664278425840756
          1.6642784258402803
          1.6642784258407564
          1.7533279319537112
          1.7533279319541897
          1.7533279319541843
          1.753327931953704
          1.664278425840758
          1.6642784258402858
          1.6642784258402852
          1.6642784258407575
          1.7753045438987447
          2.173976253335757
          1.7449693285547863
          1.744969328555264
          1.7449693285552537
          1.7449693285547856
          1.722587148184044
          1.7225871481835882
          1.7225871481840422
          1.7449693285547836
          1.7449693285552563
          1.7449693285552539
          1.7449693285547832
          1.722587148184044
          1.7225871481835882
          1.72258714818359
          1.7225871481840458
          1.7753045438987363
          2.1739762533357645
          1.7449693285547823
          1.7449693285552592
          1.7449693285552585
          1.7449693285547867
          1.722587148184046
          1.7225871481835875
          1.7225871481840447
          1.7449693285547925
          1.7449693285552577
          1.7449693285552603
          1.7449693285547871
          1.7225871481840478
          1.7225871481835977
          1.7225871481835981
          1.722587148184048
          1.6848507423826757
          2.082928025964188
          1.7533279319537116
          1.7533279319541977
          1.753327931954193
          1.7533279319537098
          1.6642784258407628
          1.664278425840293
          1.6642784258407615
          1.753327931953714
          1.753327931954191
          1.7533279319541906
          1.7533279319537103
          1.6642784258407628
          1.6642784258402856
          1.6642784258402863
          1.6642784258407632
          1.5091900874449071
          1.9068189483349256
          1.7700789515178545
          1.770078951518341
          1.7700789515183382
          1.7700789515178548
          1.5734035124603132
          1.5734035124607495
          1.5734035124603114
          1.7700789515178534
          1.7700789515183353
          1.7700789515183328
          1.7700789515178608
          1.5504045033088436
          1.5504045033083316
          1.550404503308332
          1.5504045033088436
          1.2626380007170857
          1.6609712058002497
          1.795275232849332
          1.7952752328498354
          1.7952752328498345
          1.7952752328493333
          1.5958002069771824
          1.5958002069776345
          1.5958002069771813
          1.7952752328493338
          1.7952752328498351
          1.79527523284983
          1.7952752328493378
          1.4960626940411124
          1.496062694041525
          1.4960626940415276
          1.496062694041108
          2.679569526339769
          2.6795695263368433
          2.679569526339769
          3.01451571713224
          3.014515717128943
          3.0145157171289543
          3.0145157171322423
          2.5120964309435228
          2.512096430940776
          2.512096430940791
          2.5120964309435245
          2.6795695263397667
          2.6795695263368446
          2.6795695263397743
          3.0145157171322485
          3.0145157171289383
          3.0145157171289614
          3.0145157171322543
          2.512096430943528
          2.512096430940773
          2.512096430940795
          2.512096430943526
          2.6795695263397543
          2.6795695263368344
          2.67956952633976
          3.0145157171322454
          3.014515717128941
          3.014515717128942
          3.014515717132241
          2.5120964309435205
          2.5120964309407605
          2.5120964309407627
          2.512096430943527
          2.6795695263397628
          2.67956952633683
          2.6795695263397565
          3.0145157171322388
          3.0145157171289587
          3.014515717128963
          3.014515717132247
          2.512096430943532
          2.512096430940766
          2.512096430940769
          2.5120964309435276
          2.679569526339755
          2.6795695263368104
          2.6795695263397588
          3.014515717132232
          3.0145157171289347
          3.014515717128967
          3.0145157171322494
          2.512096430943531
          2.512096430940752
          2.51209643094077
          2.5120964309435276
          2.6795695263397565
          2.679569526336821
          2.6795695263397636
          3.014515717132234
          3.0145157171289387
          3.01451571712895
          3.0145157171322428
          2.5120964309435188
          2.51209643094076
          2.5120964309407863
          2.512096430943537
          2.679569526339757
          2.679569526336815
          2.6795695263397463
          3.0145157171322285
          3.0145157171289276
          3.014515717128924
          3.0145157171322454
          2.5120964309435254
          2.512096430940756
          2.512096430940778
          2.512096430943524
          2.67956952633974
          2.6795695263367953
          2.679569526339733
          3.0145157171322143
          3.0145157171288988
          3.014515717128901
          3.014515717132225
          2.512096430943512
          2.512096430940735
          2.512096430940742
          2.512096430943505
          2.6795695263397605
          2.679569526336817
          2.6795695263397628
          3.014515717132243
          3.014515717128919
          3.014515717128914
          3.014515717132228
          2.512096430943535
          2.512096430940765
          2.5120964309407765
          2.5120964309435334
          2.679569526339759
          2.679569526336814
          2.6795695263397663
          3.014515717132246
          3.0145157171289103
          3.0145157171289028
          3.01451571713222
          2.5120964309435383
          2.5120964309407547
          2.512096430940775
          2.5120964309435343
          2.6795695263397707
          2.6795695263368375
          2.679569526339778
          3.0145157171322468
          3.0145157171289183
          3.0145157171289148
          3.0145157171322383
          2.512096430943555
          2.512096430940772
          2.5120964309407694
          2.512096430943557
          2.679569526339772
          2.6795695263368278
          2.6795695263397743
          3.014515717132242
          3.0145157171289063
          3.0145157171288925
          3.014515717132232
          2.5120964309435423
          2.51209643094075
          2.5120964309407694
          2.5120964309435543
          2.679569526339775
          2.6795695263368353
          2.679569526339778
          3.0145157171322547
          3.0145157171289125
          3.014515717128898
          3.0145157171322254
          2.512096430943528
          2.51209643094076
          2.5120964309407947
          2.5120964309435414
          2.679569526339769
          2.6795695263368318
          2.6795695263397676
          3.0145157171322485
          3.0145157171289214
          3.0145157171289063
          3.0145157171322325
          2.512096430943533
          2.5120964309407743
          2.5120964309407805
          2.5120964309435316
          2.679569526339778
          2.679569526336854
          2.6795695263397765
          3.0145157171322494
          3.0145157171289387
          3.0145157171289156
          3.014515717132248
          2.5120964309435365
          2.512096430940774
          2.512096430940802
          2.512096430943541
          2.679569526339789
          2.6795695263368726
          2.6795695263397894
          3.0145157171322654
          3.0145157171289587
          3.014515717128948
          3.0145157171322636
          2.512096430943548
          2.5120964309407947
          2.5120964309408196
          2.5120964309435596
          1.3397847631698838
          1.3397847631684148
          1.3397847631698785
          1.28038824364453
          1.2803882436431397
          1.2803882436431397
          1.28038824364453
          1.3397847631698827
          1.3397847631684132
          1.3397847631698796
          1.280388243644528
          1.2803882436431355
          1.2803882436431355
          1.2803882436445277
          1.3397847631698772
          1.339784763168411
          1.3397847631698805
          1.2803882436445257
          1.2803882436431382
          1.2803882436431422
          1.2803882436445297
          1.3397847631698807
          1.339784763168413
          1.3397847631698825
          1.2803882436445342
          1.2803882436431504
          1.2803882436431488
          1.2803882436445326
          1.339784763169891
          1.339784763168416
          1.3397847631698865
          1.28038824364453
          1.280388243643142
          1.2803882436431546
          1.2803882436445424
          1.3397847631698894
          1.3397847631684208
          1.3397847631698871
          1.280388243644532
          1.280388243643145
          1.2803882436431464
          1.2803882436445333
          1.3397847631698845
          1.339784763168424
          1.3397847631698852
          1.2803882436445313
          1.2803882436431477
          1.2803882436431513
          1.280388243644535
          1.3397847631698852
          1.3397847631684217
          1.3397847631698825
          1.2803882436445322
          1.2803882436431475
          1.2803882436431488
          1.2803882436445333
          1.4773710503588517
          1.4773710503574629
          1.477371050358857
          1.4773710503588517
          1.4773710503574569
          1.4773710503574569
          1.4773710503588517
          1.477371050358854
          1.4773710503574602
          1.4773710503588542
          1.4773710503588533
          1.4773710503574584
          1.4773710503574564
          1.477371050358851
          1.4773710503588582
          1.4773710503574662
          1.4773710503588573
          1.477371050358854
          1.477371050357456
          1.477371050357458
          1.4773710503588557
          1.4773710503588575
          1.4773710503574655
          1.477371050358855
          1.4773710503588537
          1.4773710503574518
          1.477371050357444
          1.477371050358846
          1.4773710503588493
          1.4773710503574637
          1.4773710503588597
          1.4773710503588469
          1.4773710503574464
          1.4773710503574495
          1.4773710503588502
          1.4773710503588429
          1.4773710503574504
          1.4773710503588497
          1.4773710503588493
          1.477371050357446
          1.4773710503574313
          1.4773710503588349
          1.477371050358851
          1.4773710503574513
          1.4773710503588495
          1.4773710503588546
          1.4773710503574518
          1.4773710503574444
          1.4773710503588473
          1.4773710503588546
          1.4773710503574624
          1.4773710503588608
          1.4773710503588566
          1.4773710503574555
          1.4773710503574564
          1.4773710503588573
          3.2502163107780855
          3.2502163107864543
          3.2502163107864535
          3.2502163107780855
          3.2502163107780997
          3.2502163107864668
          3.2502163107864677
          3.2502163107781006
          3.250216310778097
          3.2502163107864637
          3.2502163107864694
          3.2502163107781032
          3.2502163107781064
          3.25021631078645
          3.250216310786427
          3.250216310778083
          3.2502163107781037
          3.2502163107864313
          3.250216310786406
          3.2502163107780784
          3.2502163107781006
          3.2502163107864526
          3.250216310786444
          3.2502163107780917
          3.250216310778096
          3.2502163107864614
          3.250216310786459
          3.2502163107780935
          3.2502163107780944
          3.2502163107864424
          3.2502163107864237
          3.250216310778075
          3.4471991174923793
          3.4471991175007384
          3.4471991175007384
          3.4471991174923793
          3.4471991174923544
          3.447199117500701
          3.4471991175006975
          3.44719911749235
          3.447199117492347
          3.4471991175006953
          3.447199117500691
          3.447199117492342
          3.447199117492363
          3.447199117500738
          3.447199117500769
          3.4471991174923926
          3.4471991174923486
          3.4471991175007326
          3.447199117500765
          3.4471991174923806
          3.4471991174923504
          3.447199117500718
          3.4471991175007166
          3.4471991174923486
          3.4471991174923517
          3.4471991175007113
          3.4471991175007215
          3.447199117492362
          3.4471991174923606
          3.4471991175007175
          3.44719911750073
          3.447199117492372
        </DataArray>
      </CellData>
    </Piece>
  </UnstructuredGrid>
</VTKFile>
