<?xml version="1.0"?>
<VTKFile type="UnstructuredGrid" version="0.1" byte_order="LittleEndian">
  <UnstructuredGrid>
    <Piece NumberOfPoints="3456" NumberOfCells="2400">
      <Points>
        <DataArray type="Float64" NumberOfComponents="3" format="ascii">
          2.8000001 2.0000001 0.0000001
          2.9000000999999997 2.0000001 0.0000001
          2.8923004752364294 2.117473672998046 0.0000001
          2.7931559890990485 2.104421053776041 0.0000001
          2.7250001 2.0000001 0.07500010000000011
          2.812500099999999 2.0000001 0.07500010000000008
          2.8055490498662197 2.1060526311787915 0.07500010000000013
          2.7187976244960126 2.094631589359537 0.07500010000000015
          3.0000001 2.0000001 0.0000001
          2.9914449613738103 2.1305262922200514 0.0000001
          2.9000000999999997 2.0000001 0.0750001000000001
          2.892300475236429 2.117473672998046 0.07500010000000013
          2.869333343660162 2.2329372405922685 0.0000001
          2.7727407610312547 2.2070553360820164 0.0000001
          2.7848148338598677 2.210290574145798 0.0750001000000001
          2.7002963240595745 2.1876439076993273 0.07500010000000017
          2.965925926289068 2.2588191451025206 0.0000001
          2.869333343660161 2.2329372405922685 0.07500010000000014
          2.831491679260157 2.344415189128581 0.0000001
          2.7391037260090294 2.306146845892072 0.0000001
          2.750652220165418 2.3109303887966353 0.0750001000000002
          2.6698127610706828 2.27744558846469 0.07500010000000018
          2.9238796325112864 2.3826835323650895 0.0000001
          2.8314916792601577 2.3444151891285805 0.07500010000000024
          2.7794229634059944 2.4500000999999996 0.0000001
          2.692820423027551 2.4000001 0.0000001
          2.7036457405748533 2.4062501000000003 0.0750001000000001
          2.627868517743718 2.3625001 0.07500010000000003
          2.8660255037844387 2.5000001 0.0000001
          2.7794229634059944 2.4500001 0.07500010000000015
          2.714018106262112 2.5478853861078483 0.0000001
          2.6346827722329884 2.487009243206977 0.0000001
          2.6445996889866272 2.494618761069585 0.07500010000000006
          2.5751812717111453 2.4413521360313224 0.07500010000000017
          2.7933534402912352 2.6087615290087203 0.0000001
          2.7140181062621114 2.5478853861078483 0.0750001
          2.6363962030678927 2.6363962030678922 0.0000001
          2.565685524949238 2.565685524949238 0.0000001
          2.574524359714069 2.5745243597140686 0.07500010000000022
          2.512652516360247 2.5126525163602467 0.07500010000000018
          2.7071068811865477 2.707106881186547 0.0000001
          2.6363962030678927 2.6363962030678927 0.07500010000000015
          2.547885386107849 2.7140181062621114 0.0000001
          2.487009243206977 2.634682772232988 0.0000001
          2.4946187610695856 2.6445996889866272 0.07500010000000014
          2.441352136031323 2.5751812717111453 0.07500010000000018
          2.6087615290087216 2.7933534402912343 0.0000001
          2.5478853861078488 2.714018106262111 0.07500010000000014
          2.4500001000000005 2.7794229634059944 0.00000010000000000000001
          2.4000000999999997 2.692820423027551 0.0000001
          2.4062500999999985 2.703645740574855 0.07500010000000014
          2.3625000999999997 2.627868517743718 0.07500010000000017
          2.5000001000000003 2.866025503784438 0.0000001
          2.4500001 2.7794229634059944 0.07500010000000014
          2.34441518912858 2.831491679260157 0.0000001
          2.3061468458920715 2.73910372600903 0.0000001
          2.3109303887966353 2.750652220165418 0.07500010000000014
          2.27744558846469 2.6698127610706828 0.07500010000000017
          2.38268353236509 2.9238796325112864 0.0000001
          2.3444151891285805 2.831491679260158 0.07500010000000014
          2.2329372405922685 2.86933334366016 0.0000001
          2.2070553360820164 2.7727407610312547 0.0000001
          2.210290574145798 2.7848148338598677 0.07500010000000017
          2.1876439076993273 2.7002963240595745 0.07500010000000018
          2.258819145102521 2.965925926289068 0.0000001
          2.232937240592269 2.869333343660161 0.07500010000000014
          2.117473672998047 2.8923004752364294 0.0000001
          2.104421053776041 2.7931559890990485 0.0000001
          2.1060526311787924 2.805549049866218 0.0750001000000002
          2.0946315893595373 2.7187976244960126 0.07500010000000017
          2.1305262922200523 2.9914449613738103 0.0000001
          2.117473672998047 2.892300475236429 0.07500010000000014
          2.0000001 2.9000000999999997 0.0000001
          2.0000001 2.8000001 0.0000001
          2.0000001 2.812500099999999 0.07500010000000008
          2.0000001 2.7250001 0.07500010000000011
          2.0000001 3.0000001 0.0000001
          2.0000001 2.9000000999999997 0.0750001000000001
          2.6500001 2.0000001 0.1500001
          2.7250001 2.0000001 0.1500001
          2.7187976244960126 2.0946315893595364 0.15000010000000003
          2.6444392598929767 2.0848421249430333 0.1500001
          2.8000001 2.0000001 0.1500001
          2.7931559890990485 2.104421053776041 0.1500001
          2.7002963240595736 2.187643907699327 0.15000009999999997
          2.6278518870878944 2.168232479316638 0.1500001
          2.7727407610312547 2.2070553360820164 0.1500001
          2.6698127610706823 2.2774455884646905 0.1500001
          2.6005217961323366 2.2487443310373085 0.1500001
          2.7391037260090294 2.306146845892072 0.1500001
          2.6278685177437175 2.3625000999999997 0.15000009999999997
          2.5629166124598854 2.3250001 0.1500001
          2.692820423027551 2.4000001 0.1500001
          2.5751812717111453 2.4413521360313224 0.1500001
          2.515679771189303 2.3956950288556684 0.1500001
          2.6346827722329884 2.487009243206977 0.1500001
          2.5126525163602476 2.512652516360247 0.1500001
          2.459619507771256 2.4596195077712557 0.1500001
          2.565685524949238 2.565685524949238 0.1500001
          2.4413521360313233 2.5751812717111453 0.1500001
          2.395695028855669 2.5156797711893026 0.1500001
          2.487009243206977 2.634682772232988 0.1500001
          2.3625001 2.627868517743718 0.1500001
          2.3250001 2.562916612459885 0.1500001
          2.4000000999999997 2.692820423027551 0.1500001
          2.2774455884646896 2.6698127610706823 0.15000009999999997
          2.2487443310373085 2.6005217961323366 0.1500001
          2.3061468458920715 2.73910372600903 0.1500001
          2.187643907699327 2.7002963240595736 0.1500001
          2.168232479316638 2.6278518870878944 0.1500001
          2.2070553360820164 2.7727407610312547 0.1500001
          2.0946315893595377 2.7187976244960126 0.1500001
          2.084842124943034 2.6444392598929767 0.1500001
          2.104421053776041 2.7931559890990485 0.1500001
          2.0000001 2.7250001 0.1500001
          2.0000001 2.6500001 0.1500001
          2.0000001 2.8000001 0.1500001
          1.882526527001953 2.8923004752364294 0.0000001
          1.8955791462239584 2.7931559890990485 0.0000001
          1.8939475688212069 2.8055490498662197 0.07500010000000015
          1.9053686106404624 2.7187976244960126 0.07500010000000015
          1.8694739077799483 2.9914449613738103 0.0000001
          1.8825265270019533 2.892300475236429 0.07500010000000014
          1.7670629594077312 2.869333343660162 0.0000001
          1.792944863917983 2.7727407610312547 0.0000001
          1.7897096258542025 2.7848148338598677 0.07500010000000007
          1.8123562923006722 2.7002963240595745 0.07500010000000015
          1.741181054897479 2.965925926289068 0.0000001
          1.7670629594077312 2.869333343660161 0.07500010000000011
          1.655585010871419 2.831491679260157 0.0000001
          1.693853354107928 2.7391037260090294 0.0000001
          1.6890698112033646 2.750652220165418 0.07500010000000014
          1.7225546115353096 2.6698127610706828 0.07500010000000015
          1.61731666763491 2.9238796325112864 0.0000001
          1.6555850108714192 2.831491679260158 0.0750001000000002
          1.5500000999999997 2.7794229634059944 0.0000001
          1.6000000999999995 2.692820423027551 0.0000001
          1.593750099999999 2.7036457405748533 0.07500010000000013
          1.6375000999999996 2.627868517743718 0.07500010000000013
          1.5000000999999998 2.8660255037844387 0.0000001
          1.5500000999999997 2.7794229634059944 0.07500010000000011
          1.452114813892151 2.714018106262112 0.0000001
          1.512990956793023 2.634682772232988 0.0000001
          1.5053814389304143 2.6445996889866272 0.07500010000000011
          1.5586480639686773 2.5751812717111453 0.07500010000000013
          1.3912386709912792 2.7933534402912352 0.0000001
          1.4521148138921514 2.7140181062621114 0.07500010000000013
          1.3636039969321068 2.6363962030678927 0.0000001
          1.4343146750507616 2.565685524949238 0.0000001
          1.4254758402859298 2.574524359714069 0.07500010000000011
          1.487347683639753 2.512652516360247 0.0750001000000001
          1.2928933188134524 2.7071068811865473 0.0000001
          1.3636039969321072 2.6363962030678927 0.07500010000000007
          1.2859820937378883 2.5478853861078483 0.0000001
          1.3653174277670113 2.4870092432069764 0.0000001
          1.3554005110133707 2.4946187610695847 0.07500010000000008
          1.4248189282888544 2.4413521360313224 0.0750001000000001
          1.2066467597087651 2.6087615290087207 0.0000001
          1.2859820937378883 2.5478853861078488 0.07500010000000018
          1.2205772365940046 2.4500001000000005 0.00000010000000000000001
          1.3071797769724487 2.4000000999999997 0.0000001
          1.2963544594251433 2.4062500999999985 0.07500010000000003
          1.372131682256282 2.3625001 0.0750001000000001
          1.1339746962155612 2.5000001000000003 0.0000001
          1.2205772365940053 2.4500001 0.07500010000000007
          1.1685085207398416 2.34441518912858 0.0000001
          1.26089647399097 2.306146845892071 0.0000001
          1.2493479798345783 2.3109303887966353 0.07500010000000003
          1.3301874389293167 2.2774455884646896 0.07500010000000007
          1.0761205674887133 2.38268353236509 0.0000001
          1.1685085207398416 2.34441518912858 0.07500010000000007
          1.1306668563398383 2.2329372405922685 0.0000001
          1.227259438968745 2.2070553360820164 0.0000001
          1.215185366140132 2.210290574145798 0.07500010000000006
          1.2997038759404251 2.1876439076993273 0.07500010000000004
          1.0340742737109316 2.258819145102521 0.0000001
          1.1306668563398383 2.2329372405922685 0.07500010000000003
          1.1076997247635703 2.117473672998047 0.0000001
          1.2068442109009512 2.104421053776041 0.0000001
          1.1944511501337796 2.1060526311787924 0.07500010000000008
          1.281202575503987 2.094631589359537 0.07500010000000008
          1.0085552386261896 2.1305262922200523 0.0000001
          1.1076997247635707 2.1174736729980457 0.07500010000000004
          1.1000001 2.0000001 0.0000001
          1.2000001 2.0000001 0.0000001
          1.1875000999999998 2.0000001 0.07500010000000008
          1.2750000999999997 2.0000001 0.07500010000000011
          1.0000001 2.0000001 0.0000001
          1.1000001 2.0000001 0.0750001000000001
          1.9053686106404624 2.7187976244960126 0.15000010000000003
          1.9151580750569663 2.6444392598929767 0.1500001
          1.8955791462239584 2.7931559890990485 0.1500001
          1.812356292300672 2.7002963240595736 0.15000009999999997
          1.8317677206833611 2.6278518870878944 0.1500001
          1.792944863917983 2.7727407610312547 0.1500001
          1.7225546115353096 2.6698127610706823 0.1500001
          1.7512558689626916 2.6005217961323366 0.1500001
          1.693853354107928 2.7391037260090294 0.1500001
          1.6375000999999993 2.6278685177437175 0.15000009999999997
          1.6750000999999997 2.5629166124598854 0.1500001
          1.6000000999999995 2.692820423027551 0.1500001
          1.5586480639686768 2.5751812717111453 0.1500001
          1.6043051711443312 2.515679771189303 0.1500001
          1.512990956793023 2.634682772232988 0.1500001
          1.4873476836397526 2.5126525163602476 0.1500001
          1.5403806922287437 2.459619507771256 0.1500001
          1.4343146750507616 2.565685524949238 0.1500001
          1.424818928288854 2.4413521360313224 0.1500001
          1.484320428810697 2.395695028855669 0.1500001
          1.3653174277670113 2.4870092432069764 0.1500001
          1.3721316822562815 2.3625001 0.1500001
          1.4370835875401147 2.3250001 0.1500001
          1.3071797769724487 2.4000000999999997 0.1500001
          1.3301874389293167 2.2774455884646896 0.15000009999999997
          1.399478403867663 2.248744331037308 0.1500001
          1.26089647399097 2.306146845892071 0.1500001
          1.2997038759404251 2.187643907699327 0.1500001
          1.372148312912105 2.168232479316638 0.1500001
          1.227259438968745 2.2070553360820164 0.1500001
          1.281202575503987 2.0946315893595377 0.1500001
          1.3555609401070228 2.084842124943034 0.1500001
          1.2068442109009512 2.104421053776041 0.1500001
          1.2750001 2.0000001 0.1500001
          1.3500001 2.0000001 0.1500001
          1.2000001 2.0000001 0.1500001
          1.1076997247635703 1.8825265270019536 0.0000001
          1.2068442109009516 1.8955791462239586 0.0000001
          1.1944511501337782 1.8939475688212077 0.07500010000000018
          1.281202575503987 1.9053686106404626 0.07500010000000018
          1.0085552386261898 1.8694739077799483 0.0000001
          1.1076997247635707 1.8825265270019538 0.07500010000000015
          1.1306668563398383 1.7670629594077312 0.0000001
          1.2272594389687455 1.7929448639179832 0.0000001
          1.2151853661401315 1.7897096258542025 0.07500010000000007
          1.2997038759404254 1.8123562923006722 0.07500010000000015
          1.0340742737109319 1.741181054897479 0.0000001
          1.1306668563398385 1.7670629594077312 0.07500010000000008
          1.1685085207398422 1.655585010871419 0.0000001
          1.2608964739909707 1.6938533541079281 0.0000001
          1.2493479798345792 1.6890698112033646 0.07500010000000014
          1.3301874389293167 1.72255461153531 0.07500010000000026
          1.0761205674887133 1.61731666763491 0.0000001
          1.1685085207398416 1.6555850108714196 0.07500010000000013
          1.220577236594005 1.5500001 0.0000001
          1.3071797769724491 1.6000000999999997 0.0000001
          1.2963544594251424 1.5937500999999998 0.07500010000000004
          1.3721316822562817 1.6375000999999996 0.07500010000000006
          1.1339746962155612 1.5000001 0.0000001
          1.220577236594005 1.5500000999999997 0.07500010000000004
          1.2859820937378883 1.4521148138921514 0.0000001
          1.3653174277670117 1.5129909567930233 0.0000001
          1.3554005110133716 1.5053814389304152 0.07500010000000011
          1.4248189282888544 1.5586480639686773 0.07500010000000015
          1.206646759708765 1.3912386709912794 0.0000001
          1.2859820937378883 1.4521148138921514 0.07500010000000013
          1.3636039969321074 1.3636039969321068 0.0000001
          1.434314675050762 1.4343146750507616 0.0000001
          1.4254758402859287 1.4254758402859298 0.07500010000000017
          1.487347683639753 1.487347683639753 0.07500010000000007
          1.2928933188134524 1.2928933188134524 0.0000001
          1.3636039969321072 1.3636039969321072 0.07500010000000015
          1.4521148138921514 1.2859820937378883 0.0000001
          1.5129909567930235 1.3653174277670117 0.0000001
          1.5053814389304134 1.3554005110133716 0.07500010000000014
          1.5586480639686773 1.4248189282888544 0.07500010000000018
          1.3912386709912794 1.206646759708765 0.0000001
          1.4521148138921511 1.2859820937378883 0.07500010000000013
          1.5500000999999997 1.220577236594005 0.00000010000000000000001
          1.6000001000000004 1.3071797769724487 0.0000001
          1.5937500999999998 1.2963544594251433 0.07500010000000008
          1.6375001000000002 1.3721316822562817 0.07500010000000015
          1.5000000999999998 1.1339746962155615 0.0000001
          1.5500001000000003 1.2205772365940049 0.07500010000000013
          1.655585010871419 1.168508520739842 0.0000001
          1.6938533541079284 1.2608964739909705 0.0000001
          1.6890698112033655 1.2493479798345792 0.07500010000000008
          1.7225546115353092 1.330187438929317 0.07500010000000018
          1.6173166676349098 1.0761205674887133 0.0000001
          1.6555850108714185 1.168508520739842 0.07500010000000004
          1.7670629594077312 1.1306668563398388 0.0000001
          1.7929448639179835 1.2272594389687455 0.0000001
          1.7897096258542025 1.215185366140132 0.07500010000000022
          1.8123562923006722 1.2997038759404251 0.07500010000000028
          1.7411810548974787 1.034074273710932 0.0000001
          1.7670629594077312 1.1306668563398385 0.07500010000000015
          1.8825265270019533 1.1076997247635703 0.0000001
          1.8955791462239588 1.2068442109009516 0.0000001
          1.8939475688212069 1.1944511501337787 0.0750001000000002
          1.9053686106404617 1.2812025755039873 0.07500010000000015
          1.869473907779948 1.0085552386261898 0.0000001
          1.8825265270019527 1.1076997247635707 0.07500010000000015
          2.0000001 1.1000001 0.0000001
          2.0000001 1.2000001 0.0000001
          2.0000001 1.1875000999999998 0.07500010000000008
          2.0000001 1.2750000999999997 0.07500010000000011
          2.0000001 1.0000001 0.0000001
          2.0000001 1.1000001 0.0750001000000001
          1.281202575503987 1.9053686106404624 0.15000010000000003
          1.3555609401070232 1.9151580750569663 0.1500001
          1.2068442109009516 1.8955791462239586 0.1500001
          1.299703875940426 1.812356292300672 0.15000009999999997
          1.3721483129121057 1.8317677206833614 0.1500001
          1.2272594389687455 1.7929448639179832 0.1500001
          1.3301874389293171 1.72255461153531 0.1500001
          1.3994784038676635 1.7512558689626914 0.1500001
          1.2608964739909707 1.6938533541079281 0.1500001
          1.3721316822562815 1.6375000999999998 0.15000009999999997
          1.4370835875401147 1.6750000999999997 0.1500001
          1.3071797769724491 1.6000000999999997 0.1500001
          1.4248189282888544 1.5586480639686773 0.1500001
          1.484320428810697 1.6043051711443315 0.1500001
          1.3653174277670117 1.5129909567930233 0.1500001
          1.487347683639753 1.4873476836397526 0.1500001
          1.540380692228744 1.540380692228744 0.1500001
          1.434314675050762 1.4343146750507616 0.1500001
          1.5586480639686777 1.4248189282888544 0.1500001
          1.6043051711443312 1.484320428810697 0.1500001
          1.5129909567930235 1.3653174277670117 0.1500001
          1.6375001000000005 1.3721316822562815 0.1500001
          1.6750000999999999 1.4370835875401147 0.1500001
          1.6000001000000004 1.3071797769724487 0.1500001
          1.72255461153531 1.3301874389293171 0.15000009999999997
          1.7512558689626914 1.3994784038676635 0.1500001
          1.6938533541079284 1.2608964739909705 0.1500001
          1.8123562923006724 1.299703875940426 0.1500001
          1.8317677206833611 1.3721483129121057 0.1500001
          1.7929448639179835 1.2272594389687455 0.1500001
          1.9053686106404624 1.281202575503988 0.1500001
          1.9151580750569661 1.3555609401070232 0.1500001
          1.8955791462239588 1.2068442109009516 0.1500001
          2.0000001 1.2750001 0.1500001
          2.0000001 1.3500001 0.1500001
          2.0000001 1.2000001 0.1500001
          2.117473672998046 1.1076997247635703 0.0000001
          2.104421053776041 1.2068442109009516 0.0000001
          2.1060526311787915 1.1944511501337778 0.07500010000000015
          2.0946315893595364 1.281202575503987 0.07500010000000017
          2.1305262922200514 1.0085552386261898 0.0000001
          2.1174736729980452 1.1076997247635705 0.07500010000000013
          2.2329372405922685 1.1306668563398383 0.0000001
          2.2070553360820164 1.2272594389687455 0.0000001
          2.210290574145799 1.2151853661401315 0.07500010000000007
          2.1876439076993277 1.2997038759404254 0.0750001000000002
          2.2588191451025206 1.0340742737109319 0.0000001
          2.232937240592269 1.1306668563398385 0.07500010000000003
          2.34441518912858 1.1685085207398422 0.0000001
          2.3061468458920715 1.2608964739909707 0.0000001
          2.3109303887966353 1.2493479798345792 0.07500010000000014
          2.27744558846469 1.330187438929317 0.07500010000000018
          2.3826835323650895 1.0761205674887133 0.0000001
          2.344415189128581 1.1685085207398416 0.07500010000000015
          2.4500000999999996 1.220577236594005 0.0000001
          2.4000000999999997 1.3071797769724491 0.0000001
          2.4062501000000003 1.2963544594251424 0.07500010000000015
          2.3625001 1.3721316822562817 0.07500010000000018
          2.5000000999999994 1.1339746962155612 0.0000001
          2.4500000999999987 1.2205772365940042 0.07500010000000015
          2.5478853861078483 1.2859820937378883 0.0000001
          2.4870092432069764 1.3653174277670117 0.0000001
          2.494618761069585 1.3554005110133716 0.07500010000000011
          2.4413521360313224 1.4248189282888544 0.0750001000000001
          2.6087615290087203 1.206646759708765 0.0000001
          2.5478853861078483 1.2859820937378883 0.07500010000000018
          2.6363962030678922 1.3636039969321074 0.0000001
          2.565685524949238 1.434314675050762 0.0000001
          2.5745243597140686 1.4254758402859287 0.07500010000000011
          2.5126525163602467 1.4873476836397526 0.0750001000000001
          2.7071068811865473 1.2928933188134524 0.0000001
          2.6363962030678927 1.363603996932107 0.0750001000000001
          2.7140181062621114 1.4521148138921514 0.0000001
          2.634682772232988 1.5129909567930235 0.0000001
          2.6445996889866272 1.5053814389304134 0.07500010000000014
          2.5751812717111453 1.5586480639686773 0.07500010000000025
          2.793353440291235 1.391238670991279 0.0000001
          2.7140181062621114 1.4521148138921511 0.07500010000000008
          2.7794229634059944 1.5500000999999997 0.00000010000000000000001
          2.692820423027551 1.6000001000000004 0.0000001
          2.703645740574855 1.5937501000000007 0.0750001000000002
          2.6278685177437184 1.6375001000000007 0.07500010000000022
          2.866025503784438 1.5000000999999998 0.0000001
          2.7794229634059953 1.550000100000001 0.0750001000000002
          2.831491679260157 1.655585010871419 0.0000001
          2.739103726009029 1.6938533541079284 0.0000001
          2.750652220165419 1.6890698112033655 0.0750001000000002
          2.6698127610706828 1.7225546115353092 0.07500010000000037
          2.9238796325112864 1.6173166676349098 0.0000001
          2.8314916792601577 1.6555850108714185 0.0750001000000001
          2.86933334366016 1.7670629594077312 0.0000001
          2.772740761031254 1.7929448639179835 0.0000001
          2.7848148338598677 1.7897096258542025 0.07500010000000022
          2.7002963240595745 1.8123562923006724 0.07500010000000037
          2.965925926289068 1.7411810548974789 0.0000001
          2.869333343660161 1.7670629594077312 0.07500010000000011
          2.8923004752364294 1.8825265270019533 0.0000001
          2.793155989099048 1.8955791462239586 0.0000001
          2.8055490498662197 1.8939475688212077 0.07500010000000025
          2.7187976244960126 1.9053686106404624 0.07500010000000025
          2.99144496137381 1.8694739077799483 0.0000001
          2.892300475236429 1.8825265270019533 0.07500010000000022
          2.0946315893595364 1.281202575503987 0.15000010000000003
          2.0848421249430333 1.3555609401070232 0.1500001
          2.104421053776041 1.2068442109009516 0.1500001
          2.1876439076993277 1.299703875940426 0.15000009999999997
          2.1682324793166385 1.3721483129121057 0.1500001
          2.2070553360820164 1.2272594389687455 0.1500001
          2.2774455884646896 1.3301874389293171 0.1500001
          2.248744331037308 1.3994784038676635 0.1500001
          2.3061468458920715 1.2608964739909707 0.1500001
          2.3625000999999997 1.3721316822562823 0.15000009999999997
          2.3250001 1.4370835875401151 0.1500001
          2.4000000999999997 1.3071797769724491 0.1500001
          2.4413521360313224 1.4248189282888544 0.1500001
          2.3956950288556684 1.484320428810697 0.1500001
          2.4870092432069764 1.3653174277670117 0.1500001
          2.512652516360247 1.487347683639753 0.1500001
          2.4596195077712557 1.540380692228744 0.1500001
          2.565685524949238 1.434314675050762 0.1500001
          2.5751812717111453 1.5586480639686777 0.1500001
          2.5156797711893026 1.6043051711443312 0.1500001
          2.634682772232988 1.5129909567930235 0.1500001
          2.627868517743718 1.6375001000000005 0.1500001
          2.562916612459885 1.6750000999999997 0.1500001
          2.692820423027551 1.6000001000000004 0.1500001
          2.6698127610706823 1.72255461153531 0.15000009999999997
          2.600521796132336 1.7512558689626914 0.1500001
          2.739103726009029 1.6938533541079284 0.1500001
          2.7002963240595736 1.8123562923006724 0.1500001
          2.6278518870878944 1.8317677206833611 0.1500001
          2.772740761031254 1.7929448639179835 0.1500001
          2.7187976244960126 1.9053686106404624 0.1500001
          2.6444392598929767 1.9151580750569661 0.1500001
          2.793155989099048 1.8955791462239586 0.1500001
          3.2000001 2.0000001 0.0000001
          3.189733933648573 2.1566315306640624 0.0000001
          3.1500000999999997 2.0000001 0.07500010000000003
          3.140161690579882 2.1501052210530616 0.07500010000000007
          3.4000001 2.0000001 0.0000001
          3.388022905923335 2.182736769108072 0.0000001
          3.4000001 2.0000001 0.0750001
          3.388022905923335 2.182736769108072 0.07500009999999997
          3.1591110915468823 2.3105829541230247 0.0000001
          3.110814800232428 2.2976420018678994 0.07500010000000004
          3.3522962568046957 2.362346763143529 0.0000001
          3.3522962568046957 2.362346763143529 0.0750001
          3.1086555390135437 2.459220218838107 0.0000001
          3.062461562387979 2.440086047219854 0.07500010000000008
          3.293431445515802 2.5357569053111253 0.0000001
          3.293431445515802 2.5357569053111253 0.0750001
          3.0392305845413254 2.600000099999999 0.0000001
          2.9959293143521046 2.5750000999999987 0.07500010000000004
          3.2124356652982144 2.7000000999999996 0.0000001
          3.2124356652982144 2.7000000999999996 0.07500009999999999
          2.952024108349483 2.730513814810464 0.0000001
          2.912356441334921 2.7000757433600286 0.07500009999999994
          3.1106947764077297 2.8522661006122085 0.0000001
          3.1106947764077297 2.852266100612208 0.07500009999999999
          2.8485282374238574 2.8485282374238565 0.0000001
          2.813172898364529 2.8131728983645283 0.07500010000000011
          2.989949593661167 2.989949593661166 0.0000001
          2.989949593661167 2.989949593661166 0.0750001
          2.730513814810466 2.9520241083494825 0.0000001
          2.70007574336003 2.912356441334919 0.07500010000000003
          2.85226610061221 3.110694776407729 0.0000001
          2.85226610061221 3.110694776407729 0.0750001
          2.6000001000000004 3.0392305845413254 0.00000010000000000000001
          2.5750000999999996 2.9959293143521037 0.07500010000000006
          2.7000001000000005 3.212435665298214 0.0000001
          2.700000100000001 3.212435665298214 0.07500010000000001
          2.459220218838108 3.1086555390135437 0.0000001
          2.4400860472198547 3.0624615623879787 0.07500010000000003
          2.535756905311126 3.293431445515801 0.0000001
          2.5357569053111266 3.293431445515801 0.07500009999999999
          2.3105829541230247 3.1591110915468814 0.0000001
          2.2976420018678994 3.110814800232428 0.07500010000000006
          2.3623467631435298 3.3522962568046957 0.0000001
          2.36234676314353 3.3522962568046957 0.07500009999999999
          2.156631530664062 3.189733933648573 0.0000001
          2.15010522105306 3.140161690579882 0.07500010000000008
          2.1827367691080726 3.388022905923335 0.0000001
          2.182736769108073 3.388022905923335 0.0750001
          2.0000001 3.2000001 0.0000001
          2.0000001 3.1500000999999997 0.07500010000000003
          2.0000001 3.4000001 0.0000001
          2.0000001000000003 3.4000001 0.0750001
          3.1000001 2.0000001 0.1500001
          3.0905894475111912 2.1435789114420567 0.15000010000000003
          3.4000001 2.0000001 0.1500001
          3.388022905923335 2.182736769108072 0.1500001
          3.0625185089179743 2.284701049612772 0.15000009999999997
          3.3522962568046957 2.362346763143529 0.1500001
          3.0162675857624155 2.4209518756015984 0.1500001
          3.293431445515802 2.5357569053111253 0.1500001
          2.952628044162883 2.5500001 0.15000009999999997
          3.2124356652982144 2.7000000999999996 0.1500001
          2.87268877432036 2.6696376719095927 0.1500001
          3.1106947764077297 2.8522661006122085 0.1500001
          2.7778175593052032 2.777817559305202 0.1500001
          2.989949593661167 2.989949593661166 0.1500001
          2.6696376719095936 2.872688774320359 0.1500001
          2.85226610061221 3.110694776407729 0.1500001
          2.5500001 2.952628044162882 0.1500001
          2.7000001000000005 3.212435665298214 0.1500001
          2.420951875601599 3.0162675857624155 0.15000009999999997
          2.535756905311126 3.293431445515801 0.1500001
          2.2847010496127726 3.0625185089179743 0.1500001
          2.3623467631435298 3.3522962568046957 0.1500001
          2.1435789114420576 3.0905894475111912 0.1500001
          2.1827367691080726 3.388022905923335 0.1500001
          2.0000001 3.1000001 0.1500001
          2.0000001 3.4000001 0.1500001
          1.8433686693359377 3.189733933648573 0.0000001
          1.8498949789469394 3.140161690579882 0.07500010000000007
          1.8172634308919275 3.388022905923335 0.0000001
          1.8172634308919275 3.388022905923335 0.07500009999999997
          1.6894172458769747 3.1591110915468823 0.0000001
          1.7023581981321005 3.110814800232428 0.07500010000000004
          1.6376534368564708 3.3522962568046957 0.0000001
          1.6376534368564708 3.3522962568046957 0.0750001
          1.5407799811618923 3.1086555390135437 0.0000001
          1.5599141527801461 3.062461562387981 0.07500010000000008
          1.4642432946888744 3.2934314455158016 0.0000001
          1.4642432946888746 3.293431445515802 0.0750001
          1.4000001 3.0392305845413254 0.0000001
          1.4250001000000005 2.9959293143521046 0.07500010000000004
          1.3000001 3.2124356652982144 0.0000001
          1.3000001000000005 3.212435665298215 0.0750001
          1.269486385189535 2.952024108349483 0.0000001
          1.2999244566399708 2.912356441334921 0.07500010000000006
          1.1477340993877911 3.1106947764077297 0.0000001
          1.1477340993877916 3.11069477640773 0.07500009999999999
          1.151471962576143 2.8485282374238574 0.0000001
          1.186827301635471 2.813172898364529 0.07500010000000006
          1.010050606338833 2.989949593661167 0.0000001
          1.010050606338833 2.9899495936611666 0.0750001
          1.0479760916505179 2.730513814810465 0.0000001
          1.0876437586650791 2.700075743360028 0.07500010000000003
          0.8893054235922706 2.8522661006122094 0.0000001
          0.8893054235922706 2.8522661006122094 0.07500009999999999
          0.9607696154586731 2.6000001000000004 0.00000010000000000000001
          1.0040708856478948 2.5750000999999996 0.0750001
          0.7875645347017857 2.7000001000000005 0.0000001
          0.7875645347017859 2.7000001000000005 0.07500009999999999
          0.8913446609864559 2.459220218838108 0.0000001
          0.93753863761202 2.4400860472198547 0.0750001
          0.7065687544841983 2.535756905311126 0.0000001
          0.7065687544841988 2.5357569053111266 0.07500009999999999
          0.8408891084531183 2.3105829541230247 0.0000001
          0.8891853997675718 2.2976420018679002 0.0750001
          0.6477039431953042 2.3623467631435298 0.0000001
          0.6477039431953044 2.362346763143531 0.0750001
          0.8102662663514273 2.156631530664062 0.0000001
          0.8598385094201185 2.15010522105306 0.07500010000000003
          0.611977294076665 2.1827367691080726 0.0000001
          0.611977294076665 2.1827367691080726 0.07500010000000001
          0.8000001000000001 2.0000001 0.0000001
          0.8500000999999999 2.0000001 0.07500010000000003
          0.6000001 2.0000001 0.0000001
          0.6000000999999995 2.0000001 0.0750001
          1.8564212885579425 3.0905894475111912 0.15000010000000003
          1.8172634308919275 3.388022905923335 0.1500001
          1.715299150387227 3.0625185089179743 0.15000009999999997
          1.6376534368564708 3.3522962568046957 0.1500001
          1.5790483243984006 3.0162675857624155 0.1500001
          1.4642432946888744 3.2934314455158016 0.1500001
          1.4500000999999998 2.952628044162883 0.15000009999999997
          1.3000001 3.2124356652982144 0.1500001
          1.330362528090407 2.872688774320359 0.1500001
          1.1477340993877911 3.1106947764077297 0.1500001
          1.2221826406947975 2.7778175593052032 0.1500001
          1.010050606338833 2.989949593661167 0.1500001
          1.127311425679641 2.6696376719095927 0.1500001
          0.8893054235922706 2.8522661006122094 0.1500001
          1.047372155837117 2.5500001 0.1500001
          0.7875645347017857 2.7000001000000005 0.1500001
          0.9837326142375842 2.420951875601599 0.15000009999999997
          0.7065687544841983 2.535756905311126 0.1500001
          0.9374816910820245 2.2847010496127726 0.1500001
          0.6477039431953042 2.3623467631435298 0.1500001
          0.9094107524888082 2.1435789114420576 0.1500001
          0.611977294076665 2.1827367691080726 0.1500001
          0.9000001 2.0000001 0.1500001
          0.6000001 2.0000001 0.1500001
          0.8102662663514277 1.8433686693359381 0.0000001
          0.8598385094201176 1.8498949789469412 0.07500010000000007
          0.6119772940766655 1.8172634308919278 0.0000001
          0.611977294076665 1.817263430891928 0.0750001
          0.8408891084531183 1.6894172458769747 0.0000001
          0.8891853997675709 1.7023581981321023 0.07500010000000004
          0.6477039431953044 1.6376534368564708 0.0000001
          0.647703943195304 1.6376534368564708 0.0750001
          0.8913446609864559 1.5407799811618919 0.0000001
          0.9375386376120196 1.559914152780147 0.07500010000000003
          0.7065687544841985 1.4642432946888742 0.0000001
          0.7065687544841976 1.4642432946888748 0.07500010000000001
          0.9607696154586733 1.4000001 0.0000001
          1.0040708856478946 1.4250000999999997 0.07500010000000001
          0.7875645347017857 1.3000000999999999 0.0000001
          0.7875645347017854 1.3000000999999992 0.07500010000000001
          1.0479760916505179 1.269486385189535 0.0000001
          1.0876437586650796 1.2999244566399708 0.07500010000000006
          0.8893054235922706 1.1477340993877911 0.0000001
          0.8893054235922704 1.1477340993877907 0.07500010000000001
          1.151471962576143 1.151471962576143 0.0000001
          1.1868273016354693 1.1868273016354713 0.07500010000000011
          1.010050606338833 1.0100506063388335 0.0000001
          1.010050606338832 1.0100506063388341 0.07500009999999999
          1.2694863851895355 1.0479760916505179 0.0000001
          1.2999244566399708 1.0876437586650791 0.07500010000000003
          1.1477340993877907 0.8893054235922708 0.0000001
          1.1477340993877903 0.8893054235922706 0.07500009999999999
          1.4000000999999997 0.9607696154586736 0.00000010000000000000001
          1.4250000999999983 1.0040708856478957 0.07500010000000006
          1.3000000999999997 0.7875645347017859 0.0000001
          1.300000099999998 0.7875645347017866 0.07500009999999999
          1.5407799811618923 0.8913446609864559 0.0000001
          1.5599141527801452 0.9375386376120205 0.07500009999999997
          1.4642432946888744 0.7065687544841983 0.0000001
          1.464243294688873 0.7065687544841983 0.07500009999999999
          1.6894172458769747 0.8408891084531183 0.0000001
          1.7023581981321014 0.8891853997675714 0.07500010000000006
          1.6376534368564708 0.6477039431953042 0.0000001
          1.6376534368564708 0.647703943195304 0.0750001
          1.8433686693359377 0.8102662663514277 0.0000001
          1.8498949789469386 0.8598385094201176 0.07500010000000008
          1.8172634308919275 0.6119772940766655 0.0000001
          1.8172634308919262 0.611977294076665 0.0750001
          2.0000001 0.8000001000000001 0.0000001
          2.000000099999999 0.8500000999999999 0.07500010000000003
          2.0000001 0.6000001 0.0000001
          2.0000000999999994 0.6000000999999995 0.0750001
          0.9094107524888086 1.8564212885579434 0.15000010000000003
          0.6119772940766655 1.8172634308919278 0.1500001
          0.937481691082025 1.715299150387227 0.15000009999999997
          0.6477039431953044 1.6376534368564708 0.1500001
          0.9837326142375848 1.5790483243984006 0.1500001
          0.7065687544841985 1.4642432946888742 0.1500001
          1.0473721558371174 1.4500000999999998 0.15000009999999997
          0.7875645347017857 1.3000000999999999 0.1500001
          1.127311425679641 1.3303625280904074 0.1500001
          0.8893054235922706 1.1477340993877911 0.1500001
          1.2221826406947973 1.2221826406947975 0.1500001
          1.010050606338833 1.0100506063388335 0.1500001
          1.3303625280904066 1.127311425679641 0.1500001
          1.1477340993877907 0.8893054235922708 0.1500001
          1.4500001000000005 1.0473721558371174 0.1500001
          1.3000000999999997 0.7875645347017859 0.1500001
          1.5790483243984017 0.9837326142375846 0.15000009999999997
          1.4642432946888744 0.7065687544841983 0.1500001
          1.7152991503872272 0.937481691082025 0.1500001
          1.6376534368564708 0.6477039431953042 0.1500001
          1.8564212885579434 0.9094107524888086 0.1500001
          1.8172634308919275 0.6119772940766655 0.1500001
          2.0000001 0.9000001 0.1500001
          2.0000001 0.6000001 0.1500001
          2.1566315306640624 0.8102662663514277 0.0000001
          2.150105221053058 0.8598385094201176 0.07500010000000007
          2.1827367691080717 0.6119772940766655 0.0000001
          2.1827367691080704 0.6119772940766648 0.07500009999999997
          2.3105829541230247 0.840889108453118 0.0000001
          2.2976420018678994 0.8891853997675718 0.07500009999999999
          2.362346763143529 0.6477039431953042 0.0000001
          2.3623467631435298 0.6477039431953042 0.0750001
          2.459220218838107 0.8913446609864559 0.0000001
          2.440086047219851 0.9375386376120196 0.07500010000000003
          2.5357569053111253 0.7065687544841985 0.0000001
          2.5357569053111235 0.7065687544841974 0.07500009999999999
          2.600000099999999 0.9607696154586733 0.0000001
          2.575000099999997 1.0040708856478937 0.07500010000000004
          2.7000000999999996 0.7875645347017857 0.0000001
          2.700000099999998 0.7875645347017841 0.0750001
          2.730513814810464 1.0479760916505179 0.0000001
          2.7000757433600278 1.0876437586650796 0.07500010000000006
          2.8522661006122085 0.8893054235922706 0.0000001
          2.852266100612209 0.8893054235922702 0.0750001
          2.8485282374238565 1.151471962576143 0.0000001
          2.813172898364529 1.1868273016354702 0.07500010000000011
          2.989949593661166 1.010050606338833 0.0000001
          2.9899495936611666 1.0100506063388326 0.07500010000000001
          2.9520241083494825 1.2694863851895346 0.0000001
          2.912356441334921 1.29992445663997 0.07500010000000003
          3.110694776407729 1.1477340993877907 0.0000001
          3.110694776407729 1.1477340993877903 0.0750001
          3.0392305845413254 1.4000000999999997 0.00000010000000000000001
          2.9959293143521037 1.4250001 0.07500010000000006
          3.2124356652982136 1.3000000999999997 0.0000001
          3.212435665298214 1.300000099999999 0.0750001
          3.1086555390135437 1.5407799811618923 0.0000001
          3.0624615623879787 1.559914152780148 0.07500010000000003
          3.293431445515801 1.4642432946888744 0.0000001
          3.293431445515802 1.4642432946888755 0.0750001
          3.1591110915468814 1.6894172458769747 0.0000001
          3.110814800232428 1.7023581981321014 0.07500010000000006
          3.3522962568046957 1.6376534368564708 0.0000001
          3.3522962568046957 1.6376534368564708 0.07500009999999999
          3.189733933648572 1.8433686693359377 0.0000001
          3.140161690579882 1.8498949789469403 0.07500010000000014
          3.388022905923334 1.8172634308919275 0.0000001
          3.388022905923335 1.8172634308919275 0.0750001
          2.143578911442056 0.9094107524888086 0.15000010000000003
          2.1827367691080717 0.6119772940766655 0.1500001
          2.284701049612772 0.937481691082025 0.15000009999999997
          2.362346763143529 0.6477039431953042 0.1500001
          2.4209518756015975 0.9837326142375848 0.1500001
          2.5357569053111253 0.7065687544841985 0.1500001
          2.5500001 1.0473721558371174 0.15000009999999997
          2.7000000999999996 0.7875645347017857 0.1500001
          2.6696376719095927 1.127311425679641 0.1500001
          2.8522661006122085 0.8893054235922706 0.1500001
          2.777817559305202 1.2221826406947973 0.1500001
          2.989949593661166 1.010050606338833 0.1500001
          2.872688774320359 1.3303625280904066 0.1500001
          3.110694776407729 1.1477340993877907 0.1500001
          2.952628044162882 1.4500001000000005 0.1500001
          3.2124356652982136 1.3000000999999997 0.1500001
          3.0162675857624137 1.5790483243984017 0.15000009999999997
          3.293431445515801 1.4642432946888744 0.1500001
          3.0625185089179743 1.7152991503872272 0.1500001
          3.3522962568046957 1.6376534368564708 0.1500001
          3.0905894475111912 1.8564212885579434 0.1500001
          3.388022905923334 1.8172634308919275 0.1500001
          3.7000001000000005 2.0000001 0.0000001
          3.685456364335478 2.221894626774088 0.0000001
          3.7000001000000005 2.0000001 0.0750001
          3.6854563643354816 2.221894626774088 0.07500009999999999
          4.0000001 2.0000001 0.0000001
          3.9828898227476213 2.261052484440103 0.0000001
          4.0000001 2.0000001 0.0750001
          3.9828898227476213 2.261052484440103 0.07500009999999997
          3.642074004691416 2.4399924766742855 0.0000001
          3.642074004691418 2.4399924766742878 0.07500009999999999
          3.9318517525781367 2.5176381902050413 0.0000001
          3.9318517525781367 2.5176381902050413 0.0750001
          3.5705953052691877 2.6505619350206526 0.0000001
          3.5705953052691877 2.6505619350206544 0.07500009999999997
          3.8477591650225738 2.7653669647301795 0.0000001
          3.8477591650225738 2.7653669647301795 0.0750001
          3.472243286433546 2.8500001 0.0000001
          3.472243286433546 2.850000099999998 0.07500010000000001
          3.732050907568878 3.0000001 0.0000001
          3.732050907568878 3.0000000999999994 0.0750001
          3.348700778495101 3.0348945293148244 0.0000001
          3.3487007784951004 3.0348945293148244 0.0750001
          3.5867067805824706 3.217522958017441 0.0000001
          3.586706780582471 3.217522958017441 0.0750001
          3.2020816280171314 3.2020816280171305 0.0000001
          3.202081628017129 3.2020816280171287 0.07500010000000003
          3.414213662373095 3.414213662373095 0.0000001
          3.414213662373095 3.414213662373095 0.0750001
          3.034894529314826 3.3487007784950995 0.0000001
          3.0348945293148266 3.3487007784950986 0.07500010000000003
          3.217522958017442 3.5867067805824697 0.0000001
          3.2175229580174425 3.58670678058247 0.07500010000000001
          2.8500001 3.472243286433545 0.00000010000000000000001
          2.8500001 3.472243286433545 0.07500010000000006
          3.0000001000000003 3.732050907568877 0.0000001
          3.000000100000001 3.732050907568877 0.07500010000000001
          2.6505619350206535 3.5705953052691872 0.0000001
          2.650561935020656 3.5705953052691877 0.07500009999999997
          2.7653669647301804 3.8477591650225733 0.0000001
          2.7653669647301813 3.847759165022573 0.07500009999999999
          2.4399924766742864 3.642074004691416 0.0000001
          2.4399924766742855 3.642074004691416 0.0750001
          2.5176381902050426 3.9318517525781367 0.0000001
          2.5176381902050426 3.9318517525781362 0.07500009999999999
          2.2218946267740876 3.685456364335478 0.0000001
          2.2218946267740876 3.68545636433548 0.0750001
          2.2610524844401043 3.982889822747621 0.0000001
          2.2610524844401043 3.982889822747621 0.0750001
          2.0000001 3.7000001000000005 0.0000001
          2.0000001 3.7000001000000005 0.0750001
          2.0000001 4.0000001 0.0000001
          2.0000001000000003 4.0000001 0.0750001
          3.7000001000000005 2.0000001 0.1500001
          3.685456364335478 2.221894626774088 0.15000010000000003
          4.0000001 2.0000001 0.1500001
          3.9828898227476213 2.261052484440103 0.1500001
          3.642074004691416 2.4399924766742855 0.15000009999999997
          3.9318517525781367 2.5176381902050413 0.1500001
          3.5705953052691877 2.6505619350206526 0.1500001
          3.8477591650225738 2.7653669647301795 0.1500001
          3.472243286433546 2.8500001 0.15000009999999997
          3.732050907568878 3.0000001 0.1500001
          3.348700778495101 3.0348945293148244 0.1500001
          3.5867067805824706 3.217522958017441 0.1500001
          3.2020816280171314 3.2020816280171305 0.1500001
          3.414213662373095 3.414213662373095 0.1500001
          3.034894529314826 3.3487007784950995 0.1500001
          3.217522958017442 3.5867067805824697 0.1500001
          2.8500001 3.472243286433545 0.1500001
          3.0000001000000003 3.732050907568877 0.1500001
          2.6505619350206535 3.5705953052691872 0.15000009999999997
          2.7653669647301804 3.8477591650225733 0.1500001
          2.4399924766742864 3.642074004691416 0.1500001
          2.5176381902050426 3.9318517525781367 0.1500001
          2.2218946267740876 3.685456364335478 0.1500001
          2.2610524844401043 3.982889822747621 0.1500001
          2.0000001 3.7000001000000005 0.1500001
          2.0000001 4.0000001 0.1500001
          1.778105573225912 3.685456364335478 0.0000001
          1.7781055732259123 3.6854563643354816 0.07500009999999999
          1.7389477155598967 3.9828898227476213 0.0000001
          1.7389477155598965 3.9828898227476213 0.07500009999999997
          1.5600077233257141 3.642074004691416 0.0000001
          1.5600077233257141 3.642074004691418 0.07500009999999999
          1.4823620097949584 3.9318517525781367 0.0000001
          1.4823620097949584 3.9318517525781367 0.0750001
          1.3494382649793475 3.570595305269187 0.0000001
          1.3494382649793493 3.5705953052691894 0.07500010000000003
          1.2346332352698204 3.8477591650225738 0.0000001
          1.2346332352698202 3.847759165022574 0.07500010000000001
          1.1500000999999997 3.472243286433546 0.0000001
          1.1500001000000002 3.4722432864335477 0.07500010000000001
          1.0000000999999996 3.732050907568878 0.0000001
          1.000000100000001 3.7320509075688784 0.0750001
          0.9651056706851748 3.348700778495101 0.0000001
          0.9651056706851744 3.3487007784951004 0.0750001
          0.7824772419825585 3.5867067805824706 0.0000001
          0.7824772419825581 3.5867067805824706 0.0750001
          0.797918571982869 3.2020816280171314 0.0000001
          0.7979185719828694 3.202081628017129 0.07500010000000003
          0.5857865376269047 3.4142136623730956 0.0000001
          0.5857865376269047 3.414213662373095 0.0750001
          0.6512994215049004 3.0348945293148253 0.0000001
          0.6512994215048997 3.034894529314825 0.07500009999999997
          0.41329341941752995 3.217522958017442 0.0000001
          0.4132934194175295 3.217522958017442 0.07500009999999999
          0.527756913566454 2.8500001 0.00000010000000000000001
          0.5277569135664544 2.8500001 0.0750001
          0.2679492924311224 3.0000001000000003 0.0000001
          0.26794929243112264 3.0000001000000007 0.07500009999999999
          0.42940489473081245 2.6505619350206535 0.0000001
          0.42940489473081267 2.650561935020656 0.07500009999999997
          0.15224103497742614 2.7653669647301804 0.0000001
          0.1522410349774268 2.7653669647301813 0.07500009999999999
          0.3579261953085838 2.4399924766742864 0.0000001
          0.35792619530858427 2.439992476674289 0.0750001
          0.06814844742186321 2.5176381902050426 0.0000001
          0.06814844742186366 2.5176381902050444 0.0750001
          0.31454383566452193 2.2218946267740876 0.0000001
          0.31454383566452204 2.2218946267740876 0.07500010000000006
          0.01711037725237885 2.2610524844401034 0.0000001
          0.01711037725237885 2.261052484440104 0.07500010000000001
          0.3000001 2.0000001 0.0000001
          0.3000000999999994 2.0000001 0.0750001
          0.0000001 2.0000001 0.0000001
          0.0000000999999993922529 2.0000001000000003 0.0750001
          1.778105573225912 3.685456364335478 0.15000010000000003
          1.7389477155598967 3.9828898227476213 0.1500001
          1.5600077233257141 3.642074004691416 0.15000009999999997
          1.4823620097949584 3.9318517525781367 0.1500001
          1.3494382649793475 3.570595305269187 0.1500001
          1.2346332352698204 3.8477591650225738 0.1500001
          1.1500000999999997 3.472243286433546 0.15000009999999997
          1.0000000999999996 3.732050907568878 0.1500001
          0.9651056706851748 3.348700778495101 0.1500001
          0.7824772419825585 3.5867067805824706 0.1500001
          0.797918571982869 3.2020816280171314 0.1500001
          0.5857865376269047 3.4142136623730956 0.1500001
          0.6512994215049004 3.0348945293148253 0.1500001
          0.41329341941752995 3.217522958017442 0.1500001
          0.527756913566454 2.8500001 0.1500001
          0.2679492924311224 3.0000001000000003 0.1500001
          0.42940489473081245 2.6505619350206535 0.15000009999999997
          0.15224103497742614 2.7653669647301804 0.1500001
          0.3579261953085838 2.4399924766742864 0.1500001
          0.06814844742186321 2.5176381902050426 0.1500001
          0.31454383566452193 2.2218946267740876 0.1500001
          0.01711037725237885 2.2610524844401034 0.1500001
          0.3000001 2.0000001 0.1500001
          0.0000001 2.0000001 0.1500001
          0.3145438356645223 1.778105573225912 0.0000001
          0.3145438356645216 1.7781055732259123 0.07500010000000001
          0.017110377252379294 1.7389477155598967 0.0000001
          0.017110377252378628 1.7389477155598971 0.0750001
          0.35792619530858405 1.5600077233257146 0.0000001
          0.3579261953085833 1.5600077233257141 0.07500009999999999
          0.06814844742186366 1.4823620097949586 0.0000001
          0.06814844742186299 1.4823620097949581 0.0750001
          0.42940489473081245 1.349438264979347 0.0000001
          0.4294048947308111 1.3494382649793484 0.07500010000000003
          0.15224103497742658 1.2346332352698202 0.0000001
          0.15224103497742525 1.234633235269821 0.07500010000000001
          0.527756913566454 1.1500001000000002 0.0000001
          0.5277569135664536 1.1500000999999993 0.07500010000000004
          0.26794929243112264 1.0000001 0.0000001
          0.267949292431122 1.0000000999999992 0.07500010000000001
          0.6512994215049 0.9651056706851748 0.0000001
          0.6512994215049 0.9651056706851739 0.0750001
          0.41329341941752973 0.7824772419825587 0.0000001
          0.41329341941752906 0.7824772419825583 0.07500010000000001
          0.7979185719828692 0.7979185719828694 0.0000001
          0.7979185719828683 0.7979185719828694 0.07500010000000003
          0.5857865376269051 0.5857865376269051 0.0000001
          0.5857865376269047 0.5857865376269047 0.0750001
          0.9651056706851748 0.6512994215049002 0.0000001
          0.9651056706851737 0.6512994215048997 0.07500009999999997
          0.782477241982559 0.41329341941752973 0.0000001
          0.7824772419825579 0.4132934194175295 0.07500009999999999
          1.1500001 0.5277569135664545 0.00000010000000000000001
          1.150000099999999 0.5277569135664539 0.0750001
          1.0000001000000003 0.26794929243112287 0.0000001
          1.0000001000000007 0.26794929243112175 0.07500009999999999
          1.3494382649793475 0.42940489473081267 0.0000001
          1.3494382649793466 0.429404894730812 0.07500009999999997
          1.2346332352698202 0.1522410349774268 0.0000001
          1.2346332352698188 0.15224103497742614 0.07500009999999999
          1.5600077233257141 0.35792619530858405 0.0000001
          1.5600077233257141 0.35792619530858316 0.0750001
          1.4823620097949584 0.06814844742186366 0.0000001
          1.4823620097949584 0.06814844742186277 0.0750001
          1.7781055732259117 0.3145438356645225 0.0000001
          1.77810557322591 0.3145438356645218 0.0750001
          1.7389477155598962 0.017110377252379516 0.0000001
          1.7389477155598947 0.017110377252378628 0.0750001
          2.0000001 0.3000001 0.0000001
          2.000000099999999 0.3000000999999994 0.0750001
          2.0000001 0.0000001 0.0000001
          2.0000000999999994 0.0000000999999993922529 0.0750001
          0.3145438356645223 1.778105573225912 0.15000010000000003
          0.017110377252379294 1.7389477155598967 0.1500001
          0.35792619530858405 1.5600077233257146 0.15000009999999997
          0.06814844742186366 1.4823620097949586 0.1500001
          0.42940489473081245 1.349438264979347 0.1500001
          0.15224103497742658 1.2346332352698202 0.1500001
          0.527756913566454 1.1500001000000002 0.15000009999999997
          0.26794929243112264 1.0000001 0.1500001
          0.6512994215049 0.9651056706851748 0.1500001
          0.41329341941752973 0.7824772419825587 0.1500001
          0.7979185719828692 0.7979185719828694 0.1500001
          0.5857865376269051 0.5857865376269051 0.1500001
          0.9651056706851748 0.6512994215049002 0.1500001
          0.782477241982559 0.41329341941752973 0.1500001
          1.1500001 0.5277569135664545 0.1500001
          1.0000001000000003 0.26794929243112287 0.1500001
          1.3494382649793475 0.42940489473081267 0.15000009999999997
          1.2346332352698202 0.1522410349774268 0.1500001
          1.5600077233257141 0.35792619530858405 0.1500001
          1.4823620097949584 0.06814844742186366 0.1500001
          1.7781055732259117 0.3145438356645225 0.1500001
          1.7389477155598962 0.017110377252379516 0.1500001
          2.0000001 0.3000001 0.1500001
          2.0000001 0.0000001 0.1500001
          2.221894626774087 0.3145438356645223 0.0000001
          2.2218946267740862 0.3145438356645216 0.07500009999999999
          2.261052484440103 0.017110377252379294 0.0000001
          2.2610524844401008 0.017110377252378628 0.07500009999999997
          2.4399924766742855 0.3579261953085838 0.0000001
          2.4399924766742878 0.3579261953085837 0.07500009999999999
          2.517638190205041 0.06814844742186343 0.0000001
          2.5176381902050426 0.06814844742186321 0.0750001
          2.6505619350206517 0.42940489473081245 0.0000001
          2.650561935020649 0.4294048947308111 0.07500009999999997
          2.765366964730179 0.15224103497742658 0.0000001
          2.765366964730177 0.1522410349774248 0.07500009999999999
          2.8500001 0.527756913566454 0.0000001
          2.8500000999999964 0.5277569135664525 0.07500010000000001
          3.0000000999999994 0.26794929243112264 0.0000001
          3.000000099999997 0.2679492924311202 0.0750001
          3.0348945293148244 0.6512994215049 0.0000001
          3.0348945293148244 0.6512994215049 0.0750001
          3.2175229580174403 0.4132934194175295 0.0000001
          3.217522958017441 0.41329341941752906 0.0750001
          3.2020816280171305 0.797918571982869 0.0000001
          3.2020816280171287 0.7979185719828688 0.07500010000000008
          3.4142136623730943 0.5857865376269045 0.0000001
          3.414213662373095 0.585786537626904 0.07500010000000001
          3.3487007784950995 0.9651056706851744 0.0000001
          3.3487007784950986 0.9651056706851746 0.07500009999999997
          3.5867067805824693 0.7824772419825583 0.0000001
          3.58670678058247 0.7824772419825579 0.0750001
          3.472243286433545 1.1500000999999995 0.00000010000000000000001
          3.472243286433545 1.150000099999999 0.0750001
          3.7320509075688766 1.0000000999999996 0.0000001
          3.732050907568877 1.0000000999999987 0.0750001
          3.5705953052691863 1.3494382649793475 0.0000001
          3.5705953052691877 1.3494382649793475 0.07500010000000003
          3.8477591650225724 1.2346332352698197 0.0000001
          3.8477591650225733 1.2346332352698188 0.07500010000000001
          3.642074004691416 1.5600077233257141 0.0000001
          3.642074004691416 1.560007723325715 0.0750001
          3.931851752578136 1.482362009794958 0.0000001
          3.9318517525781367 1.4823620097949584 0.07500009999999999
          3.685456364335477 1.7781055732259117 0.0000001
          3.68545636433548 1.7781055732259117 0.0750001
          3.9828898227476204 1.7389477155598962 0.0000001
          3.9828898227476213 1.7389477155598965 0.0750001
          2.221894626774087 0.3145438356645223 0.15000010000000003
          2.261052484440103 0.017110377252379294 0.1500001
          2.4399924766742855 0.3579261953085838 0.15000009999999997
          2.517638190205041 0.06814844742186343 0.1500001
          2.6505619350206517 0.42940489473081245 0.1500001
          2.765366964730179 0.15224103497742658 0.1500001
          2.8500001 0.527756913566454 0.15000009999999997
          3.0000000999999994 0.26794929243112264 0.1500001
          3.0348945293148244 0.6512994215049 0.1500001
          3.2175229580174403 0.4132934194175295 0.1500001
          3.2020816280171305 0.797918571982869 0.1500001
          3.4142136623730943 0.5857865376269045 0.1500001
          3.3487007784950995 0.9651056706851744 0.1500001
          3.5867067805824693 0.7824772419825583 0.1500001
          3.472243286433545 1.1500000999999995 0.1500001
          3.7320509075688766 1.0000000999999996 0.1500001
          3.5705953052691863 1.3494382649793475 0.15000009999999997
          3.8477591650225724 1.2346332352698197 0.1500001
          3.642074004691416 1.5600077233257141 0.1500001
          3.931851752578136 1.482362009794958 0.1500001
          3.685456364335477 1.7781055732259117 0.1500001
          3.9828898227476204 1.7389477155598962 0.1500001
          2.6500001 2.0000001 0.40000009999999997
          2.7250000999999995 2.0000001 0.40000009999999997
          2.7187976244960117 2.0946315893595364 0.40000009999999975
          2.6444392598929767 2.0848421249430333 0.40000009999999986
          2.8000001 2.0000001 0.40000009999999997
          2.7931559890990485 2.104421053776041 0.4000000999999998
          2.7002963240595728 2.187643907699327 0.4000001000000001
          2.6278518870878944 2.168232479316638 0.40000009999999997
          2.7727407610312547 2.2070553360820164 0.40000009999999986
          2.6698127610706814 2.2774455884646905 0.40000009999999997
          2.6005217961323366 2.2487443310373085 0.4000001
          2.7391037260090294 2.306146845892072 0.4000001
          2.6278685177437167 2.3625000999999983 0.4000000999999998
          2.5629166124598854 2.3250001 0.4000001
          2.692820423027551 2.4000001 0.4000001
          2.575181271711144 2.4413521360313224 0.40000009999999975
          2.515679771189303 2.3956950288556684 0.40000009999999986
          2.634682772232988 2.487009243206977 0.4000000999999998
          2.512652516360248 2.512652516360247 0.40000009999999997
          2.459619507771256 2.4596195077712557 0.40000009999999997
          2.565685524949238 2.565685524949238 0.4000000999999999
          2.441352136031323 2.5751812717111444 0.40000009999999997
          2.395695028855669 2.5156797711893026 0.4000001
          2.487009243206977 2.634682772232988 0.4000000999999998
          2.3625000999999983 2.6278685177437167 0.40000009999999997
          2.3250001 2.562916612459885 0.4000001
          2.4000000999999997 2.692820423027551 0.4000000999999999
          2.2774455884646905 2.6698127610706806 0.4000001
          2.2487443310373085 2.6005217961323366 0.4000000999999999
          2.3061468458920715 2.73910372600903 0.40000009999999997
          2.1876439076993277 2.7002963240595728 0.40000009999999997
          2.168232479316638 2.6278518870878944 0.4000001
          2.2070553360820164 2.7727407610312547 0.40000009999999997
          2.0946315893595386 2.7187976244960117 0.40000009999999997
          2.084842124943034 2.6444392598929767 0.40000009999999997
          2.104421053776041 2.7931559890990485 0.40000009999999986
          2.0000001 2.7250000999999995 0.40000009999999997
          2.0000001 2.6500001 0.40000009999999997
          2.0000001 2.8000001 0.40000009999999997
          2.6500001 2.0000001 0.6500001
          2.7250001 2.0000001 0.6500001
          2.7187976244960126 2.0946315893595364 0.6500001
          2.6444392598929767 2.0848421249430333 0.6500001
          2.8000001 2.0000001 0.6500001
          2.7931559890990485 2.104421053776041 0.6500001
          2.7002963240595736 2.187643907699327 0.6500001
          2.6278518870878944 2.168232479316638 0.6500001
          2.7727407610312547 2.2070553360820164 0.6500001
          2.6698127610706823 2.2774455884646905 0.6500001
          2.6005217961323366 2.2487443310373085 0.6500001
          2.7391037260090294 2.306146845892072 0.6500001
          2.6278685177437175 2.3625000999999997 0.6500000999999999
          2.5629166124598854 2.3250001 0.6500001
          2.692820423027551 2.4000001 0.6500001
          2.5751812717111453 2.4413521360313224 0.6500001
          2.515679771189303 2.3956950288556684 0.6500001
          2.6346827722329884 2.487009243206977 0.6500001
          2.5126525163602476 2.512652516360247 0.6500001
          2.459619507771256 2.4596195077712557 0.6500001
          2.565685524949238 2.565685524949238 0.6500001
          2.4413521360313233 2.5751812717111453 0.6500001
          2.395695028855669 2.5156797711893026 0.6500001
          2.487009243206977 2.634682772232988 0.6500001
          2.3625001 2.627868517743718 0.6500001
          2.3250001 2.562916612459885 0.6500001
          2.4000000999999997 2.692820423027551 0.6500001
          2.2774455884646896 2.6698127610706823 0.6500001
          2.2487443310373085 2.6005217961323366 0.6500001
          2.3061468458920715 2.73910372600903 0.6500001
          2.187643907699327 2.7002963240595736 0.6500001
          2.168232479316638 2.6278518870878944 0.6500001
          2.2070553360820164 2.7727407610312547 0.6500001
          2.0946315893595377 2.7187976244960126 0.6500001
          2.084842124943034 2.6444392598929767 0.6500001
          2.104421053776041 2.7931559890990485 0.6500001
          2.0000001 2.7250001 0.6500001
          2.0000001 2.6500001 0.6500001
          2.0000001 2.8000001 0.6500001
          1.9053686106404615 2.7187976244960117 0.40000009999999975
          1.9151580750569663 2.6444392598929767 0.4000000999999998
          1.8955791462239584 2.7931559890990485 0.4000000999999999
          1.8123562923006729 2.7002963240595728 0.4000001000000003
          1.8317677206833611 2.6278518870878944 0.4000001
          1.7929448639179832 2.7727407610312547 0.4000001
          1.7225546115353092 2.6698127610706814 0.40000009999999997
          1.7512558689626914 2.6005217961323366 0.4000001
          1.693853354107928 2.73910372600903 0.4000001
          1.6375000999999991 2.6278685177437167 0.4000000999999998
          1.6750001 2.5629166124598854 0.4000000999999999
          1.6000000999999995 2.692820423027551 0.4000001
          1.5586480639686773 2.575181271711144 0.40000009999999975
          1.6043051711443312 2.515679771189303 0.40000009999999986
          1.512990956793023 2.6346827722329884 0.40000009999999986
          1.487347683639753 2.512652516360248 0.40000009999999997
          1.5403806922287437 2.459619507771256 0.40000009999999997
          1.4343146750507616 2.565685524949238 0.40000009999999997
          1.424818928288855 2.441352136031322 0.40000009999999997
          1.4843204288106968 2.3956950288556684 0.4000000999999999
          1.3653174277670117 2.487009243206977 0.4000000999999999
          1.372131682256281 2.3625000999999983 0.40000009999999975
          1.4370835875401147 2.3250001000000005 0.4000000999999998
          1.307179776972449 2.4000001 0.40000009999999997
          1.3301874389293153 2.2774455884646887 0.4000001
          1.3994784038676629 2.248744331037308 0.4000000999999999
          1.2608964739909698 2.306146845892071 0.4000001
          1.2997038759404254 2.1876439076993277 0.40000009999999975
          1.372148312912105 2.168232479316638 0.4000000999999999
          1.227259438968745 2.2070553360820164 0.4000000999999998
          1.281202575503988 2.0946315893595386 0.4000001000000002
          1.3555609401070228 2.084842124943034 0.4000001000000001
          1.2068442109009512 2.104421053776041 0.4000001
          1.2750000999999995 2.0000001 0.40000009999999997
          1.3500000999999995 2.0000001 0.40000009999999997
          1.2000000999999996 2.0000001 0.40000009999999997
          1.9053686106404624 2.7187976244960126 0.6500001
          1.9151580750569663 2.6444392598929767 0.6500001
          1.8955791462239584 2.7931559890990485 0.6500001
          1.812356292300672 2.7002963240595736 0.6500001
          1.8317677206833611 2.6278518870878944 0.6500001
          1.792944863917983 2.7727407610312547 0.6500001
          1.7225546115353096 2.6698127610706823 0.6500001
          1.7512558689626916 2.6005217961323366 0.6500001
          1.693853354107928 2.7391037260090294 0.6500001
          1.6375000999999993 2.6278685177437175 0.6500000999999999
          1.6750000999999997 2.5629166124598854 0.6500001
          1.6000000999999995 2.692820423027551 0.6500001
          1.5586480639686768 2.5751812717111453 0.6500001
          1.6043051711443312 2.515679771189303 0.6500001
          1.512990956793023 2.634682772232988 0.6500001
          1.4873476836397526 2.5126525163602476 0.6500001
          1.5403806922287437 2.459619507771256 0.6500001
          1.4343146750507616 2.565685524949238 0.6500001
          1.424818928288854 2.4413521360313224 0.6500001
          1.484320428810697 2.395695028855669 0.6500001
          1.3653174277670113 2.4870092432069764 0.6500001
          1.3721316822562815 2.3625001 0.6500001
          1.4370835875401147 2.3250001 0.6500001
          1.3071797769724487 2.4000000999999997 0.6500001
          1.3301874389293167 2.2774455884646896 0.6500001
          1.399478403867663 2.248744331037308 0.6500001
          1.26089647399097 2.306146845892071 0.6500001
          1.2997038759404251 2.187643907699327 0.6500001
          1.372148312912105 2.168232479316638 0.6500001
          1.227259438968745 2.2070553360820164 0.6500001
          1.281202575503987 2.0946315893595377 0.6500001
          1.3555609401070228 2.084842124943034 0.6500001
          1.2068442109009512 2.104421053776041 0.6500001
          1.2750001 2.0000001 0.6500001
          1.3500001 2.0000001 0.6500001
          1.2000001 2.0000001 0.6500001
          1.281202575503987 1.9053686106404615 0.4000001000000002
          1.3555609401070228 1.9151580750569663 0.4000001
          1.2068442109009512 1.8955791462239588 0.4000001
          1.2997038759404251 1.8123562923006729 0.4000001000000001
          1.3721483129121053 1.8317677206833611 0.40000009999999986
          1.227259438968745 1.7929448639179832 0.40000009999999986
          1.3301874389293165 1.7225546115353119 0.40000009999999997
          1.3994784038676629 1.7512558689626916 0.4000001
          1.2608964739909698 1.6938533541079284 0.4000001
          1.3721316822562812 1.6375001 0.4000000999999996
          1.4370835875401142 1.6750000999999994 0.4000000999999999
          1.3071797769724487 1.6000000999999995 0.4000000999999999
          1.4248189282888541 1.5586480639686773 0.40000009999999975
          1.4843204288106966 1.6043051711443312 0.4000000999999999
          1.3653174277670115 1.512990956793023 0.4000000999999999
          1.487347683639752 1.487347683639753 0.4000001000000002
          1.5403806922287437 1.5403806922287437 0.40000009999999997
          1.434314675050762 1.4343146750507612 0.4000001
          1.5586480639686764 1.4248189282888541 0.40000009999999975
          1.604305171144331 1.4843204288106968 0.4000000999999998
          1.5129909567930229 1.3653174277670117 0.4000000999999998
          1.6375000999999998 1.3721316822562801 0.40000009999999975
          1.6750001 1.4370835875401142 0.4000000999999999
          1.6000001000000001 1.3071797769724485 0.4000000999999999
          1.7225546115353119 1.3301874389293162 0.4000000999999998
          1.751255868962691 1.399478403867663 0.40000009999999986
          1.6938533541079288 1.2608964739909698 0.4000000999999999
          1.8123562923006729 1.2997038759404245 0.40000009999999997
          1.8317677206833614 1.372148312912105 0.40000009999999986
          1.7929448639179832 1.227259438968745 0.40000009999999986
          1.9053686106404615 1.281202575503988 0.40000009999999997
          1.9151580750569657 1.3555609401070228 0.40000009999999986
          1.8955791462239577 1.2068442109009512 0.40000009999999975
          2.0000001 1.2750000999999995 0.40000009999999986
          2.0000001 1.3500000999999995 0.40000009999999986
          2.0000001 1.2000000999999996 0.40000009999999986
          1.281202575503987 1.9053686106404624 0.6500001
          1.3555609401070232 1.9151580750569663 0.6500001
          1.2068442109009516 1.8955791462239586 0.6500001
          1.299703875940426 1.812356292300672 0.6500001
          1.3721483129121057 1.8317677206833614 0.6500001
          1.2272594389687455 1.7929448639179832 0.6500001
          1.3301874389293171 1.72255461153531 0.6500001
          1.3994784038676635 1.7512558689626914 0.6500001
          1.2608964739909707 1.6938533541079281 0.6500001
          1.3721316822562815 1.6375000999999998 0.6500000999999999
          1.4370835875401147 1.6750000999999997 0.6500001
          1.3071797769724491 1.6000000999999997 0.6500001
          1.4248189282888544 1.5586480639686773 0.6500001
          1.484320428810697 1.6043051711443315 0.6500001
          1.3653174277670117 1.5129909567930233 0.6500001
          1.487347683639753 1.4873476836397526 0.6500001
          1.540380692228744 1.540380692228744 0.6500001
          1.434314675050762 1.4343146750507616 0.6500001
          1.5586480639686777 1.4248189282888544 0.6500001
          1.6043051711443312 1.484320428810697 0.6500001
          1.5129909567930235 1.3653174277670117 0.6500001
          1.6375001000000005 1.3721316822562815 0.6500001
          1.6750000999999999 1.4370835875401147 0.6500001
          1.6000001000000004 1.3071797769724487 0.6500001
          1.72255461153531 1.3301874389293171 0.6500001
          1.7512558689626914 1.3994784038676635 0.6500001
          1.6938533541079284 1.2608964739909705 0.6500001
          1.8123562923006724 1.299703875940426 0.6500001
          1.8317677206833611 1.3721483129121057 0.6500001
          1.7929448639179835 1.2272594389687455 0.6500001
          1.9053686106404624 1.281202575503988 0.6500001
          1.9151580750569661 1.3555609401070232 0.6500001
          1.8955791462239588 1.2068442109009516 0.6500001
          2.0000001 1.2750001 0.6500001
          2.0000001 1.3500001 0.6500001
          2.0000001 1.2000001 0.6500001
          2.0946315893595355 1.2812025755039866 0.4000001000000002
          2.0848421249430324 1.3555609401070225 0.4000000999999997
          2.10442105377604 1.2068442109009512 0.4000000999999997
          2.1876439076993277 1.2997038759404251 0.40000009999999986
          2.1682324793166385 1.3721483129121053 0.40000009999999986
          2.207055336082017 1.227259438968745 0.40000009999999986
          2.2774455884646887 1.3301874389293165 0.40000009999999997
          2.248744331037307 1.3994784038676626 0.40000009999999986
          2.306146845892072 1.2608964739909703 0.4000000999999999
          2.3625000999999983 1.3721316822562821 0.4000000999999998
          2.3250001 1.4370835875401144 0.4000001
          2.4000001 1.3071797769724487 0.4000001
          2.4413521360313224 1.4248189282888541 0.40000009999999975
          2.3956950288556684 1.4843204288106966 0.4000000999999998
          2.4870092432069764 1.3653174277670115 0.4000000999999998
          2.512652516360247 1.487347683639751 0.40000009999999997
          2.459619507771256 1.5403806922287435 0.4000001
          2.565685524949238 1.4343146750507616 0.4000001
          2.5751812717111444 1.5586480639686764 0.40000009999999975
          2.515679771189303 1.604305171144331 0.40000009999999986
          2.634682772232988 1.5129909567930229 0.40000009999999986
          2.6278685177437167 1.6375000999999998 0.40000009999999997
          2.562916612459885 1.6750000999999994 0.4000000999999999
          2.6928204230275514 1.6000001000000006 0.40000009999999997
          2.6698127610706823 1.7225546115353119 0.4000000999999998
          2.6005217961323366 1.751255868962691 0.4000000999999999
          2.73910372600903 1.6938533541079288 0.40000009999999986
          2.7002963240595728 1.8123562923006729 0.40000009999999975
          2.6278518870878944 1.8317677206833614 0.4000000999999999
          2.7727407610312547 1.7929448639179832 0.4000000999999998
          2.7187976244960117 1.9053686106404615 0.40000009999999997
          2.6444392598929767 1.9151580750569661 0.40000009999999997
          2.7931559890990485 1.8955791462239584 0.40000009999999997
          2.0946315893595364 1.281202575503987 0.6500001
          2.0848421249430333 1.3555609401070232 0.6500001
          2.104421053776041 1.2068442109009516 0.6500001
          2.1876439076993277 1.299703875940426 0.6500001
          2.1682324793166385 1.3721483129121057 0.6500001
          2.2070553360820164 1.2272594389687455 0.6500001
          2.2774455884646896 1.3301874389293171 0.6500001
          2.248744331037308 1.3994784038676635 0.6500001
          2.3061468458920715 1.2608964739909707 0.6500001
          2.3625000999999997 1.3721316822562823 0.6500000999999999
          2.3250001 1.4370835875401151 0.6500001
          2.4000000999999997 1.3071797769724491 0.6500001
          2.4413521360313224 1.4248189282888544 0.6500001
          2.3956950288556684 1.484320428810697 0.6500001
          2.4870092432069764 1.3653174277670117 0.6500001
          2.512652516360247 1.487347683639753 0.6500001
          2.4596195077712557 1.540380692228744 0.6500001
          2.565685524949238 1.434314675050762 0.6500001
          2.5751812717111453 1.5586480639686777 0.6500001
          2.5156797711893026 1.6043051711443312 0.6500001
          2.634682772232988 1.5129909567930235 0.6500001
          2.627868517743718 1.6375001000000005 0.6500001
          2.562916612459885 1.6750000999999997 0.6500001
          2.692820423027551 1.6000001000000004 0.6500001
          2.6698127610706823 1.72255461153531 0.6500001
          2.600521796132336 1.7512558689626914 0.6500001
          2.739103726009029 1.6938533541079284 0.6500001
          2.7002963240595736 1.8123562923006724 0.6500001
          2.6278518870878944 1.8317677206833611 0.6500001
          2.772740761031254 1.7929448639179835 0.6500001
          2.7187976244960126 1.9053686106404624 0.6500001
          2.6444392598929767 1.9151580750569661 0.6500001
          2.793155989099048 1.8955791462239586 0.6500001
          3.1000001 2.0000001 0.40000009999999997
          3.0905894475111912 2.1435789114420576 0.40000009999999975
          3.4000001 2.0000001 0.40000009999999997
          3.388022905923335 2.182736769108072 0.40000009999999986
          3.062518508917975 2.284701049612773 0.4000001000000001
          3.3522962568046957 2.362346763143529 0.40000009999999986
          3.0162675857624173 2.4209518756015993 0.40000009999999997
          3.293431445515802 2.5357569053111253 0.4000001
          2.9526280441628825 2.5500000999999983 0.4000000999999998
          3.2124356652982144 2.7000000999999996 0.40000009999999997
          2.8726887743203586 2.6696376719095936 0.40000009999999975
          3.1106947764077297 2.852266100612208 0.40000009999999986
          2.7778175593052037 2.777817559305202 0.40000009999999997
          2.989949593661167 2.989949593661166 0.40000009999999997
          2.669637671909594 2.8726887743203573 0.40000009999999997
          2.85226610061221 3.110694776407729 0.4000001
          2.5500000999999983 2.952628044162882 0.40000009999999997
          2.700000100000001 3.212435665298214 0.4000000999999999
          2.420951875601599 3.0162675857624155 0.4000001
          2.5357569053111266 3.293431445515801 0.40000009999999997
          2.2847010496127726 3.0625185089179734 0.40000009999999997
          2.36234676314353 3.3522962568046957 0.4000000999999999
          2.1435789114420585 3.0905894475111912 0.40000009999999997
          2.182736769108073 3.388022905923335 0.40000009999999997
          2.0000001 3.1000001 0.40000009999999997
          2.0000001000000003 3.4000001 0.40000009999999997
          3.1000001 2.0000001 0.6500001
          3.0905894475111912 2.1435789114420567 0.6500001
          3.4000001 2.0000001 0.6500001
          3.388022905923335 2.182736769108072 0.6500001
          3.0625185089179743 2.284701049612772 0.6500001
          3.3522962568046957 2.362346763143529 0.6500001
          3.0162675857624155 2.4209518756015984 0.6500001
          3.293431445515802 2.5357569053111253 0.6500001
          2.952628044162883 2.5500001 0.6500000999999999
          3.2124356652982144 2.7000000999999996 0.6500001
          2.87268877432036 2.6696376719095927 0.6500001
          3.1106947764077297 2.8522661006122085 0.6500001
          2.7778175593052032 2.777817559305202 0.6500001
          2.989949593661167 2.989949593661166 0.6500001
          2.6696376719095936 2.872688774320359 0.6500001
          2.85226610061221 3.110694776407729 0.6500001
          2.5500001 2.952628044162882 0.6500001
          2.7000001000000005 3.212435665298214 0.6500001
          2.420951875601599 3.0162675857624155 0.6500001
          2.535756905311126 3.293431445515801 0.6500001
          2.2847010496127726 3.0625185089179743 0.6500001
          2.3623467631435298 3.3522962568046957 0.6500001
          2.1435789114420576 3.0905894475111912 0.6500001
          2.1827367691080726 3.388022905923335 0.6500001
          2.0000001 3.1000001 0.6500001
          2.0000001 3.4000001 0.6500001
          1.8564212885579425 3.0905894475111912 0.40000009999999975
          1.8172634308919275 3.388022905923335 0.4000000999999998
          1.7152991503872288 3.062518508917975 0.4000001000000003
          1.6376534368564708 3.3522962568046957 0.4000001
          1.579048324398402 3.0162675857624173 0.40000009999999997
          1.4642432946888746 3.293431445515802 0.4000000999999999
          1.4500001 2.9526280441628825 0.4000000999999998
          1.3000001000000005 3.212435665298215 0.4000000999999999
          1.330362528090408 2.8726887743203604 0.40000009999999975
          1.1477340993877916 3.11069477640773 0.4000000999999999
          1.2221826406947982 2.7778175593052037 0.40000009999999997
          1.010050606338833 2.9899495936611666 0.40000009999999997
          1.1273114256796413 2.669637671909593 0.40000009999999997
          0.8893054235922706 2.8522661006122094 0.4000000999999999
          1.0473721558371165 2.5500000999999983 0.40000009999999975
          0.7875645347017859 2.7000001000000005 0.4000000999999998
          0.9837326142375842 2.420951875601599 0.4000001
          0.7065687544841988 2.5357569053111266 0.40000009999999986
          0.9374816910820247 2.2847010496127735 0.40000009999999975
          0.6477039431953044 2.362346763143531 0.40000009999999975
          0.9094107524888081 2.1435789114420594 0.4000001000000002
          0.611977294076665 2.1827367691080726 0.4000001000000001
          0.9000000999999995 2.0000001 0.40000009999999997
          0.6000000999999995 2.0000001 0.40000009999999997
          1.8564212885579425 3.0905894475111912 0.6500001
          1.8172634308919275 3.388022905923335 0.6500001
          1.715299150387227 3.0625185089179743 0.6500001
          1.6376534368564708 3.3522962568046957 0.6500001
          1.5790483243984006 3.0162675857624155 0.6500001
          1.4642432946888744 3.2934314455158016 0.6500001
          1.4500000999999998 2.952628044162883 0.6500000999999999
          1.3000001 3.2124356652982144 0.6500001
          1.330362528090407 2.872688774320359 0.6500001
          1.1477340993877911 3.1106947764077297 0.6500001
          1.2221826406947975 2.7778175593052032 0.6500001
          1.010050606338833 2.989949593661167 0.6500001
          1.127311425679641 2.6696376719095927 0.6500001
          0.8893054235922706 2.8522661006122094 0.6500001
          1.047372155837117 2.5500001 0.6500001
          0.7875645347017857 2.7000001000000005 0.6500001
          0.9837326142375842 2.420951875601599 0.6500001
          0.7065687544841983 2.535756905311126 0.6500001
          0.9374816910820245 2.2847010496127726 0.6500001
          0.6477039431953042 2.3623467631435298 0.6500001
          0.9094107524888082 2.1435789114420576 0.6500001
          0.611977294076665 2.1827367691080726 0.6500001
          0.9000001 2.0000001 0.6500001
          0.6000001 2.0000001 0.6500001
          0.9094107524888081 1.8564212885579434 0.4000001000000002
          0.611977294076665 1.817263430891928 0.4000001
          0.9374816910820241 1.7152991503872288 0.4000001000000001
          0.647703943195304 1.6376534368564708 0.40000009999999997
          0.9837326142375837 1.579048324398402 0.40000009999999997
          0.7065687544841976 1.4642432946888748 0.4000001
          1.0473721558371172 1.4500000999999991 0.4000000999999996
          0.7875645347017854 1.3000000999999992 0.4000000999999999
          1.1273114256796408 1.330362528090407 0.40000009999999975
          0.8893054235922704 1.1477340993877907 0.4000000999999999
          1.2221826406947964 1.2221826406947982 0.4000001000000002
          1.010050606338832 1.0100506063388341 0.4000000999999999
          1.3303625280904054 1.1273114256796408 0.40000009999999975
          1.1477340993877903 0.8893054235922706 0.4000000999999998
          1.4500000999999987 1.0473721558371174 0.40000009999999975
          1.300000099999998 0.7875645347017866 0.4000000999999998
          1.579048324398402 0.9837326142375842 0.4000000999999998
          1.464243294688873 0.7065687544841983 0.40000009999999986
          1.7152991503872277 0.9374816910820243 0.40000009999999997
          1.6376534368564708 0.647703943195304 0.40000009999999986
          1.8564212885579425 0.9094107524888081 0.40000009999999997
          1.8172634308919262 0.611977294076665 0.40000009999999975
          2.000000099999999 0.9000000999999995 0.40000009999999986
          2.0000000999999994 0.6000000999999995 0.40000009999999986
          0.9094107524888086 1.8564212885579434 0.6500001
          0.6119772940766655 1.8172634308919278 0.6500001
          0.937481691082025 1.715299150387227 0.6500001
          0.6477039431953044 1.6376534368564708 0.6500001
          0.9837326142375848 1.5790483243984006 0.6500001
          0.7065687544841985 1.4642432946888742 0.6500001
          1.0473721558371174 1.4500000999999998 0.6500000999999999
          0.7875645347017857 1.3000000999999999 0.6500001
          1.127311425679641 1.3303625280904074 0.6500001
          0.8893054235922706 1.1477340993877911 0.6500001
          1.2221826406947973 1.2221826406947975 0.6500001
          1.010050606338833 1.0100506063388335 0.6500001
          1.3303625280904066 1.127311425679641 0.6500001
          1.1477340993877907 0.8893054235922708 0.6500001
          1.4500001000000005 1.0473721558371174 0.6500001
          1.3000000999999997 0.7875645347017859 0.6500001
          1.5790483243984017 0.9837326142375846 0.6500001
          1.4642432946888744 0.7065687544841983 0.6500001
          1.7152991503872272 0.937481691082025 0.6500001
          1.6376534368564708 0.6477039431953042 0.6500001
          1.8564212885579434 0.9094107524888086 0.6500001
          1.8172634308919275 0.6119772940766655 0.6500001
          2.0000001 0.9000001 0.6500001
          2.0000001 0.6000001 0.6500001
          2.143578911442054 0.9094107524888076 0.4000001000000002
          2.1827367691080704 0.6119772940766648 0.4000000999999997
          2.284701049612773 0.9374816910820254 0.40000009999999986
          2.3623467631435298 0.6477039431953042 0.40000009999999986
          2.4209518756015957 0.9837326142375842 0.40000009999999997
          2.5357569053111235 0.7065687544841974 0.40000009999999986
          2.5500000999999966 1.0473721558371167 0.4000000999999998
          2.700000099999998 0.7875645347017841 0.4000001
          2.6696376719095927 1.1273114256796408 0.40000009999999975
          2.852266100612209 0.8893054235922702 0.4000000999999998
          2.777817559305202 1.2221826406947964 0.40000009999999997
          2.9899495936611666 1.0100506063388326 0.4000001
          2.8726887743203573 1.3303625280904063 0.40000009999999975
          3.110694776407729 1.1477340993877903 0.40000009999999986
          2.952628044162882 1.4500000999999996 0.40000009999999997
          3.212435665298214 1.300000099999999 0.4000000999999999
          3.0162675857624155 1.5790483243984037 0.4000000999999998
          3.293431445515802 1.4642432946888755 0.40000009999999986
          3.0625185089179734 1.7152991503872286 0.40000009999999975
          3.3522962568046957 1.6376534368564708 0.4000000999999998
          3.0905894475111912 1.8564212885579434 0.40000009999999997
          3.388022905923335 1.8172634308919275 0.40000009999999997
          2.143578911442056 0.9094107524888086 0.6500001
          2.1827367691080717 0.6119772940766655 0.6500001
          2.284701049612772 0.937481691082025 0.6500001
          2.362346763143529 0.6477039431953042 0.6500001
          2.4209518756015975 0.9837326142375848 0.6500001
          2.5357569053111253 0.7065687544841985 0.6500001
          2.5500001 1.0473721558371174 0.6500000999999999
          2.7000000999999996 0.7875645347017857 0.6500001
          2.6696376719095927 1.127311425679641 0.6500001
          2.8522661006122085 0.8893054235922706 0.6500001
          2.777817559305202 1.2221826406947973 0.6500001
          2.989949593661166 1.010050606338833 0.6500001
          2.872688774320359 1.3303625280904066 0.6500001
          3.110694776407729 1.1477340993877907 0.6500001
          2.952628044162882 1.4500001000000005 0.6500001
          3.2124356652982136 1.3000000999999997 0.6500001
          3.0162675857624137 1.5790483243984017 0.6500001
          3.293431445515801 1.4642432946888744 0.6500001
          3.0625185089179743 1.7152991503872272 0.6500001
          3.3522962568046957 1.6376534368564708 0.6500001
          3.0905894475111912 1.8564212885579434 0.6500001
          3.388022905923334 1.8172634308919275 0.6500001
          3.7000001000000005 2.0000001 0.40000009999999997
          3.6854563643354816 2.221894626774088 0.40000009999999975
          4.0000001 2.0000001 0.40000009999999997
          3.9828898227476213 2.261052484440103 0.40000009999999986
          3.642074004691418 2.4399924766742878 0.4000001000000001
          3.9318517525781367 2.5176381902050413 0.40000009999999986
          3.5705953052691877 2.6505619350206544 0.40000009999999997
          3.8477591650225738 2.7653669647301795 0.40000009999999997
          3.472243286433546 2.850000099999998 0.4000000999999998
          3.732050907568878 3.0000000999999994 0.4000001
          3.3487007784951004 3.0348945293148244 0.40000009999999975
          3.586706780582471 3.217522958017441 0.40000009999999986
          3.202081628017129 3.2020816280171287 0.40000009999999997
          3.414213662373095 3.414213662373095 0.4000000999999999
          3.0348945293148266 3.3487007784950986 0.40000009999999997
          3.2175229580174425 3.58670678058247 0.4000000999999999
          2.8500001 3.472243286433545 0.40000009999999997
          3.000000100000001 3.732050907568877 0.4000001
          2.650561935020656 3.5705953052691877 0.4000001
          2.7653669647301813 3.847759165022573 0.40000009999999997
          2.4399924766742855 3.642074004691416 0.40000009999999997
          2.5176381902050426 3.9318517525781362 0.4000000999999999
          2.2218946267740876 3.68545636433548 0.40000009999999997
          2.2610524844401043 3.982889822747621 0.40000009999999997
          2.0000001 3.7000001000000005 0.40000009999999997
          2.0000001000000003 4.0000001 0.40000009999999997
          3.7000001000000005 2.0000001 0.6500001
          3.685456364335478 2.221894626774088 0.6500001
          4.0000001 2.0000001 0.6500001
          3.9828898227476213 2.261052484440103 0.6500001
          3.642074004691416 2.4399924766742855 0.6500001
          3.9318517525781367 2.5176381902050413 0.6500001
          3.5705953052691877 2.6505619350206526 0.6500001
          3.8477591650225738 2.7653669647301795 0.6500001
          3.472243286433546 2.8500001 0.6500000999999999
          3.732050907568878 3.0000001 0.6500001
          3.348700778495101 3.0348945293148244 0.6500001
          3.5867067805824706 3.217522958017441 0.6500001
          3.2020816280171314 3.2020816280171305 0.6500001
          3.414213662373095 3.414213662373095 0.6500001
          3.034894529314826 3.3487007784950995 0.6500001
          3.217522958017442 3.5867067805824697 0.6500001
          2.8500001 3.472243286433545 0.6500001
          3.0000001000000003 3.732050907568877 0.6500001
          2.6505619350206535 3.5705953052691872 0.6500001
          2.7653669647301804 3.8477591650225733 0.6500001
          2.4399924766742864 3.642074004691416 0.6500001
          2.5176381902050426 3.9318517525781367 0.6500001
          2.2218946267740876 3.685456364335478 0.6500001
          2.2610524844401043 3.982889822747621 0.6500001
          2.0000001 3.7000001000000005 0.6500001
          2.0000001 4.0000001 0.6500001
          1.7781055732259123 3.6854563643354816 0.40000009999999975
          1.7389477155598965 3.9828898227476213 0.4000000999999998
          1.5600077233257141 3.642074004691418 0.4000001000000003
          1.4823620097949584 3.9318517525781367 0.4000001
          1.3494382649793493 3.5705953052691894 0.40000009999999997
          1.2346332352698202 3.847759165022574 0.4000001
          1.1500001000000002 3.4722432864335477 0.4000000999999996
          1.000000100000001 3.7320509075688784 0.4000000999999999
          0.9651056706851744 3.3487007784951004 0.40000009999999975
          0.7824772419825581 3.5867067805824706 0.40000009999999986
          0.7979185719828694 3.202081628017129 0.40000009999999997
          0.5857865376269047 3.414213662373095 0.40000009999999997
          0.6512994215048997 3.034894529314825 0.40000009999999997
          0.4132934194175295 3.217522958017442 0.4000000999999999
          0.5277569135664544 2.8500001 0.40000009999999975
          0.26794929243112264 3.0000001000000007 0.40000009999999997
          0.42940489473081267 2.650561935020656 0.4000001
          0.1522410349774268 2.7653669647301813 0.40000009999999986
          0.35792619530858427 2.439992476674289 0.40000009999999975
          0.06814844742186366 2.5176381902050444 0.40000009999999975
          0.31454383566452204 2.2218946267740876 0.4000001000000002
          0.01711037725237885 2.261052484440104 0.4000001000000001
          0.3000000999999994 2.0000001 0.40000009999999997
          0.0000000999999993922529 2.0000001000000003 0.40000009999999997
          1.778105573225912 3.685456364335478 0.6500001
          1.7389477155598967 3.9828898227476213 0.6500001
          1.5600077233257141 3.642074004691416 0.6500001
          1.4823620097949584 3.9318517525781367 0.6500001
          1.3494382649793475 3.570595305269187 0.6500001
          1.2346332352698204 3.8477591650225738 0.6500001
          1.1500000999999997 3.472243286433546 0.6500000999999999
          1.0000000999999996 3.732050907568878 0.6500001
          0.9651056706851748 3.348700778495101 0.6500001
          0.7824772419825585 3.5867067805824706 0.6500001
          0.797918571982869 3.2020816280171314 0.6500001
          0.5857865376269047 3.4142136623730956 0.6500001
          0.6512994215049004 3.0348945293148253 0.6500001
          0.41329341941752995 3.217522958017442 0.6500001
          0.527756913566454 2.8500001 0.6500001
          0.2679492924311224 3.0000001000000003 0.6500001
          0.42940489473081245 2.6505619350206535 0.6500001
          0.15224103497742614 2.7653669647301804 0.6500001
          0.3579261953085838 2.4399924766742864 0.6500001
          0.06814844742186321 2.5176381902050426 0.6500001
          0.31454383566452193 2.2218946267740876 0.6500001
          0.01711037725237885 2.2610524844401034 0.6500001
          0.3000001 2.0000001 0.6500001
          0.0000001 2.0000001 0.6500001
          0.3145438356645216 1.7781055732259123 0.4000001000000002
          0.017110377252378628 1.7389477155598971 0.4000001
          0.3579261953085833 1.5600077233257141 0.4000001000000001
          0.06814844742186299 1.4823620097949581 0.40000009999999997
          0.4294048947308111 1.3494382649793484 0.40000009999999997
          0.15224103497742525 1.234633235269821 0.4000001
          0.5277569135664536 1.1500000999999993 0.4000000999999996
          0.267949292431122 1.0000000999999992 0.4000000999999999
          0.6512994215049 0.9651056706851739 0.40000009999999975
          0.41329341941752906 0.7824772419825583 0.4000000999999999
          0.7979185719828683 0.7979185719828694 0.4000001000000002
          0.5857865376269047 0.5857865376269047 0.40000009999999997
          0.9651056706851737 0.6512994215048997 0.40000009999999975
          0.7824772419825579 0.4132934194175295 0.4000000999999998
          1.150000099999999 0.5277569135664539 0.40000009999999975
          1.0000001000000007 0.26794929243112175 0.4000000999999999
          1.3494382649793466 0.429404894730812 0.4000000999999998
          1.2346332352698188 0.15224103497742614 0.40000009999999986
          1.5600077233257141 0.35792619530858316 0.40000009999999997
          1.4823620097949584 0.06814844742186277 0.40000009999999986
          1.77810557322591 0.3145438356645218 0.40000009999999997
          1.7389477155598947 0.017110377252378628 0.40000009999999986
          2.000000099999999 0.3000000999999994 0.40000009999999986
          2.0000000999999994 0.0000000999999993922529 0.40000009999999986
          0.3145438356645223 1.778105573225912 0.6500001
          0.017110377252379294 1.7389477155598967 0.6500001
          0.35792619530858405 1.5600077233257146 0.6500001
          0.06814844742186366 1.4823620097949586 0.6500001
          0.42940489473081245 1.349438264979347 0.6500001
          0.15224103497742658 1.2346332352698202 0.6500001
          0.527756913566454 1.1500001000000002 0.6500000999999999
          0.26794929243112264 1.0000001 0.6500001
          0.6512994215049 0.9651056706851748 0.6500001
          0.41329341941752973 0.7824772419825587 0.6500001
          0.7979185719828692 0.7979185719828694 0.6500001
          0.5857865376269051 0.5857865376269051 0.6500001
          0.9651056706851748 0.6512994215049002 0.6500001
          0.782477241982559 0.41329341941752973 0.6500001
          1.1500001 0.5277569135664545 0.6500001
          1.0000001000000003 0.26794929243112287 0.6500001
          1.3494382649793475 0.42940489473081267 0.6500001
          1.2346332352698202 0.1522410349774268 0.6500001
          1.5600077233257141 0.35792619530858405 0.6500001
          1.4823620097949584 0.06814844742186366 0.6500001
          1.7781055732259117 0.3145438356645225 0.6500001
          1.7389477155598962 0.017110377252379516 0.6500001
          2.0000001 0.3000001 0.6500001
          2.0000001 0.0000001 0.6500001
          2.2218946267740862 0.3145438356645216 0.4000001000000002
          2.2610524844401008 0.017110377252378628 0.4000000999999997
          2.4399924766742878 0.3579261953085837 0.40000009999999986
          2.5176381902050426 0.06814844742186321 0.40000009999999986
          2.650561935020649 0.4294048947308111 0.40000009999999997
          2.765366964730177 0.1522410349774248 0.40000009999999986
          2.8500000999999964 0.5277569135664525 0.4000000999999998
          3.000000099999997 0.2679492924311202 0.4000001
          3.0348945293148244 0.6512994215049 0.40000009999999975
          3.217522958017441 0.41329341941752906 0.4000000999999998
          3.2020816280171287 0.7979185719828688 0.40000009999999997
          3.414213662373095 0.585786537626904 0.4000001
          3.3487007784950986 0.9651056706851746 0.40000009999999975
          3.58670678058247 0.7824772419825579 0.40000009999999986
          3.472243286433545 1.150000099999999 0.40000009999999997
          3.732050907568877 1.0000000999999987 0.4000000999999999
          3.5705953052691877 1.3494382649793475 0.4000000999999998
          3.8477591650225733 1.2346332352698188 0.4000000999999999
          3.642074004691416 1.560007723325715 0.40000009999999975
          3.9318517525781367 1.4823620097949584 0.4000000999999999
          3.68545636433548 1.7781055732259117 0.40000009999999997
          3.9828898227476213 1.7389477155598965 0.40000009999999997
          2.221894626774087 0.3145438356645223 0.6500001
          2.261052484440103 0.017110377252379294 0.6500001
          2.4399924766742855 0.3579261953085838 0.6500001
          2.517638190205041 0.06814844742186343 0.6500001
          2.6505619350206517 0.42940489473081245 0.6500001
          2.765366964730179 0.15224103497742658 0.6500001
          2.8500001 0.527756913566454 0.6500000999999999
          3.0000000999999994 0.26794929243112264 0.6500001
          3.0348945293148244 0.6512994215049 0.6500001
          3.2175229580174403 0.4132934194175295 0.6500001
          3.2020816280171305 0.797918571982869 0.6500001
          3.4142136623730943 0.5857865376269045 0.6500001
          3.3487007784950995 0.9651056706851744 0.6500001
          3.5867067805824693 0.7824772419825583 0.6500001
          3.472243286433545 1.1500000999999995 0.6500001
          3.7320509075688766 1.0000000999999996 0.6500001
          3.5705953052691863 1.3494382649793475 0.6500001
          3.8477591650225724 1.2346332352698197 0.6500001
          3.642074004691416 1.5600077233257141 0.6500001
          3.931851752578136 1.482362009794958 0.6500001
          3.685456364335477 1.7781055732259117 0.6500001
          3.9828898227476204 1.7389477155598962 0.6500001
          2.6500001 2.0000001 0.9250001
          2.7250000999999995 2.0000001 0.9250001
          2.7187976244960117 2.0946315893595364 0.9250000999999994
          2.6444392598929767 2.0848421249430333 0.9250000999999999
          2.8000001 2.0000001 0.9250001
          2.7931559890990485 2.104421053776041 0.9250000999999999
          2.7002963240595728 2.187643907699327 0.9250001000000003
          2.6278518870878944 2.168232479316638 0.9250000999999999
          2.7727407610312547 2.2070553360820164 0.9250000999999998
          2.6698127610706814 2.2774455884646905 0.9250001
          2.6005217961323366 2.2487443310373085 0.9250001000000001
          2.7391037260090294 2.306146845892072 0.9250001000000001
          2.6278685177437167 2.3625000999999983 0.9250000999999997
          2.5629166124598854 2.3250001 0.9250001000000001
          2.692820423027551 2.4000001 0.9250001
          2.575181271711144 2.4413521360313224 0.9250001000000003
          2.515679771189303 2.3956950288556684 0.9250000999999999
          2.634682772232988 2.487009243206977 0.9250001
          2.512652516360248 2.512652516360247 0.9250001000000001
          2.459619507771256 2.4596195077712557 0.9250001
          2.565685524949238 2.565685524949238 0.9250000999999999
          2.441352136031323 2.5751812717111444 0.9250001
          2.395695028855669 2.5156797711893026 0.9250001
          2.487009243206977 2.634682772232988 0.9250000999999998
          2.3625000999999983 2.6278685177437167 0.9250001
          2.3250001 2.562916612459885 0.9250001000000001
          2.4000000999999997 2.692820423027551 0.9250001
          2.2774455884646905 2.6698127610706806 0.9250000999999995
          2.2487443310373085 2.6005217961323366 0.9250000999999999
          2.3061468458920715 2.73910372600903 0.9250001
          2.1876439076993277 2.7002963240595728 0.9250001000000003
          2.168232479316638 2.6278518870878944 0.9250001000000002
          2.2070553360820164 2.7727407610312547 0.9250000999999999
          2.0946315893595386 2.7187976244960117 0.9250000999999997
          2.084842124943034 2.6444392598929767 0.9250001
          2.104421053776041 2.7931559890990485 0.9250000999999998
          2.0000001 2.7250000999999995 0.9250001
          2.0000001 2.6500001 0.9250001
          2.0000001 2.8000001 0.9250001
          2.6500001 2.0000001 1.2000001
          2.7250001 2.0000001 1.2000001
          2.7187976244960126 2.0946315893595364 1.2000001000000002
          2.6444392598929767 2.0848421249430333 1.2000001
          2.8000001 2.0000001 1.2000001
          2.7931559890990485 2.104421053776041 1.2000001
          2.7002963240595736 2.187643907699327 1.2000001
          2.6278518870878944 2.168232479316638 1.2000001
          2.7727407610312547 2.2070553360820164 1.2000001
          2.6698127610706823 2.2774455884646905 1.2000001
          2.6005217961323366 2.2487443310373085 1.2000001
          2.7391037260090294 2.306146845892072 1.2000001
          2.6278685177437175 2.3625000999999997 1.2000000999999998
          2.5629166124598854 2.3250001 1.2000001
          2.692820423027551 2.4000001 1.2000001
          2.5751812717111453 2.4413521360313224 1.2000001000000002
          2.515679771189303 2.3956950288556684 1.2000001
          2.6346827722329884 2.487009243206977 1.2000001
          2.5126525163602476 2.512652516360247 1.2000001
          2.459619507771256 2.4596195077712557 1.2000001
          2.565685524949238 2.565685524949238 1.2000001
          2.4413521360313233 2.5751812717111453 1.2000001
          2.395695028855669 2.5156797711893026 1.2000001
          2.487009243206977 2.634682772232988 1.2000001
          2.3625001 2.627868517743718 1.2000001
          2.3250001 2.562916612459885 1.2000001
          2.4000000999999997 2.692820423027551 1.2000001
          2.2774455884646896 2.6698127610706823 1.2000001
          2.2487443310373085 2.6005217961323366 1.2000001
          2.3061468458920715 2.73910372600903 1.2000001
          2.187643907699327 2.7002963240595736 1.2000001
          2.168232479316638 2.6278518870878944 1.2000001
          2.2070553360820164 2.7727407610312547 1.2000001
          2.0946315893595377 2.7187976244960126 1.2000001
          2.084842124943034 2.6444392598929767 1.2000001
          2.104421053776041 2.7931559890990485 1.2000001
          2.0000001 2.7250001 1.2000001
          2.0000001 2.6500001 1.2000001
          2.0000001 2.8000001 1.2000001
          1.9053686106404615 2.7187976244960117 0.9250000999999994
          1.9151580750569663 2.6444392598929767 0.9250000999999999
          1.8955791462239584 2.7931559890990485 0.9250000999999999
          1.8123562923006729 2.7002963240595728 0.9250001000000003
          1.8317677206833611 2.6278518870878944 0.9250001
          1.7929448639179832 2.7727407610312547 0.9250001000000001
          1.7225546115353092 2.6698127610706814 0.9250000999999991
          1.7512558689626914 2.6005217961323366 0.9250000999999999
          1.693853354107928 2.73910372600903 0.9250000999999999
          1.6375000999999991 2.6278685177437167 0.9250000999999992
          1.6750001 2.5629166124598854 0.9250001
          1.6000000999999995 2.692820423027551 0.9250000999999999
          1.5586480639686773 2.575181271711144 0.9250001000000008
          1.6043051711443312 2.515679771189303 0.9250001
          1.512990956793023 2.6346827722329884 0.9250001
          1.487347683639753 2.512652516360248 0.9250001000000001
          1.5403806922287437 2.459619507771256 0.9250001000000001
          1.4343146750507616 2.565685524949238 0.9250001000000001
          1.424818928288855 2.441352136031322 0.9250001
          1.4843204288106968 2.3956950288556684 0.9250000999999998
          1.3653174277670117 2.487009243206977 0.9250000999999997
          1.372131682256281 2.3625000999999983 0.9250001
          1.4370835875401147 2.3250001000000005 0.9250001
          1.307179776972449 2.4000001 0.9250000999999999
          1.3301874389293153 2.2774455884646887 0.9250000999999995
          1.3994784038676629 2.248744331037308 0.9250001
          1.2608964739909698 2.306146845892071 0.9250001
          1.2997038759404254 2.1876439076993277 0.9250001000000003
          1.372148312912105 2.168232479316638 0.9250001000000002
          1.227259438968745 2.2070553360820164 0.9250001
          1.281202575503988 2.0946315893595386 0.9250000999999997
          1.3555609401070228 2.084842124943034 0.9250001
          1.2068442109009512 2.104421053776041 0.9250000999999999
          1.2750000999999995 2.0000001 0.9250001
          1.3500000999999995 2.0000001 0.9250001
          1.2000000999999996 2.0000001 0.9250001
          1.9053686106404624 2.7187976244960126 1.2000001000000002
          1.9151580750569663 2.6444392598929767 1.2000001
          1.8955791462239584 2.7931559890990485 1.2000001
          1.812356292300672 2.7002963240595736 1.2000001
          1.8317677206833611 2.6278518870878944 1.2000001
          1.792944863917983 2.7727407610312547 1.2000001
          1.7225546115353096 2.6698127610706823 1.2000001
          1.7512558689626916 2.6005217961323366 1.2000001
          1.693853354107928 2.7391037260090294 1.2000001
          1.6375000999999993 2.6278685177437175 1.2000000999999998
          1.6750000999999997 2.5629166124598854 1.2000001
          1.6000000999999995 2.692820423027551 1.2000001
          1.5586480639686768 2.5751812717111453 1.2000001000000002
          1.6043051711443312 2.515679771189303 1.2000001
          1.512990956793023 2.634682772232988 1.2000001
          1.4873476836397526 2.5126525163602476 1.2000001
          1.5403806922287437 2.459619507771256 1.2000001
          1.4343146750507616 2.565685524949238 1.2000001
          1.424818928288854 2.4413521360313224 1.2000001
          1.484320428810697 2.395695028855669 1.2000001
          1.3653174277670113 2.4870092432069764 1.2000001
          1.3721316822562815 2.3625001 1.2000001
          1.4370835875401147 2.3250001 1.2000001
          1.3071797769724487 2.4000000999999997 1.2000001
          1.3301874389293167 2.2774455884646896 1.2000001
          1.399478403867663 2.248744331037308 1.2000001
          1.26089647399097 2.306146845892071 1.2000001
          1.2997038759404251 2.187643907699327 1.2000001
          1.372148312912105 2.168232479316638 1.2000001
          1.227259438968745 2.2070553360820164 1.2000001
          1.281202575503987 2.0946315893595377 1.2000001
          1.3555609401070228 2.084842124943034 1.2000001
          1.2068442109009512 2.104421053776041 1.2000001
          1.2750001 2.0000001 1.2000001
          1.3500001 2.0000001 1.2000001
          1.2000001 2.0000001 1.2000001
          1.281202575503987 1.9053686106404615 0.925000099999999
          1.3555609401070228 1.9151580750569663 0.9250000999999998
          1.2068442109009512 1.8955791462239588 0.9250000999999998
          1.2997038759404251 1.8123562923006729 0.9250001000000003
          1.3721483129121053 1.8317677206833611 0.9250001000000002
          1.227259438968745 1.7929448639179832 0.9250001000000002
          1.3301874389293165 1.7225546115353119 0.9250001
          1.3994784038676629 1.7512558689626916 0.9250001
          1.2608964739909698 1.6938533541079284 0.9250001
          1.3721316822562812 1.6375001 0.9250000999999997
          1.4370835875401142 1.6750000999999994 0.9250001
          1.3071797769724487 1.6000000999999995 0.9250001
          1.4248189282888541 1.5586480639686773 0.9250001000000003
          1.4843204288106966 1.6043051711443312 0.9250000999999998
          1.3653174277670115 1.512990956793023 0.9250000999999998
          1.487347683639752 1.487347683639753 0.9250001000000005
          1.5403806922287437 1.5403806922287437 0.9250001000000001
          1.434314675050762 1.4343146750507612 0.9250001
          1.5586480639686764 1.4248189282888541 0.9250001
          1.604305171144331 1.4843204288106968 0.9250000999999999
          1.5129909567930229 1.3653174277670117 0.9250000999999999
          1.6375000999999998 1.3721316822562801 0.9250000999999991
          1.6750001 1.4370835875401142 0.9250000999999998
          1.6000001000000001 1.3071797769724485 0.9250000999999998
          1.7225546115353119 1.3301874389293162 0.9250000999999995
          1.751255868962691 1.399478403867663 0.9250001
          1.6938533541079288 1.2608964739909698 0.9250001
          1.8123562923006729 1.2997038759404245 0.9250001000000008
          1.8317677206833614 1.372148312912105 0.9250000999999999
          1.7929448639179832 1.227259438968745 0.9250001000000001
          1.9053686106404615 1.281202575503988 0.9250000999999997
          1.9151580750569657 1.3555609401070228 0.9250000999999999
          1.8955791462239577 1.2068442109009512 0.9250000999999999
          2.0000001 1.2750000999999995 0.9250001
          2.0000001 1.3500000999999995 0.9250000999999999
          2.0000001 1.2000000999999996 0.9250000999999999
          1.281202575503987 1.9053686106404624 1.2000001000000002
          1.3555609401070232 1.9151580750569663 1.2000001
          1.2068442109009516 1.8955791462239586 1.2000001
          1.299703875940426 1.812356292300672 1.2000001
          1.3721483129121057 1.8317677206833614 1.2000001
          1.2272594389687455 1.7929448639179832 1.2000001
          1.3301874389293171 1.72255461153531 1.2000001
          1.3994784038676635 1.7512558689626914 1.2000001
          1.2608964739909707 1.6938533541079281 1.2000001
          1.3721316822562815 1.6375000999999998 1.2000000999999998
          1.4370835875401147 1.6750000999999997 1.2000001
          1.3071797769724491 1.6000000999999997 1.2000001
          1.4248189282888544 1.5586480639686773 1.2000001000000002
          1.484320428810697 1.6043051711443315 1.2000001
          1.3653174277670117 1.5129909567930233 1.2000001
          1.487347683639753 1.4873476836397526 1.2000001
          1.540380692228744 1.540380692228744 1.2000001
          1.434314675050762 1.4343146750507616 1.2000001
          1.5586480639686777 1.4248189282888544 1.2000001
          1.6043051711443312 1.484320428810697 1.2000001
          1.5129909567930235 1.3653174277670117 1.2000001
          1.6375001000000005 1.3721316822562815 1.2000001
          1.6750000999999999 1.4370835875401147 1.2000001
          1.6000001000000004 1.3071797769724487 1.2000001
          1.72255461153531 1.3301874389293171 1.2000001
          1.7512558689626914 1.3994784038676635 1.2000001
          1.6938533541079284 1.2608964739909705 1.2000001
          1.8123562923006724 1.299703875940426 1.2000001
          1.8317677206833611 1.3721483129121057 1.2000001
          1.7929448639179835 1.2272594389687455 1.2000001
          1.9053686106404624 1.281202575503988 1.2000001
          1.9151580750569661 1.3555609401070232 1.2000001
          1.8955791462239588 1.2068442109009516 1.2000001
          2.0000001 1.2750001 1.2000001
          2.0000001 1.3500001 1.2000001
          2.0000001 1.2000001 1.2000001
          2.0946315893595355 1.2812025755039866 0.925000099999999
          2.0848421249430324 1.3555609401070225 0.9250000999999998
          2.10442105377604 1.2068442109009512 0.9250000999999998
          2.1876439076993277 1.2997038759404251 0.9250001000000008
          2.1682324793166385 1.3721483129121053 0.9250000999999999
          2.207055336082017 1.227259438968745 0.9250001
          2.2774455884646887 1.3301874389293165 0.9250000999999995
          2.248744331037307 1.3994784038676626 0.9250000999999998
          2.306146845892072 1.2608964739909703 0.9250001
          2.3625000999999983 1.3721316822562821 0.9250000999999997
          2.3250001 1.4370835875401144 0.9250001000000001
          2.4000001 1.3071797769724487 0.9250001000000001
          2.4413521360313224 1.4248189282888541 0.9250001000000003
          2.3956950288556684 1.4843204288106966 0.9250000999999998
          2.4870092432069764 1.3653174277670115 0.9250000999999998
          2.512652516360247 1.487347683639751 0.9250001000000001
          2.459619507771256 1.5403806922287435 0.9250001
          2.565685524949238 1.4343146750507616 0.9250001
          2.5751812717111444 1.5586480639686764 0.9250001
          2.515679771189303 1.604305171144331 0.9250001
          2.634682772232988 1.5129909567930229 0.9250001
          2.6278685177437167 1.6375000999999998 0.9250001
          2.562916612459885 1.6750000999999994 0.9250001
          2.6928204230275514 1.6000001000000006 0.9250001
          2.6698127610706823 1.7225546115353119 0.9250001000000004
          2.6005217961323366 1.751255868962691 0.9250001000000002
          2.73910372600903 1.6938533541079288 0.9250001
          2.7002963240595728 1.8123562923006729 0.9250000999999999
          2.6278518870878944 1.8317677206833614 0.9250000999999999
          2.7727407610312547 1.7929448639179832 0.9250000999999999
          2.7187976244960117 1.9053686106404615 0.9250000999999997
          2.6444392598929767 1.9151580750569661 0.9250001
          2.7931559890990485 1.8955791462239584 0.9250001
          2.0946315893595364 1.281202575503987 1.2000001000000002
          2.0848421249430333 1.3555609401070232 1.2000001
          2.104421053776041 1.2068442109009516 1.2000001
          2.1876439076993277 1.299703875940426 1.2000001
          2.1682324793166385 1.3721483129121057 1.2000001
          2.2070553360820164 1.2272594389687455 1.2000001
          2.2774455884646896 1.3301874389293171 1.2000001
          2.248744331037308 1.3994784038676635 1.2000001
          2.3061468458920715 1.2608964739909707 1.2000001
          2.3625000999999997 1.3721316822562823 1.2000000999999998
          2.3250001 1.4370835875401151 1.2000001
          2.4000000999999997 1.3071797769724491 1.2000001
          2.4413521360313224 1.4248189282888544 1.2000001000000002
          2.3956950288556684 1.484320428810697 1.2000001
          2.4870092432069764 1.3653174277670117 1.2000001
          2.512652516360247 1.487347683639753 1.2000001
          2.4596195077712557 1.540380692228744 1.2000001
          2.565685524949238 1.434314675050762 1.2000001
          2.5751812717111453 1.5586480639686777 1.2000001
          2.5156797711893026 1.6043051711443312 1.2000001
          2.634682772232988 1.5129909567930235 1.2000001
          2.627868517743718 1.6375001000000005 1.2000001
          2.562916612459885 1.6750000999999997 1.2000001
          2.692820423027551 1.6000001000000004 1.2000001
          2.6698127610706823 1.72255461153531 1.2000001
          2.600521796132336 1.7512558689626914 1.2000001
          2.739103726009029 1.6938533541079284 1.2000001
          2.7002963240595736 1.8123562923006724 1.2000001
          2.6278518870878944 1.8317677206833611 1.2000001
          2.772740761031254 1.7929448639179835 1.2000001
          2.7187976244960126 1.9053686106404624 1.2000001
          2.6444392598929767 1.9151580750569661 1.2000001
          2.793155989099048 1.8955791462239586 1.2000001
          3.1000001 2.0000001 0.9250001
          3.0905894475111912 2.1435789114420576 0.9250000999999994
          3.4000001 2.0000001 0.9250001
          3.388022905923335 2.182736769108072 0.9250000999999999
          3.062518508917975 2.284701049612773 0.9250000999999994
          3.3522962568046957 2.362346763143529 0.9250000999999998
          3.0162675857624173 2.4209518756015993 0.9250001
          3.293431445515802 2.5357569053111253 0.9250001000000001
          2.9526280441628825 2.5500000999999983 0.9250000999999992
          3.2124356652982144 2.7000000999999996 0.9250000999999999
          2.8726887743203586 2.6696376719095936 0.9250001000000003
          3.1106947764077297 2.852266100612208 0.9250000999999999
          2.7778175593052037 2.777817559305202 0.9250001000000001
          2.989949593661167 2.989949593661166 0.9250001
          2.669637671909594 2.8726887743203573 0.9250001
          2.85226610061221 3.110694776407729 0.9250001000000002
          2.5500000999999983 2.952628044162882 0.9250001
          2.700000100000001 3.212435665298214 0.9250001
          2.420951875601599 3.0162675857624155 0.9250000999999995
          2.5357569053111266 3.293431445515801 0.9250000999999999
          2.2847010496127726 3.0625185089179734 0.9250000999999994
          2.36234676314353 3.3522962568046957 0.9250001
          2.1435789114420585 3.0905894475111912 0.9250000999999997
          2.182736769108073 3.388022905923335 0.9250000999999999
          2.0000001 3.1000001 0.9250001
          2.0000001000000003 3.4000001 0.9250001
          3.1000001 2.0000001 1.2000001
          3.0905894475111912 2.1435789114420567 1.2000001000000002
          3.4000001 2.0000001 1.2000001
          3.388022905923335 2.182736769108072 1.2000001
          3.0625185089179743 2.284701049612772 1.2000001
          3.3522962568046957 2.362346763143529 1.2000001
          3.0162675857624155 2.4209518756015984 1.2000001
          3.293431445515802 2.5357569053111253 1.2000001
          2.952628044162883 2.5500001 1.2000000999999998
          3.2124356652982144 2.7000000999999996 1.2000001
          2.87268877432036 2.6696376719095927 1.2000001000000002
          3.1106947764077297 2.8522661006122085 1.2000001
          2.7778175593052032 2.777817559305202 1.2000001
          2.989949593661167 2.989949593661166 1.2000001
          2.6696376719095936 2.872688774320359 1.2000001
          2.85226610061221 3.110694776407729 1.2000001
          2.5500001 2.952628044162882 1.2000001
          2.7000001000000005 3.212435665298214 1.2000001
          2.420951875601599 3.0162675857624155 1.2000001
          2.535756905311126 3.293431445515801 1.2000001
          2.2847010496127726 3.0625185089179743 1.2000001
          2.3623467631435298 3.3522962568046957 1.2000001
          2.1435789114420576 3.0905894475111912 1.2000001
          2.1827367691080726 3.388022905923335 1.2000001
          2.0000001 3.1000001 1.2000001
          2.0000001 3.4000001 1.2000001
          1.8564212885579425 3.0905894475111912 0.9250000999999994
          1.8172634308919275 3.388022905923335 0.9250000999999999
          1.7152991503872288 3.062518508917975 0.9250001000000003
          1.6376534368564708 3.3522962568046957 0.9250001000000001
          1.579048324398402 3.0162675857624173 0.9250000999999991
          1.4642432946888746 3.293431445515802 0.9250001
          1.4500001 2.9526280441628825 0.9250000999999992
          1.3000001000000005 3.212435665298215 0.9250001
          1.330362528090408 2.8726887743203604 0.9250001000000008
          1.1477340993877916 3.11069477640773 0.9250001
          1.2221826406947982 2.7778175593052037 0.9250001000000001
          1.010050606338833 2.9899495936611666 0.9250001000000001
          1.1273114256796413 2.669637671909593 0.9250001
          0.8893054235922706 2.8522661006122094 0.9250000999999998
          1.0473721558371165 2.5500000999999983 0.9250001
          0.7875645347017859 2.7000001000000005 0.9250001
          0.9837326142375842 2.420951875601599 0.9250000999999995
          0.7065687544841988 2.5357569053111266 0.9250001
          0.9374816910820247 2.2847010496127735 0.9250001000000003
          0.6477039431953044 2.362346763143531 0.9250001
          0.9094107524888081 2.1435789114420594 0.9250000999999997
          0.611977294076665 2.1827367691080726 0.9250001
          0.9000000999999995 2.0000001 0.9250001
          0.6000000999999995 2.0000001 0.9250001
          1.8564212885579425 3.0905894475111912 1.2000001000000002
          1.8172634308919275 3.388022905923335 1.2000001
          1.715299150387227 3.0625185089179743 1.2000001
          1.6376534368564708 3.3522962568046957 1.2000001
          1.5790483243984006 3.0162675857624155 1.2000001
          1.4642432946888744 3.2934314455158016 1.2000001
          1.4500000999999998 2.952628044162883 1.2000000999999998
          1.3000001 3.2124356652982144 1.2000001
          1.330362528090407 2.872688774320359 1.2000001000000002
          1.1477340993877911 3.1106947764077297 1.2000001
          1.2221826406947975 2.7778175593052032 1.2000001
          1.010050606338833 2.989949593661167 1.2000001
          1.127311425679641 2.6696376719095927 1.2000001
          0.8893054235922706 2.8522661006122094 1.2000001
          1.047372155837117 2.5500001 1.2000001
          0.7875645347017857 2.7000001000000005 1.2000001
          0.9837326142375842 2.420951875601599 1.2000001
          0.7065687544841983 2.535756905311126 1.2000001
          0.9374816910820245 2.2847010496127726 1.2000001
          0.6477039431953042 2.3623467631435298 1.2000001
          0.9094107524888082 2.1435789114420576 1.2000001
          0.611977294076665 2.1827367691080726 1.2000001
          0.9000001 2.0000001 1.2000001
          0.6000001 2.0000001 1.2000001
          0.9094107524888081 1.8564212885579434 0.925000099999999
          0.611977294076665 1.817263430891928 0.9250000999999998
          0.9374816910820241 1.7152991503872288 0.9250001000000003
          0.647703943195304 1.6376534368564708 0.9250001000000002
          0.9837326142375837 1.579048324398402 0.9250001
          0.7065687544841976 1.4642432946888748 0.9250001
          1.0473721558371172 1.4500000999999991 0.9250000999999997
          0.7875645347017854 1.3000000999999992 0.9250001
          1.1273114256796408 1.330362528090407 0.9250001000000003
          0.8893054235922704 1.1477340993877907 0.9250000999999998
          1.2221826406947964 1.2221826406947982 0.9250001000000005
          1.010050606338832 1.0100506063388341 0.9250000999999998
          1.3303625280904054 1.1273114256796408 0.9250001
          1.1477340993877903 0.8893054235922706 0.9250000999999999
          1.4500000999999987 1.0473721558371174 0.9250000999999991
          1.300000099999998 0.7875645347017866 0.9250000999999998
          1.579048324398402 0.9837326142375842 0.9250000999999995
          1.464243294688873 0.7065687544841983 0.9250001
          1.7152991503872277 0.9374816910820243 0.9250001000000008
          1.6376534368564708 0.647703943195304 0.9250001000000001
          1.8564212885579425 0.9094107524888081 0.9250000999999997
          1.8172634308919262 0.611977294076665 0.9250000999999999
          2.000000099999999 0.9000000999999995 0.9250001
          2.0000000999999994 0.6000000999999995 0.9250000999999999
          0.9094107524888086 1.8564212885579434 1.2000001000000002
          0.6119772940766655 1.8172634308919278 1.2000001
          0.937481691082025 1.715299150387227 1.2000001
          0.6477039431953044 1.6376534368564708 1.2000001
          0.9837326142375848 1.5790483243984006 1.2000001
          0.7065687544841985 1.4642432946888742 1.2000001
          1.0473721558371174 1.4500000999999998 1.2000000999999998
          0.7875645347017857 1.3000000999999999 1.2000001
          1.127311425679641 1.3303625280904074 1.2000001000000002
          0.8893054235922706 1.1477340993877911 1.2000001
          1.2221826406947973 1.2221826406947975 1.2000001
          1.010050606338833 1.0100506063388335 1.2000001
          1.3303625280904066 1.127311425679641 1.2000001
          1.1477340993877907 0.8893054235922708 1.2000001
          1.4500001000000005 1.0473721558371174 1.2000001
          1.3000000999999997 0.7875645347017859 1.2000001
          1.5790483243984017 0.9837326142375846 1.2000001
          1.4642432946888744 0.7065687544841983 1.2000001
          1.7152991503872272 0.937481691082025 1.2000001
          1.6376534368564708 0.6477039431953042 1.2000001
          1.8564212885579434 0.9094107524888086 1.2000001
          1.8172634308919275 0.6119772940766655 1.2000001
          2.0000001 0.9000001 1.2000001
          2.0000001 0.6000001 1.2000001
          2.143578911442054 0.9094107524888076 0.925000099999999
          2.1827367691080704 0.6119772940766648 0.9250000999999998
          2.284701049612773 0.9374816910820254 0.9250001000000008
          2.3623467631435298 0.6477039431953042 0.9250001
          2.4209518756015957 0.9837326142375842 0.9250000999999995
          2.5357569053111235 0.7065687544841974 0.9250000999999998
          2.5500000999999966 1.0473721558371167 0.9250000999999997
          2.700000099999998 0.7875645347017841 0.9250001
          2.6696376719095927 1.1273114256796408 0.9250001000000003
          2.852266100612209 0.8893054235922702 0.9250000999999998
          2.777817559305202 1.2221826406947964 0.9250001000000001
          2.9899495936611666 1.0100506063388326 0.9250001
          2.8726887743203573 1.3303625280904063 0.9250001
          3.110694776407729 1.1477340993877903 0.9250001
          2.952628044162882 1.4500000999999996 0.9250001
          3.212435665298214 1.300000099999999 0.9250001
          3.0162675857624155 1.5790483243984037 0.9250000999999995
          3.293431445515802 1.4642432946888755 0.9250001
          3.0625185089179734 1.7152991503872286 0.9250000999999999
          3.3522962568046957 1.6376534368564708 0.9250000999999999
          3.0905894475111912 1.8564212885579434 0.9250000999999997
          3.388022905923335 1.8172634308919275 0.9250001
          2.143578911442056 0.9094107524888086 1.2000001000000002
          2.1827367691080717 0.6119772940766655 1.2000001
          2.284701049612772 0.937481691082025 1.2000001
          2.362346763143529 0.6477039431953042 1.2000001
          2.4209518756015975 0.9837326142375848 1.2000001
          2.5357569053111253 0.7065687544841985 1.2000001
          2.5500001 1.0473721558371174 1.2000000999999998
          2.7000000999999996 0.7875645347017857 1.2000001
          2.6696376719095927 1.127311425679641 1.2000001000000002
          2.8522661006122085 0.8893054235922706 1.2000001
          2.777817559305202 1.2221826406947973 1.2000001
          2.989949593661166 1.010050606338833 1.2000001
          2.872688774320359 1.3303625280904066 1.2000001
          3.110694776407729 1.1477340993877907 1.2000001
          2.952628044162882 1.4500001000000005 1.2000001
          3.2124356652982136 1.3000000999999997 1.2000001
          3.0162675857624137 1.5790483243984017 1.2000001
          3.293431445515801 1.4642432946888744 1.2000001
          3.0625185089179743 1.7152991503872272 1.2000001
          3.3522962568046957 1.6376534368564708 1.2000001
          3.0905894475111912 1.8564212885579434 1.2000001
          3.388022905923334 1.8172634308919275 1.2000001
          2.8000001 2.0000001 1.4642858142857142
          3.1000001 2.0000001000000003 1.4607143857142857
          3.09058944751119 2.1435789114420567 1.4607143857142848
          2.7931559890990485 2.104421053776041 1.464285814285714
          3.4000001 2.0000001 1.4571429571428571
          3.388022905923335 2.182736769108072 1.4571429571428571
          3.062518508917975 2.2847010496127726 1.4607143857142857
          2.7727407610312547 2.2070553360820164 1.4642858142857142
          3.3522962568046957 2.362346763143529 1.4571429571428571
          3.016267585762413 2.4209518756015984 1.4607143857142868
          2.7391037260090294 2.306146845892072 1.4642858142857147
          3.293431445515802 2.5357569053111253 1.4571429571428574
          2.952628044162884 2.5500001000000014 1.4607143857142866
          2.692820423027551 2.4000001 1.4642858142857142
          3.2124356652982144 2.7000000999999996 1.457142957142857
          2.872688774320361 2.669637671909593 1.4607143857142875
          2.6346827722329884 2.487009243206977 1.4642858142857145
          3.1106947764077297 2.852266100612208 1.4571429571428571
          2.7778175593052037 2.777817559305201 1.4607143857142866
          2.565685524949238 2.565685524949238 1.464285814285714
          2.989949593661167 2.989949593661166 1.4571429571428574
          2.669637671909593 2.8726887743203595 1.4607143857142857
          2.487009243206977 2.634682772232988 1.464285814285714
          2.85226610061221 3.1106947764077284 1.4571429571428574
          2.5500001000000005 2.952628044162882 1.4607143857142866
          2.4000000999999997 2.692820423027551 1.464285814285714
          2.700000100000001 3.212435665298214 1.4571429571428574
          2.4209518756015993 3.0162675857624137 1.460714385714286
          2.3061468458920715 2.73910372600903 1.464285814285714
          2.535756905311126 3.293431445515801 1.457142957142857
          2.284701049612774 3.062518508917977 1.460714385714286
          2.2070553360820164 2.7727407610312547 1.4642858142857142
          2.3623467631435306 3.3522962568046952 1.4571429571428571
          2.143578911442059 3.09058944751119 1.4607143857142857
          2.104421053776041 2.7931559890990485 1.4642858142857138
          2.182736769108073 3.388022905923335 1.4571429571428571
          2.0000001000000003 3.1000001 1.4607143857142857
          2.0000001 2.8000001 1.464285814285714
          2.0000001000000003 3.4000001 1.4571429571428571
          2.8000001 2.0000001 1.7285715285714285
          3.1000000999999995 2.0000001 1.7214286714285714
          3.0905894475111895 2.1435789114420567 1.7214286714285714
          2.7931559890990485 2.104421053776041 1.7285715285714283
          3.4000001 2.0000001 1.7142858142857142
          3.388022905923335 2.182736769108072 1.7142858142857142
          3.0625185089179725 2.2847010496127713 1.7214286714285714
          2.7727407610312547 2.2070553360820164 1.7285715285714285
          3.3522962568046957 2.362346763143529 1.7142858142857142
          3.0162675857624155 2.420951875601599 1.721428671428572
          2.7391037260090294 2.306146845892072 1.7285715285714285
          3.293431445515802 2.5357569053111253 1.7142858142857147
          2.952628044162884 2.5500001000000014 1.7214286714285716
          2.692820423027551 2.4000001 1.7285715285714287
          3.2124356652982144 2.7000000999999996 1.7142858142857145
          2.872688774320362 2.6696376719095927 1.721428671428572
          2.634682772232988 2.487009243206977 1.7285715285714287
          3.1106947764077297 2.852266100612208 1.7142858142857142
          2.7778175593052037 2.777817559305202 1.7214286714285714
          2.565685524949238 2.565685524949238 1.7285715285714285
          2.989949593661167 2.989949593661166 1.7142858142857145
          2.6696376719095936 2.872688774320357 1.7214286714285711
          2.487009243206977 2.634682772232988 1.7285715285714283
          2.85226610061221 3.110694776407729 1.7142858142857147
          2.550000099999999 2.952628044162882 1.7214286714285723
          2.4000000999999997 2.692820423027551 1.7285715285714287
          2.700000100000001 3.212435665298214 1.714285814285715
          2.420951875601599 3.0162675857624173 1.7214286714285723
          2.3061468458920715 2.73910372600903 1.7285715285714285
          2.5357569053111266 3.293431445515801 1.7142858142857147
          2.2847010496127726 3.062518508917972 1.7214286714285723
          2.2070553360820164 2.7727407610312547 1.728571528571429
          2.36234676314353 3.3522962568046957 1.7142858142857147
          2.143578911442058 3.0905894475111895 1.7214286714285711
          2.104421053776041 2.7931559890990485 1.7285715285714283
          2.182736769108073 3.388022905923335 1.7142858142857145
          2.0000001000000007 3.1000000999999995 1.7214286714285718
          2.0000001 2.8000001 1.7285715285714287
          2.0000001000000003 3.4000001 1.7142858142857147
          2.8000001 2.0000001 1.992857242857143
          3.1000001 2.0000001 1.982142957142857
          3.0905894475111904 2.143578911442057 1.9821429571428588
          2.7931559890990485 2.104421053776041 1.9928572428571425
          3.4000001 2.0000001 1.9714286714285714
          3.388022905923335 2.182736769108072 1.9714286714285714
          3.0625185089179747 2.284701049612773 1.9821429571428573
          2.7727407610312547 2.2070553360820164 1.9928572428571427
          3.3522962568046957 2.362346763143529 1.971428671428571
          3.0162675857624146 2.4209518756015997 1.9821429571428586
          2.7391037260090294 2.306146845892072 1.9928572428571434
          3.293431445515802 2.5357569053111253 1.9714286714285718
          2.952628044162884 2.5500001 1.982142957142857
          2.692820423027551 2.4000001 1.992857242857143
          3.2124356652982144 2.7000000999999996 1.9714286714285711
          2.8726887743203586 2.669637671909593 1.9821429571428577
          2.634682772232988 2.487009243206977 1.9928572428571432
          3.1106947764077297 2.8522661006122085 1.9714286714285716
          2.777817559305205 2.777817559305203 1.9821429571428577
          2.565685524949238 2.565685524949238 1.9928572428571425
          2.989949593661167 2.989949593661166 1.9714286714285716
          2.6696376719095936 2.872688774320359 1.982142957142858
          2.487009243206977 2.634682772232988 1.992857242857143
          2.85226610061221 3.110694776407729 1.971428671428572
          2.5500001000000005 2.952628044162882 1.982142957142858
          2.4000000999999997 2.692820423027551 1.992857242857143
          2.700000100000001 3.212435665298214 1.9714286714285716
          2.4209518756015993 3.0162675857624146 1.9821429571428588
          2.3061468458920715 2.73910372600903 1.9928572428571434
          2.5357569053111266 3.293431445515801 1.9714286714285711
          2.284701049612774 3.0625185089179725 1.9821429571428588
          2.207055336082017 2.7727407610312547 1.9928572428571434
          2.3623467631435298 3.3522962568046957 1.9714286714285716
          2.1435789114420585 3.090589447511191 1.9821429571428586
          2.104421053776041 2.7931559890990485 1.9928572428571432
          2.1827367691080726 3.388022905923335 1.9714286714285711
          2.0000001000000007 3.1000001 1.982142957142858
          2.0000001 2.8000001 1.9928572428571432
          2.0000001000000003 3.4000001 1.9714286714285716
          2.8000001 2.0000001 2.2571429571428574
          3.1000001 2.0000001 2.2428572428571427
          3.090589447511193 2.143578911442057 2.2428572428571427
          2.7931559890990485 2.104421053776041 2.2571429571428574
          3.4000001 2.0000001 2.2285715285714285
          3.388022905923335 2.182736769108072 2.2285715285714285
          3.062518508917973 2.284701049612773 2.2428572428571423
          2.7727407610312547 2.2070553360820164 2.2571429571428574
          3.3522962568046957 2.362346763143529 2.2285715285714285
          3.0162675857624155 2.420951875601599 2.242857242857142
          2.7391037260090294 2.306146845892072 2.2571429571428574
          3.293431445515802 2.5357569053111253 2.228571528571429
          2.9526280441628856 2.5500001 2.242857242857143
          2.692820423027551 2.4000001 2.257142957142858
          3.2124356652982144 2.7000000999999996 2.2285715285714285
          2.872688774320358 2.6696376719095927 2.2428572428571414
          2.634682772232988 2.487009243206977 2.257142957142857
          3.1106947764077297 2.852266100612208 2.228571528571428
          2.7778175593052032 2.777817559305203 2.2428572428571427
          2.565685524949238 2.565685524949238 2.2571429571428574
          2.989949593661167 2.989949593661166 2.2285715285714285
          2.6696376719095944 2.8726887743203573 2.2428572428571427
          2.487009243206977 2.634682772232988 2.257142957142857
          2.85226610061221 3.110694776407729 2.2285715285714285
          2.5500001 2.9526280441628816 2.242857242857144
          2.4000000999999997 2.692820423027551 2.2571429571428574
          2.700000100000001 3.212435665298214 2.228571528571429
          2.420951875601599 3.016267585762415 2.2428572428571427
          2.3061468458920715 2.73910372600903 2.2571429571428574
          2.5357569053111266 3.293431445515801 2.2285715285714285
          2.2847010496127735 3.0625185089179734 2.2428572428571427
          2.2070553360820164 2.7727407610312547 2.2571429571428574
          2.36234676314353 3.3522962568046957 2.2285715285714285
          2.1435789114420576 3.0905894475111912 2.2428572428571427
          2.104421053776041 2.7931559890990485 2.2571429571428574
          2.1827367691080726 3.388022905923335 2.228571528571428
          2.0000001000000007 3.1000001 2.2428572428571427
          2.0000001 2.8000001 2.2571429571428574
          2.0000001000000003 3.4000001 2.2285715285714285
          2.8000001 2.0000001 2.5214286714285716
          3.1000001 2.0000001 2.5035715285714284
          3.09058944751119 2.143578911442058 2.503571528571427
          2.7931559890990485 2.104421053776041 2.521428671428571
          3.4000001 2.0000001 2.485714385714286
          3.388022905923335 2.182736769108072 2.485714385714286
          3.0625185089179725 2.2847010496127718 2.5035715285714297
          2.7727407610312547 2.2070553360820164 2.521428671428571
          3.3522962568046957 2.362346763143529 2.485714385714286
          3.016267585762417 2.4209518756015997 2.503571528571428
          2.7391037260090294 2.306146845892072 2.5214286714285716
          3.293431445515802 2.5357569053111253 2.4857143857142865
          2.9526280441628856 2.5500001 2.503571528571429
          2.692820423027551 2.4000001 2.521428671428572
          3.2124356652982144 2.7000000999999996 2.485714385714286
          2.8726887743203604 2.669637671909593 2.5035715285714293
          2.634682772232988 2.487009243206977 2.521428671428571
          3.1106947764077297 2.852266100612208 2.485714385714286
          2.7778175593052055 2.777817559305202 2.503571528571429
          2.565685524949238 2.565685524949238 2.5214286714285716
          2.989949593661167 2.989949593661166 2.4857143857142865
          2.669637671909593 2.872688774320359 2.5035715285714284
          2.487009243206977 2.634682772232988 2.5214286714285716
          2.85226610061221 3.110694776407729 2.4857143857142865
          2.5500001 2.9526280441628816 2.5035715285714275
          2.4000000999999997 2.692820423027551 2.521428671428571
          2.700000100000001 3.212435665298214 2.4857143857142865
          2.420951875601599 3.016267585762415 2.503571528571428
          2.3061468458920715 2.73910372600903 2.5214286714285716
          2.5357569053111266 3.293431445515801 2.485714385714286
          2.2847010496127735 3.062518508917973 2.5035715285714284
          2.2070553360820164 2.7727407610312547 2.5214286714285716
          2.36234676314353 3.3522962568046957 2.4857143857142856
          2.143578911442059 3.09058944751119 2.5035715285714275
          2.104421053776041 2.7931559890990485 2.5214286714285707
          2.182736769108073 3.388022905923335 2.485714385714286
          2.0000001000000007 3.1000001 2.5035715285714284
          2.0000001 2.8000001 2.5214286714285716
          2.0000001000000003 3.4000001 2.485714385714286
          2.8000001 2.0000001 2.785714385714286
          3.1000001 2.0000001 2.764285814285715
          3.090589447511193 2.1435789114420567 2.764285814285716
          2.7931559890990485 2.104421053776041 2.7857143857142854
          3.4000001 2.0000001 2.742857242857143
          3.388022905923335 2.182736769108072 2.742857242857143
          3.0625185089179734 2.284701049612772 2.7642858142857145
          2.7727407610312547 2.2070553360820164 2.785714385714285
          3.3522962568046957 2.362346763143529 2.742857242857143
          3.0162675857624164 2.420951875601599 2.764285814285716
          2.7391037260090294 2.306146845892072 2.7857143857142863
          3.293431445515802 2.5357569053111253 2.7428572428571436
          2.952628044162882 2.5500001000000005 2.7642858142857127
          2.692820423027551 2.4000001 2.785714385714285
          3.212435665298215 2.700000099999999 2.742857242857143
          2.872688774320359 2.6696376719095927 2.764285814285714
          2.634682772232988 2.487009243206977 2.7857143857142863
          3.1106947764077297 2.852266100612208 2.742857242857143
          2.7778175593052055 2.777817559305202 2.764285814285716
          2.565685524949238 2.565685524949238 2.785714385714286
          2.989949593661167 2.989949593661166 2.742857242857143
          2.669637671909594 2.8726887743203573 2.764285814285716
          2.487009243206977 2.634682772232988 2.7857143857142845
          2.85226610061221 3.110694776407729 2.742857242857143
          2.5500001000000005 2.9526280441628803 2.7642858142857145
          2.4000000999999997 2.692820423027551 2.7857143857142854
          2.700000100000001 3.212435665298214 2.742857242857143
          2.420951875601599 3.016267585762417 2.764285814285714
          2.3061468458920715 2.73910372600903 2.785714385714286
          2.5357569053111266 3.293431445515801 2.7428572428571427
          2.2847010496127744 3.0625185089179734 2.7642858142857163
          2.2070553360820164 2.7727407610312547 2.785714385714286
          2.36234676314353 3.3522962568046957 2.7428572428571427
          2.1435789114420585 3.0905894475111912 2.764285814285716
          2.104421053776041 2.7931559890990485 2.785714385714285
          2.182736769108073 3.388022905923335 2.742857242857143
          2.0000001000000007 3.1000001 2.764285814285715
          2.0000001 2.8000001 2.785714385714286
          2.0000001000000003 3.4000001 2.742857242857143
          2.8000001 2.0000001 3.0500001
          3.1000001 2.0000001 3.0250000999999997
          3.0905894475111912 2.1435789114420567 3.0250000999999993
          2.7931559890990485 2.104421053776041 3.0500001
          3.4000001 2.0000001 3.0000001
          3.388022905923335 2.182736769108072 3.0000001
          3.0625185089179743 2.284701049612772 3.0250000999999997
          2.7727407610312547 2.2070553360820164 3.0500001
          3.3522962568046957 2.362346763143529 3.0000001
          3.0162675857624155 2.4209518756015984 3.0250000999999997
          2.7391037260090294 2.306146845892072 3.0500001
          3.293431445515802 2.5357569053111253 3.0000001
          2.952628044162883 2.5500001 3.0250000999999993
          2.692820423027551 2.4000001 3.0500001
          3.2124356652982144 2.7000000999999996 3.0000001
          2.87268877432036 2.6696376719095927 3.0250000999999997
          2.6346827722329884 2.487009243206977 3.0500001
          3.1106947764077297 2.8522661006122085 3.0000001
          2.7778175593052032 2.777817559305202 3.0250000999999997
          2.565685524949238 2.565685524949238 3.0500001
          2.989949593661167 2.989949593661166 3.0000001
          2.6696376719095936 2.872688774320359 3.0250000999999997
          2.487009243206977 2.634682772232988 3.0500001
          2.85226610061221 3.110694776407729 3.0000001
          2.5500001 2.952628044162882 3.0250000999999997
          2.4000000999999997 2.692820423027551 3.0500001
          2.7000001000000005 3.212435665298214 3.0000001
          2.420951875601599 3.0162675857624155 3.0250000999999997
          2.3061468458920715 2.73910372600903 3.0500001
          2.535756905311126 3.293431445515801 3.0000001
          2.2847010496127726 3.0625185089179743 3.0250000999999997
          2.2070553360820164 2.7727407610312547 3.0500001
          2.3623467631435298 3.3522962568046957 3.0000001
          2.1435789114420576 3.0905894475111912 3.0250000999999997
          2.104421053776041 2.7931559890990485 3.0500001
          2.1827367691080726 3.388022905923335 3.0000001
          2.0000001 3.1000001 3.0250000999999997
          2.0000001 2.8000001 3.0500001
          2.0000001 3.4000001 3.0000001
          1.8564212885579428 3.09058944751119 1.4607143857142857
          1.895579146223958 2.7931559890990485 1.464285814285714
          1.817263430891927 3.388022905923335 1.4571429571428571
          1.7152991503872284 3.062518508917975 1.4607143857142857
          1.7929448639179837 2.7727407610312547 1.4642858142857138
          1.6376534368564717 3.3522962568046957 1.457142957142857
          1.5790483243983997 3.016267585762413 1.460714385714286
          1.693853354107928 2.73910372600903 1.4642858142857145
          1.464243294688874 3.293431445515802 1.4571429571428574
          1.4500000999999998 2.952628044162884 1.4607143857142866
          1.600000099999999 2.692820423027551 1.464285814285714
          1.3000001 3.2124356652982144 1.4571429571428578
          1.3303625280904074 2.872688774320359 1.4607143857142866
          1.512990956793023 2.6346827722329884 1.4642858142857138
          1.1477340993877916 3.11069477640773 1.4571429571428578
          1.2221826406947982 2.777817559305202 1.4607143857142866
          1.4343146750507616 2.565685524949238 1.4642858142857138
          1.010050606338833 2.9899495936611666 1.4571429571428574
          1.1273114256796415 2.6696376719095922 1.4607143857142857
          1.3653174277670121 2.4870092432069772 1.4642858142857142
          0.8893054235922713 2.8522661006122103 1.457142957142857
          1.047372155837117 2.5500001000000014 1.4607143857142866
          1.3071797769724482 2.400000099999999 1.464285814285714
          0.7875645347017859 2.7000001000000005 1.4571429571428571
          0.9837326142375835 2.4209518756015993 1.460714385714286
          1.2608964739909698 2.306146845892071 1.4642858142857147
          0.7065687544841981 2.5357569053111257 1.4571429571428571
          0.9374816910820254 2.2847010496127758 1.460714385714286
          1.227259438968745 2.207055336082017 1.4642858142857138
          0.6477039431953047 2.362346763143532 1.4571429571428574
          0.9094107524888074 2.143578911442057 1.4607143857142857
          1.2068442109009512 2.104421053776041 1.4642858142857145
          0.611977294076665 2.1827367691080712 1.4571429571428567
          0.9000000999999994 2.0000001000000003 1.4607143857142857
          1.2000000999999996 2.0000001 1.4642858142857142
          0.6000000999999995 2.0000001 1.4571429571428571
          1.8564212885579425 3.0905894475111895 1.7214286714285723
          1.8955791462239584 2.7931559890990485 1.7285715285714292
          1.8172634308919275 3.388022905923335 1.7142858142857145
          1.7152991503872277 3.0625185089179725 1.7214286714285714
          1.7929448639179832 2.7727407610312547 1.7285715285714287
          1.6376534368564708 3.3522962568046957 1.7142858142857147
          1.5790483243984035 3.0162675857624155 1.721428671428572
          1.693853354107928 2.73910372600903 1.7285715285714287
          1.4642432946888753 3.293431445515802 1.7142858142857147
          1.4500000999999996 2.952628044162884 1.7214286714285716
          1.6000000999999995 2.692820423027551 1.7285715285714287
          1.3000001000000005 3.212435665298215 1.714285814285715
          1.330362528090407 2.8726887743203604 1.7214286714285738
          1.5129909567930229 2.634682772232988 1.7285715285714285
          1.1477340993877911 3.1106947764077297 1.714285814285715
          1.222182640694798 2.7778175593052037 1.7214286714285705
          1.4343146750507616 2.565685524949238 1.7285715285714283
          1.010050606338833 2.9899495936611666 1.7142858142857142
          1.1273114256796415 2.669637671909592 1.7214286714285711
          1.3653174277670117 2.487009243206977 1.7285715285714285
          0.8893054235922706 2.8522661006122094 1.7142858142857142
          1.0473721558371176 2.5500001 1.7214286714285714
          1.307179776972449 2.4000001 1.7285715285714285
          0.7875645347017859 2.7000001000000005 1.7142858142857145
          0.9837326142375844 2.420951875601599 1.7214286714285723
          1.2608964739909698 2.306146845892071 1.7285715285714292
          0.7065687544841988 2.5357569053111266 1.7142858142857147
          0.937481691082025 2.284701049612771 1.7214286714285714
          1.2272594389687448 2.207055336082016 1.7285715285714285
          0.6477039431953042 2.3623467631435306 1.7142858142857145
          0.9094107524888081 2.143578911442059 1.7214286714285711
          1.2068442109009512 2.1044210537760413 1.7285715285714283
          0.611977294076665 2.1827367691080735 1.7142858142857145
          0.9000000999999994 2.0000001 1.7214286714285714
          1.2000000999999996 2.0000001 1.7285715285714285
          0.6000000999999995 2.0000001 1.7142858142857142
          1.856421288557944 3.0905894475111904 1.982142957142858
          1.8955791462239584 2.7931559890990485 1.992857242857143
          1.817263430891928 3.388022905923335 1.9714286714285714
          1.715299150387228 3.0625185089179747 1.9821429571428582
          1.7929448639179832 2.7727407610312547 1.992857242857143
          1.6376534368564717 3.3522962568046957 1.9714286714285711
          1.5790483243984024 3.0162675857624146 1.9821429571428586
          1.693853354107928 2.73910372600903 1.992857242857143
          1.4642432946888753 3.293431445515802 1.9714286714285716
          1.4500000999999998 2.952628044162884 1.982142957142857
          1.600000099999999 2.692820423027551 1.9928572428571425
          1.3000001 3.2124356652982144 1.9714286714285711
          1.330362528090407 2.8726887743203604 1.9821429571428577
          1.5129909567930229 2.634682772232988 1.9928572428571434
          1.1477340993877911 3.1106947764077297 1.9714286714285718
          1.2221826406947975 2.777817559305204 1.9821429571428577
          1.4343146750507616 2.565685524949238 1.9928572428571436
          1.010050606338833 2.9899495936611666 1.9714286714285716
          1.1273114256796413 2.6696376719095936 1.982142957142858
          1.3653174277670117 2.487009243206977 1.9928572428571432
          0.8893054235922706 2.8522661006122094 1.9714286714285711
          1.0473721558371174 2.5500001000000005 1.982142957142857
          1.307179776972449 2.4000001 1.9928572428571425
          0.7875645347017859 2.7000001000000005 1.9714286714285711
          0.9837326142375848 2.4209518756015993 1.9821429571428588
          1.2608964739909698 2.306146845892071 1.9928572428571434
          0.7065687544841988 2.5357569053111266 1.9714286714285711
          0.937481691082025 2.284701049612774 1.982142957142858
          1.2272594389687448 2.207055336082016 1.9928572428571434
          0.6477039431953042 2.3623467631435306 1.9714286714285716
          0.9094107524888082 2.1435789114420585 1.9821429571428586
          1.2068442109009512 2.1044210537760404 1.9928572428571432
          0.611977294076665 2.1827367691080735 1.9714286714285716
          0.9000000999999994 2.0000001 1.982142957142857
          1.2000000999999996 2.0000001 1.992857242857143
          0.6000000999999995 2.0000001 1.9714286714285714
          1.8564212885579432 3.090589447511193 2.2428572428571427
          1.8955791462239584 2.7931559890990485 2.2571429571428574
          1.817263430891927 3.388022905923335 2.2285715285714285
          1.7152991503872277 3.062518508917973 2.2428572428571423
          1.7929448639179835 2.7727407610312547 2.257142957142858
          1.637653436856471 3.3522962568046957 2.2285715285714285
          1.5790483243984015 3.0162675857624155 2.242857242857142
          1.693853354107928 2.73910372600903 2.2571429571428574
          1.4642432946888746 3.293431445515802 2.2285715285714285
          1.4500000999999998 2.9526280441628856 2.242857242857143
          1.6000000999999995 2.692820423027551 2.257142957142858
          1.3000001000000005 3.212435665298215 2.2285715285714285
          1.330362528090407 2.87268877432036 2.2428572428571423
          1.5129909567930229 2.634682772232988 2.257142957142857
          1.1477340993877911 3.1106947764077297 2.2285715285714285
          1.2221826406947967 2.7778175593052032 2.242857242857142
          1.4343146750507616 2.565685524949238 2.257142957142857
          1.010050606338833 2.9899495936611666 2.2285715285714285
          1.127311425679641 2.6696376719095927 2.2428572428571427
          1.3653174277670117 2.487009243206977 2.257142957142857
          0.8893054235922706 2.8522661006122094 2.2285715285714285
          1.047372155837117 2.5500001 2.242857242857144
          1.307179776972449 2.4000001 2.257142957142858
          0.7875645347017859 2.7000001000000005 2.2285715285714285
          0.9837326142375848 2.420951875601599 2.2428572428571427
          1.2608964739909698 2.306146845892071 2.2571429571428583
          0.7065687544841988 2.5357569053111266 2.2285715285714276
          0.937481691082025 2.2847010496127735 2.242857242857142
          1.227259438968745 2.2070553360820164 2.2571429571428574
          0.6477039431953044 2.362346763143531 2.2285715285714276
          0.9094107524888084 2.1435789114420585 2.242857242857142
          1.2068442109009512 2.104421053776041 2.2571429571428565
          0.611977294076665 2.1827367691080726 2.228571528571428
          0.9000000999999994 2.0000001 2.2428572428571427
          1.2000000999999996 2.0000001 2.2571429571428574
          0.6000000999999995 2.0000001 2.2285715285714285
          1.8564212885579419 3.09058944751119 2.503571528571427
          1.8955791462239584 2.7931559890990485 2.5214286714285716
          1.8172634308919275 3.388022905923335 2.485714385714286
          1.7152991503872286 3.0625185089179725 2.5035715285714297
          1.7929448639179832 2.7727407610312547 2.521428671428572
          1.6376534368564708 3.3522962568046957 2.485714385714286
          1.5790483243984017 3.016267585762417 2.503571528571428
          1.693853354107928 2.73910372600903 2.521428671428572
          1.4642432946888753 3.293431445515802 2.4857143857142865
          1.4500001 2.9526280441628856 2.503571528571427
          1.600000099999999 2.692820423027551 2.521428671428571
          1.3000001 3.2124356652982144 2.4857143857142856
          1.3303625280904077 2.8726887743203604 2.5035715285714293
          1.5129909567930229 2.634682772232988 2.521428671428572
          1.1477340993877911 3.1106947764077297 2.4857143857142856
          1.222182640694798 2.7778175593052037 2.503571528571428
          1.4343146750507616 2.565685524949238 2.521428671428571
          1.010050606338833 2.9899495936611666 2.4857143857142856
          1.127311425679642 2.6696376719095913 2.5035715285714275
          1.3653174277670117 2.487009243206977 2.5214286714285716
          0.8893054235922706 2.8522661006122094 2.485714385714286
          1.0473721558371174 2.5500001 2.5035715285714275
          1.307179776972449 2.4000001 2.5214286714285716
          0.7875645347017859 2.7000001000000005 2.4857143857142856
          0.9837326142375846 2.420951875601599 2.503571528571428
          1.2608964739909698 2.306146845892071 2.521428671428572
          0.7065687544841988 2.5357569053111266 2.4857143857142856
          0.9374816910820254 2.2847010496127735 2.5035715285714284
          1.227259438968745 2.2070553360820164 2.5214286714285716
          0.6477039431953044 2.362346763143531 2.4857143857142856
          0.9094107524888082 2.143578911442059 2.5035715285714275
          1.2068442109009512 2.1044210537760413 2.5214286714285707
          0.611977294076665 2.1827367691080735 2.4857143857142856
          0.9000000999999994 2.0000001 2.5035715285714284
          1.2000000999999996 2.0000001 2.5214286714285716
          0.6000000999999995 2.0000001 2.485714385714286
          1.8564212885579434 3.090589447511193 2.764285814285716
          1.8955791462239584 2.7931559890990485 2.785714385714286
          1.817263430891927 3.388022905923335 2.7428572428571436
          1.7152991503872277 3.0625185089179734 2.7642858142857163
          1.7929448639179835 2.7727407610312547 2.785714385714286
          1.637653436856471 3.3522962568046957 2.742857242857143
          1.5790483243984024 3.0162675857624164 2.764285814285716
          1.693853354107928 2.73910372600903 2.7857143857142863
          1.4642432946888746 3.293431445515802 2.742857242857143
          1.450000099999999 2.952628044162882 2.7642858142857145
          1.6000000999999995 2.692820423027551 2.785714385714286
          1.3000001000000005 3.212435665298215 2.7428572428571427
          1.3303625280904081 2.872688774320361 2.764285814285714
          1.512990956793023 2.6346827722329884 2.7857143857142863
          1.1477340993877916 3.11069477640773 2.7428572428571427
          1.222182640694797 2.7778175593052037 2.764285814285714
          1.4343146750507616 2.565685524949238 2.7857143857142854
          1.010050606338833 2.9899495936611666 2.7428572428571427
          1.1273114256796413 2.669637671909593 2.764285814285716
          1.3653174277670117 2.487009243206977 2.7857143857142863
          0.8893054235922706 2.8522661006122094 2.7428572428571423
          1.047372155837118 2.5500001000000014 2.7642858142857145
          1.3071797769724491 2.4000001000000006 2.785714385714286
          0.7875645347017859 2.7000001000000013 2.742857242857143
          0.9837326142375851 2.420951875601599 2.764285814285714
          1.2608964739909698 2.306146845892071 2.785714385714286
          0.7065687544841988 2.5357569053111266 2.742857242857143
          0.9374816910820245 2.2847010496127726 2.7642858142857163
          1.227259438968745 2.2070553360820164 2.7857143857142863
          0.6477039431953044 2.362346763143531 2.7428572428571423
          0.9094107524888078 2.1435789114420585 2.764285814285716
          1.2068442109009512 2.104421053776041 2.785714385714286
          0.611977294076665 2.1827367691080726 2.7428572428571427
          0.9000000999999995 2.0000001 2.764285814285715
          1.2000000999999996 2.0000001 2.785714385714286
          0.6000000999999995 2.0000001 2.742857242857143
          1.8564212885579425 3.0905894475111912 3.0250000999999993
          1.8955791462239584 2.7931559890990485 3.0500001
          1.8172634308919275 3.388022905923335 3.0000001
          1.715299150387227 3.0625185089179743 3.0250000999999997
          1.792944863917983 2.7727407610312547 3.0500001
          1.6376534368564708 3.3522962568046957 3.0000001
          1.5790483243984006 3.0162675857624155 3.0250000999999997
          1.693853354107928 2.7391037260090294 3.0500001
          1.4642432946888744 3.2934314455158016 3.0000001
          1.4500000999999998 2.952628044162883 3.0250000999999993
          1.6000000999999995 2.692820423027551 3.0500001
          1.3000001 3.2124356652982144 3.0000001
          1.330362528090407 2.872688774320359 3.0250000999999997
          1.512990956793023 2.634682772232988 3.0500001
          1.1477340993877911 3.1106947764077297 3.0000001
          1.2221826406947975 2.7778175593052032 3.0250000999999997
          1.4343146750507616 2.565685524949238 3.0500001
          1.010050606338833 2.989949593661167 3.0000001
          1.127311425679641 2.6696376719095927 3.0250000999999997
          1.3653174277670113 2.4870092432069764 3.0500001
          0.8893054235922706 2.8522661006122094 3.0000001
          1.047372155837117 2.5500001 3.0250000999999997
          1.3071797769724487 2.4000000999999997 3.0500001
          0.7875645347017857 2.7000001000000005 3.0000001
          0.9837326142375842 2.420951875601599 3.0250000999999997
          1.26089647399097 2.306146845892071 3.0500001
          0.7065687544841983 2.535756905311126 3.0000001
          0.9374816910820245 2.2847010496127726 3.0250000999999997
          1.227259438968745 2.2070553360820164 3.0500001
          0.6477039431953042 2.3623467631435298 3.0000001
          0.9094107524888082 2.1435789114420576 3.0250000999999997
          1.2068442109009512 2.104421053776041 3.0500001
          0.611977294076665 2.1827367691080726 3.0000001
          0.9000001 2.0000001 3.0250000999999997
          1.2000001 2.0000001 3.0500001
          0.6000001 2.0000001 3.0000001
          0.9094107524888078 1.8564212885579454 1.4607143857142848
          1.2068442109009512 1.8955791462239588 1.4642858142857145
          0.611977294076665 1.817263430891928 1.4571429571428567
          0.9374816910820241 1.7152991503872284 1.4607143857142857
          1.2272594389687448 1.7929448639179835 1.4642858142857142
          0.6477039431953036 1.6376534368564712 1.4571429571428571
          0.983732614237584 1.5790483243983997 1.460714385714286
          1.2608964739909703 1.6938533541079273 1.4642858142857142
          0.7065687544841983 1.464243294688873 1.4571429571428571
          1.047372155837117 1.450000099999999 1.4607143857142866
          1.307179776972449 1.6000000999999993 1.4642858142857142
          0.7875645347017859 1.3000000999999988 1.4571429571428576
          1.1273114256796402 1.3303625280904074 1.4607143857142866
          1.3653174277670117 1.5129909567930229 1.4642858142857145
          0.8893054235922706 1.1477340993877903 1.4571429571428576
          1.2221826406947969 1.2221826406947982 1.4607143857142875
          1.434314675050762 1.4343146750507612 1.4642858142857145
          1.010050606338833 1.010050606338833 1.4571429571428574
          1.3303625280904068 1.127311425679641 1.4607143857142857
          1.5129909567930229 1.3653174277670117 1.4642858142857142
          1.1477340993877903 0.8893054235922706 1.457142957142857
          1.450000099999999 1.0473721558371178 1.4607143857142866
          1.6000001000000001 1.3071797769724485 1.4642858142857145
          1.300000099999998 0.7875645347017866 1.4571429571428565
          1.5790483243983997 0.9837326142375848 1.460714385714286
          1.6938533541079281 1.2608964739909703 1.464285814285714
          1.4642432946888722 0.7065687544841988 1.4571429571428574
          1.7152991503872257 0.937481691082025 1.460714385714286
          1.7929448639179832 1.227259438968745 1.4642858142857145
          1.6376534368564708 0.647703943195304 1.4571429571428571
          1.856421288557941 0.9094107524888079 1.4607143857142857
          1.895579146223957 1.2068442109009514 1.4642858142857145
          1.817263430891925 0.6119772940766652 1.457142957142857
          2.0000000999999985 0.9000000999999994 1.4607143857142857
          2.0000001 1.2000000999999996 1.4642858142857142
          2.0000000999999994 0.6000000999999995 1.4571429571428571
          0.9094107524888076 1.8564212885579425 1.7214286714285723
          1.2068442109009512 1.8955791462239588 1.7285715285714285
          0.611977294076665 1.817263430891928 1.7142858142857138
          0.9374816910820245 1.7152991503872277 1.7214286714285714
          1.227259438968745 1.7929448639179832 1.7285715285714283
          0.647703943195304 1.6376534368564708 1.714285814285714
          0.9837326142375837 1.5790483243984017 1.721428671428572
          1.2608964739909698 1.6938533541079286 1.7285715285714283
          0.7065687544841974 1.4642432946888753 1.714285814285714
          1.0473721558371165 1.4500001000000005 1.7214286714285716
          1.3071797769724487 1.6000001 1.7285715285714283
          0.7875645347017852 1.3000001 1.7142858142857142
          1.1273114256796406 1.3303625280904061 1.721428671428572
          1.3653174277670117 1.5129909567930229 1.7285715285714283
          0.8893054235922706 1.1477340993877903 1.714285814285714
          1.2221826406947949 1.2221826406947989 1.7214286714285696
          1.434314675050762 1.4343146750507612 1.728571528571428
          1.010050606338832 1.0100506063388341 1.714285814285714
          1.3303625280904057 1.127311425679641 1.7214286714285711
          1.5129909567930229 1.3653174277670117 1.7285715285714278
          1.1477340993877903 0.8893054235922706 1.7142858142857138
          1.4500000999999996 1.0473721558371176 1.7214286714285705
          1.6000001000000001 1.3071797769724485 1.7285715285714283
          1.300000099999998 0.7875645347017866 1.7142858142857131
          1.5790483243984013 0.9837326142375831 1.7214286714285705
          1.6938533541079288 1.2608964739909698 1.7285715285714278
          1.464243294688873 0.7065687544841983 1.7142858142857136
          1.7152991503872268 0.9374816910820245 1.7214286714285705
          1.7929448639179832 1.227259438968745 1.7285715285714283
          1.6376534368564708 0.647703943195304 1.7142858142857136
          1.8564212885579408 0.9094107524888076 1.7214286714285711
          1.8955791462239577 1.2068442109009512 1.728571528571428
          1.8172634308919262 0.611977294076665 1.7142858142857138
          2.000000099999999 0.9000000999999994 1.721428671428571
          2.0000001 1.2000000999999996 1.7285715285714278
          2.0000000999999994 0.6000000999999995 1.7142858142857138
          0.9094107524888082 1.856421288557944 1.9821429571428588
          1.2068442109009512 1.8955791462239584 1.9928572428571425
          0.611977294076665 1.8172634308919273 1.971428671428571
          0.9374816910820245 1.7152991503872261 1.9821429571428573
          1.227259438968745 1.7929448639179828 1.9928572428571432
          0.647703943195304 1.6376534368564701 1.9714286714285714
          0.9837326142375833 1.5790483243984015 1.9821429571428577
          1.2608964739909698 1.6938533541079286 1.9928572428571427
          0.7065687544841974 1.4642432946888753 1.9714286714285711
          1.0473721558371165 1.4500000999999998 1.982142957142857
          1.3071797769724487 1.6000000999999995 1.992857242857143
          0.7875645347017848 1.3000001000000005 1.971428671428571
          1.1273114256796393 1.330362528090407 1.9821429571428577
          1.3653174277670108 1.512990956793024 1.9928572428571434
          0.889305423592269 1.147734099387792 1.9714286714285714
          1.222182640694796 1.2221826406947975 1.9821429571428577
          1.4343146750507616 1.4343146750507616 1.9928572428571436
          1.010050606338832 1.0100506063388341 1.9714286714285711
          1.3303625280904052 1.1273114256796408 1.982142957142858
          1.5129909567930229 1.3653174277670117 1.9928572428571434
          1.1477340993877903 0.8893054235922706 1.9714286714285716
          1.4500000999999996 1.0473721558371174 1.982142957142857
          1.6000001000000001 1.3071797769724485 1.992857242857143
          1.300000099999998 0.7875645347017866 1.9714286714285707
          1.5790483243983995 0.9837326142375848 1.9821429571428588
          1.6938533541079273 1.2608964739909703 1.9928572428571434
          1.464243294688873 0.7065687544841983 1.9714286714285714
          1.7152991503872261 0.9374816910820254 1.982142957142858
          1.7929448639179832 1.227259438968745 1.9928572428571438
          1.6376534368564708 0.647703943195304 1.9714286714285711
          1.8564212885579414 0.9094107524888082 1.9821429571428586
          1.8955791462239577 1.2068442109009512 1.9928572428571438
          1.8172634308919262 0.611977294076665 1.9714286714285716
          2.000000099999999 0.9000000999999994 1.982142957142857
          2.0000001 1.2000000999999996 1.992857242857143
          2.0000000999999994 0.6000000999999995 1.9714286714285714
          0.9094107524888084 1.856421288557944 2.242857242857142
          1.2068442109009512 1.8955791462239588 2.257142957142857
          0.611977294076665 1.817263430891928 2.228571528571428
          0.9374816910820245 1.7152991503872268 2.2428572428571423
          1.227259438968745 1.7929448639179832 2.257142957142858
          0.647703943195304 1.6376534368564708 2.228571528571428
          0.9837326142375848 1.5790483243983997 2.242857242857142
          1.2608964739909703 1.6938533541079273 2.2571429571428574
          0.7065687544841983 1.464243294688873 2.228571528571429
          1.0473721558371165 1.4500000999999998 2.242857242857143
          1.3071797769724487 1.6000000999999995 2.257142957142858
          0.7875645347017854 1.3000000999999992 2.2285715285714285
          1.12731142567964 1.330362528090407 2.2428572428571414
          1.3653174277670117 1.5129909567930229 2.257142957142857
          0.8893054235922706 1.1477340993877903 2.2285715285714276
          1.2221826406947955 1.2221826406947967 2.242857242857141
          1.4343146750507616 1.4343146750507616 2.257142957142857
          1.010050606338832 1.0100506063388341 2.2285715285714285
          1.3303625280904054 1.1273114256796406 2.2428572428571427
          1.5129909567930229 1.3653174277670117 2.257142957142857
          1.1477340993877903 0.8893054235922706 2.2285715285714276
          1.4500000999999998 1.0473721558371178 2.2428572428571423
          1.6000001000000001 1.3071797769724485 2.257142957142858
          1.300000099999998 0.7875645347017866 2.2285715285714276
          1.5790483243984006 0.9837326142375853 2.242857242857142
          1.6938533541079281 1.2608964739909703 2.2571429571428574
          1.4642432946888722 0.7065687544841988 2.2285715285714285
          1.7152991503872261 0.9374816910820241 2.242857242857142
          1.7929448639179832 1.227259438968745 2.257142957142858
          1.6376534368564708 0.647703943195304 2.228571528571428
          1.8564212885579416 0.9094107524888084 2.2428572428571427
          1.8955791462239577 1.2068442109009512 2.257142957142858
          1.8172634308919262 0.611977294076665 2.2285715285714285
          2.000000099999999 0.9000000999999994 2.242857242857142
          2.0000001 1.2000000999999996 2.257142957142857
          2.0000000999999994 0.6000000999999995 2.228571528571428
          0.9094107524888084 1.8564212885579428 2.503571528571427
          1.2068442109009512 1.8955791462239588 2.5214286714285707
          0.611977294076665 1.817263430891928 2.485714385714285
          0.9374816910820245 1.7152991503872268 2.5035715285714297
          1.227259438968745 1.7929448639179832 2.5214286714285716
          0.647703943195304 1.6376534368564708 2.4857143857142856
          0.9837326142375831 1.5790483243984008 2.503571528571427
          1.2608964739909698 1.6938533541079286 2.5214286714285716
          0.7065687544841974 1.4642432946888753 2.485714385714286
          1.047372155837117 1.450000100000001 2.503571528571429
          1.3071797769724487 1.6000000999999995 2.5214286714285716
          0.7875645347017854 1.3000000999999992 2.4857143857142865
          1.1273114256796404 1.3303625280904077 2.5035715285714293
          1.3653174277670117 1.5129909567930229 2.5214286714285716
          0.8893054235922706 1.1477340993877903 2.485714385714286
          1.2221826406947964 1.222182640694798 2.503571528571429
          1.434314675050762 1.4343146750507612 2.5214286714285716
          1.010050606338832 1.0100506063388341 2.4857143857142865
          1.3303625280904063 1.127311425679641 2.5035715285714275
          1.5129909567930229 1.3653174277670117 2.521428671428572
          1.1477340993877903 0.8893054235922706 2.4857143857142856
          1.4500000999999996 1.0473721558371178 2.5035715285714275
          1.6000001000000001 1.3071797769724485 2.521428671428572
          1.300000099999998 0.7875645347017866 2.4857143857142847
          1.5790483243983997 0.9837326142375842 2.503571528571428
          1.6938533541079288 1.2608964739909698 2.5214286714285725
          1.464243294688873 0.7065687544841983 2.485714385714286
          1.7152991503872257 0.9374816910820245 2.50357152857143
          1.7929448639179832 1.227259438968745 2.5214286714285725
          1.6376534368564708 0.647703943195304 2.485714385714286
          1.8564212885579408 0.9094107524888082 2.5035715285714275
          1.895579146223957 1.2068442109009514 2.521428671428572
          1.817263430891925 0.6119772940766652 2.4857143857142856
          2.000000099999999 0.9000000999999994 2.5035715285714284
          2.0000001 1.2000000999999996 2.5214286714285716
          2.0000000999999994 0.6000000999999995 2.485714385714286
          0.9094107524888081 1.8564212885579443 2.764285814285714
          1.2068442109009512 1.8955791462239588 2.7857143857142854
          0.611977294076665 1.817263430891928 2.7428572428571423
          0.9374816910820245 1.7152991503872268 2.7642858142857163
          1.227259438968745 1.7929448639179832 2.7857143857142868
          0.647703943195304 1.6376534368564708 2.742857242857143
          0.9837326142375851 1.5790483243984015 2.764285814285716
          1.2608964739909703 1.6938533541079277 2.7857143857142854
          0.7065687544841981 1.4642432946888735 2.7428572428571427
          1.0473721558371176 1.450000099999999 2.7642858142857145
          1.3071797769724487 1.6000000999999995 2.7857143857142863
          0.7875645347017854 1.3000000999999992 2.7428572428571436
          1.1273114256796406 1.3303625280904072 2.764285814285714
          1.3653174277670117 1.5129909567930229 2.785714385714287
          0.8893054235922706 1.1477340993877903 2.7428572428571423
          1.2221826406947969 1.222182640694798 2.764285814285714
          1.4343146750507616 1.4343146750507616 2.7857143857142854
          1.010050606338832 1.0100506063388341 2.7428572428571427
          1.3303625280904066 1.1273114256796408 2.764285814285716
          1.5129909567930229 1.3653174277670117 2.7857143857142868
          1.1477340993877903 0.8893054235922706 2.7428572428571427
          1.450000099999999 1.047372155837118 2.7642858142857145
          1.6000001000000001 1.3071797769724485 2.7857143857142863
          1.300000099999998 0.7875645347017866 2.742857242857142
          1.5790483243984006 0.9837326142375851 2.764285814285716
          1.6938533541079288 1.2608964739909698 2.7857143857142868
          1.464243294688873 0.7065687544841983 2.7428572428571436
          1.715299150387226 0.9374816910820245 2.7642858142857163
          1.7929448639179832 1.227259438968745 2.7857143857142863
          1.6376534368564708 0.647703943195304 2.7428572428571427
          1.8564212885579416 0.9094107524888082 2.7642858142857176
          1.895579146223957 1.2068442109009514 2.785714385714287
          1.817263430891925 0.6119772940766652 2.7428572428571427
          2.000000099999999 0.9000000999999995 2.764285814285715
          2.0000001 1.2000000999999996 2.785714385714286
          2.0000000999999994 0.6000000999999995 2.742857242857143
          0.9094107524888086 1.8564212885579434 3.0250000999999993
          1.2068442109009516 1.8955791462239586 3.0500001
          0.6119772940766655 1.8172634308919278 3.0000001
          0.937481691082025 1.715299150387227 3.0250000999999997
          1.2272594389687455 1.7929448639179832 3.0500001
          0.6477039431953044 1.6376534368564708 3.0000001
          0.9837326142375848 1.5790483243984006 3.0250000999999997
          1.2608964739909707 1.6938533541079281 3.0500001
          0.7065687544841985 1.4642432946888742 3.0000001
          1.0473721558371174 1.4500000999999998 3.0250000999999993
          1.3071797769724491 1.6000000999999997 3.0500001
          0.7875645347017857 1.3000000999999999 3.0000001
          1.127311425679641 1.3303625280904074 3.0250000999999997
          1.3653174277670117 1.5129909567930233 3.0500001
          0.8893054235922706 1.1477340993877911 3.0000001
          1.2221826406947973 1.2221826406947975 3.0250000999999997
          1.434314675050762 1.4343146750507616 3.0500001
          1.010050606338833 1.0100506063388335 3.0000001
          1.3303625280904066 1.127311425679641 3.0250000999999997
          1.5129909567930235 1.3653174277670117 3.0500001
          1.1477340993877907 0.8893054235922708 3.0000001
          1.4500001000000005 1.0473721558371174 3.0250000999999997
          1.6000001000000004 1.3071797769724487 3.0500001
          1.3000000999999997 0.7875645347017859 3.0000001
          1.5790483243984017 0.9837326142375846 3.0250000999999997
          1.6938533541079284 1.2608964739909705 3.0500001
          1.4642432946888744 0.7065687544841983 3.0000001
          1.7152991503872272 0.937481691082025 3.0250000999999997
          1.7929448639179835 1.2272594389687455 3.0500001
          1.6376534368564708 0.6477039431953042 3.0000001
          1.8564212885579434 0.9094107524888086 3.0250000999999997
          1.8955791462239588 1.2068442109009516 3.0500001
          1.8172634308919275 0.6119772940766655 3.0000001
          2.0000001 0.9000001 3.0250000999999997
          2.0000001 1.2000001 3.0500001
          2.0000001 0.6000001 3.0000001
          2.143578911442053 0.9094107524888078 1.4607143857142848
          2.1044210537760395 1.2068442109009512 1.4642858142857142
          2.1827367691080695 0.6119772940766646 1.4571429571428571
          2.2847010496127726 0.937481691082025 1.4607143857142857
          2.2070553360820178 1.2272594389687452 1.4642858142857142
          2.3623467631435306 0.6477039431953042 1.4571429571428574
          2.4209518756015957 0.983732614237584 1.4607143857142868
          2.306146845892072 1.2608964739909703 1.464285814285715
          2.5357569053111235 0.7065687544841974 1.4571429571428571
          2.5500000999999997 1.047372155837117 1.4607143857142866
          2.4000001 1.3071797769724487 1.4642858142857145
          2.700000099999998 0.7875645347017841 1.4571429571428574
          2.6696376719095922 1.1273114256796406 1.4607143857142866
          2.4870092432069764 1.3653174277670115 1.464285814285714
          2.852266100612209 0.8893054235922702 1.457142957142857
          2.777817559305201 1.2221826406947978 1.4607143857142875
          2.565685524949238 1.4343146750507616 1.4642858142857147
          2.9899495936611666 1.0100506063388326 1.4571429571428576
          2.8726887743203577 1.3303625280904068 1.4607143857142857
          2.6346827722329875 1.5129909567930224 1.4642858142857145
          3.110694776407728 1.1477340993877894 1.4571429571428571
          2.952628044162884 1.4500001000000007 1.4607143857142866
          2.6928204230275514 1.6000001000000006 1.4642858142857142
          3.212435665298214 1.300000099999999 1.4571429571428571
          3.0162675857624137 1.5790483243984033 1.460714385714286
          2.73910372600903 1.6938533541079288 1.4642858142857142
          3.293431445515802 1.4642432946888755 1.4571429571428571
          3.062518508917975 1.7152991503872266 1.460714385714286
          2.7727407610312547 1.7929448639179826 1.4642858142857142
          3.3522962568046957 1.6376534368564697 1.4571429571428571
          3.09058944751119 1.8564212885579454 1.4607143857142857
          2.7931559890990485 1.89557914622396 1.4642858142857145
          3.388022905923335 1.81726343089193 1.4571429571428574
          2.143578911442053 0.9094107524888076 1.7214286714285714
          2.1044210537760395 1.2068442109009512 1.7285715285714278
          2.1827367691080695 0.6119772940766646 1.7142858142857136
          2.2847010496127713 0.9374816910820245 1.7214286714285714
          2.207055336082017 1.227259438968745 1.728571528571428
          2.3623467631435298 0.6477039431953042 1.7142858142857136
          2.420951875601597 0.9837326142375837 1.7214286714285711
          2.306146845892072 1.2608964739909703 1.7285715285714287
          2.5357569053111235 0.7065687544841974 1.7142858142857136
          2.5500000999999997 1.047372155837116 1.7214286714285716
          2.4000001 1.3071797769724487 1.7285715285714283
          2.700000099999998 0.7875645347017841 1.7142858142857142
          2.669637671909591 1.127311425679641 1.721428671428572
          2.4870092432069764 1.3653174277670115 1.7285715285714278
          2.852266100612209 0.8893054235922702 1.7142858142857138
          2.777817559305202 1.2221826406947958 1.7214286714285705
          2.565685524949238 1.4343146750507616 1.7285715285714287
          2.9899495936611666 1.0100506063388326 1.7142858142857145
          2.872688774320357 1.3303625280904057 1.7214286714285711
          2.634682772232988 1.5129909567930229 1.7285715285714285
          3.110694776407729 1.1477340993877903 1.714285814285714
          2.952628044162882 1.4500001000000005 1.7214286714285705
          2.692820423027551 1.6000001 1.728571528571428
          3.2124356652982144 1.3000001 1.714285814285714
          3.0162675857624155 1.5790483243984021 1.7214286714285714
          2.7391037260090294 1.6938533541079281 1.728571528571428
          3.2934314455158016 1.4642432946888744 1.7142858142857138
          3.062518508917972 1.7152991503872286 1.7214286714285714
          2.7727407610312547 1.792944863917984 1.7285715285714283
          3.352296256804696 1.637653436856472 1.714285814285714
          3.0905894475111912 1.8564212885579399 1.7214286714285711
          2.7931559890990485 1.895579146223957 1.7285715285714285
          3.388022905923335 1.8172634308919249 1.7142858142857145
          2.1435789114420545 0.9094107524888082 1.9821429571428588
          2.10442105377604 1.2068442109009512 1.992857242857143
          2.1827367691080704 0.6119772940766648 1.9714286714285711
          2.284701049612775 0.937481691082025 1.9821429571428582
          2.2070553360820178 1.2272594389687452 1.9928572428571434
          2.3623467631435306 0.6477039431953042 1.9714286714285714
          2.420951875601597 0.9837326142375842 1.9821429571428586
          2.306146845892073 1.2608964739909707 1.9928572428571434
          2.535756905311125 0.7065687544841976 1.9714286714285711
          2.5500000999999983 1.0473721558371156 1.982142957142857
          2.400000099999999 1.3071797769724478 1.9928572428571434
          2.700000099999998 0.7875645347017841 1.9714286714285716
          2.669637671909593 1.1273114256796406 1.9821429571428568
          2.4870092432069772 1.365317427767012 1.992857242857143
          2.85226610061221 0.889305423592271 1.9714286714285716
          2.777817559305203 1.2221826406947964 1.9821429571428577
          2.565685524949238 1.4343146750507616 1.9928572428571434
          2.9899495936611666 1.0100506063388326 1.9714286714285716
          2.872688774320361 1.3303625280904061 1.982142957142858
          2.6346827722329884 1.5129909567930235 1.9928572428571434
          3.1106947764077297 1.1477340993877914 1.9714286714285716
          2.9526280441628803 1.4500000999999996 1.982142957142857
          2.6928204230275514 1.6000001000000006 1.992857242857143
          3.2124356652982127 1.300000099999997 1.9714286714285711
          3.016267585762413 1.5790483243984004 1.9821429571428588
          2.7391037260090294 1.6938533541079273 1.9928572428571436
          3.293431445515801 1.464243294688873 1.9714286714285714
          3.0625185089179743 1.715299150387227 1.982142957142857
          2.7727407610312547 1.7929448639179832 1.9928572428571427
          3.3522962568046957 1.6376534368564708 1.9714286714285711
          3.0905894475111926 1.8564212885579423 1.9821429571428586
          2.7931559890990485 1.8955791462239577 1.9928572428571432
          3.388022905923335 1.8172634308919262 1.9714286714285716
          2.1435789114420545 0.9094107524888084 2.242857242857141
          2.1044210537760395 1.2068442109009512 2.2571429571428574
          2.1827367691080695 0.6119772940766646 2.228571528571428
          2.284701049612775 0.937481691082025 2.2428572428571414
          2.2070553360820178 1.2272594389687452 2.2571429571428574
          2.3623467631435306 0.6477039431953042 2.2285715285714285
          2.4209518756015953 0.9837326142375844 2.242857242857142
          2.306146845892072 1.2608964739909703 2.257142957142858
          2.5357569053111235 0.7065687544841974 2.228571528571428
          2.5500001 1.0473721558371165 2.2428572428571423
          2.4000001000000006 1.3071797769724491 2.257142957142857
          2.700000099999999 0.7875645347017848 2.2285715285714285
          2.6696376719095944 1.1273114256796408 2.2428572428571414
          2.4870092432069764 1.3653174277670115 2.2571429571428574
          2.852266100612209 0.8893054235922702 2.2285715285714276
          2.777817559305203 1.222182640694796 2.242857242857142
          2.565685524949238 1.4343146750507616 2.257142957142858
          2.9899495936611666 1.0100506063388326 2.2285715285714285
          2.8726887743203573 1.3303625280904054 2.242857242857142
          2.634682772232988 1.5129909567930229 2.2571429571428574
          3.110694776407729 1.1477340993877903 2.228571528571428
          2.9526280441628816 1.4500001000000007 2.242857242857143
          2.6928204230275514 1.6000001000000006 2.2571429571428574
          3.212435665298214 1.300000099999999 2.2285715285714285
          3.016267585762415 1.5790483243984015 2.242857242857141
          2.73910372600903 1.6938533541079288 2.2571429571428574
          3.293431445515802 1.4642432946888755 2.228571528571428
          3.0625185089179734 1.715299150387227 2.242857242857142
          2.7727407610312547 1.7929448639179832 2.2571429571428574
          3.3522962568046957 1.6376534368564708 2.2285715285714285
          3.090589447511193 1.8564212885579452 2.2428572428571427
          2.7931559890990485 1.895579146223959 2.2571429571428574
          3.388022905923335 1.8172634308919287 2.228571528571428
          2.1435789114420545 0.9094107524888075 2.503571528571429
          2.1044210537760395 1.2068442109009512 2.521428671428572
          2.1827367691080695 0.6119772940766646 2.485714385714286
          2.2847010496127718 0.9374816910820245 2.5035715285714297
          2.207055336082017 1.227259438968745 2.521428671428572
          2.3623467631435298 0.6477039431953042 2.485714385714286
          2.420951875601597 0.983732614237584 2.503571528571427
          2.306146845892072 1.2608964739909703 2.521428671428572
          2.5357569053111235 0.7065687544841974 2.4857143857142856
          2.5500000999999983 1.047372155837117 2.503571528571429
          2.4000001 1.3071797769724487 2.521428671428573
          2.700000099999998 0.7875645347017841 2.4857143857142865
          2.6696376719095922 1.1273114256796408 2.50357152857143
          2.4870092432069764 1.3653174277670115 2.521428671428572
          2.852266100612209 0.8893054235922702 2.485714385714286
          2.777817559305202 1.2221826406947964 2.503571528571429
          2.565685524949238 1.4343146750507616 2.521428671428572
          2.9899495936611666 1.0100506063388326 2.4857143857142865
          2.872688774320359 1.3303625280904063 2.5035715285714275
          2.634682772232988 1.5129909567930229 2.521428671428571
          3.110694776407729 1.1477340993877903 2.485714385714286
          2.9526280441628816 1.4500000999999996 2.5035715285714275
          2.692820423027551 1.6000001 2.5214286714285716
          3.2124356652982144 1.3000001 2.485714385714286
          3.016267585762415 1.5790483243984024 2.503571528571428
          2.73910372600903 1.6938533541079288 2.5214286714285716
          3.293431445515802 1.4642432946888755 2.485714385714286
          3.0625185089179765 1.7152991503872275 2.5035715285714284
          2.7727407610312547 1.7929448639179832 2.5214286714285716
          3.3522962568046957 1.6376534368564708 2.4857143857142856
          3.0905894475111917 1.8564212885579399 2.5035715285714275
          2.7931559890990485 1.895579146223957 2.5214286714285716
          3.388022905923335 1.8172634308919249 2.485714385714286
          2.143578911442054 0.9094107524888076 2.764285814285716
          2.1044210537760395 1.2068442109009512 2.7857143857142863
          2.1827367691080695 0.6119772940766646 2.742857242857143
          2.284701049612772 0.9374816910820245 2.7642858142857163
          2.207055336082017 1.227259438968745 2.7857143857142868
          2.3623467631435298 0.6477039431953042 2.742857242857143
          2.4209518756015953 0.9837326142375851 2.764285814285716
          2.306146845892072 1.2608964739909703 2.785714385714287
          2.5357569053111235 0.7065687544841974 2.7428572428571427
          2.5500000999999988 1.0473721558371167 2.7642858142857145
          2.4000000999999993 1.3071797769724482 2.7857143857142868
          2.700000099999997 0.7875645347017837 2.7428572428571436
          2.6696376719095927 1.127311425679641 2.764285814285714
          2.4870092432069764 1.3653174277670115 2.7857143857142854
          2.852266100612209 0.8893054235922702 2.742857242857143
          2.777817559305202 1.2221826406947969 2.764285814285716
          2.565685524949238 1.4343146750507616 2.7857143857142863
          2.9899495936611666 1.0100506063388326 2.7428572428571436
          2.8726887743203573 1.3303625280904066 2.7642858142857176
          2.634682772232988 1.5129909567930229 2.7857143857142868
          3.110694776407729 1.1477340993877903 2.742857242857143
          2.9526280441628803 1.450000099999999 2.7642858142857145
          2.692820423027551 1.6000001 2.785714385714286
          3.212435665298213 1.3000000999999979 2.742857242857143
          3.016267585762415 1.5790483243984015 2.764285814285714
          2.7391037260090294 1.6938533541079281 2.7857143857142863
          3.2934314455158016 1.4642432946888744 2.7428572428571423
          3.0625185089179734 1.7152991503872277 2.7642858142857163
          2.7727407610312547 1.7929448639179832 2.7857143857142854
          3.3522962568046957 1.6376534368564708 2.7428572428571427
          3.0905894475111912 1.8564212885579452 2.764285814285716
          2.7931559890990485 1.895579146223959 2.7857143857142863
          3.388022905923335 1.8172634308919287 2.7428572428571427
          2.143578911442056 0.9094107524888086 3.0250000999999993
          2.104421053776041 1.2068442109009516 3.0500001
          2.1827367691080717 0.6119772940766655 3.0000001
          2.284701049612772 0.937481691082025 3.0250000999999997
          2.2070553360820164 1.2272594389687455 3.0500001
          2.362346763143529 0.6477039431953042 3.0000001
          2.4209518756015975 0.9837326142375848 3.0250000999999997
          2.3061468458920715 1.2608964739909707 3.0500001
          2.5357569053111253 0.7065687544841985 3.0000001
          2.5500001 1.0473721558371174 3.0250000999999993
          2.4000000999999997 1.3071797769724491 3.0500001
          2.7000000999999996 0.7875645347017857 3.0000001
          2.6696376719095927 1.127311425679641 3.0250000999999997
          2.4870092432069764 1.3653174277670117 3.0500001
          2.8522661006122085 0.8893054235922706 3.0000001
          2.777817559305202 1.2221826406947973 3.0250000999999997
          2.565685524949238 1.434314675050762 3.0500001
          2.989949593661166 1.010050606338833 3.0000001
          2.872688774320359 1.3303625280904066 3.0250000999999997
          2.634682772232988 1.5129909567930235 3.0500001
          3.110694776407729 1.1477340993877907 3.0000001
          2.952628044162882 1.4500001000000005 3.0250000999999997
          2.692820423027551 1.6000001000000004 3.0500001
          3.2124356652982136 1.3000000999999997 3.0000001
          3.0162675857624137 1.5790483243984017 3.0250000999999997
          2.739103726009029 1.6938533541079284 3.0500001
          3.293431445515801 1.4642432946888744 3.0000001
          3.0625185089179743 1.7152991503872272 3.0250000999999997
          2.772740761031254 1.7929448639179835 3.0500001
          3.3522962568046957 1.6376534368564708 3.0000001
          3.0905894475111912 1.8564212885579434 3.0250000999999997
          2.793155989099048 1.8955791462239586 3.0500001
          3.388022905923334 1.8172634308919275 3.0000001
          2.8750001000000003 2.0000001 3.1250001000000003
          3.0875001 2.0000001 3.1125001
          3.0781963867440174 2.141947334039307 3.1125001
          2.8675143537020844 2.114210518192545 3.1250001
          3.3000001 2.0000001 3.1000001
          3.2888784197859535 2.1696841498860673 3.1000001
          3.05044443608936 2.2814658115489914 3.1125001
          2.845185198002935 2.2264667644647056 3.1250001000000003
          3.255703674175789 2.336464858633277 3.1000001
          3.0047190916060256 2.416168332697035 3.112500099999999
          2.808394690947376 2.334848103319454 3.1250001000000007
          3.201043492264673 2.4974885620746163 3.1000000999999995
          2.941802726615577 2.5437501000000013 3.1125001
          2.757772328311384 2.4375001000000003 3.1250001000000007
          3.1258331249197706 2.6500000999999997 3.1000001
          2.8627718575667185 2.662028154046984 3.112500100000002
          2.694184272754831 2.5326663503826303 3.1250001000000003
          3.031359442378606 2.7913899577113366 3.1000001
          2.76897872454037 2.768978724540369 3.112500100000002
          2.618718533538229 2.618718533538229 3.1250001
          2.919238915542512 2.9192389155425116 3.1000001000000004
          2.6620281540469835 2.8627718575667185 3.1125000999999997
          2.5326663503826303 2.694184272754831 3.1250001
          2.7913899577113375 3.031359442378605 3.1000001000000004
          2.5437501000000022 2.9418027266155753 3.1125001000000014
          2.4375001000000003 2.7577723283113844 3.1250001000000007
          2.6500001000000006 3.1258331249197697 3.1000001000000004
          2.416168332697036 3.004719091606022 3.1125000999999997
          2.3348481033194535 2.8083946909473765 3.1250001000000007
          2.4974885620746177 3.201043492264672 3.1000000999999995
          2.2814658115489914 3.05044443608936 3.1125001
          2.226466764464705 2.8451851980029357 3.125000100000001
          2.3364648586332777 3.2557036741757885 3.1000000999999995
          2.1419473340393074 3.0781963867440174 3.1125001
          2.114210518192545 2.867514353702085 3.1250001
          2.1696841498860677 3.2888784197859535 3.1000001
          2.0000001 3.0875001 3.1125001
          2.0000001 2.8750001000000003 3.1250001000000007
          2.0000001000000003 3.3000001 3.1000001
          2.9500001 2.0000001 3.2000001
          3.0750001 2.0000001 3.2000001
          3.0658033259768454 2.1403157566365554 3.2000001000000005
          2.94187271830512 2.1239999826090488 3.2000001
          3.2000001 2.0000001 3.2000001
          3.189733933648572 2.156631530664062 3.2000001
          3.038370363260748 2.2782305734852093 3.2000001000000005
          2.917629634974615 2.2458781928473948 3.2000001
          3.159111091546882 2.3105829541230247 3.2000001
          2.9931705974496325 2.4113847897924714 3.2000001
          2.8776856558857222 2.3635493607468354 3.2000001
          3.108655539013544 2.4592202188381074 3.2000001
          2.930977409068272 2.5375001000000004 3.2000001
          2.822724233595217 2.4750001 3.2000001
          3.0392305845413263 2.6000001 3.2000001
          2.8528549408130788 2.6544186361843742 3.2000001000000005
          2.7536857732766737 2.5783234575582843 3.2000001
          2.952024108349482 2.7305138148104646 3.2000001
          2.7601398897755383 2.7601398897755383 3.2000001
          2.67175154212722 2.67175154212722 3.2000001
          2.848528237423857 2.848528237423857 3.2000001
          2.6544186361843742 2.8528549408130783 3.2000001
          2.5783234575582843 2.7536857732766737 3.2000001
          2.730513814810465 2.952024108349482 3.2000001
          2.5375001000000004 2.9309774090682708 3.2000001000000005
          2.4750001 2.8227242335952165 3.2000001
          2.6000001 3.0392305845413263 3.2000001
          2.4113847897924714 2.993170597449633 3.2000001000000005
          2.363549360746835 2.8776856558857227 3.2000001
          2.459220218838108 3.1086555390135437 3.2000001
          2.27823057348521 3.038370363260748 3.2000001
          2.2458781928473943 2.917629634974615 3.2000001
          2.3105829541230256 3.159111091546882 3.2000001
          2.1403157566365554 3.0658033259768454 3.2000001
          2.123999982609049 2.94187271830512 3.2000001
          2.156631530664062 3.189733933648572 3.2000001
          2.0000001 3.0750001 3.2000001
          2.0000001 2.9500001 3.2000001
          2.0000001 3.2000001 3.2000001
          1.8580528659606936 3.0781963867440174 3.1125001
          1.8857896818074544 2.867514353702085 3.1250001000000007
          1.8303160501139326 3.2888784197859535 3.1000001
          1.7185343884510085 3.05044443608936 3.1125001
          1.773533435535294 2.8451851980029357 3.1250001000000007
          1.6635353413667229 3.2557036741757885 3.1000001
          1.583831867302965 3.0047190916060256 3.112500099999999
          1.665152096680546 2.8083946909473765 3.125000100000001
          1.5025116379253836 3.201043492264673 3.1000001000000004
          1.4562500999999988 2.941802726615577 3.1125001
          1.5625000999999994 2.757772328311384 3.1250001
          1.3500001000000006 3.1258331249197706 3.1000001000000004
          1.3379720459530164 2.8627718575667185 3.112500100000002
          1.4673338496173687 2.694184272754831 3.125000100000001
          1.2086102422886627 3.031359442378606 3.1000001000000004
          1.2310214754596303 2.768978724540371 3.112500100000002
          1.3812816664617706 2.6187185335382295 3.1250001000000007
          1.080761284457488 2.919238915542512 3.100000100000001
          1.1372283424332819 2.6620281540469835 3.1125000999999997
          1.305815927245168 2.5326663503826294 3.1250001000000003
          0.9686407576213942 2.791389957711337 3.100000099999999
          1.058197473384422 2.5437501000000022 3.1125001000000014
          1.242227871688616 2.4375001000000003 3.1250001000000007
          0.8741670750802297 2.6500001000000006 3.100000099999999
          0.9952811083939752 2.416168332697035 3.112500099999998
          1.1916055090526236 2.3348481033194526 3.1250000999999994
          0.7989567077353275 2.4974885620746177 3.100000099999999
          0.949555763910638 2.2814658115489923 3.1125001
          1.154815001997065 2.226466764464705 3.1250001
          0.7442965258242114 2.336464858633279 3.1000000999999995
          0.9218038132559814 2.1419473340393074 3.1125001
          1.1324858462979153 2.114210518192545 3.1250001000000007
          0.7111217802140462 2.1696841498860673 3.1000001000000004
          0.9125000999999998 2.0000001 3.1125001
          1.1250000999999998 2.0000001 3.1250001
          0.7000000999999996 2.0000001 3.1000001
          1.859684443363444 3.0658033259768454 3.2000001000000005
          1.8760002173909507 2.94187271830512 3.2000001
          1.843368669335938 3.189733933648572 3.2000001
          1.7217696265147904 3.038370363260748 3.2000001000000005
          1.7541220071526051 2.917629634974615 3.2000001
          1.689417245876975 3.159111091546882 3.2000001
          1.5886154102075287 2.9931705974496325 3.2000001
          1.6364508392531647 2.8776856558857222 3.2000001
          1.5407799811618923 3.108655539013544 3.2000001
          1.4625000999999997 2.930977409068272 3.2000001
          1.5250000999999997 2.822724233595217 3.2000001
          1.4000000999999997 3.0392305845413263 3.2000001
          1.3455815638156252 2.8528549408130788 3.2000001000000005
          1.4216767424417154 2.7536857732766737 3.2000001
          1.269486385189535 2.952024108349482 3.2000001
          1.2398603102244612 2.7601398897755383 3.2000001
          1.3282486578727795 2.67175154212722 3.2000001
          1.1514719625761427 2.8485282374238574 3.2000001
          1.1471452591869218 2.6544186361843742 3.2000001
          1.246314426723326 2.5783234575582843 3.2000001
          1.0479760916505176 2.730513814810465 3.2000001
          1.069022790931728 2.5375001000000004 3.2000001000000005
          1.1772759664047827 2.4750001 3.2000001
          0.9607696154586736 2.6000001 3.2000001
          1.0068296025503662 2.4113847897924714 3.2000001000000005
          1.122314544114277 2.363549360746835 3.2000001
          0.8913446609864557 2.459220218838108 3.2000001
          0.9616298367392513 2.27823057348521 3.2000001
          1.0823705650253848 2.2458781928473943 3.2000001
          0.8408891084531178 2.310582954123025 3.2000001
          0.9341968740231537 2.1403157566365554 3.2000001
          1.0581274816948798 2.1239999826090488 3.2000001
          0.8102662663514273 2.156631530664062 3.2000001
          0.9250001000000001 2.0000001 3.2000001
          1.0500001 2.0000001 3.2000001
          0.8000001 2.0000001 3.2000001
          0.9218038132559805 1.8580528659606954 3.1125001
          1.1324858462979157 1.8857896818074549 3.1250001000000003
          0.7111217802140462 1.830316050113933 3.1000001
          0.9495557639106378 1.7185343884510094 3.1125001
          1.154815001997065 1.773533435535294 3.1250001
          0.7442965258242109 1.6635353413667229 3.1000001000000004
          0.995281108393975 1.5838318673029659 3.1125000999999974
          1.191605509052624 1.6651520966805469 3.125000099999999
          0.7989567077353263 1.5025116379253838 3.1000001000000004
          1.058197473384424 1.4562500999999997 3.1125000999999983
          1.2422278716886164 1.5625000999999998 3.1250000999999994
          0.8741670750802293 1.3500000999999995 3.1000001
          1.137228342433282 1.3379720459530156 3.112500100000002
          1.3058159272451695 1.4673338496173696 3.1250001000000003
          0.968640757621394 1.2086102422886627 3.1000001
          1.231021475459628 1.2310214754596298 3.1125001
          1.381281666461771 1.381281666461771 3.1250000999999994
          1.0807612844574868 1.080761284457489 3.1000000999999995
          1.337972045953016 1.1372283424332819 3.1125000999999997
          1.4673338496173693 1.3058159272451695 3.1250001
          1.2086102422886627 0.9686407576213942 3.1000000999999995
          1.4562500999999994 1.0581974733844233 3.1125000999999997
          1.5625001000000007 1.2422278716886166 3.1250000999999985
          1.3500000999999981 0.87416707508023 3.1000000999999986
          1.5838318673029639 0.9952811083939752 3.1125000999999997
          1.6651520966805458 1.1916055090526245 3.1250000999999994
          1.5025116379253822 0.798956707735327 3.1000001000000004
          1.7185343884510091 0.9495557639106385 3.1125000999999983
          1.7735334355352945 1.154815001997066 3.1250000999999985
          1.6635353413667229 0.7442965258242109 3.1000001
          1.8580528659606919 0.9218038132559814 3.1125001
          1.885789681807454 1.1324858462979166 3.125000099999999
          1.8303160501139315 0.7111217802140462 3.1000001000000004
          2.000000099999999 0.9125000999999998 3.112500099999999
          2.0000001 1.1250001000000003 3.1250000999999985
          2.0000000999999994 0.7000000999999996 3.1000000999999995
          0.9341968740231537 1.8596844433634445 3.2000001000000005
          1.0581274816948802 1.876000217390951 3.2000001
          0.8102662663514277 1.8433686693359381 3.2000001
          0.961629836739252 1.7217696265147904 3.2000001000000005
          1.0823705650253852 1.7541220071526054 3.2000001
          0.8408891084531183 1.6894172458769752 3.2000001
          1.0068296025503667 1.5886154102075287 3.2000001
          1.1223145441142777 1.6364508392531647 3.2000001
          0.8913446609864559 1.5407799811618923 3.2000001
          1.0690227909317285 1.4625000999999997 3.2000001
          1.1772759664047832 1.5250001 3.2000001
          0.9607696154586736 1.4000001 3.2000001
          1.1471452591869222 1.3455815638156252 3.2000001000000005
          1.2463144267233266 1.4216767424417154 3.2000001
          1.0479760916505179 1.2694863851895353 3.2000001
          1.2398603102244612 1.2398603102244616 3.2000001
          1.32824865787278 1.32824865787278 3.2000001
          1.1514719625761427 1.1514719625761431 3.2000001
          1.3455815638156254 1.1471452591869222 3.2000001
          1.4216767424417156 1.2463144267233266 3.2000001
          1.2694863851895346 1.047976091650518 3.2000001
          1.4625001 1.0690227909317285 3.2000001000000005
          1.5250001000000002 1.1772759664047832 3.2000001
          1.4000000999999997 0.960769615458674 3.2000001
          1.5886154102075283 1.0068296025503667 3.2000001000000005
          1.6364508392531647 1.1223145441142774 3.2000001
          1.5407799811618919 0.8913446609864561 3.2000001
          1.72176962651479 0.9616298367392522 3.2000001
          1.7541220071526051 1.0823705650253852 3.2000001
          1.6894172458769745 0.8408891084531183 3.2000001
          1.859684443363444 0.9341968740231541 3.2000001
          1.8760002173909507 1.0581274816948802 3.2000001
          1.8433686693359377 0.8102662663514277 3.2000001
          2.0000001 0.9250001000000001 3.2000001
          2.0000001 1.0500001 3.2000001
          2.0000001 0.8000001 3.2000001
          2.1419473340393043 0.9218038132559809 3.1125001
          2.114210518192544 1.1324858462979166 3.1250000999999985
          2.1696841498860677 0.7111217802140462 3.1000001
          2.2814658115489914 0.9495557639106387 3.1125001
          2.226466764464706 1.1548150019970655 3.125000099999999
          2.3364648586332777 0.7442965258242111 3.1000001000000004
          2.4161683326970325 0.9952811083939745 3.1125000999999974
          2.3348481033194535 1.1916055090526243 3.1250001
          2.497488562074615 0.7989567077353257 3.1000000999999995
          2.543750099999998 1.0581974733844226 3.1125000999999983
          2.4375000999999985 1.2422278716886157 3.1250001
          2.650000099999998 0.8741670750802282 3.1000001000000004
          2.662028154046982 1.1372283424332816 3.1125001
          2.53266635038263 1.3058159272451695 3.125000099999999
          2.7913899577113366 0.968640757621394 3.1000000999999995
          2.76897872454037 1.231021475459629 3.1125001
          2.618718533538229 1.3812816664617706 3.1250001
          2.9192389155425116 1.0807612844574876 3.1000001000000004
          2.8627718575667185 1.337972045953016 3.112500099999998
          2.69418427275483 1.4673338496173693 3.1250000999999994
          3.0313594423786054 1.2086102422886627 3.1000001
          2.9418027266155753 1.4562501000000012 3.1125001000000014
          2.7577723283113844 1.5625001000000007 3.1250001
          3.125833124919771 1.3500001000000013 3.1000000999999995
          3.004719091606024 1.5838318673029639 3.1125000999999997
          2.8083946909473756 1.6651520966805458 3.1250001000000003
          3.201043492264673 1.502511637925382 3.1000001000000004
          3.05044443608936 1.71853438845101 3.1125001
          2.845185198002935 1.7735334355352943 3.1250001
          3.2557036741757885 1.6635353413667229 3.1000000999999995
          3.0781963867440174 1.8580528659606936 3.1125001
          2.867514353702084 1.8857896818074547 3.1250001
          3.2888784197859535 1.8303160501139326 3.1000001
          2.1403157566365554 0.9341968740231537 3.2000001000000005
          2.1239999826090488 1.0581274816948802 3.2000001
          2.156631530664062 0.8102662663514277 3.2000001
          2.2782305734852093 0.961629836739252 3.2000001000000005
          2.2458781928473948 1.0823705650253852 3.2000001
          2.3105829541230247 0.8408891084531183 3.2000001
          2.4113847897924714 1.0068296025503667 3.2000001
          2.363549360746835 1.1223145441142777 3.2000001
          2.4592202188381074 0.8913446609864559 3.2000001
          2.5375000999999995 1.0690227909317285 3.2000001
          2.4750000999999995 1.1772759664047832 3.2000001
          2.6000000999999995 0.9607696154586736 3.2000001
          2.6544186361843742 1.1471452591869222 3.2000001000000005
          2.5783234575582843 1.2463144267233266 3.2000001
          2.730513814810464 1.0479760916505176 3.2000001
          2.7601398897755383 1.2398603102244616 3.2000001
          2.6717515421272195 1.32824865787278 3.2000001
          2.8485282374238565 1.1514719625761431 3.2000001
          2.8528549408130783 1.3455815638156254 3.2000001
          2.753685773276673 1.4216767424417156 3.2000001
          2.9520241083494816 1.269486385189535 3.2000001
          2.9309774090682708 1.4625001 3.2000001000000005
          2.8227242335952165 1.5250001000000002 3.2000001
          3.039230584541326 1.4000001000000002 3.2000001
          2.993170597449633 1.5886154102075278 3.2000001000000005
          2.877685655885722 1.6364508392531643 3.2000001
          3.1086555390135437 1.540779981161892 3.2000001
          3.038370363260748 1.7217696265147895 3.2000001
          2.9176296349746145 1.754122007152605 3.2000001
          3.1591110915468814 1.6894172458769745 3.2000001
          3.0658033259768454 1.859684443363444 3.2000001
          2.9418727183051194 1.8760002173909507 3.2000001
          3.189733933648572 1.8433686693359377 3.2000001
        </DataArray>
      </Points>
      <Cells>
        <DataArray type="Int64" Name="connectivity" format="ascii">
          0 1 2 3 4 5 6 7
          1 8 9 2 5 10 11 6
          3 2 12 13 7 6 14 15
          2 9 16 12 6 11 17 14
          13 12 18 19 15 14 20 21
          12 16 22 18 14 17 23 20
          19 18 24 25 21 20 26 27
          18 22 28 24 20 23 29 26
          25 24 30 31 27 26 32 33
          24 28 34 30 26 29 35 32
          31 30 36 37 33 32 38 39
          30 34 40 36 32 35 41 38
          37 36 42 43 39 38 44 45
          36 40 46 42 38 41 47 44
          43 42 48 49 45 44 50 51
          42 46 52 48 44 47 53 50
          49 48 54 55 51 50 56 57
          48 52 58 54 50 53 59 56
          55 54 60 61 57 56 62 63
          54 58 64 60 56 59 65 62
          61 60 66 67 63 62 68 69
          60 64 70 66 62 65 71 68
          67 66 72 73 69 68 74 75
          66 70 76 72 68 71 77 74
          4 5 6 7 78 79 80 81
          5 10 11 6 79 82 83 80
          7 6 14 15 81 80 84 85
          6 11 17 14 80 83 86 84
          15 14 20 21 85 84 87 88
          14 17 23 20 84 86 89 87
          21 20 26 27 88 87 90 91
          20 23 29 26 87 89 92 90
          27 26 32 33 91 90 93 94
          26 29 35 32 90 92 95 93
          33 32 38 39 94 93 96 97
          32 35 41 38 93 95 98 96
          39 38 44 45 97 96 99 100
          38 41 47 44 96 98 101 99
          45 44 50 51 100 99 102 103
          44 47 53 50 99 101 104 102
          51 50 56 57 103 102 105 106
          50 53 59 56 102 104 107 105
          57 56 62 63 106 105 108 109
          56 59 65 62 105 107 110 108
          63 62 68 69 109 108 111 112
          62 65 71 68 108 110 113 111
          69 68 74 75 112 111 114 115
          68 71 77 74 111 113 116 114
          73 72 117 118 75 74 119 120
          72 76 121 117 74 77 122 119
          118 117 123 124 120 119 125 126
          117 121 127 123 119 122 128 125
          124 123 129 130 126 125 131 132
          123 127 133 129 125 128 134 131
          130 129 135 136 132 131 137 138
          129 133 139 135 131 134 140 137
          136 135 141 142 138 137 143 144
          135 139 145 141 137 140 146 143
          142 141 147 148 144 143 149 150
          141 145 151 147 143 146 152 149
          148 147 153 154 150 149 155 156
          147 151 157 153 149 152 158 155
          154 153 159 160 156 155 161 162
          153 157 163 159 155 158 164 161
          160 159 165 166 162 161 167 168
          159 163 169 165 161 164 170 167
          166 165 171 172 168 167 173 174
          165 169 175 171 167 170 176 173
          172 171 177 178 174 173 179 180
          171 175 181 177 173 176 182 179
          178 177 183 184 180 179 185 186
          177 181 187 183 179 182 188 185
          75 74 119 120 115 114 189 190
          74 77 122 119 114 116 191 189
          120 119 125 126 190 189 192 193
          119 122 128 125 189 191 194 192
          126 125 131 132 193 192 195 196
          125 128 134 131 192 194 197 195
          132 131 137 138 196 195 198 199
          131 134 140 137 195 197 200 198
          138 137 143 144 199 198 201 202
          137 140 146 143 198 200 203 201
          144 143 149 150 202 201 204 205
          143 146 152 149 201 203 206 204
          150 149 155 156 205 204 207 208
          149 152 158 155 204 206 209 207
          156 155 161 162 208 207 210 211
          155 158 164 161 207 209 212 210
          162 161 167 168 211 210 213 214
          161 164 170 167 210 212 215 213
          168 167 173 174 214 213 216 217
          167 170 176 173 213 215 218 216
          174 173 179 180 217 216 219 220
          173 176 182 179 216 218 221 219
          180 179 185 186 220 219 222 223
          179 182 188 185 219 221 224 222
          184 183 225 226 186 185 227 228
          183 187 229 225 185 188 230 227
          226 225 231 232 228 227 233 234
          225 229 235 231 227 230 236 233
          232 231 237 238 234 233 239 240
          231 235 241 237 233 236 242 239
          238 237 243 244 240 239 245 246
          237 241 247 243 239 242 248 245
          244 243 249 250 246 245 251 252
          243 247 253 249 245 248 254 251
          250 249 255 256 252 251 257 258
          249 253 259 255 251 254 260 257
          256 255 261 262 258 257 263 264
          255 259 265 261 257 260 266 263
          262 261 267 268 264 263 269 270
          261 265 271 267 263 266 272 269
          268 267 273 274 270 269 275 276
          267 271 277 273 269 272 278 275
          274 273 279 280 276 275 281 282
          273 277 283 279 275 278 284 281
          280 279 285 286 282 281 287 288
          279 283 289 285 281 284 290 287
          286 285 291 292 288 287 293 294
          285 289 295 291 287 290 296 293
          186 185 227 228 223 222 297 298
          185 188 230 227 222 224 299 297
          228 227 233 234 298 297 300 301
          227 230 236 233 297 299 302 300
          234 233 239 240 301 300 303 304
          233 236 242 239 300 302 305 303
          240 239 245 246 304 303 306 307
          239 242 248 245 303 305 308 306
          246 245 251 252 307 306 309 310
          245 248 254 251 306 308 311 309
          252 251 257 258 310 309 312 313
          251 254 260 257 309 311 314 312
          258 257 263 264 313 312 315 316
          257 260 266 263 312 314 317 315
          264 263 269 270 316 315 318 319
          263 266 272 269 315 317 320 318
          270 269 275 276 319 318 321 322
          269 272 278 275 318 320 323 321
          276 275 281 282 322 321 324 325
          275 278 284 281 321 323 326 324
          282 281 287 288 325 324 327 328
          281 284 290 287 324 326 329 327
          288 287 293 294 328 327 330 331
          287 290 296 293 327 329 332 330
          292 291 333 334 294 293 335 336
          291 295 337 333 293 296 338 335
          334 333 339 340 336 335 341 342
          333 337 343 339 335 338 344 341
          340 339 345 346 342 341 347 348
          339 343 349 345 341 344 350 347
          346 345 351 352 348 347 353 354
          345 349 355 351 347 350 356 353
          352 351 357 358 354 353 359 360
          351 355 361 357 353 356 362 359
          358 357 363 364 360 359 365 366
          357 361 367 363 359 362 368 365
          364 363 369 370 366 365 371 372
          363 367 373 369 365 368 374 371
          370 369 375 376 372 371 377 378
          369 373 379 375 371 374 380 377
          376 375 381 382 378 377 383 384
          375 379 385 381 377 380 386 383
          382 381 387 388 384 383 389 390
          381 385 391 387 383 386 392 389
          388 387 393 394 390 389 395 396
          387 391 397 393 389 392 398 395
          394 393 1 0 396 395 5 4
          393 397 8 1 395 398 10 5
          294 293 335 336 331 330 399 400
          293 296 338 335 330 332 401 399
          336 335 341 342 400 399 402 403
          335 338 344 341 399 401 404 402
          342 341 347 348 403 402 405 406
          341 344 350 347 402 404 407 405
          348 347 353 354 406 405 408 409
          347 350 356 353 405 407 410 408
          354 353 359 360 409 408 411 412
          353 356 362 359 408 410 413 411
          360 359 365 366 412 411 414 415
          359 362 368 365 411 413 416 414
          366 365 371 372 415 414 417 418
          365 368 374 371 414 416 419 417
          372 371 377 378 418 417 420 421
          371 374 380 377 417 419 422 420
          378 377 383 384 421 420 423 424
          377 380 386 383 420 422 425 423
          384 383 389 390 424 423 426 427
          383 386 392 389 423 425 428 426
          390 389 395 396 427 426 429 430
          389 392 398 395 426 428 431 429
          396 395 5 4 430 429 79 78
          395 398 10 5 429 431 82 79
          8 432 433 9 10 434 435 11
          432 436 437 433 434 438 439 435
          9 433 440 16 11 435 441 17
          433 437 442 440 435 439 443 441
          16 440 444 22 17 441 445 23
          440 442 446 444 441 443 447 445
          22 444 448 28 23 445 449 29
          444 446 450 448 445 447 451 449
          28 448 452 34 29 449 453 35
          448 450 454 452 449 451 455 453
          34 452 456 40 35 453 457 41
          452 454 458 456 453 455 459 457
          40 456 460 46 41 457 461 47
          456 458 462 460 457 459 463 461
          46 460 464 52 47 461 465 53
          460 462 466 464 461 463 467 465
          52 464 468 58 53 465 469 59
          464 466 470 468 465 467 471 469
          58 468 472 64 59 469 473 65
          468 470 474 472 469 471 475 473
          64 472 476 70 65 473 477 71
          472 474 478 476 473 475 479 477
          70 476 480 76 71 477 481 77
          476 478 482 480 477 479 483 481
          10 434 435 11 82 484 485 83
          434 438 439 435 484 486 487 485
          11 435 441 17 83 485 488 86
          435 439 443 441 485 487 489 488
          17 441 445 23 86 488 490 89
          441 443 447 445 488 489 491 490
          23 445 449 29 89 490 492 92
          445 447 451 449 490 491 493 492
          29 449 453 35 92 492 494 95
          449 451 455 453 492 493 495 494
          35 453 457 41 95 494 496 98
          453 455 459 457 494 495 497 496
          41 457 461 47 98 496 498 101
          457 459 463 461 496 497 499 498
          47 461 465 53 101 498 500 104
          461 463 467 465 498 499 501 500
          53 465 469 59 104 500 502 107
          465 467 471 469 500 501 503 502
          59 469 473 65 107 502 504 110
          469 471 475 473 502 503 505 504
          65 473 477 71 110 504 506 113
          473 475 479 477 504 505 507 506
          71 477 481 77 113 506 508 116
          477 479 483 481 506 507 509 508
          76 480 510 121 77 481 511 122
          480 482 512 510 481 483 513 511
          121 510 514 127 122 511 515 128
          510 512 516 514 511 513 517 515
          127 514 518 133 128 515 519 134
          514 516 520 518 515 517 521 519
          133 518 522 139 134 519 523 140
          518 520 524 522 519 521 525 523
          139 522 526 145 140 523 527 146
          522 524 528 526 523 525 529 527
          145 526 530 151 146 527 531 152
          526 528 532 530 527 529 533 531
          151 530 534 157 152 531 535 158
          530 532 536 534 531 533 537 535
          157 534 538 163 158 535 539 164
          534 536 540 538 535 537 541 539
          163 538 542 169 164 539 543 170
          538 540 544 542 539 541 545 543
          169 542 546 175 170 543 547 176
          542 544 548 546 543 545 549 547
          175 546 550 181 176 547 551 182
          546 548 552 550 547 549 553 551
          181 550 554 187 182 551 555 188
          550 552 556 554 551 553 557 555
          77 481 511 122 116 508 558 191
          481 483 513 511 508 509 559 558
          122 511 515 128 191 558 560 194
          511 513 517 515 558 559 561 560
          128 515 519 134 194 560 562 197
          515 517 521 519 560 561 563 562
          134 519 523 140 197 562 564 200
          519 521 525 523 562 563 565 564
          140 523 527 146 200 564 566 203
          523 525 529 527 564 565 567 566
          146 527 531 152 203 566 568 206
          527 529 533 531 566 567 569 568
          152 531 535 158 206 568 570 209
          531 533 537 535 568 569 571 570
          158 535 539 164 209 570 572 212
          535 537 541 539 570 571 573 572
          164 539 543 170 212 572 574 215
          539 541 545 543 572 573 575 574
          170 543 547 176 215 574 576 218
          543 545 549 547 574 575 577 576
          176 547 551 182 218 576 578 221
          547 549 553 551 576 577 579 578
          182 551 555 188 221 578 580 224
          551 553 557 555 578 579 581 580
          187 554 582 229 188 555 583 230
          554 556 584 582 555 557 585 583
          229 582 586 235 230 583 587 236
          582 584 588 586 583 585 589 587
          235 586 590 241 236 587 591 242
          586 588 592 590 587 589 593 591
          241 590 594 247 242 591 595 248
          590 592 596 594 591 593 597 595
          247 594 598 253 248 595 599 254
          594 596 600 598 595 597 601 599
          253 598 602 259 254 599 603 260
          598 600 604 602 599 601 605 603
          259 602 606 265 260 603 607 266
          602 604 608 606 603 605 609 607
          265 606 610 271 266 607 611 272
          606 608 612 610 607 609 613 611
          271 610 614 277 272 611 615 278
          610 612 616 614 611 613 617 615
          277 614 618 283 278 615 619 284
          614 616 620 618 615 617 621 619
          283 618 622 289 284 619 623 290
          618 620 624 622 619 621 625 623
          289 622 626 295 290 623 627 296
          622 624 628 626 623 625 629 627
          188 555 583 230 224 580 630 299
          555 557 585 583 580 581 631 630
          230 583 587 236 299 630 632 302
          583 585 589 587 630 631 633 632
          236 587 591 242 302 632 634 305
          587 589 593 591 632 633 635 634
          242 591 595 248 305 634 636 308
          591 593 597 595 634 635 637 636
          248 595 599 254 308 636 638 311
          595 597 601 599 636 637 639 638
          254 599 603 260 311 638 640 314
          599 601 605 603 638 639 641 640
          260 603 607 266 314 640 642 317
          603 605 609 607 640 641 643 642
          266 607 611 272 317 642 644 320
          607 609 613 611 642 643 645 644
          272 611 615 278 320 644 646 323
          611 613 617 615 644 645 647 646
          278 615 619 284 323 646 648 326
          615 617 621 619 646 647 649 648
          284 619 623 290 326 648 650 329
          619 621 625 623 648 649 651 650
          290 623 627 296 329 650 652 332
          623 625 629 627 650 651 653 652
          295 626 654 337 296 627 655 338
          626 628 656 654 627 629 657 655
          337 654 658 343 338 655 659 344
          654 656 660 658 655 657 661 659
          343 658 662 349 344 659 663 350
          658 660 664 662 659 661 665 663
          349 662 666 355 350 663 667 356
          662 664 668 666 663 665 669 667
          355 666 670 361 356 667 671 362
          666 668 672 670 667 669 673 671
          361 670 674 367 362 671 675 368
          670 672 676 674 671 673 677 675
          367 674 678 373 368 675 679 374
          674 676 680 678 675 677 681 679
          373 678 682 379 374 679 683 380
          678 680 684 682 679 681 685 683
          379 682 686 385 380 683 687 386
          682 684 688 686 683 685 689 687
          385 686 690 391 386 687 691 392
          686 688 692 690 687 689 693 691
          391 690 694 397 392 691 695 398
          690 692 696 694 691 693 697 695
          397 694 432 8 398 695 434 10
          694 696 436 432 695 697 438 434
          296 627 655 338 332 652 698 401
          627 629 657 655 652 653 699 698
          338 655 659 344 401 698 700 404
          655 657 661 659 698 699 701 700
          344 659 663 350 404 700 702 407
          659 661 665 663 700 701 703 702
          350 663 667 356 407 702 704 410
          663 665 669 667 702 703 705 704
          356 667 671 362 410 704 706 413
          667 669 673 671 704 705 707 706
          362 671 675 368 413 706 708 416
          671 673 677 675 706 707 709 708
          368 675 679 374 416 708 710 419
          675 677 681 679 708 709 711 710
          374 679 683 380 419 710 712 422
          679 681 685 683 710 711 713 712
          380 683 687 386 422 712 714 425
          683 685 689 687 712 713 715 714
          386 687 691 392 425 714 716 428
          687 689 693 691 714 715 717 716
          392 691 695 398 428 716 718 431
          691 693 697 695 716 717 719 718
          398 695 434 10 431 718 484 82
          695 697 438 434 718 719 486 484
          436 720 721 437 438 722 723 439
          720 724 725 721 722 726 727 723
          437 721 728 442 439 723 729 443
          721 725 730 728 723 727 731 729
          442 728 732 446 443 729 733 447
          728 730 734 732 729 731 735 733
          446 732 736 450 447 733 737 451
          732 734 738 736 733 735 739 737
          450 736 740 454 451 737 741 455
          736 738 742 740 737 739 743 741
          454 740 744 458 455 741 745 459
          740 742 746 744 741 743 747 745
          458 744 748 462 459 745 749 463
          744 746 750 748 745 747 751 749
          462 748 752 466 463 749 753 467
          748 750 754 752 749 751 755 753
          466 752 756 470 467 753 757 471
          752 754 758 756 753 755 759 757
          470 756 760 474 471 757 761 475
          756 758 762 760 757 759 763 761
          474 760 764 478 475 761 765 479
          760 762 766 764 761 763 767 765
          478 764 768 482 479 765 769 483
          764 766 770 768 765 767 771 769
          438 722 723 439 486 772 773 487
          722 726 727 723 772 774 775 773
          439 723 729 443 487 773 776 489
          723 727 731 729 773 775 777 776
          443 729 733 447 489 776 778 491
          729 731 735 733 776 777 779 778
          447 733 737 451 491 778 780 493
          733 735 739 737 778 779 781 780
          451 737 741 455 493 780 782 495
          737 739 743 741 780 781 783 782
          455 741 745 459 495 782 784 497
          741 743 747 745 782 783 785 784
          459 745 749 463 497 784 786 499
          745 747 751 749 784 785 787 786
          463 749 753 467 499 786 788 501
          749 751 755 753 786 787 789 788
          467 753 757 471 501 788 790 503
          753 755 759 757 788 789 791 790
          471 757 761 475 503 790 792 505
          757 759 763 761 790 791 793 792
          475 761 765 479 505 792 794 507
          761 763 767 765 792 793 795 794
          479 765 769 483 507 794 796 509
          765 767 771 769 794 795 797 796
          482 768 798 512 483 769 799 513
          768 770 800 798 769 771 801 799
          512 798 802 516 513 799 803 517
          798 800 804 802 799 801 805 803
          516 802 806 520 517 803 807 521
          802 804 808 806 803 805 809 807
          520 806 810 524 521 807 811 525
          806 808 812 810 807 809 813 811
          524 810 814 528 525 811 815 529
          810 812 816 814 811 813 817 815
          528 814 818 532 529 815 819 533
          814 816 820 818 815 817 821 819
          532 818 822 536 533 819 823 537
          818 820 824 822 819 821 825 823
          536 822 826 540 537 823 827 541
          822 824 828 826 823 825 829 827
          540 826 830 544 541 827 831 545
          826 828 832 830 827 829 833 831
          544 830 834 548 545 831 835 549
          830 832 836 834 831 833 837 835
          548 834 838 552 549 835 839 553
          834 836 840 838 835 837 841 839
          552 838 842 556 553 839 843 557
          838 840 844 842 839 841 845 843
          483 769 799 513 509 796 846 559
          769 771 801 799 796 797 847 846
          513 799 803 517 559 846 848 561
          799 801 805 803 846 847 849 848
          517 803 807 521 561 848 850 563
          803 805 809 807 848 849 851 850
          521 807 811 525 563 850 852 565
          807 809 813 811 850 851 853 852
          525 811 815 529 565 852 854 567
          811 813 817 815 852 853 855 854
          529 815 819 533 567 854 856 569
          815 817 821 819 854 855 857 856
          533 819 823 537 569 856 858 571
          819 821 825 823 856 857 859 858
          537 823 827 541 571 858 860 573
          823 825 829 827 858 859 861 860
          541 827 831 545 573 860 862 575
          827 829 833 831 860 861 863 862
          545 831 835 549 575 862 864 577
          831 833 837 835 862 863 865 864
          549 835 839 553 577 864 866 579
          835 837 841 839 864 865 867 866
          553 839 843 557 579 866 868 581
          839 841 845 843 866 867 869 868
          556 842 870 584 557 843 871 585
          842 844 872 870 843 845 873 871
          584 870 874 588 585 871 875 589
          870 872 876 874 871 873 877 875
          588 874 878 592 589 875 879 593
          874 876 880 878 875 877 881 879
          592 878 882 596 593 879 883 597
          878 880 884 882 879 881 885 883
          596 882 886 600 597 883 887 601
          882 884 888 886 883 885 889 887
          600 886 890 604 601 887 891 605
          886 888 892 890 887 889 893 891
          604 890 894 608 605 891 895 609
          890 892 896 894 891 893 897 895
          608 894 898 612 609 895 899 613
          894 896 900 898 895 897 901 899
          612 898 902 616 613 899 903 617
          898 900 904 902 899 901 905 903
          616 902 906 620 617 903 907 621
          902 904 908 906 903 905 909 907
          620 906 910 624 621 907 911 625
          906 908 912 910 907 909 913 911
          624 910 914 628 625 911 915 629
          910 912 916 914 911 913 917 915
          557 843 871 585 581 868 918 631
          843 845 873 871 868 869 919 918
          585 871 875 589 631 918 920 633
          871 873 877 875 918 919 921 920
          589 875 879 593 633 920 922 635
          875 877 881 879 920 921 923 922
          593 879 883 597 635 922 924 637
          879 881 885 883 922 923 925 924
          597 883 887 601 637 924 926 639
          883 885 889 887 924 925 927 926
          601 887 891 605 639 926 928 641
          887 889 893 891 926 927 929 928
          605 891 895 609 641 928 930 643
          891 893 897 895 928 929 931 930
          609 895 899 613 643 930 932 645
          895 897 901 899 930 931 933 932
          613 899 903 617 645 932 934 647
          899 901 905 903 932 933 935 934
          617 903 907 621 647 934 936 649
          903 905 909 907 934 935 937 936
          621 907 911 625 649 936 938 651
          907 909 913 911 936 937 939 938
          625 911 915 629 651 938 940 653
          911 913 917 915 938 939 941 940
          628 914 942 656 629 915 943 657
          914 916 944 942 915 917 945 943
          656 942 946 660 657 943 947 661
          942 944 948 946 943 945 949 947
          660 946 950 664 661 947 951 665
          946 948 952 950 947 949 953 951
          664 950 954 668 665 951 955 669
          950 952 956 954 951 953 957 955
          668 954 958 672 669 955 959 673
          954 956 960 958 955 957 961 959
          672 958 962 676 673 959 963 677
          958 960 964 962 959 961 965 963
          676 962 966 680 677 963 967 681
          962 964 968 966 963 965 969 967
          680 966 970 684 681 967 971 685
          966 968 972 970 967 969 973 971
          684 970 974 688 685 971 975 689
          970 972 976 974 971 973 977 975
          688 974 978 692 689 975 979 693
          974 976 980 978 975 977 981 979
          692 978 982 696 693 979 983 697
          978 980 984 982 979 981 985 983
          696 982 720 436 697 983 722 438
          982 984 724 720 983 985 726 722
          629 915 943 657 653 940 986 699
          915 917 945 943 940 941 987 986
          657 943 947 661 699 986 988 701
          943 945 949 947 986 987 989 988
          661 947 951 665 701 988 990 703
          947 949 953 951 988 989 991 990
          665 951 955 669 703 990 992 705
          951 953 957 955 990 991 993 992
          669 955 959 673 705 992 994 707
          955 957 961 959 992 993 995 994
          673 959 963 677 707 994 996 709
          959 961 965 963 994 995 997 996
          677 963 967 681 709 996 998 711
          963 965 969 967 996 997 999 998
          681 967 971 685 711 998 1000 713
          967 969 973 971 998 999 1001 1000
          685 971 975 689 713 1000 1002 715
          971 973 977 975 1000 1001 1003 1002
          689 975 979 693 715 1002 1004 717
          975 977 981 979 1002 1003 1005 1004
          693 979 983 697 717 1004 1006 719
          979 981 985 983 1004 1005 1007 1006
          697 983 722 438 719 1006 772 486
          983 985 726 722 1006 1007 774 772
          78 79 80 81 1008 1009 1010 1011
          79 82 83 80 1009 1012 1013 1010
          81 80 84 85 1011 1010 1014 1015
          80 83 86 84 1010 1013 1016 1014
          85 84 87 88 1015 1014 1017 1018
          84 86 89 87 1014 1016 1019 1017
          88 87 90 91 1018 1017 1020 1021
          87 89 92 90 1017 1019 1022 1020
          91 90 93 94 1021 1020 1023 1024
          90 92 95 93 1020 1022 1025 1023
          94 93 96 97 1024 1023 1026 1027
          93 95 98 96 1023 1025 1028 1026
          97 96 99 100 1027 1026 1029 1030
          96 98 101 99 1026 1028 1031 1029
          100 99 102 103 1030 1029 1032 1033
          99 101 104 102 1029 1031 1034 1032
          103 102 105 106 1033 1032 1035 1036
          102 104 107 105 1032 1034 1037 1035
          106 105 108 109 1036 1035 1038 1039
          105 107 110 108 1035 1037 1040 1038
          109 108 111 112 1039 1038 1041 1042
          108 110 113 111 1038 1040 1043 1041
          112 111 114 115 1042 1041 1044 1045
          111 113 116 114 1041 1043 1046 1044
          1008 1009 1010 1011 1047 1048 1049 1050
          1009 1012 1013 1010 1048 1051 1052 1049
          1011 1010 1014 1015 1050 1049 1053 1054
          1010 1013 1016 1014 1049 1052 1055 1053
          1015 1014 1017 1018 1054 1053 1056 1057
          1014 1016 1019 1017 1053 1055 1058 1056
          1018 1017 1020 1021 1057 1056 1059 1060
          1017 1019 1022 1020 1056 1058 1061 1059
          1021 1020 1023 1024 1060 1059 1062 1063
          1020 1022 1025 1023 1059 1061 1064 1062
          1024 1023 1026 1027 1063 1062 1065 1066
          1023 1025 1028 1026 1062 1064 1067 1065
          1027 1026 1029 1030 1066 1065 1068 1069
          1026 1028 1031 1029 1065 1067 1070 1068
          1030 1029 1032 1033 1069 1068 1071 1072
          1029 1031 1034 1032 1068 1070 1073 1071
          1033 1032 1035 1036 1072 1071 1074 1075
          1032 1034 1037 1035 1071 1073 1076 1074
          1036 1035 1038 1039 1075 1074 1077 1078
          1035 1037 1040 1038 1074 1076 1079 1077
          1039 1038 1041 1042 1078 1077 1080 1081
          1038 1040 1043 1041 1077 1079 1082 1080
          1042 1041 1044 1045 1081 1080 1083 1084
          1041 1043 1046 1044 1080 1082 1085 1083
          115 114 189 190 1045 1044 1086 1087
          114 116 191 189 1044 1046 1088 1086
          190 189 192 193 1087 1086 1089 1090
          189 191 194 192 1086 1088 1091 1089
          193 192 195 196 1090 1089 1092 1093
          192 194 197 195 1089 1091 1094 1092
          196 195 198 199 1093 1092 1095 1096
          195 197 200 198 1092 1094 1097 1095
          199 198 201 202 1096 1095 1098 1099
          198 200 203 201 1095 1097 1100 1098
          202 201 204 205 1099 1098 1101 1102
          201 203 206 204 1098 1100 1103 1101
          205 204 207 208 1102 1101 1104 1105
          204 206 209 207 1101 1103 1106 1104
          208 207 210 211 1105 1104 1107 1108
          207 209 212 210 1104 1106 1109 1107
          211 210 213 214 1108 1107 1110 1111
          210 212 215 213 1107 1109 1112 1110
          214 213 216 217 1111 1110 1113 1114
          213 215 218 216 1110 1112 1115 1113
          217 216 219 220 1114 1113 1116 1117
          216 218 221 219 1113 1115 1118 1116
          220 219 222 223 1117 1116 1119 1120
          219 221 224 222 1116 1118 1121 1119
          1045 1044 1086 1087 1084 1083 1122 1123
          1044 1046 1088 1086 1083 1085 1124 1122
          1087 1086 1089 1090 1123 1122 1125 1126
          1086 1088 1091 1089 1122 1124 1127 1125
          1090 1089 1092 1093 1126 1125 1128 1129
          1089 1091 1094 1092 1125 1127 1130 1128
          1093 1092 1095 1096 1129 1128 1131 1132
          1092 1094 1097 1095 1128 1130 1133 1131
          1096 1095 1098 1099 1132 1131 1134 1135
          1095 1097 1100 1098 1131 1133 1136 1134
          1099 1098 1101 1102 1135 1134 1137 1138
          1098 1100 1103 1101 1134 1136 1139 1137
          1102 1101 1104 1105 1138 1137 1140 1141
          1101 1103 1106 1104 1137 1139 1142 1140
          1105 1104 1107 1108 1141 1140 1143 1144
          1104 1106 1109 1107 1140 1142 1145 1143
          1108 1107 1110 1111 1144 1143 1146 1147
          1107 1109 1112 1110 1143 1145 1148 1146
          1111 1110 1113 1114 1147 1146 1149 1150
          1110 1112 1115 1113 1146 1148 1151 1149
          1114 1113 1116 1117 1150 1149 1152 1153
          1113 1115 1118 1116 1149 1151 1154 1152
          1117 1116 1119 1120 1153 1152 1155 1156
          1116 1118 1121 1119 1152 1154 1157 1155
          223 222 297 298 1120 1119 1158 1159
          222 224 299 297 1119 1121 1160 1158
          298 297 300 301 1159 1158 1161 1162
          297 299 302 300 1158 1160 1163 1161
          301 300 303 304 1162 1161 1164 1165
          300 302 305 303 1161 1163 1166 1164
          304 303 306 307 1165 1164 1167 1168
          303 305 308 306 1164 1166 1169 1167
          307 306 309 310 1168 1167 1170 1171
          306 308 311 309 1167 1169 1172 1170
          310 309 312 313 1171 1170 1173 1174
          309 311 314 312 1170 1172 1175 1173
          313 312 315 316 1174 1173 1176 1177
          312 314 317 315 1173 1175 1178 1176
          316 315 318 319 1177 1176 1179 1180
          315 317 320 318 1176 1178 1181 1179
          319 318 321 322 1180 1179 1182 1183
          318 320 323 321 1179 1181 1184 1182
          322 321 324 325 1183 1182 1185 1186
          321 323 326 324 1182 1184 1187 1185
          325 324 327 328 1186 1185 1188 1189
          324 326 329 327 1185 1187 1190 1188
          328 327 330 331 1189 1188 1191 1192
          327 329 332 330 1188 1190 1193 1191
          1120 1119 1158 1159 1156 1155 1194 1195
          1119 1121 1160 1158 1155 1157 1196 1194
          1159 1158 1161 1162 1195 1194 1197 1198
          1158 1160 1163 1161 1194 1196 1199 1197
          1162 1161 1164 1165 1198 1197 1200 1201
          1161 1163 1166 1164 1197 1199 1202 1200
          1165 1164 1167 1168 1201 1200 1203 1204
          1164 1166 1169 1167 1200 1202 1205 1203
          1168 1167 1170 1171 1204 1203 1206 1207
          1167 1169 1172 1170 1203 1205 1208 1206
          1171 1170 1173 1174 1207 1206 1209 1210
          1170 1172 1175 1173 1206 1208 1211 1209
          1174 1173 1176 1177 1210 1209 1212 1213
          1173 1175 1178 1176 1209 1211 1214 1212
          1177 1176 1179 1180 1213 1212 1215 1216
          1176 1178 1181 1179 1212 1214 1217 1215
          1180 1179 1182 1183 1216 1215 1218 1219
          1179 1181 1184 1182 1215 1217 1220 1218
          1183 1182 1185 1186 1219 1218 1221 1222
          1182 1184 1187 1185 1218 1220 1223 1221
          1186 1185 1188 1189 1222 1221 1224 1225
          1185 1187 1190 1188 1221 1223 1226 1224
          1189 1188 1191 1192 1225 1224 1227 1228
          1188 1190 1193 1191 1224 1226 1229 1227
          331 330 399 400 1192 1191 1230 1231
          330 332 401 399 1191 1193 1232 1230
          400 399 402 403 1231 1230 1233 1234
          399 401 404 402 1230 1232 1235 1233
          403 402 405 406 1234 1233 1236 1237
          402 404 407 405 1233 1235 1238 1236
          406 405 408 409 1237 1236 1239 1240
          405 407 410 408 1236 1238 1241 1239
          409 408 411 412 1240 1239 1242 1243
          408 410 413 411 1239 1241 1244 1242
          412 411 414 415 1243 1242 1245 1246
          411 413 416 414 1242 1244 1247 1245
          415 414 417 418 1246 1245 1248 1249
          414 416 419 417 1245 1247 1250 1248
          418 417 420 421 1249 1248 1251 1252
          417 419 422 420 1248 1250 1253 1251
          421 420 423 424 1252 1251 1254 1255
          420 422 425 423 1251 1253 1256 1254
          424 423 426 427 1255 1254 1257 1258
          423 425 428 426 1254 1256 1259 1257
          427 426 429 430 1258 1257 1260 1261
          426 428 431 429 1257 1259 1262 1260
          430 429 79 78 1261 1260 1009 1008
          429 431 82 79 1260 1262 1012 1009
          1192 1191 1230 1231 1228 1227 1263 1264
          1191 1193 1232 1230 1227 1229 1265 1263
          1231 1230 1233 1234 1264 1263 1266 1267
          1230 1232 1235 1233 1263 1265 1268 1266
          1234 1233 1236 1237 1267 1266 1269 1270
          1233 1235 1238 1236 1266 1268 1271 1269
          1237 1236 1239 1240 1270 1269 1272 1273
          1236 1238 1241 1239 1269 1271 1274 1272
          1240 1239 1242 1243 1273 1272 1275 1276
          1239 1241 1244 1242 1272 1274 1277 1275
          1243 1242 1245 1246 1276 1275 1278 1279
          1242 1244 1247 1245 1275 1277 1280 1278
          1246 1245 1248 1249 1279 1278 1281 1282
          1245 1247 1250 1248 1278 1280 1283 1281
          1249 1248 1251 1252 1282 1281 1284 1285
          1248 1250 1253 1251 1281 1283 1286 1284
          1252 1251 1254 1255 1285 1284 1287 1288
          1251 1253 1256 1254 1284 1286 1289 1287
          1255 1254 1257 1258 1288 1287 1290 1291
          1254 1256 1259 1257 1287 1289 1292 1290
          1258 1257 1260 1261 1291 1290 1293 1294
          1257 1259 1262 1260 1290 1292 1295 1293
          1261 1260 1009 1008 1294 1293 1048 1047
          1260 1262 1012 1009 1293 1295 1051 1048
          82 484 485 83 1012 1296 1297 1013
          484 486 487 485 1296 1298 1299 1297
          83 485 488 86 1013 1297 1300 1016
          485 487 489 488 1297 1299 1301 1300
          86 488 490 89 1016 1300 1302 1019
          488 489 491 490 1300 1301 1303 1302
          89 490 492 92 1019 1302 1304 1022
          490 491 493 492 1302 1303 1305 1304
          92 492 494 95 1022 1304 1306 1025
          492 493 495 494 1304 1305 1307 1306
          95 494 496 98 1025 1306 1308 1028
          494 495 497 496 1306 1307 1309 1308
          98 496 498 101 1028 1308 1310 1031
          496 497 499 498 1308 1309 1311 1310
          101 498 500 104 1031 1310 1312 1034
          498 499 501 500 1310 1311 1313 1312
          104 500 502 107 1034 1312 1314 1037
          500 501 503 502 1312 1313 1315 1314
          107 502 504 110 1037 1314 1316 1040
          502 503 505 504 1314 1315 1317 1316
          110 504 506 113 1040 1316 1318 1043
          504 505 507 506 1316 1317 1319 1318
          113 506 508 116 1043 1318 1320 1046
          506 507 509 508 1318 1319 1321 1320
          1012 1296 1297 1013 1051 1322 1323 1052
          1296 1298 1299 1297 1322 1324 1325 1323
          1013 1297 1300 1016 1052 1323 1326 1055
          1297 1299 1301 1300 1323 1325 1327 1326
          1016 1300 1302 1019 1055 1326 1328 1058
          1300 1301 1303 1302 1326 1327 1329 1328
          1019 1302 1304 1022 1058 1328 1330 1061
          1302 1303 1305 1304 1328 1329 1331 1330
          1022 1304 1306 1025 1061 1330 1332 1064
          1304 1305 1307 1306 1330 1331 1333 1332
          1025 1306 1308 1028 1064 1332 1334 1067
          1306 1307 1309 1308 1332 1333 1335 1334
          1028 1308 1310 1031 1067 1334 1336 1070
          1308 1309 1311 1310 1334 1335 1337 1336
          1031 1310 1312 1034 1070 1336 1338 1073
          1310 1311 1313 1312 1336 1337 1339 1338
          1034 1312 1314 1037 1073 1338 1340 1076
          1312 1313 1315 1314 1338 1339 1341 1340
          1037 1314 1316 1040 1076 1340 1342 1079
          1314 1315 1317 1316 1340 1341 1343 1342
          1040 1316 1318 1043 1079 1342 1344 1082
          1316 1317 1319 1318 1342 1343 1345 1344
          1043 1318 1320 1046 1082 1344 1346 1085
          1318 1319 1321 1320 1344 1345 1347 1346
          116 508 558 191 1046 1320 1348 1088
          508 509 559 558 1320 1321 1349 1348
          191 558 560 194 1088 1348 1350 1091
          558 559 561 560 1348 1349 1351 1350
          194 560 562 197 1091 1350 1352 1094
          560 561 563 562 1350 1351 1353 1352
          197 562 564 200 1094 1352 1354 1097
          562 563 565 564 1352 1353 1355 1354
          200 564 566 203 1097 1354 1356 1100
          564 565 567 566 1354 1355 1357 1356
          203 566 568 206 1100 1356 1358 1103
          566 567 569 568 1356 1357 1359 1358
          206 568 570 209 1103 1358 1360 1106
          568 569 571 570 1358 1359 1361 1360
          209 570 572 212 1106 1360 1362 1109
          570 571 573 572 1360 1361 1363 1362
          212 572 574 215 1109 1362 1364 1112
          572 573 575 574 1362 1363 1365 1364
          215 574 576 218 1112 1364 1366 1115
          574 575 577 576 1364 1365 1367 1366
          218 576 578 221 1115 1366 1368 1118
          576 577 579 578 1366 1367 1369 1368
          221 578 580 224 1118 1368 1370 1121
          578 579 581 580 1368 1369 1371 1370
          1046 1320 1348 1088 1085 1346 1372 1124
          1320 1321 1349 1348 1346 1347 1373 1372
          1088 1348 1350 1091 1124 1372 1374 1127
          1348 1349 1351 1350 1372 1373 1375 1374
          1091 1350 1352 1094 1127 1374 1376 1130
          1350 1351 1353 1352 1374 1375 1377 1376
          1094 1352 1354 1097 1130 1376 1378 1133
          1352 1353 1355 1354 1376 1377 1379 1378
          1097 1354 1356 1100 1133 1378 1380 1136
          1354 1355 1357 1356 1378 1379 1381 1380
          1100 1356 1358 1103 1136 1380 1382 1139
          1356 1357 1359 1358 1380 1381 1383 1382
          1103 1358 1360 1106 1139 1382 1384 1142
          1358 1359 1361 1360 1382 1383 1385 1384
          1106 1360 1362 1109 1142 1384 1386 1145
          1360 1361 1363 1362 1384 1385 1387 1386
          1109 1362 1364 1112 1145 1386 1388 1148
          1362 1363 1365 1364 1386 1387 1389 1388
          1112 1364 1366 1115 1148 1388 1390 1151
          1364 1365 1367 1366 1388 1389 1391 1390
          1115 1366 1368 1118 1151 1390 1392 1154
          1366 1367 1369 1368 1390 1391 1393 1392
          1118 1368 1370 1121 1154 1392 1394 1157
          1368 1369 1371 1370 1392 1393 1395 1394
          224 580 630 299 1121 1370 1396 1160
          580 581 631 630 1370 1371 1397 1396
          299 630 632 302 1160 1396 1398 1163
          630 631 633 632 1396 1397 1399 1398
          302 632 634 305 1163 1398 1400 1166
          632 633 635 634 1398 1399 1401 1400
          305 634 636 308 1166 1400 1402 1169
          634 635 637 636 1400 1401 1403 1402
          308 636 638 311 1169 1402 1404 1172
          636 637 639 638 1402 1403 1405 1404
          311 638 640 314 1172 1404 1406 1175
          638 639 641 640 1404 1405 1407 1406
          314 640 642 317 1175 1406 1408 1178
          640 641 643 642 1406 1407 1409 1408
          317 642 644 320 1178 1408 1410 1181
          642 643 645 644 1408 1409 1411 1410
          320 644 646 323 1181 1410 1412 1184
          644 645 647 646 1410 1411 1413 1412
          323 646 648 326 1184 1412 1414 1187
          646 647 649 648 1412 1413 1415 1414
          326 648 650 329 1187 1414 1416 1190
          648 649 651 650 1414 1415 1417 1416
          329 650 652 332 1190 1416 1418 1193
          650 651 653 652 1416 1417 1419 1418
          1121 1370 1396 1160 1157 1394 1420 1196
          1370 1371 1397 1396 1394 1395 1421 1420
          1160 1396 1398 1163 1196 1420 1422 1199
          1396 1397 1399 1398 1420 1421 1423 1422
          1163 1398 1400 1166 1199 1422 1424 1202
          1398 1399 1401 1400 1422 1423 1425 1424
          1166 1400 1402 1169 1202 1424 1426 1205
          1400 1401 1403 1402 1424 1425 1427 1426
          1169 1402 1404 1172 1205 1426 1428 1208
          1402 1403 1405 1404 1426 1427 1429 1428
          1172 1404 1406 1175 1208 1428 1430 1211
          1404 1405 1407 1406 1428 1429 1431 1430
          1175 1406 1408 1178 1211 1430 1432 1214
          1406 1407 1409 1408 1430 1431 1433 1432
          1178 1408 1410 1181 1214 1432 1434 1217
          1408 1409 1411 1410 1432 1433 1435 1434
          1181 1410 1412 1184 1217 1434 1436 1220
          1410 1411 1413 1412 1434 1435 1437 1436
          1184 1412 1414 1187 1220 1436 1438 1223
          1412 1413 1415 1414 1436 1437 1439 1438
          1187 1414 1416 1190 1223 1438 1440 1226
          1414 1415 1417 1416 1438 1439 1441 1440
          1190 1416 1418 1193 1226 1440 1442 1229
          1416 1417 1419 1418 1440 1441 1443 1442
          332 652 698 401 1193 1418 1444 1232
          652 653 699 698 1418 1419 1445 1444
          401 698 700 404 1232 1444 1446 1235
          698 699 701 700 1444 1445 1447 1446
          404 700 702 407 1235 1446 1448 1238
          700 701 703 702 1446 1447 1449 1448
          407 702 704 410 1238 1448 1450 1241
          702 703 705 704 1448 1449 1451 1450
          410 704 706 413 1241 1450 1452 1244
          704 705 707 706 1450 1451 1453 1452
          413 706 708 416 1244 1452 1454 1247
          706 707 709 708 1452 1453 1455 1454
          416 708 710 419 1247 1454 1456 1250
          708 709 711 710 1454 1455 1457 1456
          419 710 712 422 1250 1456 1458 1253
          710 711 713 712 1456 1457 1459 1458
          422 712 714 425 1253 1458 1460 1256
          712 713 715 714 1458 1459 1461 1460
          425 714 716 428 1256 1460 1462 1259
          714 715 717 716 1460 1461 1463 1462
          428 716 718 431 1259 1462 1464 1262
          716 717 719 718 1462 1463 1465 1464
          431 718 484 82 1262 1464 1296 1012
          718 719 486 484 1464 1465 1298 1296
          1193 1418 1444 1232 1229 1442 1466 1265
          1418 1419 1445 1444 1442 1443 1467 1466
          1232 1444 1446 1235 1265 1466 1468 1268
          1444 1445 1447 1446 1466 1467 1469 1468
          1235 1446 1448 1238 1268 1468 1470 1271
          1446 1447 1449 1448 1468 1469 1471 1470
          1238 1448 1450 1241 1271 1470 1472 1274
          1448 1449 1451 1450 1470 1471 1473 1472
          1241 1450 1452 1244 1274 1472 1474 1277
          1450 1451 1453 1452 1472 1473 1475 1474
          1244 1452 1454 1247 1277 1474 1476 1280
          1452 1453 1455 1454 1474 1475 1477 1476
          1247 1454 1456 1250 1280 1476 1478 1283
          1454 1455 1457 1456 1476 1477 1479 1478
          1250 1456 1458 1253 1283 1478 1480 1286
          1456 1457 1459 1458 1478 1479 1481 1480
          1253 1458 1460 1256 1286 1480 1482 1289
          1458 1459 1461 1460 1480 1481 1483 1482
          1256 1460 1462 1259 1289 1482 1484 1292
          1460 1461 1463 1462 1482 1483 1485 1484
          1259 1462 1464 1262 1292 1484 1486 1295
          1462 1463 1465 1464 1484 1485 1487 1486
          1262 1464 1296 1012 1295 1486 1322 1051
          1464 1465 1298 1296 1486 1487 1324 1322
          486 772 773 487 1298 1488 1489 1299
          772 774 775 773 1488 1490 1491 1489
          487 773 776 489 1299 1489 1492 1301
          773 775 777 776 1489 1491 1493 1492
          489 776 778 491 1301 1492 1494 1303
          776 777 779 778 1492 1493 1495 1494
          491 778 780 493 1303 1494 1496 1305
          778 779 781 780 1494 1495 1497 1496
          493 780 782 495 1305 1496 1498 1307
          780 781 783 782 1496 1497 1499 1498
          495 782 784 497 1307 1498 1500 1309
          782 783 785 784 1498 1499 1501 1500
          497 784 786 499 1309 1500 1502 1311
          784 785 787 786 1500 1501 1503 1502
          499 786 788 501 1311 1502 1504 1313
          786 787 789 788 1502 1503 1505 1504
          501 788 790 503 1313 1504 1506 1315
          788 789 791 790 1504 1505 1507 1506
          503 790 792 505 1315 1506 1508 1317
          790 791 793 792 1506 1507 1509 1508
          505 792 794 507 1317 1508 1510 1319
          792 793 795 794 1508 1509 1511 1510
          507 794 796 509 1319 1510 1512 1321
          794 795 797 796 1510 1511 1513 1512
          1298 1488 1489 1299 1324 1514 1515 1325
          1488 1490 1491 1489 1514 1516 1517 1515
          1299 1489 1492 1301 1325 1515 1518 1327
          1489 1491 1493 1492 1515 1517 1519 1518
          1301 1492 1494 1303 1327 1518 1520 1329
          1492 1493 1495 1494 1518 1519 1521 1520
          1303 1494 1496 1305 1329 1520 1522 1331
          1494 1495 1497 1496 1520 1521 1523 1522
          1305 1496 1498 1307 1331 1522 1524 1333
          1496 1497 1499 1498 1522 1523 1525 1524
          1307 1498 1500 1309 1333 1524 1526 1335
          1498 1499 1501 1500 1524 1525 1527 1526
          1309 1500 1502 1311 1335 1526 1528 1337
          1500 1501 1503 1502 1526 1527 1529 1528
          1311 1502 1504 1313 1337 1528 1530 1339
          1502 1503 1505 1504 1528 1529 1531 1530
          1313 1504 1506 1315 1339 1530 1532 1341
          1504 1505 1507 1506 1530 1531 1533 1532
          1315 1506 1508 1317 1341 1532 1534 1343
          1506 1507 1509 1508 1532 1533 1535 1534
          1317 1508 1510 1319 1343 1534 1536 1345
          1508 1509 1511 1510 1534 1535 1537 1536
          1319 1510 1512 1321 1345 1536 1538 1347
          1510 1511 1513 1512 1536 1537 1539 1538
          509 796 846 559 1321 1512 1540 1349
          796 797 847 846 1512 1513 1541 1540
          559 846 848 561 1349 1540 1542 1351
          846 847 849 848 1540 1541 1543 1542
          561 848 850 563 1351 1542 1544 1353
          848 849 851 850 1542 1543 1545 1544
          563 850 852 565 1353 1544 1546 1355
          850 851 853 852 1544 1545 1547 1546
          565 852 854 567 1355 1546 1548 1357
          852 853 855 854 1546 1547 1549 1548
          567 854 856 569 1357 1548 1550 1359
          854 855 857 856 1548 1549 1551 1550
          569 856 858 571 1359 1550 1552 1361
          856 857 859 858 1550 1551 1553 1552
          571 858 860 573 1361 1552 1554 1363
          858 859 861 860 1552 1553 1555 1554
          573 860 862 575 1363 1554 1556 1365
          860 861 863 862 1554 1555 1557 1556
          575 862 864 577 1365 1556 1558 1367
          862 863 865 864 1556 1557 1559 1558
          577 864 866 579 1367 1558 1560 1369
          864 865 867 866 1558 1559 1561 1560
          579 866 868 581 1369 1560 1562 1371
          866 867 869 868 1560 1561 1563 1562
          1321 1512 1540 1349 1347 1538 1564 1373
          1512 1513 1541 1540 1538 1539 1565 1564
          1349 1540 1542 1351 1373 1564 1566 1375
          1540 1541 1543 1542 1564 1565 1567 1566
          1351 1542 1544 1353 1375 1566 1568 1377
          1542 1543 1545 1544 1566 1567 1569 1568
          1353 1544 1546 1355 1377 1568 1570 1379
          1544 1545 1547 1546 1568 1569 1571 1570
          1355 1546 1548 1357 1379 1570 1572 1381
          1546 1547 1549 1548 1570 1571 1573 1572
          1357 1548 1550 1359 1381 1572 1574 1383
          1548 1549 1551 1550 1572 1573 1575 1574
          1359 1550 1552 1361 1383 1574 1576 1385
          1550 1551 1553 1552 1574 1575 1577 1576
          1361 1552 1554 1363 1385 1576 1578 1387
          1552 1553 1555 1554 1576 1577 1579 1578
          1363 1554 1556 1365 1387 1578 1580 1389
          1554 1555 1557 1556 1578 1579 1581 1580
          1365 1556 1558 1367 1389 1580 1582 1391
          1556 1557 1559 1558 1580 1581 1583 1582
          1367 1558 1560 1369 1391 1582 1584 1393
          1558 1559 1561 1560 1582 1583 1585 1584
          1369 1560 1562 1371 1393 1584 1586 1395
          1560 1561 1563 1562 1584 1585 1587 1586
          581 868 918 631 1371 1562 1588 1397
          868 869 919 918 1562 1563 1589 1588
          631 918 920 633 1397 1588 1590 1399
          918 919 921 920 1588 1589 1591 1590
          633 920 922 635 1399 1590 1592 1401
          920 921 923 922 1590 1591 1593 1592
          635 922 924 637 1401 1592 1594 1403
          922 923 925 924 1592 1593 1595 1594
          637 924 926 639 1403 1594 1596 1405
          924 925 927 926 1594 1595 1597 1596
          639 926 928 641 1405 1596 1598 1407
          926 927 929 928 1596 1597 1599 1598
          641 928 930 643 1407 1598 1600 1409
          928 929 931 930 1598 1599 1601 1600
          643 930 932 645 1409 1600 1602 1411
          930 931 933 932 1600 1601 1603 1602
          645 932 934 647 1411 1602 1604 1413
          932 933 935 934 1602 1603 1605 1604
          647 934 936 649 1413 1604 1606 1415
          934 935 937 936 1604 1605 1607 1606
          649 936 938 651 1415 1606 1608 1417
          936 937 939 938 1606 1607 1609 1608
          651 938 940 653 1417 1608 1610 1419
          938 939 941 940 1608 1609 1611 1610
          1371 1562 1588 1397 1395 1586 1612 1421
          1562 1563 1589 1588 1586 1587 1613 1612
          1397 1588 1590 1399 1421 1612 1614 1423
          1588 1589 1591 1590 1612 1613 1615 1614
          1399 1590 1592 1401 1423 1614 1616 1425
          1590 1591 1593 1592 1614 1615 1617 1616
          1401 1592 1594 1403 1425 1616 1618 1427
          1592 1593 1595 1594 1616 1617 1619 1618
          1403 1594 1596 1405 1427 1618 1620 1429
          1594 1595 1597 1596 1618 1619 1621 1620
          1405 1596 1598 1407 1429 1620 1622 1431
          1596 1597 1599 1598 1620 1621 1623 1622
          1407 1598 1600 1409 1431 1622 1624 1433
          1598 1599 1601 1600 1622 1623 1625 1624
          1409 1600 1602 1411 1433 1624 1626 1435
          1600 1601 1603 1602 1624 1625 1627 1626
          1411 1602 1604 1413 1435 1626 1628 1437
          1602 1603 1605 1604 1626 1627 1629 1628
          1413 1604 1606 1415 1437 1628 1630 1439
          1604 1605 1607 1606 1628 1629 1631 1630
          1415 1606 1608 1417 1439 1630 1632 1441
          1606 1607 1609 1608 1630 1631 1633 1632
          1417 1608 1610 1419 1441 1632 1634 1443
          1608 1609 1611 1610 1632 1633 1635 1634
          653 940 986 699 1419 1610 1636 1445
          940 941 987 986 1610 1611 1637 1636
          699 986 988 701 1445 1636 1638 1447
          986 987 989 988 1636 1637 1639 1638
          701 988 990 703 1447 1638 1640 1449
          988 989 991 990 1638 1639 1641 1640
          703 990 992 705 1449 1640 1642 1451
          990 991 993 992 1640 1641 1643 1642
          705 992 994 707 1451 1642 1644 1453
          992 993 995 994 1642 1643 1645 1644
          707 994 996 709 1453 1644 1646 1455
          994 995 997 996 1644 1645 1647 1646
          709 996 998 711 1455 1646 1648 1457
          996 997 999 998 1646 1647 1649 1648
          711 998 1000 713 1457 1648 1650 1459
          998 999 1001 1000 1648 1649 1651 1650
          713 1000 1002 715 1459 1650 1652 1461
          1000 1001 1003 1002 1650 1651 1653 1652
          715 1002 1004 717 1461 1652 1654 1463
          1002 1003 1005 1004 1652 1653 1655 1654
          717 1004 1006 719 1463 1654 1656 1465
          1004 1005 1007 1006 1654 1655 1657 1656
          719 1006 772 486 1465 1656 1488 1298
          1006 1007 774 772 1656 1657 1490 1488
          1419 1610 1636 1445 1443 1634 1658 1467
          1610 1611 1637 1636 1634 1635 1659 1658
          1445 1636 1638 1447 1467 1658 1660 1469
          1636 1637 1639 1638 1658 1659 1661 1660
          1447 1638 1640 1449 1469 1660 1662 1471
          1638 1639 1641 1640 1660 1661 1663 1662
          1449 1640 1642 1451 1471 1662 1664 1473
          1640 1641 1643 1642 1662 1663 1665 1664
          1451 1642 1644 1453 1473 1664 1666 1475
          1642 1643 1645 1644 1664 1665 1667 1666
          1453 1644 1646 1455 1475 1666 1668 1477
          1644 1645 1647 1646 1666 1667 1669 1668
          1455 1646 1648 1457 1477 1668 1670 1479
          1646 1647 1649 1648 1668 1669 1671 1670
          1457 1648 1650 1459 1479 1670 1672 1481
          1648 1649 1651 1650 1670 1671 1673 1672
          1459 1650 1652 1461 1481 1672 1674 1483
          1650 1651 1653 1652 1672 1673 1675 1674
          1461 1652 1654 1463 1483 1674 1676 1485
          1652 1653 1655 1654 1674 1675 1677 1676
          1463 1654 1656 1465 1485 1676 1678 1487
          1654 1655 1657 1656 1676 1677 1679 1678
          1465 1656 1488 1298 1487 1678 1514 1324
          1656 1657 1490 1488 1678 1679 1516 1514
          1047 1048 1049 1050 1680 1681 1682 1683
          1048 1051 1052 1049 1681 1684 1685 1682
          1050 1049 1053 1054 1683 1682 1686 1687
          1049 1052 1055 1053 1682 1685 1688 1686
          1054 1053 1056 1057 1687 1686 1689 1690
          1053 1055 1058 1056 1686 1688 1691 1689
          1057 1056 1059 1060 1690 1689 1692 1693
          1056 1058 1061 1059 1689 1691 1694 1692
          1060 1059 1062 1063 1693 1692 1695 1696
          1059 1061 1064 1062 1692 1694 1697 1695
          1063 1062 1065 1066 1696 1695 1698 1699
          1062 1064 1067 1065 1695 1697 1700 1698
          1066 1065 1068 1069 1699 1698 1701 1702
          1065 1067 1070 1068 1698 1700 1703 1701
          1069 1068 1071 1072 1702 1701 1704 1705
          1068 1070 1073 1071 1701 1703 1706 1704
          1072 1071 1074 1075 1705 1704 1707 1708
          1071 1073 1076 1074 1704 1706 1709 1707
          1075 1074 1077 1078 1708 1707 1710 1711
          1074 1076 1079 1077 1707 1709 1712 1710
          1078 1077 1080 1081 1711 1710 1713 1714
          1077 1079 1082 1080 1710 1712 1715 1713
          1081 1080 1083 1084 1714 1713 1716 1717
          1080 1082 1085 1083 1713 1715 1718 1716
          1680 1681 1682 1683 1719 1720 1721 1722
          1681 1684 1685 1682 1720 1723 1724 1721
          1683 1682 1686 1687 1722 1721 1725 1726
          1682 1685 1688 1686 1721 1724 1727 1725
          1687 1686 1689 1690 1726 1725 1728 1729
          1686 1688 1691 1689 1725 1727 1730 1728
          1690 1689 1692 1693 1729 1728 1731 1732
          1689 1691 1694 1692 1728 1730 1733 1731
          1693 1692 1695 1696 1732 1731 1734 1735
          1692 1694 1697 1695 1731 1733 1736 1734
          1696 1695 1698 1699 1735 1734 1737 1738
          1695 1697 1700 1698 1734 1736 1739 1737
          1699 1698 1701 1702 1738 1737 1740 1741
          1698 1700 1703 1701 1737 1739 1742 1740
          1702 1701 1704 1705 1741 1740 1743 1744
          1701 1703 1706 1704 1740 1742 1745 1743
          1705 1704 1707 1708 1744 1743 1746 1747
          1704 1706 1709 1707 1743 1745 1748 1746
          1708 1707 1710 1711 1747 1746 1749 1750
          1707 1709 1712 1710 1746 1748 1751 1749
          1711 1710 1713 1714 1750 1749 1752 1753
          1710 1712 1715 1713 1749 1751 1754 1752
          1714 1713 1716 1717 1753 1752 1755 1756
          1713 1715 1718 1716 1752 1754 1757 1755
          1084 1083 1122 1123 1717 1716 1758 1759
          1083 1085 1124 1122 1716 1718 1760 1758
          1123 1122 1125 1126 1759 1758 1761 1762
          1122 1124 1127 1125 1758 1760 1763 1761
          1126 1125 1128 1129 1762 1761 1764 1765
          1125 1127 1130 1128 1761 1763 1766 1764
          1129 1128 1131 1132 1765 1764 1767 1768
          1128 1130 1133 1131 1764 1766 1769 1767
          1132 1131 1134 1135 1768 1767 1770 1771
          1131 1133 1136 1134 1767 1769 1772 1770
          1135 1134 1137 1138 1771 1770 1773 1774
          1134 1136 1139 1137 1770 1772 1775 1773
          1138 1137 1140 1141 1774 1773 1776 1777
          1137 1139 1142 1140 1773 1775 1778 1776
          1141 1140 1143 1144 1777 1776 1779 1780
          1140 1142 1145 1143 1776 1778 1781 1779
          1144 1143 1146 1147 1780 1779 1782 1783
          1143 1145 1148 1146 1779 1781 1784 1782
          1147 1146 1149 1150 1783 1782 1785 1786
          1146 1148 1151 1149 1782 1784 1787 1785
          1150 1149 1152 1153 1786 1785 1788 1789
          1149 1151 1154 1152 1785 1787 1790 1788
          1153 1152 1155 1156 1789 1788 1791 1792
          1152 1154 1157 1155 1788 1790 1793 1791
          1717 1716 1758 1759 1756 1755 1794 1795
          1716 1718 1760 1758 1755 1757 1796 1794
          1759 1758 1761 1762 1795 1794 1797 1798
          1758 1760 1763 1761 1794 1796 1799 1797
          1762 1761 1764 1765 1798 1797 1800 1801
          1761 1763 1766 1764 1797 1799 1802 1800
          1765 1764 1767 1768 1801 1800 1803 1804
          1764 1766 1769 1767 1800 1802 1805 1803
          1768 1767 1770 1771 1804 1803 1806 1807
          1767 1769 1772 1770 1803 1805 1808 1806
          1771 1770 1773 1774 1807 1806 1809 1810
          1770 1772 1775 1773 1806 1808 1811 1809
          1774 1773 1776 1777 1810 1809 1812 1813
          1773 1775 1778 1776 1809 1811 1814 1812
          1777 1776 1779 1780 1813 1812 1815 1816
          1776 1778 1781 1779 1812 1814 1817 1815
          1780 1779 1782 1783 1816 1815 1818 1819
          1779 1781 1784 1782 1815 1817 1820 1818
          1783 1782 1785 1786 1819 1818 1821 1822
          1782 1784 1787 1785 1818 1820 1823 1821
          1786 1785 1788 1789 1822 1821 1824 1825
          1785 1787 1790 1788 1821 1823 1826 1824
          1789 1788 1791 1792 1825 1824 1827 1828
          1788 1790 1793 1791 1824 1826 1829 1827
          1156 1155 1194 1195 1792 1791 1830 1831
          1155 1157 1196 1194 1791 1793 1832 1830
          1195 1194 1197 1198 1831 1830 1833 1834
          1194 1196 1199 1197 1830 1832 1835 1833
          1198 1197 1200 1201 1834 1833 1836 1837
          1197 1199 1202 1200 1833 1835 1838 1836
          1201 1200 1203 1204 1837 1836 1839 1840
          1200 1202 1205 1203 1836 1838 1841 1839
          1204 1203 1206 1207 1840 1839 1842 1843
          1203 1205 1208 1206 1839 1841 1844 1842
          1207 1206 1209 1210 1843 1842 1845 1846
          1206 1208 1211 1209 1842 1844 1847 1845
          1210 1209 1212 1213 1846 1845 1848 1849
          1209 1211 1214 1212 1845 1847 1850 1848
          1213 1212 1215 1216 1849 1848 1851 1852
          1212 1214 1217 1215 1848 1850 1853 1851
          1216 1215 1218 1219 1852 1851 1854 1855
          1215 1217 1220 1218 1851 1853 1856 1854
          1219 1218 1221 1222 1855 1854 1857 1858
          1218 1220 1223 1221 1854 1856 1859 1857
          1222 1221 1224 1225 1858 1857 1860 1861
          1221 1223 1226 1224 1857 1859 1862 1860
          1225 1224 1227 1228 1861 1860 1863 1864
          1224 1226 1229 1227 1860 1862 1865 1863
          1792 1791 1830 1831 1828 1827 1866 1867
          1791 1793 1832 1830 1827 1829 1868 1866
          1831 1830 1833 1834 1867 1866 1869 1870
          1830 1832 1835 1833 1866 1868 1871 1869
          1834 1833 1836 1837 1870 1869 1872 1873
          1833 1835 1838 1836 1869 1871 1874 1872
          1837 1836 1839 1840 1873 1872 1875 1876
          1836 1838 1841 1839 1872 1874 1877 1875
          1840 1839 1842 1843 1876 1875 1878 1879
          1839 1841 1844 1842 1875 1877 1880 1878
          1843 1842 1845 1846 1879 1878 1881 1882
          1842 1844 1847 1845 1878 1880 1883 1881
          1846 1845 1848 1849 1882 1881 1884 1885
          1845 1847 1850 1848 1881 1883 1886 1884
          1849 1848 1851 1852 1885 1884 1887 1888
          1848 1850 1853 1851 1884 1886 1889 1887
          1852 1851 1854 1855 1888 1887 1890 1891
          1851 1853 1856 1854 1887 1889 1892 1890
          1855 1854 1857 1858 1891 1890 1893 1894
          1854 1856 1859 1857 1890 1892 1895 1893
          1858 1857 1860 1861 1894 1893 1896 1897
          1857 1859 1862 1860 1893 1895 1898 1896
          1861 1860 1863 1864 1897 1896 1899 1900
          1860 1862 1865 1863 1896 1898 1901 1899
          1228 1227 1263 1264 1864 1863 1902 1903
          1227 1229 1265 1263 1863 1865 1904 1902
          1264 1263 1266 1267 1903 1902 1905 1906
          1263 1265 1268 1266 1902 1904 1907 1905
          1267 1266 1269 1270 1906 1905 1908 1909
          1266 1268 1271 1269 1905 1907 1910 1908
          1270 1269 1272 1273 1909 1908 1911 1912
          1269 1271 1274 1272 1908 1910 1913 1911
          1273 1272 1275 1276 1912 1911 1914 1915
          1272 1274 1277 1275 1911 1913 1916 1914
          1276 1275 1278 1279 1915 1914 1917 1918
          1275 1277 1280 1278 1914 1916 1919 1917
          1279 1278 1281 1282 1918 1917 1920 1921
          1278 1280 1283 1281 1917 1919 1922 1920
          1282 1281 1284 1285 1921 1920 1923 1924
          1281 1283 1286 1284 1920 1922 1925 1923
          1285 1284 1287 1288 1924 1923 1926 1927
          1284 1286 1289 1287 1923 1925 1928 1926
          1288 1287 1290 1291 1927 1926 1929 1930
          1287 1289 1292 1290 1926 1928 1931 1929
          1291 1290 1293 1294 1930 1929 1932 1933
          1290 1292 1295 1293 1929 1931 1934 1932
          1294 1293 1048 1047 1933 1932 1681 1680
          1293 1295 1051 1048 1932 1934 1684 1681
          1864 1863 1902 1903 1900 1899 1935 1936
          1863 1865 1904 1902 1899 1901 1937 1935
          1903 1902 1905 1906 1936 1935 1938 1939
          1902 1904 1907 1905 1935 1937 1940 1938
          1906 1905 1908 1909 1939 1938 1941 1942
          1905 1907 1910 1908 1938 1940 1943 1941
          1909 1908 1911 1912 1942 1941 1944 1945
          1908 1910 1913 1911 1941 1943 1946 1944
          1912 1911 1914 1915 1945 1944 1947 1948
          1911 1913 1916 1914 1944 1946 1949 1947
          1915 1914 1917 1918 1948 1947 1950 1951
          1914 1916 1919 1917 1947 1949 1952 1950
          1918 1917 1920 1921 1951 1950 1953 1954
          1917 1919 1922 1920 1950 1952 1955 1953
          1921 1920 1923 1924 1954 1953 1956 1957
          1920 1922 1925 1923 1953 1955 1958 1956
          1924 1923 1926 1927 1957 1956 1959 1960
          1923 1925 1928 1926 1956 1958 1961 1959
          1927 1926 1929 1930 1960 1959 1962 1963
          1926 1928 1931 1929 1959 1961 1964 1962
          1930 1929 1932 1933 1963 1962 1965 1966
          1929 1931 1934 1932 1962 1964 1967 1965
          1933 1932 1681 1680 1966 1965 1720 1719
          1932 1934 1684 1681 1965 1967 1723 1720
          1051 1322 1323 1052 1684 1968 1969 1685
          1322 1324 1325 1323 1968 1970 1971 1969
          1052 1323 1326 1055 1685 1969 1972 1688
          1323 1325 1327 1326 1969 1971 1973 1972
          1055 1326 1328 1058 1688 1972 1974 1691
          1326 1327 1329 1328 1972 1973 1975 1974
          1058 1328 1330 1061 1691 1974 1976 1694
          1328 1329 1331 1330 1974 1975 1977 1976
          1061 1330 1332 1064 1694 1976 1978 1697
          1330 1331 1333 1332 1976 1977 1979 1978
          1064 1332 1334 1067 1697 1978 1980 1700
          1332 1333 1335 1334 1978 1979 1981 1980
          1067 1334 1336 1070 1700 1980 1982 1703
          1334 1335 1337 1336 1980 1981 1983 1982
          1070 1336 1338 1073 1703 1982 1984 1706
          1336 1337 1339 1338 1982 1983 1985 1984
          1073 1338 1340 1076 1706 1984 1986 1709
          1338 1339 1341 1340 1984 1985 1987 1986
          1076 1340 1342 1079 1709 1986 1988 1712
          1340 1341 1343 1342 1986 1987 1989 1988
          1079 1342 1344 1082 1712 1988 1990 1715
          1342 1343 1345 1344 1988 1989 1991 1990
          1082 1344 1346 1085 1715 1990 1992 1718
          1344 1345 1347 1346 1990 1991 1993 1992
          1684 1968 1969 1685 1723 1994 1995 1724
          1968 1970 1971 1969 1994 1996 1997 1995
          1685 1969 1972 1688 1724 1995 1998 1727
          1969 1971 1973 1972 1995 1997 1999 1998
          1688 1972 1974 1691 1727 1998 2000 1730
          1972 1973 1975 1974 1998 1999 2001 2000
          1691 1974 1976 1694 1730 2000 2002 1733
          1974 1975 1977 1976 2000 2001 2003 2002
          1694 1976 1978 1697 1733 2002 2004 1736
          1976 1977 1979 1978 2002 2003 2005 2004
          1697 1978 1980 1700 1736 2004 2006 1739
          1978 1979 1981 1980 2004 2005 2007 2006
          1700 1980 1982 1703 1739 2006 2008 1742
          1980 1981 1983 1982 2006 2007 2009 2008
          1703 1982 1984 1706 1742 2008 2010 1745
          1982 1983 1985 1984 2008 2009 2011 2010
          1706 1984 1986 1709 1745 2010 2012 1748
          1984 1985 1987 1986 2010 2011 2013 2012
          1709 1986 1988 1712 1748 2012 2014 1751
          1986 1987 1989 1988 2012 2013 2015 2014
          1712 1988 1990 1715 1751 2014 2016 1754
          1988 1989 1991 1990 2014 2015 2017 2016
          1715 1990 1992 1718 1754 2016 2018 1757
          1990 1991 1993 1992 2016 2017 2019 2018
          1085 1346 1372 1124 1718 1992 2020 1760
          1346 1347 1373 1372 1992 1993 2021 2020
          1124 1372 1374 1127 1760 2020 2022 1763
          1372 1373 1375 1374 2020 2021 2023 2022
          1127 1374 1376 1130 1763 2022 2024 1766
          1374 1375 1377 1376 2022 2023 2025 2024
          1130 1376 1378 1133 1766 2024 2026 1769
          1376 1377 1379 1378 2024 2025 2027 2026
          1133 1378 1380 1136 1769 2026 2028 1772
          1378 1379 1381 1380 2026 2027 2029 2028
          1136 1380 1382 1139 1772 2028 2030 1775
          1380 1381 1383 1382 2028 2029 2031 2030
          1139 1382 1384 1142 1775 2030 2032 1778
          1382 1383 1385 1384 2030 2031 2033 2032
          1142 1384 1386 1145 1778 2032 2034 1781
          1384 1385 1387 1386 2032 2033 2035 2034
          1145 1386 1388 1148 1781 2034 2036 1784
          1386 1387 1389 1388 2034 2035 2037 2036
          1148 1388 1390 1151 1784 2036 2038 1787
          1388 1389 1391 1390 2036 2037 2039 2038
          1151 1390 1392 1154 1787 2038 2040 1790
          1390 1391 1393 1392 2038 2039 2041 2040
          1154 1392 1394 1157 1790 2040 2042 1793
          1392 1393 1395 1394 2040 2041 2043 2042
          1718 1992 2020 1760 1757 2018 2044 1796
          1992 1993 2021 2020 2018 2019 2045 2044
          1760 2020 2022 1763 1796 2044 2046 1799
          2020 2021 2023 2022 2044 2045 2047 2046
          1763 2022 2024 1766 1799 2046 2048 1802
          2022 2023 2025 2024 2046 2047 2049 2048
          1766 2024 2026 1769 1802 2048 2050 1805
          2024 2025 2027 2026 2048 2049 2051 2050
          1769 2026 2028 1772 1805 2050 2052 1808
          2026 2027 2029 2028 2050 2051 2053 2052
          1772 2028 2030 1775 1808 2052 2054 1811
          2028 2029 2031 2030 2052 2053 2055 2054
          1775 2030 2032 1778 1811 2054 2056 1814
          2030 2031 2033 2032 2054 2055 2057 2056
          1778 2032 2034 1781 1814 2056 2058 1817
          2032 2033 2035 2034 2056 2057 2059 2058
          1781 2034 2036 1784 1817 2058 2060 1820
          2034 2035 2037 2036 2058 2059 2061 2060
          1784 2036 2038 1787 1820 2060 2062 1823
          2036 2037 2039 2038 2060 2061 2063 2062
          1787 2038 2040 1790 1823 2062 2064 1826
          2038 2039 2041 2040 2062 2063 2065 2064
          1790 2040 2042 1793 1826 2064 2066 1829
          2040 2041 2043 2042 2064 2065 2067 2066
          1157 1394 1420 1196 1793 2042 2068 1832
          1394 1395 1421 1420 2042 2043 2069 2068
          1196 1420 1422 1199 1832 2068 2070 1835
          1420 1421 1423 1422 2068 2069 2071 2070
          1199 1422 1424 1202 1835 2070 2072 1838
          1422 1423 1425 1424 2070 2071 2073 2072
          1202 1424 1426 1205 1838 2072 2074 1841
          1424 1425 1427 1426 2072 2073 2075 2074
          1205 1426 1428 1208 1841 2074 2076 1844
          1426 1427 1429 1428 2074 2075 2077 2076
          1208 1428 1430 1211 1844 2076 2078 1847
          1428 1429 1431 1430 2076 2077 2079 2078
          1211 1430 1432 1214 1847 2078 2080 1850
          1430 1431 1433 1432 2078 2079 2081 2080
          1214 1432 1434 1217 1850 2080 2082 1853
          1432 1433 1435 1434 2080 2081 2083 2082
          1217 1434 1436 1220 1853 2082 2084 1856
          1434 1435 1437 1436 2082 2083 2085 2084
          1220 1436 1438 1223 1856 2084 2086 1859
          1436 1437 1439 1438 2084 2085 2087 2086
          1223 1438 1440 1226 1859 2086 2088 1862
          1438 1439 1441 1440 2086 2087 2089 2088
          1226 1440 1442 1229 1862 2088 2090 1865
          1440 1441 1443 1442 2088 2089 2091 2090
          1793 2042 2068 1832 1829 2066 2092 1868
          2042 2043 2069 2068 2066 2067 2093 2092
          1832 2068 2070 1835 1868 2092 2094 1871
          2068 2069 2071 2070 2092 2093 2095 2094
          1835 2070 2072 1838 1871 2094 2096 1874
          2070 2071 2073 2072 2094 2095 2097 2096
          1838 2072 2074 1841 1874 2096 2098 1877
          2072 2073 2075 2074 2096 2097 2099 2098
          1841 2074 2076 1844 1877 2098 2100 1880
          2074 2075 2077 2076 2098 2099 2101 2100
          1844 2076 2078 1847 1880 2100 2102 1883
          2076 2077 2079 2078 2100 2101 2103 2102
          1847 2078 2080 1850 1883 2102 2104 1886
          2078 2079 2081 2080 2102 2103 2105 2104
          1850 2080 2082 1853 1886 2104 2106 1889
          2080 2081 2083 2082 2104 2105 2107 2106
          1853 2082 2084 1856 1889 2106 2108 1892
          2082 2083 2085 2084 2106 2107 2109 2108
          1856 2084 2086 1859 1892 2108 2110 1895
          2084 2085 2087 2086 2108 2109 2111 2110
          1859 2086 2088 1862 1895 2110 2112 1898
          2086 2087 2089 2088 2110 2111 2113 2112
          1862 2088 2090 1865 1898 2112 2114 1901
          2088 2089 2091 2090 2112 2113 2115 2114
          1229 1442 1466 1265 1865 2090 2116 1904
          1442 1443 1467 1466 2090 2091 2117 2116
          1265 1466 1468 1268 1904 2116 2118 1907
          1466 1467 1469 1468 2116 2117 2119 2118
          1268 1468 1470 1271 1907 2118 2120 1910
          1468 1469 1471 1470 2118 2119 2121 2120
          1271 1470 1472 1274 1910 2120 2122 1913
          1470 1471 1473 1472 2120 2121 2123 2122
          1274 1472 1474 1277 1913 2122 2124 1916
          1472 1473 1475 1474 2122 2123 2125 2124
          1277 1474 1476 1280 1916 2124 2126 1919
          1474 1475 1477 1476 2124 2125 2127 2126
          1280 1476 1478 1283 1919 2126 2128 1922
          1476 1477 1479 1478 2126 2127 2129 2128
          1283 1478 1480 1286 1922 2128 2130 1925
          1478 1479 1481 1480 2128 2129 2131 2130
          1286 1480 1482 1289 1925 2130 2132 1928
          1480 1481 1483 1482 2130 2131 2133 2132
          1289 1482 1484 1292 1928 2132 2134 1931
          1482 1483 1485 1484 2132 2133 2135 2134
          1292 1484 1486 1295 1931 2134 2136 1934
          1484 1485 1487 1486 2134 2135 2137 2136
          1295 1486 1322 1051 1934 2136 1968 1684
          1486 1487 1324 1322 2136 2137 1970 1968
          1865 2090 2116 1904 1901 2114 2138 1937
          2090 2091 2117 2116 2114 2115 2139 2138
          1904 2116 2118 1907 1937 2138 2140 1940
          2116 2117 2119 2118 2138 2139 2141 2140
          1907 2118 2120 1910 1940 2140 2142 1943
          2118 2119 2121 2120 2140 2141 2143 2142
          1910 2120 2122 1913 1943 2142 2144 1946
          2120 2121 2123 2122 2142 2143 2145 2144
          1913 2122 2124 1916 1946 2144 2146 1949
          2122 2123 2125 2124 2144 2145 2147 2146
          1916 2124 2126 1919 1949 2146 2148 1952
          2124 2125 2127 2126 2146 2147 2149 2148
          1919 2126 2128 1922 1952 2148 2150 1955
          2126 2127 2129 2128 2148 2149 2151 2150
          1922 2128 2130 1925 1955 2150 2152 1958
          2128 2129 2131 2130 2150 2151 2153 2152
          1925 2130 2132 1928 1958 2152 2154 1961
          2130 2131 2133 2132 2152 2153 2155 2154
          1928 2132 2134 1931 1961 2154 2156 1964
          2132 2133 2135 2134 2154 2155 2157 2156
          1931 2134 2136 1934 1964 2156 2158 1967
          2134 2135 2137 2136 2156 2157 2159 2158
          1934 2136 1968 1684 1967 2158 1994 1723
          2136 2137 1970 1968 2158 2159 1996 1994
          1723 1994 1995 1724 2160 2161 2162 2163
          1994 1996 1997 1995 2161 2164 2165 2162
          1724 1995 1998 1727 2163 2162 2166 2167
          1995 1997 1999 1998 2162 2165 2168 2166
          1727 1998 2000 1730 2167 2166 2169 2170
          1998 1999 2001 2000 2166 2168 2171 2169
          1730 2000 2002 1733 2170 2169 2172 2173
          2000 2001 2003 2002 2169 2171 2174 2172
          1733 2002 2004 1736 2173 2172 2175 2176
          2002 2003 2005 2004 2172 2174 2177 2175
          1736 2004 2006 1739 2176 2175 2178 2179
          2004 2005 2007 2006 2175 2177 2180 2178
          1739 2006 2008 1742 2179 2178 2181 2182
          2006 2007 2009 2008 2178 2180 2183 2181
          1742 2008 2010 1745 2182 2181 2184 2185
          2008 2009 2011 2010 2181 2183 2186 2184
          1745 2010 2012 1748 2185 2184 2187 2188
          2010 2011 2013 2012 2184 2186 2189 2187
          1748 2012 2014 1751 2188 2187 2190 2191
          2012 2013 2015 2014 2187 2189 2192 2190
          1751 2014 2016 1754 2191 2190 2193 2194
          2014 2015 2017 2016 2190 2192 2195 2193
          1754 2016 2018 1757 2194 2193 2196 2197
          2016 2017 2019 2018 2193 2195 2198 2196
          2160 2161 2162 2163 2199 2200 2201 2202
          2161 2164 2165 2162 2200 2203 2204 2201
          2163 2162 2166 2167 2202 2201 2205 2206
          2162 2165 2168 2166 2201 2204 2207 2205
          2167 2166 2169 2170 2206 2205 2208 2209
          2166 2168 2171 2169 2205 2207 2210 2208
          2170 2169 2172 2173 2209 2208 2211 2212
          2169 2171 2174 2172 2208 2210 2213 2211
          2173 2172 2175 2176 2212 2211 2214 2215
          2172 2174 2177 2175 2211 2213 2216 2214
          2176 2175 2178 2179 2215 2214 2217 2218
          2175 2177 2180 2178 2214 2216 2219 2217
          2179 2178 2181 2182 2218 2217 2220 2221
          2178 2180 2183 2181 2217 2219 2222 2220
          2182 2181 2184 2185 2221 2220 2223 2224
          2181 2183 2186 2184 2220 2222 2225 2223
          2185 2184 2187 2188 2224 2223 2226 2227
          2184 2186 2189 2187 2223 2225 2228 2226
          2188 2187 2190 2191 2227 2226 2229 2230
          2187 2189 2192 2190 2226 2228 2231 2229
          2191 2190 2193 2194 2230 2229 2232 2233
          2190 2192 2195 2193 2229 2231 2234 2232
          2194 2193 2196 2197 2233 2232 2235 2236
          2193 2195 2198 2196 2232 2234 2237 2235
          2199 2200 2201 2202 2238 2239 2240 2241
          2200 2203 2204 2201 2239 2242 2243 2240
          2202 2201 2205 2206 2241 2240 2244 2245
          2201 2204 2207 2205 2240 2243 2246 2244
          2206 2205 2208 2209 2245 2244 2247 2248
          2205 2207 2210 2208 2244 2246 2249 2247
          2209 2208 2211 2212 2248 2247 2250 2251
          2208 2210 2213 2211 2247 2249 2252 2250
          2212 2211 2214 2215 2251 2250 2253 2254
          2211 2213 2216 2214 2250 2252 2255 2253
          2215 2214 2217 2218 2254 2253 2256 2257
          2214 2216 2219 2217 2253 2255 2258 2256
          2218 2217 2220 2221 2257 2256 2259 2260
          2217 2219 2222 2220 2256 2258 2261 2259
          2221 2220 2223 2224 2260 2259 2262 2263
          2220 2222 2225 2223 2259 2261 2264 2262
          2224 2223 2226 2227 2263 2262 2265 2266
          2223 2225 2228 2226 2262 2264 2267 2265
          2227 2226 2229 2230 2266 2265 2268 2269
          2226 2228 2231 2229 2265 2267 2270 2268
          2230 2229 2232 2233 2269 2268 2271 2272
          2229 2231 2234 2232 2268 2270 2273 2271
          2233 2232 2235 2236 2272 2271 2274 2275
          2232 2234 2237 2235 2271 2273 2276 2274
          2238 2239 2240 2241 2277 2278 2279 2280
          2239 2242 2243 2240 2278 2281 2282 2279
          2241 2240 2244 2245 2280 2279 2283 2284
          2240 2243 2246 2244 2279 2282 2285 2283
          2245 2244 2247 2248 2284 2283 2286 2287
          2244 2246 2249 2247 2283 2285 2288 2286
          2248 2247 2250 2251 2287 2286 2289 2290
          2247 2249 2252 2250 2286 2288 2291 2289
          2251 2250 2253 2254 2290 2289 2292 2293
          2250 2252 2255 2253 2289 2291 2294 2292
          2254 2253 2256 2257 2293 2292 2295 2296
          2253 2255 2258 2256 2292 2294 2297 2295
          2257 2256 2259 2260 2296 2295 2298 2299
          2256 2258 2261 2259 2295 2297 2300 2298
          2260 2259 2262 2263 2299 2298 2301 2302
          2259 2261 2264 2262 2298 2300 2303 2301
          2263 2262 2265 2266 2302 2301 2304 2305
          2262 2264 2267 2265 2301 2303 2306 2304
          2266 2265 2268 2269 2305 2304 2307 2308
          2265 2267 2270 2268 2304 2306 2309 2307
          2269 2268 2271 2272 2308 2307 2310 2311
          2268 2270 2273 2271 2307 2309 2312 2310
          2272 2271 2274 2275 2311 2310 2313 2314
          2271 2273 2276 2274 2310 2312 2315 2313
          2277 2278 2279 2280 2316 2317 2318 2319
          2278 2281 2282 2279 2317 2320 2321 2318
          2280 2279 2283 2284 2319 2318 2322 2323
          2279 2282 2285 2283 2318 2321 2324 2322
          2284 2283 2286 2287 2323 2322 2325 2326
          2283 2285 2288 2286 2322 2324 2327 2325
          2287 2286 2289 2290 2326 2325 2328 2329
          2286 2288 2291 2289 2325 2327 2330 2328
          2290 2289 2292 2293 2329 2328 2331 2332
          2289 2291 2294 2292 2328 2330 2333 2331
          2293 2292 2295 2296 2332 2331 2334 2335
          2292 2294 2297 2295 2331 2333 2336 2334
          2296 2295 2298 2299 2335 2334 2337 2338
          2295 2297 2300 2298 2334 2336 2339 2337
          2299 2298 2301 2302 2338 2337 2340 2341
          2298 2300 2303 2301 2337 2339 2342 2340
          2302 2301 2304 2305 2341 2340 2343 2344
          2301 2303 2306 2304 2340 2342 2345 2343
          2305 2304 2307 2308 2344 2343 2346 2347
          2304 2306 2309 2307 2343 2345 2348 2346
          2308 2307 2310 2311 2347 2346 2349 2350
          2307 2309 2312 2310 2346 2348 2351 2349
          2311 2310 2313 2314 2350 2349 2352 2353
          2310 2312 2315 2313 2349 2351 2354 2352
          2316 2317 2318 2319 2355 2356 2357 2358
          2317 2320 2321 2318 2356 2359 2360 2357
          2319 2318 2322 2323 2358 2357 2361 2362
          2318 2321 2324 2322 2357 2360 2363 2361
          2323 2322 2325 2326 2362 2361 2364 2365
          2322 2324 2327 2325 2361 2363 2366 2364
          2326 2325 2328 2329 2365 2364 2367 2368
          2325 2327 2330 2328 2364 2366 2369 2367
          2329 2328 2331 2332 2368 2367 2370 2371
          2328 2330 2333 2331 2367 2369 2372 2370
          2332 2331 2334 2335 2371 2370 2373 2374
          2331 2333 2336 2334 2370 2372 2375 2373
          2335 2334 2337 2338 2374 2373 2376 2377
          2334 2336 2339 2337 2373 2375 2378 2376
          2338 2337 2340 2341 2377 2376 2379 2380
          2337 2339 2342 2340 2376 2378 2381 2379
          2341 2340 2343 2344 2380 2379 2382 2383
          2340 2342 2345 2343 2379 2381 2384 2382
          2344 2343 2346 2347 2383 2382 2385 2386
          2343 2345 2348 2346 2382 2384 2387 2385
          2347 2346 2349 2350 2386 2385 2388 2389
          2346 2348 2351 2349 2385 2387 2390 2388
          2350 2349 2352 2353 2389 2388 2391 2392
          2349 2351 2354 2352 2388 2390 2393 2391
          2355 2356 2357 2358 2394 2395 2396 2397
          2356 2359 2360 2357 2395 2398 2399 2396
          2358 2357 2361 2362 2397 2396 2400 2401
          2357 2360 2363 2361 2396 2399 2402 2400
          2362 2361 2364 2365 2401 2400 2403 2404
          2361 2363 2366 2364 2400 2402 2405 2403
          2365 2364 2367 2368 2404 2403 2406 2407
          2364 2366 2369 2367 2403 2405 2408 2406
          2368 2367 2370 2371 2407 2406 2409 2410
          2367 2369 2372 2370 2406 2408 2411 2409
          2371 2370 2373 2374 2410 2409 2412 2413
          2370 2372 2375 2373 2409 2411 2414 2412
          2374 2373 2376 2377 2413 2412 2415 2416
          2373 2375 2378 2376 2412 2414 2417 2415
          2377 2376 2379 2380 2416 2415 2418 2419
          2376 2378 2381 2379 2415 2417 2420 2418
          2380 2379 2382 2383 2419 2418 2421 2422
          2379 2381 2384 2382 2418 2420 2423 2421
          2383 2382 2385 2386 2422 2421 2424 2425
          2382 2384 2387 2385 2421 2423 2426 2424
          2386 2385 2388 2389 2425 2424 2427 2428
          2385 2387 2390 2388 2424 2426 2429 2427
          2389 2388 2391 2392 2428 2427 2430 2431
          2388 2390 2393 2391 2427 2429 2432 2430
          1757 2018 2044 1796 2197 2196 2433 2434
          2018 2019 2045 2044 2196 2198 2435 2433
          1796 2044 2046 1799 2434 2433 2436 2437
          2044 2045 2047 2046 2433 2435 2438 2436
          1799 2046 2048 1802 2437 2436 2439 2440
          2046 2047 2049 2048 2436 2438 2441 2439
          1802 2048 2050 1805 2440 2439 2442 2443
          2048 2049 2051 2050 2439 2441 2444 2442
          1805 2050 2052 1808 2443 2442 2445 2446
          2050 2051 2053 2052 2442 2444 2447 2445
          1808 2052 2054 1811 2446 2445 2448 2449
          2052 2053 2055 2054 2445 2447 2450 2448
          1811 2054 2056 1814 2449 2448 2451 2452
          2054 2055 2057 2056 2448 2450 2453 2451
          1814 2056 2058 1817 2452 2451 2454 2455
          2056 2057 2059 2058 2451 2453 2456 2454
          1817 2058 2060 1820 2455 2454 2457 2458
          2058 2059 2061 2060 2454 2456 2459 2457
          1820 2060 2062 1823 2458 2457 2460 2461
          2060 2061 2063 2062 2457 2459 2462 2460
          1823 2062 2064 1826 2461 2460 2463 2464
          2062 2063 2065 2064 2460 2462 2465 2463
          1826 2064 2066 1829 2464 2463 2466 2467
          2064 2065 2067 2066 2463 2465 2468 2466
          2197 2196 2433 2434 2236 2235 2469 2470
          2196 2198 2435 2433 2235 2237 2471 2469
          2434 2433 2436 2437 2470 2469 2472 2473
          2433 2435 2438 2436 2469 2471 2474 2472
          2437 2436 2439 2440 2473 2472 2475 2476
          2436 2438 2441 2439 2472 2474 2477 2475
          2440 2439 2442 2443 2476 2475 2478 2479
          2439 2441 2444 2442 2475 2477 2480 2478
          2443 2442 2445 2446 2479 2478 2481 2482
          2442 2444 2447 2445 2478 2480 2483 2481
          2446 2445 2448 2449 2482 2481 2484 2485
          2445 2447 2450 2448 2481 2483 2486 2484
          2449 2448 2451 2452 2485 2484 2487 2488
          2448 2450 2453 2451 2484 2486 2489 2487
          2452 2451 2454 2455 2488 2487 2490 2491
          2451 2453 2456 2454 2487 2489 2492 2490
          2455 2454 2457 2458 2491 2490 2493 2494
          2454 2456 2459 2457 2490 2492 2495 2493
          2458 2457 2460 2461 2494 2493 2496 2497
          2457 2459 2462 2460 2493 2495 2498 2496
          2461 2460 2463 2464 2497 2496 2499 2500
          2460 2462 2465 2463 2496 2498 2501 2499
          2464 2463 2466 2467 2500 2499 2502 2503
          2463 2465 2468 2466 2499 2501 2504 2502
          2236 2235 2469 2470 2275 2274 2505 2506
          2235 2237 2471 2469 2274 2276 2507 2505
          2470 2469 2472 2473 2506 2505 2508 2509
          2469 2471 2474 2472 2505 2507 2510 2508
          2473 2472 2475 2476 2509 2508 2511 2512
          2472 2474 2477 2475 2508 2510 2513 2511
          2476 2475 2478 2479 2512 2511 2514 2515
          2475 2477 2480 2478 2511 2513 2516 2514
          2479 2478 2481 2482 2515 2514 2517 2518
          2478 2480 2483 2481 2514 2516 2519 2517
          2482 2481 2484 2485 2518 2517 2520 2521
          2481 2483 2486 2484 2517 2519 2522 2520
          2485 2484 2487 2488 2521 2520 2523 2524
          2484 2486 2489 2487 2520 2522 2525 2523
          2488 2487 2490 2491 2524 2523 2526 2527
          2487 2489 2492 2490 2523 2525 2528 2526
          2491 2490 2493 2494 2527 2526 2529 2530
          2490 2492 2495 2493 2526 2528 2531 2529
          2494 2493 2496 2497 2530 2529 2532 2533
          2493 2495 2498 2496 2529 2531 2534 2532
          2497 2496 2499 2500 2533 2532 2535 2536
          2496 2498 2501 2499 2532 2534 2537 2535
          2500 2499 2502 2503 2536 2535 2538 2539
          2499 2501 2504 2502 2535 2537 2540 2538
          2275 2274 2505 2506 2314 2313 2541 2542
          2274 2276 2507 2505 2313 2315 2543 2541
          2506 2505 2508 2509 2542 2541 2544 2545
          2505 2507 2510 2508 2541 2543 2546 2544
          2509 2508 2511 2512 2545 2544 2547 2548
          2508 2510 2513 2511 2544 2546 2549 2547
          2512 2511 2514 2515 2548 2547 2550 2551
          2511 2513 2516 2514 2547 2549 2552 2550
          2515 2514 2517 2518 2551 2550 2553 2554
          2514 2516 2519 2517 2550 2552 2555 2553
          2518 2517 2520 2521 2554 2553 2556 2557
          2517 2519 2522 2520 2553 2555 2558 2556
          2521 2520 2523 2524 2557 2556 2559 2560
          2520 2522 2525 2523 2556 2558 2561 2559
          2524 2523 2526 2527 2560 2559 2562 2563
          2523 2525 2528 2526 2559 2561 2564 2562
          2527 2526 2529 2530 2563 2562 2565 2566
          2526 2528 2531 2529 2562 2564 2567 2565
          2530 2529 2532 2533 2566 2565 2568 2569
          2529 2531 2534 2532 2565 2567 2570 2568
          2533 2532 2535 2536 2569 2568 2571 2572
          2532 2534 2537 2535 2568 2570 2573 2571
          2536 2535 2538 2539 2572 2571 2574 2575
          2535 2537 2540 2538 2571 2573 2576 2574
          2314 2313 2541 2542 2353 2352 2577 2578
          2313 2315 2543 2541 2352 2354 2579 2577
          2542 2541 2544 2545 2578 2577 2580 2581
          2541 2543 2546 2544 2577 2579 2582 2580
          2545 2544 2547 2548 2581 2580 2583 2584
          2544 2546 2549 2547 2580 2582 2585 2583
          2548 2547 2550 2551 2584 2583 2586 2587
          2547 2549 2552 2550 2583 2585 2588 2586
          2551 2550 2553 2554 2587 2586 2589 2590
          2550 2552 2555 2553 2586 2588 2591 2589
          2554 2553 2556 2557 2590 2589 2592 2593
          2553 2555 2558 2556 2589 2591 2594 2592
          2557 2556 2559 2560 2593 2592 2595 2596
          2556 2558 2561 2559 2592 2594 2597 2595
          2560 2559 2562 2563 2596 2595 2598 2599
          2559 2561 2564 2562 2595 2597 2600 2598
          2563 2562 2565 2566 2599 2598 2601 2602
          2562 2564 2567 2565 2598 2600 2603 2601
          2566 2565 2568 2569 2602 2601 2604 2605
          2565 2567 2570 2568 2601 2603 2606 2604
          2569 2568 2571 2572 2605 2604 2607 2608
          2568 2570 2573 2571 2604 2606 2609 2607
          2572 2571 2574 2575 2608 2607 2610 2611
          2571 2573 2576 2574 2607 2609 2612 2610
          2353 2352 2577 2578 2392 2391 2613 2614
          2352 2354 2579 2577 2391 2393 2615 2613
          2578 2577 2580 2581 2614 2613 2616 2617
          2577 2579 2582 2580 2613 2615 2618 2616
          2581 2580 2583 2584 2617 2616 2619 2620
          2580 2582 2585 2583 2616 2618 2621 2619
          2584 2583 2586 2587 2620 2619 2622 2623
          2583 2585 2588 2586 2619 2621 2624 2622
          2587 2586 2589 2590 2623 2622 2625 2626
          2586 2588 2591 2589 2622 2624 2627 2625
          2590 2589 2592 2593 2626 2625 2628 2629
          2589 2591 2594 2592 2625 2627 2630 2628
          2593 2592 2595 2596 2629 2628 2631 2632
          2592 2594 2597 2595 2628 2630 2633 2631
          2596 2595 2598 2599 2632 2631 2634 2635
          2595 2597 2600 2598 2631 2633 2636 2634
          2599 2598 2601 2602 2635 2634 2637 2638
          2598 2600 2603 2601 2634 2636 2639 2637
          2602 2601 2604 2605 2638 2637 2640 2641
          2601 2603 2606 2604 2637 2639 2642 2640
          2605 2604 2607 2608 2641 2640 2643 2644
          2604 2606 2609 2607 2640 2642 2645 2643
          2608 2607 2610 2611 2644 2643 2646 2647
          2607 2609 2612 2610 2643 2645 2648 2646
          2392 2391 2613 2614 2431 2430 2649 2650
          2391 2393 2615 2613 2430 2432 2651 2649
          2614 2613 2616 2617 2650 2649 2652 2653
          2613 2615 2618 2616 2649 2651 2654 2652
          2617 2616 2619 2620 2653 2652 2655 2656
          2616 2618 2621 2619 2652 2654 2657 2655
          2620 2619 2622 2623 2656 2655 2658 2659
          2619 2621 2624 2622 2655 2657 2660 2658
          2623 2622 2625 2626 2659 2658 2661 2662
          2622 2624 2627 2625 2658 2660 2663 2661
          2626 2625 2628 2629 2662 2661 2664 2665
          2625 2627 2630 2628 2661 2663 2666 2664
          2629 2628 2631 2632 2665 2664 2667 2668
          2628 2630 2633 2631 2664 2666 2669 2667
          2632 2631 2634 2635 2668 2667 2670 2671
          2631 2633 2636 2634 2667 2669 2672 2670
          2635 2634 2637 2638 2671 2670 2673 2674
          2634 2636 2639 2637 2670 2672 2675 2673
          2638 2637 2640 2641 2674 2673 2676 2677
          2637 2639 2642 2640 2673 2675 2678 2676
          2641 2640 2643 2644 2677 2676 2679 2680
          2640 2642 2645 2643 2676 2678 2681 2679
          2644 2643 2646 2647 2680 2679 2682 2683
          2643 2645 2648 2646 2679 2681 2684 2682
          1829 2066 2092 1868 2467 2466 2685 2686
          2066 2067 2093 2092 2466 2468 2687 2685
          1868 2092 2094 1871 2686 2685 2688 2689
          2092 2093 2095 2094 2685 2687 2690 2688
          1871 2094 2096 1874 2689 2688 2691 2692
          2094 2095 2097 2096 2688 2690 2693 2691
          1874 2096 2098 1877 2692 2691 2694 2695
          2096 2097 2099 2098 2691 2693 2696 2694
          1877 2098 2100 1880 2695 2694 2697 2698
          2098 2099 2101 2100 2694 2696 2699 2697
          1880 2100 2102 1883 2698 2697 2700 2701
          2100 2101 2103 2102 2697 2699 2702 2700
          1883 2102 2104 1886 2701 2700 2703 2704
          2102 2103 2105 2104 2700 2702 2705 2703
          1886 2104 2106 1889 2704 2703 2706 2707
          2104 2105 2107 2106 2703 2705 2708 2706
          1889 2106 2108 1892 2707 2706 2709 2710
          2106 2107 2109 2108 2706 2708 2711 2709
          1892 2108 2110 1895 2710 2709 2712 2713
          2108 2109 2111 2110 2709 2711 2714 2712
          1895 2110 2112 1898 2713 2712 2715 2716
          2110 2111 2113 2112 2712 2714 2717 2715
          1898 2112 2114 1901 2716 2715 2718 2719
          2112 2113 2115 2114 2715 2717 2720 2718
          2467 2466 2685 2686 2503 2502 2721 2722
          2466 2468 2687 2685 2502 2504 2723 2721
          2686 2685 2688 2689 2722 2721 2724 2725
          2685 2687 2690 2688 2721 2723 2726 2724
          2689 2688 2691 2692 2725 2724 2727 2728
          2688 2690 2693 2691 2724 2726 2729 2727
          2692 2691 2694 2695 2728 2727 2730 2731
          2691 2693 2696 2694 2727 2729 2732 2730
          2695 2694 2697 2698 2731 2730 2733 2734
          2694 2696 2699 2697 2730 2732 2735 2733
          2698 2697 2700 2701 2734 2733 2736 2737
          2697 2699 2702 2700 2733 2735 2738 2736
          2701 2700 2703 2704 2737 2736 2739 2740
          2700 2702 2705 2703 2736 2738 2741 2739
          2704 2703 2706 2707 2740 2739 2742 2743
          2703 2705 2708 2706 2739 2741 2744 2742
          2707 2706 2709 2710 2743 2742 2745 2746
          2706 2708 2711 2709 2742 2744 2747 2745
          2710 2709 2712 2713 2746 2745 2748 2749
          2709 2711 2714 2712 2745 2747 2750 2748
          2713 2712 2715 2716 2749 2748 2751 2752
          2712 2714 2717 2715 2748 2750 2753 2751
          2716 2715 2718 2719 2752 2751 2754 2755
          2715 2717 2720 2718 2751 2753 2756 2754
          2503 2502 2721 2722 2539 2538 2757 2758
          2502 2504 2723 2721 2538 2540 2759 2757
          2722 2721 2724 2725 2758 2757 2760 2761
          2721 2723 2726 2724 2757 2759 2762 2760
          2725 2724 2727 2728 2761 2760 2763 2764
          2724 2726 2729 2727 2760 2762 2765 2763
          2728 2727 2730 2731 2764 2763 2766 2767
          2727 2729 2732 2730 2763 2765 2768 2766
          2731 2730 2733 2734 2767 2766 2769 2770
          2730 2732 2735 2733 2766 2768 2771 2769
          2734 2733 2736 2737 2770 2769 2772 2773
          2733 2735 2738 2736 2769 2771 2774 2772
          2737 2736 2739 2740 2773 2772 2775 2776
          2736 2738 2741 2739 2772 2774 2777 2775
          2740 2739 2742 2743 2776 2775 2778 2779
          2739 2741 2744 2742 2775 2777 2780 2778
          2743 2742 2745 2746 2779 2778 2781 2782
          2742 2744 2747 2745 2778 2780 2783 2781
          2746 2745 2748 2749 2782 2781 2784 2785
          2745 2747 2750 2748 2781 2783 2786 2784
          2749 2748 2751 2752 2785 2784 2787 2788
          2748 2750 2753 2751 2784 2786 2789 2787
          2752 2751 2754 2755 2788 2787 2790 2791
          2751 2753 2756 2754 2787 2789 2792 2790
          2539 2538 2757 2758 2575 2574 2793 2794
          2538 2540 2759 2757 2574 2576 2795 2793
          2758 2757 2760 2761 2794 2793 2796 2797
          2757 2759 2762 2760 2793 2795 2798 2796
          2761 2760 2763 2764 2797 2796 2799 2800
          2760 2762 2765 2763 2796 2798 2801 2799
          2764 2763 2766 2767 2800 2799 2802 2803
          2763 2765 2768 2766 2799 2801 2804 2802
          2767 2766 2769 2770 2803 2802 2805 2806
          2766 2768 2771 2769 2802 2804 2807 2805
          2770 2769 2772 2773 2806 2805 2808 2809
          2769 2771 2774 2772 2805 2807 2810 2808
          2773 2772 2775 2776 2809 2808 2811 2812
          2772 2774 2777 2775 2808 2810 2813 2811
          2776 2775 2778 2779 2812 2811 2814 2815
          2775 2777 2780 2778 2811 2813 2816 2814
          2779 2778 2781 2782 2815 2814 2817 2818
          2778 2780 2783 2781 2814 2816 2819 2817
          2782 2781 2784 2785 2818 2817 2820 2821
          2781 2783 2786 2784 2817 2819 2822 2820
          2785 2784 2787 2788 2821 2820 2823 2824
          2784 2786 2789 2787 2820 2822 2825 2823
          2788 2787 2790 2791 2824 2823 2826 2827
          2787 2789 2792 2790 2823 2825 2828 2826
          2575 2574 2793 2794 2611 2610 2829 2830
          2574 2576 2795 2793 2610 2612 2831 2829
          2794 2793 2796 2797 2830 2829 2832 2833
          2793 2795 2798 2796 2829 2831 2834 2832
          2797 2796 2799 2800 2833 2832 2835 2836
          2796 2798 2801 2799 2832 2834 2837 2835
          2800 2799 2802 2803 2836 2835 2838 2839
          2799 2801 2804 2802 2835 2837 2840 2838
          2803 2802 2805 2806 2839 2838 2841 2842
          2802 2804 2807 2805 2838 2840 2843 2841
          2806 2805 2808 2809 2842 2841 2844 2845
          2805 2807 2810 2808 2841 2843 2846 2844
          2809 2808 2811 2812 2845 2844 2847 2848
          2808 2810 2813 2811 2844 2846 2849 2847
          2812 2811 2814 2815 2848 2847 2850 2851
          2811 2813 2816 2814 2847 2849 2852 2850
          2815 2814 2817 2818 2851 2850 2853 2854
          2814 2816 2819 2817 2850 2852 2855 2853
          2818 2817 2820 2821 2854 2853 2856 2857
          2817 2819 2822 2820 2853 2855 2858 2856
          2821 2820 2823 2824 2857 2856 2859 2860
          2820 2822 2825 2823 2856 2858 2861 2859
          2824 2823 2826 2827 2860 2859 2862 2863
          2823 2825 2828 2826 2859 2861 2864 2862
          2611 2610 2829 2830 2647 2646 2865 2866
          2610 2612 2831 2829 2646 2648 2867 2865
          2830 2829 2832 2833 2866 2865 2868 2869
          2829 2831 2834 2832 2865 2867 2870 2868
          2833 2832 2835 2836 2869 2868 2871 2872
          2832 2834 2837 2835 2868 2870 2873 2871
          2836 2835 2838 2839 2872 2871 2874 2875
          2835 2837 2840 2838 2871 2873 2876 2874
          2839 2838 2841 2842 2875 2874 2877 2878
          2838 2840 2843 2841 2874 2876 2879 2877
          2842 2841 2844 2845 2878 2877 2880 2881
          2841 2843 2846 2844 2877 2879 2882 2880
          2845 2844 2847 2848 2881 2880 2883 2884
          2844 2846 2849 2847 2880 2882 2885 2883
          2848 2847 2850 2851 2884 2883 2886 2887
          2847 2849 2852 2850 2883 2885 2888 2886
          2851 2850 2853 2854 2887 2886 2889 2890
          2850 2852 2855 2853 2886 2888 2891 2889
          2854 2853 2856 2857 2890 2889 2892 2893
          2853 2855 2858 2856 2889 2891 2894 2892
          2857 2856 2859 2860 2893 2892 2895 2896
          2856 2858 2861 2859 2892 2894 2897 2895
          2860 2859 2862 2863 2896 2895 2898 2899
          2859 2861 2864 2862 2895 2897 2900 2898
          2647 2646 2865 2866 2683 2682 2901 2902
          2646 2648 2867 2865 2682 2684 2903 2901
          2866 2865 2868 2869 2902 2901 2904 2905
          2865 2867 2870 2868 2901 2903 2906 2904
          2869 2868 2871 2872 2905 2904 2907 2908
          2868 2870 2873 2871 2904 2906 2909 2907
          2872 2871 2874 2875 2908 2907 2910 2911
          2871 2873 2876 2874 2907 2909 2912 2910
          2875 2874 2877 2878 2911 2910 2913 2914
          2874 2876 2879 2877 2910 2912 2915 2913
          2878 2877 2880 2881 2914 2913 2916 2917
          2877 2879 2882 2880 2913 2915 2918 2916
          2881 2880 2883 2884 2917 2916 2919 2920
          2880 2882 2885 2883 2916 2918 2921 2919
          2884 2883 2886 2887 2920 2919 2922 2923
          2883 2885 2888 2886 2919 2921 2924 2922
          2887 2886 2889 2890 2923 2922 2925 2926
          2886 2888 2891 2889 2922 2924 2927 2925
          2890 2889 2892 2893 2926 2925 2928 2929
          2889 2891 2894 2892 2925 2927 2930 2928
          2893 2892 2895 2896 2929 2928 2931 2932
          2892 2894 2897 2895 2928 2930 2933 2931
          2896 2895 2898 2899 2932 2931 2934 2935
          2895 2897 2900 2898 2931 2933 2936 2934
          1901 2114 2138 1937 2719 2718 2937 2938
          2114 2115 2139 2138 2718 2720 2939 2937
          1937 2138 2140 1940 2938 2937 2940 2941
          2138 2139 2141 2140 2937 2939 2942 2940
          1940 2140 2142 1943 2941 2940 2943 2944
          2140 2141 2143 2142 2940 2942 2945 2943
          1943 2142 2144 1946 2944 2943 2946 2947
          2142 2143 2145 2144 2943 2945 2948 2946
          1946 2144 2146 1949 2947 2946 2949 2950
          2144 2145 2147 2146 2946 2948 2951 2949
          1949 2146 2148 1952 2950 2949 2952 2953
          2146 2147 2149 2148 2949 2951 2954 2952
          1952 2148 2150 1955 2953 2952 2955 2956
          2148 2149 2151 2150 2952 2954 2957 2955
          1955 2150 2152 1958 2956 2955 2958 2959
          2150 2151 2153 2152 2955 2957 2960 2958
          1958 2152 2154 1961 2959 2958 2961 2962
          2152 2153 2155 2154 2958 2960 2963 2961
          1961 2154 2156 1964 2962 2961 2964 2965
          2154 2155 2157 2156 2961 2963 2966 2964
          1964 2156 2158 1967 2965 2964 2967 2968
          2156 2157 2159 2158 2964 2966 2969 2967
          1967 2158 1994 1723 2968 2967 2161 2160
          2158 2159 1996 1994 2967 2969 2164 2161
          2719 2718 2937 2938 2755 2754 2970 2971
          2718 2720 2939 2937 2754 2756 2972 2970
          2938 2937 2940 2941 2971 2970 2973 2974
          2937 2939 2942 2940 2970 2972 2975 2973
          2941 2940 2943 2944 2974 2973 2976 2977
          2940 2942 2945 2943 2973 2975 2978 2976
          2944 2943 2946 2947 2977 2976 2979 2980
          2943 2945 2948 2946 2976 2978 2981 2979
          2947 2946 2949 2950 2980 2979 2982 2983
          2946 2948 2951 2949 2979 2981 2984 2982
          2950 2949 2952 2953 2983 2982 2985 2986
          2949 2951 2954 2952 2982 2984 2987 2985
          2953 2952 2955 2956 2986 2985 2988 2989
          2952 2954 2957 2955 2985 2987 2990 2988
          2956 2955 2958 2959 2989 2988 2991 2992
          2955 2957 2960 2958 2988 2990 2993 2991
          2959 2958 2961 2962 2992 2991 2994 2995
          2958 2960 2963 2961 2991 2993 2996 2994
          2962 2961 2964 2965 2995 2994 2997 2998
          2961 2963 2966 2964 2994 2996 2999 2997
          2965 2964 2967 2968 2998 2997 3000 3001
          2964 2966 2969 2967 2997 2999 3002 3000
          2968 2967 2161 2160 3001 3000 2200 2199
          2967 2969 2164 2161 3000 3002 2203 2200
          2755 2754 2970 2971 2791 2790 3003 3004
          2754 2756 2972 2970 2790 2792 3005 3003
          2971 2970 2973 2974 3004 3003 3006 3007
          2970 2972 2975 2973 3003 3005 3008 3006
          2974 2973 2976 2977 3007 3006 3009 3010
          2973 2975 2978 2976 3006 3008 3011 3009
          2977 2976 2979 2980 3010 3009 3012 3013
          2976 2978 2981 2979 3009 3011 3014 3012
          2980 2979 2982 2983 3013 3012 3015 3016
          2979 2981 2984 2982 3012 3014 3017 3015
          2983 2982 2985 2986 3016 3015 3018 3019
          2982 2984 2987 2985 3015 3017 3020 3018
          2986 2985 2988 2989 3019 3018 3021 3022
          2985 2987 2990 2988 3018 3020 3023 3021
          2989 2988 2991 2992 3022 3021 3024 3025
          2988 2990 2993 2991 3021 3023 3026 3024
          2992 2991 2994 2995 3025 3024 3027 3028
          2991 2993 2996 2994 3024 3026 3029 3027
          2995 2994 2997 2998 3028 3027 3030 3031
          2994 2996 2999 2997 3027 3029 3032 3030
          2998 2997 3000 3001 3031 3030 3033 3034
          2997 2999 3002 3000 3030 3032 3035 3033
          3001 3000 2200 2199 3034 3033 2239 2238
          3000 3002 2203 2200 3033 3035 2242 2239
          2791 2790 3003 3004 2827 2826 3036 3037
          2790 2792 3005 3003 2826 2828 3038 3036
          3004 3003 3006 3007 3037 3036 3039 3040
          3003 3005 3008 3006 3036 3038 3041 3039
          3007 3006 3009 3010 3040 3039 3042 3043
          3006 3008 3011 3009 3039 3041 3044 3042
          3010 3009 3012 3013 3043 3042 3045 3046
          3009 3011 3014 3012 3042 3044 3047 3045
          3013 3012 3015 3016 3046 3045 3048 3049
          3012 3014 3017 3015 3045 3047 3050 3048
          3016 3015 3018 3019 3049 3048 3051 3052
          3015 3017 3020 3018 3048 3050 3053 3051
          3019 3018 3021 3022 3052 3051 3054 3055
          3018 3020 3023 3021 3051 3053 3056 3054
          3022 3021 3024 3025 3055 3054 3057 3058
          3021 3023 3026 3024 3054 3056 3059 3057
          3025 3024 3027 3028 3058 3057 3060 3061
          3024 3026 3029 3027 3057 3059 3062 3060
          3028 3027 3030 3031 3061 3060 3063 3064
          3027 3029 3032 3030 3060 3062 3065 3063
          3031 3030 3033 3034 3064 3063 3066 3067
          3030 3032 3035 3033 3063 3065 3068 3066
          3034 3033 2239 2238 3067 3066 2278 2277
          3033 3035 2242 2239 3066 3068 2281 2278
          2827 2826 3036 3037 2863 2862 3069 3070
          2826 2828 3038 3036 2862 2864 3071 3069
          3037 3036 3039 3040 3070 3069 3072 3073
          3036 3038 3041 3039 3069 3071 3074 3072
          3040 3039 3042 3043 3073 3072 3075 3076
          3039 3041 3044 3042 3072 3074 3077 3075
          3043 3042 3045 3046 3076 3075 3078 3079
          3042 3044 3047 3045 3075 3077 3080 3078
          3046 3045 3048 3049 3079 3078 3081 3082
          3045 3047 3050 3048 3078 3080 3083 3081
          3049 3048 3051 3052 3082 3081 3084 3085
          3048 3050 3053 3051 3081 3083 3086 3084
          3052 3051 3054 3055 3085 3084 3087 3088
          3051 3053 3056 3054 3084 3086 3089 3087
          3055 3054 3057 3058 3088 3087 3090 3091
          3054 3056 3059 3057 3087 3089 3092 3090
          3058 3057 3060 3061 3091 3090 3093 3094
          3057 3059 3062 3060 3090 3092 3095 3093
          3061 3060 3063 3064 3094 3093 3096 3097
          3060 3062 3065 3063 3093 3095 3098 3096
          3064 3063 3066 3067 3097 3096 3099 3100
          3063 3065 3068 3066 3096 3098 3101 3099
          3067 3066 2278 2277 3100 3099 2317 2316
          3066 3068 2281 2278 3099 3101 2320 2317
          2863 2862 3069 3070 2899 2898 3102 3103
          2862 2864 3071 3069 2898 2900 3104 3102
          3070 3069 3072 3073 3103 3102 3105 3106
          3069 3071 3074 3072 3102 3104 3107 3105
          3073 3072 3075 3076 3106 3105 3108 3109
          3072 3074 3077 3075 3105 3107 3110 3108
          3076 3075 3078 3079 3109 3108 3111 3112
          3075 3077 3080 3078 3108 3110 3113 3111
          3079 3078 3081 3082 3112 3111 3114 3115
          3078 3080 3083 3081 3111 3113 3116 3114
          3082 3081 3084 3085 3115 3114 3117 3118
          3081 3083 3086 3084 3114 3116 3119 3117
          3085 3084 3087 3088 3118 3117 3120 3121
          3084 3086 3089 3087 3117 3119 3122 3120
          3088 3087 3090 3091 3121 3120 3123 3124
          3087 3089 3092 3090 3120 3122 3125 3123
          3091 3090 3093 3094 3124 3123 3126 3127
          3090 3092 3095 3093 3123 3125 3128 3126
          3094 3093 3096 3097 3127 3126 3129 3130
          3093 3095 3098 3096 3126 3128 3131 3129
          3097 3096 3099 3100 3130 3129 3132 3133
          3096 3098 3101 3099 3129 3131 3134 3132
          3100 3099 2317 2316 3133 3132 2356 2355
          3099 3101 2320 2317 3132 3134 2359 2356
          2899 2898 3102 3103 2935 2934 3135 3136
          2898 2900 3104 3102 2934 2936 3137 3135
          3103 3102 3105 3106 3136 3135 3138 3139
          3102 3104 3107 3105 3135 3137 3140 3138
          3106 3105 3108 3109 3139 3138 3141 3142
          3105 3107 3110 3108 3138 3140 3143 3141
          3109 3108 3111 3112 3142 3141 3144 3145
          3108 3110 3113 3111 3141 3143 3146 3144
          3112 3111 3114 3115 3145 3144 3147 3148
          3111 3113 3116 3114 3144 3146 3149 3147
          3115 3114 3117 3118 3148 3147 3150 3151
          3114 3116 3119 3117 3147 3149 3152 3150
          3118 3117 3120 3121 3151 3150 3153 3154
          3117 3119 3122 3120 3150 3152 3155 3153
          3121 3120 3123 3124 3154 3153 3156 3157
          3120 3122 3125 3123 3153 3155 3158 3156
          3124 3123 3126 3127 3157 3156 3159 3160
          3123 3125 3128 3126 3156 3158 3161 3159
          3127 3126 3129 3130 3160 3159 3162 3163
          3126 3128 3131 3129 3159 3161 3164 3162
          3130 3129 3132 3133 3163 3162 3165 3166
          3129 3131 3134 3132 3162 3164 3167 3165
          3133 3132 2356 2355 3166 3165 2395 2394
          3132 3134 2359 2356 3165 3167 2398 2395
          2394 2395 2396 2397 3168 3169 3170 3171
          2395 2398 2399 2396 3169 3172 3173 3170
          2397 2396 2400 2401 3171 3170 3174 3175
          2396 2399 2402 2400 3170 3173 3176 3174
          2401 2400 2403 2404 3175 3174 3177 3178
          2400 2402 2405 2403 3174 3176 3179 3177
          2404 2403 2406 2407 3178 3177 3180 3181
          2403 2405 2408 2406 3177 3179 3182 3180
          2407 2406 2409 2410 3181 3180 3183 3184
          2406 2408 2411 2409 3180 3182 3185 3183
          2410 2409 2412 2413 3184 3183 3186 3187
          2409 2411 2414 2412 3183 3185 3188 3186
          2413 2412 2415 2416 3187 3186 3189 3190
          2412 2414 2417 2415 3186 3188 3191 3189
          2416 2415 2418 2419 3190 3189 3192 3193
          2415 2417 2420 2418 3189 3191 3194 3192
          2419 2418 2421 2422 3193 3192 3195 3196
          2418 2420 2423 2421 3192 3194 3197 3195
          2422 2421 2424 2425 3196 3195 3198 3199
          2421 2423 2426 2424 3195 3197 3200 3198
          2425 2424 2427 2428 3199 3198 3201 3202
          2424 2426 2429 2427 3198 3200 3203 3201
          2428 2427 2430 2431 3202 3201 3204 3205
          2427 2429 2432 2430 3201 3203 3206 3204
          3168 3169 3170 3171 3207 3208 3209 3210
          3169 3172 3173 3170 3208 3211 3212 3209
          3171 3170 3174 3175 3210 3209 3213 3214
          3170 3173 3176 3174 3209 3212 3215 3213
          3175 3174 3177 3178 3214 3213 3216 3217
          3174 3176 3179 3177 3213 3215 3218 3216
          3178 3177 3180 3181 3217 3216 3219 3220
          3177 3179 3182 3180 3216 3218 3221 3219
          3181 3180 3183 3184 3220 3219 3222 3223
          3180 3182 3185 3183 3219 3221 3224 3222
          3184 3183 3186 3187 3223 3222 3225 3226
          3183 3185 3188 3186 3222 3224 3227 3225
          3187 3186 3189 3190 3226 3225 3228 3229
          3186 3188 3191 3189 3225 3227 3230 3228
          3190 3189 3192 3193 3229 3228 3231 3232
          3189 3191 3194 3192 3228 3230 3233 3231
          3193 3192 3195 3196 3232 3231 3234 3235
          3192 3194 3197 3195 3231 3233 3236 3234
          3196 3195 3198 3199 3235 3234 3237 3238
          3195 3197 3200 3198 3234 3236 3239 3237
          3199 3198 3201 3202 3238 3237 3240 3241
          3198 3200 3203 3201 3237 3239 3242 3240
          3202 3201 3204 3205 3241 3240 3243 3244
          3201 3203 3206 3204 3240 3242 3245 3243
          2431 2430 2649 2650 3205 3204 3246 3247
          2430 2432 2651 2649 3204 3206 3248 3246
          2650 2649 2652 2653 3247 3246 3249 3250
          2649 2651 2654 2652 3246 3248 3251 3249
          2653 2652 2655 2656 3250 3249 3252 3253
          2652 2654 2657 2655 3249 3251 3254 3252
          2656 2655 2658 2659 3253 3252 3255 3256
          2655 2657 2660 2658 3252 3254 3257 3255
          2659 2658 2661 2662 3256 3255 3258 3259
          2658 2660 2663 2661 3255 3257 3260 3258
          2662 2661 2664 2665 3259 3258 3261 3262
          2661 2663 2666 2664 3258 3260 3263 3261
          2665 2664 2667 2668 3262 3261 3264 3265
          2664 2666 2669 2667 3261 3263 3266 3264
          2668 2667 2670 2671 3265 3264 3267 3268
          2667 2669 2672 2670 3264 3266 3269 3267
          2671 2670 2673 2674 3268 3267 3270 3271
          2670 2672 2675 2673 3267 3269 3272 3270
          2674 2673 2676 2677 3271 3270 3273 3274
          2673 2675 2678 2676 3270 3272 3275 3273
          2677 2676 2679 2680 3274 3273 3276 3277
          2676 2678 2681 2679 3273 3275 3278 3276
          2680 2679 2682 2683 3277 3276 3279 3280
          2679 2681 2684 2682 3276 3278 3281 3279
          3205 3204 3246 3247 3244 3243 3282 3283
          3204 3206 3248 3246 3243 3245 3284 3282
          3247 3246 3249 3250 3283 3282 3285 3286
          3246 3248 3251 3249 3282 3284 3287 3285
          3250 3249 3252 3253 3286 3285 3288 3289
          3249 3251 3254 3252 3285 3287 3290 3288
          3253 3252 3255 3256 3289 3288 3291 3292
          3252 3254 3257 3255 3288 3290 3293 3291
          3256 3255 3258 3259 3292 3291 3294 3295
          3255 3257 3260 3258 3291 3293 3296 3294
          3259 3258 3261 3262 3295 3294 3297 3298
          3258 3260 3263 3261 3294 3296 3299 3297
          3262 3261 3264 3265 3298 3297 3300 3301
          3261 3263 3266 3264 3297 3299 3302 3300
          3265 3264 3267 3268 3301 3300 3303 3304
          3264 3266 3269 3267 3300 3302 3305 3303
          3268 3267 3270 3271 3304 3303 3306 3307
          3267 3269 3272 3270 3303 3305 3308 3306
          3271 3270 3273 3274 3307 3306 3309 3310
          3270 3272 3275 3273 3306 3308 3311 3309
          3274 3273 3276 3277 3310 3309 3312 3313
          3273 3275 3278 3276 3309 3311 3314 3312
          3277 3276 3279 3280 3313 3312 3315 3316
          3276 3278 3281 3279 3312 3314 3317 3315
          2683 2682 2901 2902 3280 3279 3318 3319
          2682 2684 2903 2901 3279 3281 3320 3318
          2902 2901 2904 2905 3319 3318 3321 3322
          2901 2903 2906 2904 3318 3320 3323 3321
          2905 2904 2907 2908 3322 3321 3324 3325
          2904 2906 2909 2907 3321 3323 3326 3324
          2908 2907 2910 2911 3325 3324 3327 3328
          2907 2909 2912 2910 3324 3326 3329 3327
          2911 2910 2913 2914 3328 3327 3330 3331
          2910 2912 2915 2913 3327 3329 3332 3330
          2914 2913 2916 2917 3331 3330 3333 3334
          2913 2915 2918 2916 3330 3332 3335 3333
          2917 2916 2919 2920 3334 3333 3336 3337
          2916 2918 2921 2919 3333 3335 3338 3336
          2920 2919 2922 2923 3337 3336 3339 3340
          2919 2921 2924 2922 3336 3338 3341 3339
          2923 2922 2925 2926 3340 3339 3342 3343
          2922 2924 2927 2925 3339 3341 3344 3342
          2926 2925 2928 2929 3343 3342 3345 3346
          2925 2927 2930 2928 3342 3344 3347 3345
          2929 2928 2931 2932 3346 3345 3348 3349
          2928 2930 2933 2931 3345 3347 3350 3348
          2932 2931 2934 2935 3349 3348 3351 3352
          2931 2933 2936 2934 3348 3350 3353 3351
          3280 3279 3318 3319 3316 3315 3354 3355
          3279 3281 3320 3318 3315 3317 3356 3354
          3319 3318 3321 3322 3355 3354 3357 3358
          3318 3320 3323 3321 3354 3356 3359 3357
          3322 3321 3324 3325 3358 3357 3360 3361
          3321 3323 3326 3324 3357 3359 3362 3360
          3325 3324 3327 3328 3361 3360 3363 3364
          3324 3326 3329 3327 3360 3362 3365 3363
          3328 3327 3330 3331 3364 3363 3366 3367
          3327 3329 3332 3330 3363 3365 3368 3366
          3331 3330 3333 3334 3367 3366 3369 3370
          3330 3332 3335 3333 3366 3368 3371 3369
          3334 3333 3336 3337 3370 3369 3372 3373
          3333 3335 3338 3336 3369 3371 3374 3372
          3337 3336 3339 3340 3373 3372 3375 3376
          3336 3338 3341 3339 3372 3374 3377 3375
          3340 3339 3342 3343 3376 3375 3378 3379
          3339 3341 3344 3342 3375 3377 3380 3378
          3343 3342 3345 3346 3379 3378 3381 3382
          3342 3344 3347 3345 3378 3380 3383 3381
          3346 3345 3348 3349 3382 3381 3384 3385
          3345 3347 3350 3348 3381 3383 3386 3384
          3349 3348 3351 3352 3385 3384 3387 3388
          3348 3350 3353 3351 3384 3386 3389 3387
          2935 2934 3135 3136 3352 3351 3390 3391
          2934 2936 3137 3135 3351 3353 3392 3390
          3136 3135 3138 3139 3391 3390 3393 3394
          3135 3137 3140 3138 3390 3392 3395 3393
          3139 3138 3141 3142 3394 3393 3396 3397
          3138 3140 3143 3141 3393 3395 3398 3396
          3142 3141 3144 3145 3397 3396 3399 3400
          3141 3143 3146 3144 3396 3398 3401 3399
          3145 3144 3147 3148 3400 3399 3402 3403
          3144 3146 3149 3147 3399 3401 3404 3402
          3148 3147 3150 3151 3403 3402 3405 3406
          3147 3149 3152 3150 3402 3404 3407 3405
          3151 3150 3153 3154 3406 3405 3408 3409
          3150 3152 3155 3153 3405 3407 3410 3408
          3154 3153 3156 3157 3409 3408 3411 3412
          3153 3155 3158 3156 3408 3410 3413 3411
          3157 3156 3159 3160 3412 3411 3414 3415
          3156 3158 3161 3159 3411 3413 3416 3414
          3160 3159 3162 3163 3415 3414 3417 3418
          3159 3161 3164 3162 3414 3416 3419 3417
          3163 3162 3165 3166 3418 3417 3420 3421
          3162 3164 3167 3165 3417 3419 3422 3420
          3166 3165 2395 2394 3421 3420 3169 3168
          3165 3167 2398 2395 3420 3422 3172 3169
          3352 3351 3390 3391 3388 3387 3423 3424
          3351 3353 3392 3390 3387 3389 3425 3423
          3391 3390 3393 3394 3424 3423 3426 3427
          3390 3392 3395 3393 3423 3425 3428 3426
          3394 3393 3396 3397 3427 3426 3429 3430
          3393 3395 3398 3396 3426 3428 3431 3429
          3397 3396 3399 3400 3430 3429 3432 3433
          3396 3398 3401 3399 3429 3431 3434 3432
          3400 3399 3402 3403 3433 3432 3435 3436
          3399 3401 3404 3402 3432 3434 3437 3435
          3403 3402 3405 3406 3436 3435 3438 3439
          3402 3404 3407 3405 3435 3437 3440 3438
          3406 3405 3408 3409 3439 3438 3441 3442
          3405 3407 3410 3408 3438 3440 3443 3441
          3409 3408 3411 3412 3442 3441 3444 3445
          3408 3410 3413 3411 3441 3443 3446 3444
          3412 3411 3414 3415 3445 3444 3447 3448
          3411 3413 3416 3414 3444 3446 3449 3447
          3415 3414 3417 3418 3448 3447 3450 3451
          3414 3416 3419 3417 3447 3449 3452 3450
          3418 3417 3420 3421 3451 3450 3453 3454
          3417 3419 3422 3420 3450 3452 3455 3453
          3421 3420 3169 3168 3454 3453 3208 3207
          3420 3422 3172 3169 3453 3455 3211 3208
        </DataArray>
        <DataArray type="Int64" Name="offsets" format="ascii">
          8
          16
          24
          32
          40
          48
          56
          64
          72
          80
          88
          96
          104
          112
          120
          128
          136
          144
          152
          160
          168
          176
          184
          192
          200
          208
          216
          224
          232
          240
          248
          256
          264
          272
          280
          288
          296
          304
          312
          320
          328
          336
          344
          352
          360
          368
          376
          384
          392
          400
          408
          416
          424
          432
          440
          448
          456
          464
          472
          480
          488
          496
          504
          512
          520
          528
          536
          544
          552
          560
          568
          576
          584
          592
          600
          608
          616
          624
          632
          640
          648
          656
          664
          672
          680
          688
          696
          704
          712
          720
          728
          736
          744
          752
          760
          768
          776
          784
          792
          800
          808
          816
          824
          832
          840
          848
          856
          864
          872
          880
          888
          896
          904
          912
          920
          928
          936
          944
          952
          960
          968
          976
          984
          992
          1000
          1008
          1016
          1024
          1032
          1040
          1048
          1056
          1064
          1072
          1080
          1088
          1096
          1104
          1112
          1120
          1128
          1136
          1144
          1152
          1160
          1168
          1176
          1184
          1192
          1200
          1208
          1216
          1224
          1232
          1240
          1248
          1256
          1264
          1272
          1280
          1288
          1296
          1304
          1312
          1320
          1328
          1336
          1344
          1352
          1360
          1368
          1376
          1384
          1392
          1400
          1408
          1416
          1424
          1432
          1440
          1448
          1456
          1464
          1472
          1480
          1488
          1496
          1504
          1512
          1520
          1528
          1536
          1544
          1552
          1560
          1568
          1576
          1584
          1592
          1600
          1608
          1616
          1624
          1632
          1640
          1648
          1656
          1664
          1672
          1680
          1688
          1696
          1704
          1712
          1720
          1728
          1736
          1744
          1752
          1760
          1768
          1776
          1784
          1792
          1800
          1808
          1816
          1824
          1832
          1840
          1848
          1856
          1864
          1872
          1880
          1888
          1896
          1904
          1912
          1920
          1928
          1936
          1944
          1952
          1960
          1968
          1976
          1984
          1992
          2000
          2008
          2016
          2024
          2032
          2040
          2048
          2056
          2064
          2072
          2080
          2088
          2096
          2104
          2112
          2120
          2128
          2136
          2144
          2152
          2160
          2168
          2176
          2184
          2192
          2200
          2208
          2216
          2224
          2232
          2240
          2248
          2256
          2264
          2272
          2280
          2288
          2296
          2304
          2312
          2320
          2328
          2336
          2344
          2352
          2360
          2368
          2376
          2384
          2392
          2400
          2408
          2416
          2424
          2432
          2440
          2448
          2456
          2464
          2472
          2480
          2488
          2496
          2504
          2512
          2520
          2528
          2536
          2544
          2552
          2560
          2568
          2576
          2584
          2592
          2600
          2608
          2616
          2624
          2632
          2640
          2648
          2656
          2664
          2672
          2680
          2688
          2696
          2704
          2712
          2720
          2728
          2736
          2744
          2752
          2760
          2768
          2776
          2784
          2792
          2800
          2808
          2816
          2824
          2832
          2840
          2848
          2856
          2864
          2872
          2880
          2888
          2896
          2904
          2912
          2920
          2928
          2936
          2944
          2952
          2960
          2968
          2976
          2984
          2992
          3000
          3008
          3016
          3024
          3032
          3040
          3048
          3056
          3064
          3072
          3080
          3088
          3096
          3104
          3112
          3120
          3128
          3136
          3144
          3152
          3160
          3168
          3176
          3184
          3192
          3200
          3208
          3216
          3224
          3232
          3240
          3248
          3256
          3264
          3272
          3280
          3288
          3296
          3304
          3312
          3320
          3328
          3336
          3344
          3352
          3360
          3368
          3376
          3384
          3392
          3400
          3408
          3416
          3424
          3432
          3440
          3448
          3456
          3464
          3472
          3480
          3488
          3496
          3504
          3512
          3520
          3528
          3536
          3544
          3552
          3560
          3568
          3576
          3584
          3592
          3600
          3608
          3616
          3624
          3632
          3640
          3648
          3656
          3664
          3672
          3680
          3688
          3696
          3704
          3712
          3720
          3728
          3736
          3744
          3752
          3760
          3768
          3776
          3784
          3792
          3800
          3808
          3816
          3824
          3832
          3840
          3848
          3856
          3864
          3872
          3880
          3888
          3896
          3904
          3912
          3920
          3928
          3936
          3944
          3952
          3960
          3968
          3976
          3984
          3992
          4000
          4008
          4016
          4024
          4032
          4040
          4048
          4056
          4064
          4072
          4080
          4088
          4096
          4104
          4112
          4120
          4128
          4136
          4144
          4152
          4160
          4168
          4176
          4184
          4192
          4200
          4208
          4216
          4224
          4232
          4240
          4248
          4256
          4264
          4272
          4280
          4288
          4296
          4304
          4312
          4320
          4328
          4336
          4344
          4352
          4360
          4368
          4376
          4384
          4392
          4400
          4408
          4416
          4424
          4432
          4440
          4448
          4456
          4464
          4472
          4480
          4488
          4496
          4504
          4512
          4520
          4528
          4536
          4544
          4552
          4560
          4568
          4576
          4584
          4592
          4600
          4608
          4616
          4624
          4632
          4640
          4648
          4656
          4664
          4672
          4680
          4688
          4696
          4704
          4712
          4720
          4728
          4736
          4744
          4752
          4760
          4768
          4776
          4784
          4792
          4800
          4808
          4816
          4824
          4832
          4840
          4848
          4856
          4864
          4872
          4880
          4888
          4896
          4904
          4912
          4920
          4928
          4936
          4944
          4952
          4960
          4968
          4976
          4984
          4992
          5000
          5008
          5016
          5024
          5032
          5040
          5048
          5056
          5064
          5072
          5080
          5088
          5096
          5104
          5112
          5120
          5128
          5136
          5144
          5152
          5160
          5168
          5176
          5184
          5192
          5200
          5208
          5216
          5224
          5232
          5240
          5248
          5256
          5264
          5272
          5280
          5288
          5296
          5304
          5312
          5320
          5328
          5336
          5344
          5352
          5360
          5368
          5376
          5384
          5392
          5400
          5408
          5416
          5424
          5432
          5440
          5448
          5456
          5464
          5472
          5480
          5488
          5496
          5504
          5512
          5520
          5528
          5536
          5544
          5552
          5560
          5568
          5576
          5584
          5592
          5600
          5608
          5616
          5624
          5632
          5640
          5648
          5656
          5664
          5672
          5680
          5688
          5696
          5704
          5712
          5720
          5728
          5736
          5744
          5752
          5760
          5768
          5776
          5784
          5792
          5800
          5808
          5816
          5824
          5832
          5840
          5848
          5856
          5864
          5872
          5880
          5888
          5896
          5904
          5912
          5920
          5928
          5936
          5944
          5952
          5960
          5968
          5976
          5984
          5992
          6000
          6008
          6016
          6024
          6032
          6040
          6048
          6056
          6064
          6072
          6080
          6088
          6096
          6104
          6112
          6120
          6128
          6136
          6144
          6152
          6160
          6168
          6176
          6184
          6192
          6200
          6208
          6216
          6224
          6232
          6240
          6248
          6256
          6264
          6272
          6280
          6288
          6296
          6304
          6312
          6320
          6328
          6336
          6344
          6352
          6360
          6368
          6376
          6384
          6392
          6400
          6408
          6416
          6424
          6432
          6440
          6448
          6456
          6464
          6472
          6480
          6488
          6496
          6504
          6512
          6520
          6528
          6536
          6544
          6552
          6560
          6568
          6576
          6584
          6592
          6600
          6608
          6616
          6624
          6632
          6640
          6648
          6656
          6664
          6672
          6680
          6688
          6696
          6704
          6712
          6720
          6728
          6736
          6744
          6752
          6760
          6768
          6776
          6784
          6792
          6800
          6808
          6816
          6824
          6832
          6840
          6848
          6856
          6864
          6872
          6880
          6888
          6896
          6904
          6912
          6920
          6928
          6936
          6944
          6952
          6960
          6968
          6976
          6984
          6992
          7000
          7008
          7016
          7024
          7032
          7040
          7048
          7056
          7064
          7072
          7080
          7088
          7096
          7104
          7112
          7120
          7128
          7136
          7144
          7152
          7160
          7168
          7176
          7184
          7192
          7200
          7208
          7216
          7224
          7232
          7240
          7248
          7256
          7264
          7272
          7280
          7288
          7296
          7304
          7312
          7320
          7328
          7336
          7344
          7352
          7360
          7368
          7376
          7384
          7392
          7400
          7408
          7416
          7424
          7432
          7440
          7448
          7456
          7464
          7472
          7480
          7488
          7496
          7504
          7512
          7520
          7528
          7536
          7544
          7552
          7560
          7568
          7576
          7584
          7592
          7600
          7608
          7616
          7624
          7632
          7640
          7648
          7656
          7664
          7672
          7680
          7688
          7696
          7704
          7712
          7720
          7728
          7736
          7744
          7752
          7760
          7768
          7776
          7784
          7792
          7800
          7808
          7816
          7824
          7832
          7840
          7848
          7856
          7864
          7872
          7880
          7888
          7896
          7904
          7912
          7920
          7928
          7936
          7944
          7952
          7960
          7968
          7976
          7984
          7992
          8000
          8008
          8016
          8024
          8032
          8040
          8048
          8056
          8064
          8072
          8080
          8088
          8096
          8104
          8112
          8120
          8128
          8136
          8144
          8152
          8160
          8168
          8176
          8184
          8192
          8200
          8208
          8216
          8224
          8232
          8240
          8248
          8256
          8264
          8272
          8280
          8288
          8296
          8304
          8312
          8320
          8328
          8336
          8344
          8352
          8360
          8368
          8376
          8384
          8392
          8400
          8408
          8416
          8424
          8432
          8440
          8448
          8456
          8464
          8472
          8480
          8488
          8496
          8504
          8512
          8520
          8528
          8536
          8544
          8552
          8560
          8568
          8576
          8584
          8592
          8600
          8608
          8616
          8624
          8632
          8640
          8648
          8656
          8664
          8672
          8680
          8688
          8696
          8704
          8712
          8720
          8728
          8736
          8744
          8752
          8760
          8768
          8776
          8784
          8792
          8800
          8808
          8816
          8824
          8832
          8840
          8848
          8856
          8864
          8872
          8880
          8888
          8896
          8904
          8912
          8920
          8928
          8936
          8944
          8952
          8960
          8968
          8976
          8984
          8992
          9000
          9008
          9016
          9024
          9032
          9040
          9048
          9056
          9064
          9072
          9080
          9088
          9096
          9104
          9112
          9120
          9128
          9136
          9144
          9152
          9160
          9168
          9176
          9184
          9192
          9200
          9208
          9216
          9224
          9232
          9240
          9248
          9256
          9264
          9272
          9280
          9288
          9296
          9304
          9312
          9320
          9328
          9336
          9344
          9352
          9360
          9368
          9376
          9384
          9392
          9400
          9408
          9416
          9424
          9432
          9440
          9448
          9456
          9464
          9472
          9480
          9488
          9496
          9504
          9512
          9520
          9528
          9536
          9544
          9552
          9560
          9568
          9576
          9584
          9592
          9600
          9608
          9616
          9624
          9632
          9640
          9648
          9656
          9664
          9672
          9680
          9688
          9696
          9704
          9712
          9720
          9728
          9736
          9744
          9752
          9760
          9768
          9776
          9784
          9792
          9800
          9808
          9816
          9824
          9832
          9840
          9848
          9856
          9864
          9872
          9880
          9888
          9896
          9904
          9912
          9920
          9928
          9936
          9944
          9952
          9960
          9968
          9976
          9984
          9992
          10000
          10008
          10016
          10024
          10032
          10040
          10048
          10056
          10064
          10072
          10080
          10088
          10096
          10104
          10112
          10120
          10128
          10136
          10144
          10152
          10160
          10168
          10176
          10184
          10192
          10200
          10208
          10216
          10224
          10232
          10240
          10248
          10256
          10264
          10272
          10280
          10288
          10296
          10304
          10312
          10320
          10328
          10336
          10344
          10352
          10360
          10368
          10376
          10384
          10392
          10400
          10408
          10416
          10424
          10432
          10440
          10448
          10456
          10464
          10472
          10480
          10488
          10496
          10504
          10512
          10520
          10528
          10536
          10544
          10552
          10560
          10568
          10576
          10584
          10592
          10600
          10608
          10616
          10624
          10632
          10640
          10648
          10656
          10664
          10672
          10680
          10688
          10696
          10704
          10712
          10720
          10728
          10736
          10744
          10752
          10760
          10768
          10776
          10784
          10792
          10800
          10808
          10816
          10824
          10832
          10840
          10848
          10856
          10864
          10872
          10880
          10888
          10896
          10904
          10912
          10920
          10928
          10936
          10944
          10952
          10960
          10968
          10976
          10984
          10992
          11000
          11008
          11016
          11024
          11032
          11040
          11048
          11056
          11064
          11072
          11080
          11088
          11096
          11104
          11112
          11120
          11128
          11136
          11144
          11152
          11160
          11168
          11176
          11184
          11192
          11200
          11208
          11216
          11224
          11232
          11240
          11248
          11256
          11264
          11272
          11280
          11288
          11296
          11304
          11312
          11320
          11328
          11336
          11344
          11352
          11360
          11368
          11376
          11384
          11392
          11400
          11408
          11416
          11424
          11432
          11440
          11448
          11456
          11464
          11472
          11480
          11488
          11496
          11504
          11512
          11520
          11528
          11536
          11544
          11552
          11560
          11568
          11576
          11584
          11592
          11600
          11608
          11616
          11624
          11632
          11640
          11648
          11656
          11664
          11672
          11680
          11688
          11696
          11704
          11712
          11720
          11728
          11736
          11744
          11752
          11760
          11768
          11776
          11784
          11792
          11800
          11808
          11816
          11824
          11832
          11840
          11848
          11856
          11864
          11872
          11880
          11888
          11896
          11904
          11912
          11920
          11928
          11936
          11944
          11952
          11960
          11968
          11976
          11984
          11992
          12000
          12008
          12016
          12024
          12032
          12040
          12048
          12056
          12064
          12072
          12080
          12088
          12096
          12104
          12112
          12120
          12128
          12136
          12144
          12152
          12160
          12168
          12176
          12184
          12192
          12200
          12208
          12216
          12224
          12232
          12240
          12248
          12256
          12264
          12272
          12280
          12288
          12296
          12304
          12312
          12320
          12328
          12336
          12344
          12352
          12360
          12368
          12376
          12384
          12392
          12400
          12408
          12416
          12424
          12432
          12440
          12448
          12456
          12464
          12472
          12480
          12488
          12496
          12504
          12512
          12520
          12528
          12536
          12544
          12552
          12560
          12568
          12576
          12584
          12592
          12600
          12608
          12616
          12624
          12632
          12640
          12648
          12656
          12664
          12672
          12680
          12688
          12696
          12704
          12712
          12720
          12728
          12736
          12744
          12752
          12760
          12768
          12776
          12784
          12792
          12800
          12808
          12816
          12824
          12832
          12840
          12848
          12856
          12864
          12872
          12880
          12888
          12896
          12904
          12912
          12920
          12928
          12936
          12944
          12952
          12960
          12968
          12976
          12984
          12992
          13000
          13008
          13016
          13024
          13032
          13040
          13048
          13056
          13064
          13072
          13080
          13088
          13096
          13104
          13112
          13120
          13128
          13136
          13144
          13152
          13160
          13168
          13176
          13184
          13192
          13200
          13208
          13216
          13224
          13232
          13240
          13248
          13256
          13264
          13272
          13280
          13288
          13296
          13304
          13312
          13320
          13328
          13336
          13344
          13352
          13360
          13368
          13376
          13384
          13392
          13400
          13408
          13416
          13424
          13432
          13440
          13448
          13456
          13464
          13472
          13480
          13488
          13496
          13504
          13512
          13520
          13528
          13536
          13544
          13552
          13560
          13568
          13576
          13584
          13592
          13600
          13608
          13616
          13624
          13632
          13640
          13648
          13656
          13664
          13672
          13680
          13688
          13696
          13704
          13712
          13720
          13728
          13736
          13744
          13752
          13760
          13768
          13776
          13784
          13792
          13800
          13808
          13816
          13824
          13832
          13840
          13848
          13856
          13864
          13872
          13880
          13888
          13896
          13904
          13912
          13920
          13928
          13936
          13944
          13952
          13960
          13968
          13976
          13984
          13992
          14000
          14008
          14016
          14024
          14032
          14040
          14048
          14056
          14064
          14072
          14080
          14088
          14096
          14104
          14112
          14120
          14128
          14136
          14144
          14152
          14160
          14168
          14176
          14184
          14192
          14200
          14208
          14216
          14224
          14232
          14240
          14248
          14256
          14264
          14272
          14280
          14288
          14296
          14304
          14312
          14320
          14328
          14336
          14344
          14352
          14360
          14368
          14376
          14384
          14392
          14400
          14408
          14416
          14424
          14432
          14440
          14448
          14456
          14464
          14472
          14480
          14488
          14496
          14504
          14512
          14520
          14528
          14536
          14544
          14552
          14560
          14568
          14576
          14584
          14592
          14600
          14608
          14616
          14624
          14632
          14640
          14648
          14656
          14664
          14672
          14680
          14688
          14696
          14704
          14712
          14720
          14728
          14736
          14744
          14752
          14760
          14768
          14776
          14784
          14792
          14800
          14808
          14816
          14824
          14832
          14840
          14848
          14856
          14864
          14872
          14880
          14888
          14896
          14904
          14912
          14920
          14928
          14936
          14944
          14952
          14960
          14968
          14976
          14984
          14992
          15000
          15008
          15016
          15024
          15032
          15040
          15048
          15056
          15064
          15072
          15080
          15088
          15096
          15104
          15112
          15120
          15128
          15136
          15144
          15152
          15160
          15168
          15176
          15184
          15192
          15200
          15208
          15216
          15224
          15232
          15240
          15248
          15256
          15264
          15272
          15280
          15288
          15296
          15304
          15312
          15320
          15328
          15336
          15344
          15352
          15360
          15368
          15376
          15384
          15392
          15400
          15408
          15416
          15424
          15432
          15440
          15448
          15456
          15464
          15472
          15480
          15488
          15496
          15504
          15512
          15520
          15528
          15536
          15544
          15552
          15560
          15568
          15576
          15584
          15592
          15600
          15608
          15616
          15624
          15632
          15640
          15648
          15656
          15664
          15672
          15680
          15688
          15696
          15704
          15712
          15720
          15728
          15736
          15744
          15752
          15760
          15768
          15776
          15784
          15792
          15800
          15808
          15816
          15824
          15832
          15840
          15848
          15856
          15864
          15872
          15880
          15888
          15896
          15904
          15912
          15920
          15928
          15936
          15944
          15952
          15960
          15968
          15976
          15984
          15992
          16000
          16008
          16016
          16024
          16032
          16040
          16048
          16056
          16064
          16072
          16080
          16088
          16096
          16104
          16112
          16120
          16128
          16136
          16144
          16152
          16160
          16168
          16176
          16184
          16192
          16200
          16208
          16216
          16224
          16232
          16240
          16248
          16256
          16264
          16272
          16280
          16288
          16296
          16304
          16312
          16320
          16328
          16336
          16344
          16352
          16360
          16368
          16376
          16384
          16392
          16400
          16408
          16416
          16424
          16432
          16440
          16448
          16456
          16464
          16472
          16480
          16488
          16496
          16504
          16512
          16520
          16528
          16536
          16544
          16552
          16560
          16568
          16576
          16584
          16592
          16600
          16608
          16616
          16624
          16632
          16640
          16648
          16656
          16664
          16672
          16680
          16688
          16696
          16704
          16712
          16720
          16728
          16736
          16744
          16752
          16760
          16768
          16776
          16784
          16792
          16800
          16808
          16816
          16824
          16832
          16840
          16848
          16856
          16864
          16872
          16880
          16888
          16896
          16904
          16912
          16920
          16928
          16936
          16944
          16952
          16960
          16968
          16976
          16984
          16992
          17000
          17008
          17016
          17024
          17032
          17040
          17048
          17056
          17064
          17072
          17080
          17088
          17096
          17104
          17112
          17120
          17128
          17136
          17144
          17152
          17160
          17168
          17176
          17184
          17192
          17200
          17208
          17216
          17224
          17232
          17240
          17248
          17256
          17264
          17272
          17280
          17288
          17296
          17304
          17312
          17320
          17328
          17336
          17344
          17352
          17360
          17368
          17376
          17384
          17392
          17400
          17408
          17416
          17424
          17432
          17440
          17448
          17456
          17464
          17472
          17480
          17488
          17496
          17504
          17512
          17520
          17528
          17536
          17544
          17552
          17560
          17568
          17576
          17584
          17592
          17600
          17608
          17616
          17624
          17632
          17640
          17648
          17656
          17664
          17672
          17680
          17688
          17696
          17704
          17712
          17720
          17728
          17736
          17744
          17752
          17760
          17768
          17776
          17784
          17792
          17800
          17808
          17816
          17824
          17832
          17840
          17848
          17856
          17864
          17872
          17880
          17888
          17896
          17904
          17912
          17920
          17928
          17936
          17944
          17952
          17960
          17968
          17976
          17984
          17992
          18000
          18008
          18016
          18024
          18032
          18040
          18048
          18056
          18064
          18072
          18080
          18088
          18096
          18104
          18112
          18120
          18128
          18136
          18144
          18152
          18160
          18168
          18176
          18184
          18192
          18200
          18208
          18216
          18224
          18232
          18240
          18248
          18256
          18264
          18272
          18280
          18288
          18296
          18304
          18312
          18320
          18328
          18336
          18344
          18352
          18360
          18368
          18376
          18384
          18392
          18400
          18408
          18416
          18424
          18432
          18440
          18448
          18456
          18464
          18472
          18480
          18488
          18496
          18504
          18512
          18520
          18528
          18536
          18544
          18552
          18560
          18568
          18576
          18584
          18592
          18600
          18608
          18616
          18624
          18632
          18640
          18648
          18656
          18664
          18672
          18680
          18688
          18696
          18704
          18712
          18720
          18728
          18736
          18744
          18752
          18760
          18768
          18776
          18784
          18792
          18800
          18808
          18816
          18824
          18832
          18840
          18848
          18856
          18864
          18872
          18880
          18888
          18896
          18904
          18912
          18920
          18928
          18936
          18944
          18952
          18960
          18968
          18976
          18984
          18992
          19000
          19008
          19016
          19024
          19032
          19040
          19048
          19056
          19064
          19072
          19080
          19088
          19096
          19104
          19112
          19120
          19128
          19136
          19144
          19152
          19160
          19168
          19176
          19184
          19192
          19200
        </DataArray>
        <DataArray type="UInt8" Name="types" format="ascii">
          12
          12
          12
          12
          12
          12
          12
          12
          12
          12
          12
          12
          12
          12
          12
          12
          12
          12
          12
          12
          12
          12
          12
          12
          12
          12
          12
          12
          12
          12
          12
          12
          12
          12
          12
          12
          12
          12
          12
          12
          12
          12
          12
          12
          12
          12
          12
          12
          12
          12
          12
          12
          12
          12
          12
          12
          12
          12
          12
          12
          12
          12
          12
          12
          12
          12
          12
          12
          12
          12
          12
          12
          12
          12
          12
          12
          12
          12
          12
          12
          12
          12
          12
          12
          12
          12
          12
          12
          12
          12
          12
          12
          12
          12
          12
          12
          12
          12
          12
          12
          12
          12
          12
          12
          12
          12
          12
          12
          12
          12
          12
          12
          12
          12
          12
          12
          12
          12
          12
          12
          12
          12
          12
          12
          12
          12
          12
          12
          12
          12
          12
          12
          12
          12
          12
          12
          12
          12
          12
          12
          12
          12
          12
          12
          12
          12
          12
          12
          12
          12
          12
          12
          12
          12
          12
          12
          12
          12
          12
          12
          12
          12
          12
          12
          12
          12
          12
          12
          12
          12
          12
          12
          12
          12
          12
          12
          12
          12
          12
          12
          12
          12
          12
          12
          12
          12
          12
          12
          12
          12
          12
          12
          12
          12
          12
          12
          12
          12
          12
          12
          12
          12
          12
          12
          12
          12
          12
          12
          12
          12
          12
          12
          12
          12
          12
          12
          12
          12
          12
          12
          12
          12
          12
          12
          12
          12
          12
          12
          12
          12
          12
          12
          12
          12
          12
          12
          12
          12
          12
          12
          12
          12
          12
          12
          12
          12
          12
          12
          12
          12
          12
          12
          12
          12
          12
          12
          12
          12
          12
          12
          12
          12
          12
          12
          12
          12
          12
          12
          12
          12
          12
          12
          12
          12
          12
          12
          12
          12
          12
          12
          12
          12
          12
          12
          12
          12
          12
          12
          12
          12
          12
          12
          12
          12
          12
          12
          12
          12
          12
          12
          12
          12
          12
          12
          12
          12
          12
          12
          12
          12
          12
          12
          12
          12
          12
          12
          12
          12
          12
          12
          12
          12
          12
          12
          12
          12
          12
          12
          12
          12
          12
          12
          12
          12
          12
          12
          12
          12
          12
          12
          12
          12
          12
          12
          12
          12
          12
          12
          12
          12
          12
          12
          12
          12
          12
          12
          12
          12
          12
          12
          12
          12
          12
          12
          12
          12
          12
          12
          12
          12
          12
          12
          12
          12
          12
          12
          12
          12
          12
          12
          12
          12
          12
          12
          12
          12
          12
          12
          12
          12
          12
          12
          12
          12
          12
          12
          12
          12
          12
          12
          12
          12
          12
          12
          12
          12
          12
          12
          12
          12
          12
          12
          12
          12
          12
          12
          12
          12
          12
          12
          12
          12
          12
          12
          12
          12
          12
          12
          12
          12
          12
          12
          12
          12
          12
          12
          12
          12
          12
          12
          12
          12
          12
          12
          12
          12
          12
          12
          12
          12
          12
          12
          12
          12
          12
          12
          12
          12
          12
          12
          12
          12
          12
          12
          12
          12
          12
          12
          12
          12
          12
          12
          12
          12
          12
          12
          12
          12
          12
          12
          12
          12
          12
          12
          12
          12
          12
          12
          12
          12
          12
          12
          12
          12
          12
          12
          12
          12
          12
          12
          12
          12
          12
          12
          12
          12
          12
          12
          12
          12
          12
          12
          12
          12
          12
          12
          12
          12
          12
          12
          12
          12
          12
          12
          12
          12
          12
          12
          12
          12
          12
          12
          12
          12
          12
          12
          12
          12
          12
          12
          12
          12
          12
          12
          12
          12
          12
          12
          12
          12
          12
          12
          12
          12
          12
          12
          12
          12
          12
          12
          12
          12
          12
          12
          12
          12
          12
          12
          12
          12
          12
          12
          12
          12
          12
          12
          12
          12
          12
          12
          12
          12
          12
          12
          12
          12
          12
          12
          12
          12
          12
          12
          12
          12
          12
          12
          12
          12
          12
          12
          12
          12
          12
          12
          12
          12
          12
          12
          12
          12
          12
          12
          12
          12
          12
          12
          12
          12
          12
          12
          12
          12
          12
          12
          12
          12
          12
          12
          12
          12
          12
          12
          12
          12
          12
          12
          12
          12
          12
          12
          12
          12
          12
          12
          12
          12
          12
          12
          12
          12
          12
          12
          12
          12
          12
          12
          12
          12
          12
          12
          12
          12
          12
          12
          12
          12
          12
          12
          12
          12
          12
          12
          12
          12
          12
          12
          12
          12
          12
          12
          12
          12
          12
          12
          12
          12
          12
          12
          12
          12
          12
          12
          12
          12
          12
          12
          12
          12
          12
          12
          12
          12
          12
          12
          12
          12
          12
          12
          12
          12
          12
          12
          12
          12
          12
          12
          12
          12
          12
          12
          12
          12
          12
          12
          12
          12
          12
          12
          12
          12
          12
          12
          12
          12
          12
          12
          12
          12
          12
          12
          12
          12
          12
          12
          12
          12
          12
          12
          12
          12
          12
          12
          12
          12
          12
          12
          12
          12
          12
          12
          12
          12
          12
          12
          12
          12
          12
          12
          12
          12
          12
          12
          12
          12
          12
          12
          12
          12
          12
          12
          12
          12
          12
          12
          12
          12
          12
          12
          12
          12
          12
          12
          12
          12
          12
          12
          12
          12
          12
          12
          12
          12
          12
          12
          12
          12
          12
          12
          12
          12
          12
          12
          12
          12
          12
          12
          12
          12
          12
          12
          12
          12
          12
          12
          12
          12
          12
          12
          12
          12
          12
          12
          12
          12
          12
          12
          12
          12
          12
          12
          12
          12
          12
          12
          12
          12
          12
          12
          12
          12
          12
          12
          12
          12
          12
          12
          12
          12
          12
          12
          12
          12
          12
          12
          12
          12
          12
          12
          12
          12
          12
          12
          12
          12
          12
          12
          12
          12
          12
          12
          12
          12
          12
          12
          12
          12
          12
          12
          12
          12
          12
          12
          12
          12
          12
          12
          12
          12
          12
          12
          12
          12
          12
          12
          12
          12
          12
          12
          12
          12
          12
          12
          12
          12
          12
          12
          12
          12
          12
          12
          12
          12
          12
          12
          12
          12
          12
          12
          12
          12
          12
          12
          12
          12
          12
          12
          12
          12
          12
          12
          12
          12
          12
          12
          12
          12
          12
          12
          12
          12
          12
          12
          12
          12
          12
          12
          12
          12
          12
          12
          12
          12
          12
          12
          12
          12
          12
          12
          12
          12
          12
          12
          12
          12
          12
          12
          12
          12
          12
          12
          12
          12
          12
          12
          12
          12
          12
          12
          12
          12
          12
          12
          12
          12
          12
          12
          12
          12
          12
          12
          12
          12
          12
          12
          12
          12
          12
          12
          12
          12
          12
          12
          12
          12
          12
          12
          12
          12
          12
          12
          12
          12
          12
          12
          12
          12
          12
          12
          12
          12
          12
          12
          12
          12
          12
          12
          12
          12
          12
          12
          12
          12
          12
          12
          12
          12
          12
          12
          12
          12
          12
          12
          12
          12
          12
          12
          12
          12
          12
          12
          12
          12
          12
          12
          12
          12
          12
          12
          12
          12
          12
          12
          12
          12
          12
          12
          12
          12
          12
          12
          12
          12
          12
          12
          12
          12
          12
          12
          12
          12
          12
          12
          12
          12
          12
          12
          12
          12
          12
          12
          12
          12
          12
          12
          12
          12
          12
          12
          12
          12
          12
          12
          12
          12
          12
          12
          12
          12
          12
          12
          12
          12
          12
          12
          12
          12
          12
          12
          12
          12
          12
          12
          12
          12
          12
          12
          12
          12
          12
          12
          12
          12
          12
          12
          12
          12
          12
          12
          12
          12
          12
          12
          12
          12
          12
          12
          12
          12
          12
          12
          12
          12
          12
          12
          12
          12
          12
          12
          12
          12
          12
          12
          12
          12
          12
          12
          12
          12
          12
          12
          12
          12
          12
          12
          12
          12
          12
          12
          12
          12
          12
          12
          12
          12
          12
          12
          12
          12
          12
          12
          12
          12
          12
          12
          12
          12
          12
          12
          12
          12
          12
          12
          12
          12
          12
          12
          12
          12
          12
          12
          12
          12
          12
          12
          12
          12
          12
          12
          12
          12
          12
          12
          12
          12
          12
          12
          12
          12
          12
          12
          12
          12
          12
          12
          12
          12
          12
          12
          12
          12
          12
          12
          12
          12
          12
          12
          12
          12
          12
          12
          12
          12
          12
          12
          12
          12
          12
          12
          12
          12
          12
          12
          12
          12
          12
          12
          12
          12
          12
          12
          12
          12
          12
          12
          12
          12
          12
          12
          12
          12
          12
          12
          12
          12
          12
          12
          12
          12
          12
          12
          12
          12
          12
          12
          12
          12
          12
          12
          12
          12
          12
          12
          12
          12
          12
          12
          12
          12
          12
          12
          12
          12
          12
          12
          12
          12
          12
          12
          12
          12
          12
          12
          12
          12
          12
          12
          12
          12
          12
          12
          12
          12
          12
          12
          12
          12
          12
          12
          12
          12
          12
          12
          12
          12
          12
          12
          12
          12
          12
          12
          12
          12
          12
          12
          12
          12
          12
          12
          12
          12
          12
          12
          12
          12
          12
          12
          12
          12
          12
          12
          12
          12
          12
          12
          12
          12
          12
          12
          12
          12
          12
          12
          12
          12
          12
          12
          12
          12
          12
          12
          12
          12
          12
          12
          12
          12
          12
          12
          12
          12
          12
          12
          12
          12
          12
          12
          12
          12
          12
          12
          12
          12
          12
          12
          12
          12
          12
          12
          12
          12
          12
          12
          12
          12
          12
          12
          12
          12
          12
          12
          12
          12
          12
          12
          12
          12
          12
          12
          12
          12
          12
          12
          12
          12
          12
          12
          12
          12
          12
          12
          12
          12
          12
          12
          12
          12
          12
          12
          12
          12
          12
          12
          12
          12
          12
          12
          12
          12
          12
          12
          12
          12
          12
          12
          12
          12
          12
          12
          12
          12
          12
          12
          12
          12
          12
          12
          12
          12
          12
          12
          12
          12
          12
          12
          12
          12
          12
          12
          12
          12
          12
          12
          12
          12
          12
          12
          12
          12
          12
          12
          12
          12
          12
          12
          12
          12
          12
          12
          12
          12
          12
          12
          12
          12
          12
          12
          12
          12
          12
          12
          12
          12
          12
          12
          12
          12
          12
          12
          12
          12
          12
          12
          12
          12
          12
          12
          12
          12
          12
          12
          12
          12
          12
          12
          12
          12
          12
          12
          12
          12
          12
          12
          12
          12
          12
          12
          12
          12
          12
          12
          12
          12
          12
          12
          12
          12
          12
          12
          12
          12
          12
          12
          12
          12
          12
          12
          12
          12
          12
          12
          12
          12
          12
          12
          12
          12
          12
          12
          12
          12
          12
          12
          12
          12
          12
          12
          12
          12
          12
          12
          12
          12
          12
          12
          12
          12
          12
          12
          12
          12
          12
          12
          12
          12
          12
          12
          12
          12
          12
          12
          12
          12
          12
          12
          12
          12
          12
          12
          12
          12
          12
          12
          12
          12
          12
          12
          12
          12
          12
          12
          12
          12
          12
          12
          12
          12
          12
          12
          12
          12
          12
          12
          12
          12
          12
          12
          12
          12
          12
          12
          12
          12
          12
          12
          12
          12
          12
          12
          12
          12
          12
          12
          12
          12
          12
          12
          12
          12
          12
          12
          12
          12
          12
          12
          12
          12
          12
          12
          12
          12
          12
          12
          12
          12
          12
          12
          12
          12
          12
          12
          12
          12
          12
          12
          12
          12
          12
          12
          12
          12
          12
          12
          12
          12
          12
          12
          12
          12
          12
          12
          12
          12
          12
          12
          12
          12
          12
          12
          12
          12
          12
          12
          12
          12
          12
          12
          12
          12
          12
          12
          12
          12
          12
          12
          12
          12
          12
          12
          12
          12
          12
          12
          12
          12
          12
          12
          12
          12
          12
          12
          12
          12
          12
          12
          12
          12
          12
          12
          12
          12
          12
          12
          12
          12
          12
          12
          12
          12
          12
          12
          12
          12
          12
          12
          12
          12
          12
          12
          12
          12
          12
          12
          12
          12
          12
          12
          12
          12
          12
          12
          12
          12
          12
          12
          12
          12
          12
          12
          12
          12
          12
          12
          12
          12
          12
          12
          12
          12
          12
          12
          12
          12
          12
          12
          12
          12
          12
          12
          12
          12
          12
          12
          12
          12
          12
          12
          12
          12
          12
          12
          12
          12
          12
          12
          12
          12
          12
          12
          12
          12
          12
          12
          12
          12
          12
          12
          12
          12
          12
          12
          12
          12
          12
          12
          12
          12
          12
          12
          12
          12
          12
          12
          12
          12
          12
          12
          12
          12
          12
          12
          12
          12
          12
          12
          12
          12
          12
          12
          12
          12
          12
          12
          12
          12
          12
          12
          12
          12
          12
          12
          12
          12
          12
          12
          12
          12
          12
          12
          12
          12
          12
          12
          12
          12
          12
          12
          12
          12
          12
          12
          12
          12
          12
          12
          12
          12
          12
          12
          12
          12
          12
          12
          12
          12
          12
          12
          12
          12
          12
          12
          12
          12
          12
          12
          12
          12
          12
          12
          12
          12
          12
          12
          12
          12
          12
          12
          12
          12
          12
          12
          12
          12
          12
          12
          12
          12
          12
          12
          12
          12
          12
          12
          12
          12
          12
          12
          12
          12
          12
          12
          12
          12
          12
          12
          12
          12
          12
          12
          12
          12
          12
          12
          12
          12
          12
          12
          12
          12
          12
          12
          12
          12
          12
          12
          12
          12
          12
          12
          12
          12
          12
          12
          12
          12
          12
          12
          12
          12
          12
          12
          12
          12
          12
          12
          12
          12
          12
          12
          12
          12
          12
          12
          12
          12
          12
          12
          12
          12
          12
          12
          12
          12
          12
          12
          12
          12
          12
          12
          12
          12
          12
          12
          12
          12
          12
          12
          12
          12
          12
          12
          12
          12
          12
          12
          12
          12
          12
          12
          12
          12
          12
          12
          12
          12
          12
          12
          12
          12
          12
          12
          12
          12
          12
          12
          12
          12
          12
          12
          12
          12
          12
          12
          12
          12
          12
          12
          12
          12
          12
          12
          12
          12
          12
          12
          12
          12
          12
          12
          12
          12
          12
          12
          12
          12
          12
          12
          12
          12
          12
          12
          12
          12
          12
          12
          12
          12
          12
          12
          12
          12
          12
          12
          12
          12
          12
          12
          12
          12
          12
          12
          12
          12
          12
          12
          12
          12
          12
          12
          12
          12
          12
          12
          12
          12
          12
          12
          12
          12
          12
          12
          12
          12
          12
          12
          12
          12
          12
          12
          12
          12
          12
          12
          12
          12
          12
          12
          12
          12
          12
          12
          12
          12
          12
          12
          12
          12
          12
          12
          12
          12
          12
          12
          12
          12
          12
          12
          12
          12
          12
          12
          12
          12
          12
          12
          12
          12
          12
          12
          12
          12
          12
          12
          12
          12
          12
          12
          12
          12
          12
          12
          12
          12
          12
          12
          12
          12
          12
          12
          12
          12
          12
          12
          12
          12
          12
          12
          12
          12
          12
          12
          12
          12
          12
          12
          12
          12
          12
          12
          12
          12
          12
          12
          12
          12
          12
          12
          12
          12
          12
          12
          12
          12
          12
          12
          12
          12
          12
          12
          12
          12
          12
          12
          12
          12
          12
          12
          12
          12
          12
          12
          12
          12
          12
          12
          12
          12
          12
          12
          12
          12
          12
          12
          12
          12
          12
          12
          12
          12
          12
          12
          12
          12
          12
          12
          12
          12
          12
          12
          12
          12
          12
          12
          12
          12
          12
          12
          12
          12
          12
          12
          12
          12
          12
          12
          12
          12
          12
          12
          12
          12
          12
          12
          12
          12
          12
          12
          12
          12
          12
          12
          12
          12
          12
          12
          12
          12
          12
          12
          12
          12
          12
          12
          12
          12
          12
          12
          12
          12
          12
          12
          12
          12
          12
          12
          12
          12
          12
          12
          12
          12
          12
          12
          12
          12
          12
          12
          12
          12
          12
          12
        </DataArray>
      </Cells>
      <CellData>
        <DataArray type="UInt32" Name="part" format="ascii">
          0
          0
          0
          0
          0
          0
          0
          0
          0
          0
          0
          0
          0
          0
          0
          0
          0
          0
          0
          0
          0
          0
          0
          0
          0
          0
          0
          0
          0
          0
          0
          0
          0
          0
          0
          0
          0
          0
          0
          0
          0
          0
          0
          0
          0
          0
          0
          0
          1
          1
          1
          1
          1
          1
          1
          1
          1
          1
          1
          1
          1
          1
          1
          1
          1
          1
          1
          1
          1
          1
          1
          1
          1
          1
          1
          1
          1
          1
          1
          1
          1
          1
          1
          1
          1
          1
          1
          1
          1
          1
          1
          1
          1
          1
          1
          1
          2
          2
          2
          2
          2
          2
          2
          2
          2
          2
          2
          2
          2
          2
          2
          2
          2
          2
          2
          2
          2
          2
          2
          2
          2
          2
          2
          2
          2
          2
          2
          2
          2
          2
          2
          2
          2
          2
          2
          2
          2
          2
          2
          2
          2
          2
          2
          2
          3
          3
          3
          3
          3
          3
          3
          3
          3
          3
          3
          3
          3
          3
          3
          3
          3
          3
          3
          3
          3
          3
          3
          3
          3
          3
          3
          3
          3
          3
          3
          3
          3
          3
          3
          3
          3
          3
          3
          3
          3
          3
          3
          3
          3
          3
          3
          3
          4
          4
          4
          4
          4
          4
          4
          4
          4
          4
          4
          4
          4
          4
          4
          4
          4
          4
          4
          4
          4
          4
          4
          4
          4
          4
          4
          4
          4
          4
          4
          4
          4
          4
          4
          4
          4
          4
          4
          4
          4
          4
          4
          4
          4
          4
          4
          4
          5
          5
          5
          5
          5
          5
          5
          5
          5
          5
          5
          5
          5
          5
          5
          5
          5
          5
          5
          5
          5
          5
          5
          5
          5
          5
          5
          5
          5
          5
          5
          5
          5
          5
          5
          5
          5
          5
          5
          5
          5
          5
          5
          5
          5
          5
          5
          5
          6
          6
          6
          6
          6
          6
          6
          6
          6
          6
          6
          6
          6
          6
          6
          6
          6
          6
          6
          6
          6
          6
          6
          6
          6
          6
          6
          6
          6
          6
          6
          6
          6
          6
          6
          6
          6
          6
          6
          6
          6
          6
          6
          6
          6
          6
          6
          6
          7
          7
          7
          7
          7
          7
          7
          7
          7
          7
          7
          7
          7
          7
          7
          7
          7
          7
          7
          7
          7
          7
          7
          7
          7
          7
          7
          7
          7
          7
          7
          7
          7
          7
          7
          7
          7
          7
          7
          7
          7
          7
          7
          7
          7
          7
          7
          7
          8
          8
          8
          8
          8
          8
          8
          8
          8
          8
          8
          8
          8
          8
          8
          8
          8
          8
          8
          8
          8
          8
          8
          8
          8
          8
          8
          8
          8
          8
          8
          8
          8
          8
          8
          8
          8
          8
          8
          8
          8
          8
          8
          8
          8
          8
          8
          8
          9
          9
          9
          9
          9
          9
          9
          9
          9
          9
          9
          9
          9
          9
          9
          9
          9
          9
          9
          9
          9
          9
          9
          9
          9
          9
          9
          9
          9
          9
          9
          9
          9
          9
          9
          9
          9
          9
          9
          9
          9
          9
          9
          9
          9
          9
          9
          9
          10
          10
          10
          10
          10
          10
          10
          10
          10
          10
          10
          10
          10
          10
          10
          10
          10
          10
          10
          10
          10
          10
          10
          10
          10
          10
          10
          10
          10
          10
          10
          10
          10
          10
          10
          10
          10
          10
          10
          10
          10
          10
          10
          10
          10
          10
          10
          10
          11
          11
          11
          11
          11
          11
          11
          11
          11
          11
          11
          11
          11
          11
          11
          11
          11
          11
          11
          11
          11
          11
          11
          11
          11
          11
          11
          11
          11
          11
          11
          11
          11
          11
          11
          11
          11
          11
          11
          11
          11
          11
          11
          11
          11
          11
          11
          11
          12
          12
          12
          12
          12
          12
          12
          12
          12
          12
          12
          12
          12
          12
          12
          12
          12
          12
          12
          12
          12
          12
          12
          12
          12
          12
          12
          12
          12
          12
          12
          12
          12
          12
          12
          12
          12
          12
          12
          12
          12
          12
          12
          12
          12
          12
          12
          12
          13
          13
          13
          13
          13
          13
          13
          13
          13
          13
          13
          13
          13
          13
          13
          13
          13
          13
          13
          13
          13
          13
          13
          13
          13
          13
          13
          13
          13
          13
          13
          13
          13
          13
          13
          13
          13
          13
          13
          13
          13
          13
          13
          13
          13
          13
          13
          13
          14
          14
          14
          14
          14
          14
          14
          14
          14
          14
          14
          14
          14
          14
          14
          14
          14
          14
          14
          14
          14
          14
          14
          14
          14
          14
          14
          14
          14
          14
          14
          14
          14
          14
          14
          14
          14
          14
          14
          14
          14
          14
          14
          14
          14
          14
          14
          14
          15
          15
          15
          15
          15
          15
          15
          15
          15
          15
          15
          15
          15
          15
          15
          15
          15
          15
          15
          15
          15
          15
          15
          15
          15
          15
          15
          15
          15
          15
          15
          15
          15
          15
          15
          15
          15
          15
          15
          15
          15
          15
          15
          15
          15
          15
          15
          15
          16
          16
          16
          16
          16
          16
          16
          16
          16
          16
          16
          16
          16
          16
          16
          16
          16
          16
          16
          16
          16
          16
          16
          16
          16
          16
          16
          16
          16
          16
          16
          16
          16
          16
          16
          16
          16
          16
          16
          16
          16
          16
          16
          16
          16
          16
          16
          16
          17
          17
          17
          17
          17
          17
          17
          17
          17
          17
          17
          17
          17
          17
          17
          17
          17
          17
          17
          17
          17
          17
          17
          17
          17
          17
          17
          17
          17
          17
          17
          17
          17
          17
          17
          17
          17
          17
          17
          17
          17
          17
          17
          17
          17
          17
          17
          17
          18
          18
          18
          18
          18
          18
          18
          18
          18
          18
          18
          18
          18
          18
          18
          18
          18
          18
          18
          18
          18
          18
          18
          18
          18
          18
          18
          18
          18
          18
          18
          18
          18
          18
          18
          18
          18
          18
          18
          18
          18
          18
          18
          18
          18
          18
          18
          18
          19
          19
          19
          19
          19
          19
          19
          19
          19
          19
          19
          19
          19
          19
          19
          19
          19
          19
          19
          19
          19
          19
          19
          19
          19
          19
          19
          19
          19
          19
          19
          19
          19
          19
          19
          19
          19
          19
          19
          19
          19
          19
          19
          19
          19
          19
          19
          19
          20
          20
          20
          20
          20
          20
          20
          20
          20
          20
          20
          20
          20
          20
          20
          20
          20
          20
          20
          20
          20
          20
          20
          20
          20
          20
          20
          20
          20
          20
          20
          20
          20
          20
          20
          20
          20
          20
          20
          20
          20
          20
          20
          20
          20
          20
          20
          20
          21
          21
          21
          21
          21
          21
          21
          21
          21
          21
          21
          21
          21
          21
          21
          21
          21
          21
          21
          21
          21
          21
          21
          21
          21
          21
          21
          21
          21
          21
          21
          21
          21
          21
          21
          21
          21
          21
          21
          21
          21
          21
          21
          21
          21
          21
          21
          21
          22
          22
          22
          22
          22
          22
          22
          22
          22
          22
          22
          22
          22
          22
          22
          22
          22
          22
          22
          22
          22
          22
          22
          22
          22
          22
          22
          22
          22
          22
          22
          22
          22
          22
          22
          22
          22
          22
          22
          22
          22
          22
          22
          22
          22
          22
          22
          22
          23
          23
          23
          23
          23
          23
          23
          23
          23
          23
          23
          23
          23
          23
          23
          23
          23
          23
          23
          23
          23
          23
          23
          23
          23
          23
          23
          23
          23
          23
          23
          23
          23
          23
          23
          23
          23
          23
          23
          23
          23
          23
          23
          23
          23
          23
          23
          23
          24
          24
          24
          24
          24
          24
          24
          24
          24
          24
          24
          24
          24
          24
          24
          24
          24
          24
          24
          24
          24
          24
          24
          24
          24
          24
          24
          24
          24
          24
          24
          24
          24
          24
          24
          24
          24
          24
          24
          24
          24
          24
          24
          24
          24
          24
          24
          24
          25
          25
          25
          25
          25
          25
          25
          25
          25
          25
          25
          25
          25
          25
          25
          25
          25
          25
          25
          25
          25
          25
          25
          25
          25
          25
          25
          25
          25
          25
          25
          25
          25
          25
          25
          25
          25
          25
          25
          25
          25
          25
          25
          25
          25
          25
          25
          25
          26
          26
          26
          26
          26
          26
          26
          26
          26
          26
          26
          26
          26
          26
          26
          26
          26
          26
          26
          26
          26
          26
          26
          26
          26
          26
          26
          26
          26
          26
          26
          26
          26
          26
          26
          26
          26
          26
          26
          26
          26
          26
          26
          26
          26
          26
          26
          26
          27
          27
          27
          27
          27
          27
          27
          27
          27
          27
          27
          27
          27
          27
          27
          27
          27
          27
          27
          27
          27
          27
          27
          27
          27
          27
          27
          27
          27
          27
          27
          27
          27
          27
          27
          27
          27
          27
          27
          27
          27
          27
          27
          27
          27
          27
          27
          27
          28
          28
          28
          28
          28
          28
          28
          28
          28
          28
          28
          28
          28
          28
          28
          28
          28
          28
          28
          28
          28
          28
          28
          28
          28
          28
          28
          28
          28
          28
          28
          28
          28
          28
          28
          28
          28
          28
          28
          28
          28
          28
          28
          28
          28
          28
          28
          28
          29
          29
          29
          29
          29
          29
          29
          29
          29
          29
          29
          29
          29
          29
          29
          29
          29
          29
          29
          29
          29
          29
          29
          29
          29
          29
          29
          29
          29
          29
          29
          29
          29
          29
          29
          29
          29
          29
          29
          29
          29
          29
          29
          29
          29
          29
          29
          29
          30
          30
          30
          30
          30
          30
          30
          30
          30
          30
          30
          30
          30
          30
          30
          30
          30
          30
          30
          30
          30
          30
          30
          30
          30
          30
          30
          30
          30
          30
          30
          30
          30
          30
          30
          30
          30
          30
          30
          30
          30
          30
          30
          30
          30
          30
          30
          30
          31
          31
          31
          31
          31
          31
          31
          31
          31
          31
          31
          31
          31
          31
          31
          31
          31
          31
          31
          31
          31
          31
          31
          31
          31
          31
          31
          31
          31
          31
          31
          31
          31
          31
          31
          31
          31
          31
          31
          31
          31
          31
          31
          31
          31
          31
          31
          31
          32
          32
          32
          32
          32
          32
          32
          32
          32
          32
          32
          32
          32
          32
          32
          32
          32
          32
          32
          32
          32
          32
          32
          32
          32
          32
          32
          32
          32
          32
          32
          32
          32
          32
          32
          32
          32
          32
          32
          32
          32
          32
          32
          32
          32
          32
          32
          32
          32
          32
          32
          32
          32
          32
          32
          32
          32
          32
          32
          32
          32
          32
          32
          32
          32
          32
          32
          32
          32
          32
          32
          32
          32
          32
          32
          32
          32
          32
          32
          32
          32
          32
          32
          32
          32
          32
          32
          32
          32
          32
          32
          32
          32
          32
          32
          32
          32
          32
          32
          32
          32
          32
          32
          32
          32
          32
          32
          32
          32
          32
          32
          32
          32
          32
          32
          32
          32
          32
          32
          32
          32
          32
          32
          32
          32
          32
          32
          32
          32
          32
          32
          32
          32
          32
          32
          32
          32
          32
          32
          32
          32
          32
          32
          32
          32
          32
          32
          32
          32
          32
          32
          32
          32
          32
          32
          32
          32
          32
          32
          32
          32
          32
          32
          32
          32
          32
          32
          32
          33
          33
          33
          33
          33
          33
          33
          33
          33
          33
          33
          33
          33
          33
          33
          33
          33
          33
          33
          33
          33
          33
          33
          33
          33
          33
          33
          33
          33
          33
          33
          33
          33
          33
          33
          33
          33
          33
          33
          33
          33
          33
          33
          33
          33
          33
          33
          33
          33
          33
          33
          33
          33
          33
          33
          33
          33
          33
          33
          33
          33
          33
          33
          33
          33
          33
          33
          33
          33
          33
          33
          33
          33
          33
          33
          33
          33
          33
          33
          33
          33
          33
          33
          33
          33
          33
          33
          33
          33
          33
          33
          33
          33
          33
          33
          33
          33
          33
          33
          33
          33
          33
          33
          33
          33
          33
          33
          33
          33
          33
          33
          33
          33
          33
          33
          33
          33
          33
          33
          33
          33
          33
          33
          33
          33
          33
          33
          33
          33
          33
          33
          33
          33
          33
          33
          33
          33
          33
          33
          33
          33
          33
          33
          33
          33
          33
          33
          33
          33
          33
          33
          33
          33
          33
          33
          33
          33
          33
          33
          33
          33
          33
          33
          33
          33
          33
          33
          33
          34
          34
          34
          34
          34
          34
          34
          34
          34
          34
          34
          34
          34
          34
          34
          34
          34
          34
          34
          34
          34
          34
          34
          34
          34
          34
          34
          34
          34
          34
          34
          34
          34
          34
          34
          34
          34
          34
          34
          34
          34
          34
          34
          34
          34
          34
          34
          34
          34
          34
          34
          34
          34
          34
          34
          34
          34
          34
          34
          34
          34
          34
          34
          34
          34
          34
          34
          34
          34
          34
          34
          34
          34
          34
          34
          34
          34
          34
          34
          34
          34
          34
          34
          34
          34
          34
          34
          34
          34
          34
          34
          34
          34
          34
          34
          34
          34
          34
          34
          34
          34
          34
          34
          34
          34
          34
          34
          34
          34
          34
          34
          34
          34
          34
          34
          34
          34
          34
          34
          34
          34
          34
          34
          34
          34
          34
          34
          34
          34
          34
          34
          34
          34
          34
          34
          34
          34
          34
          34
          34
          34
          34
          34
          34
          34
          34
          34
          34
          34
          34
          34
          34
          34
          34
          34
          34
          34
          34
          34
          34
          34
          34
          34
          34
          34
          34
          34
          34
          35
          35
          35
          35
          35
          35
          35
          35
          35
          35
          35
          35
          35
          35
          35
          35
          35
          35
          35
          35
          35
          35
          35
          35
          35
          35
          35
          35
          35
          35
          35
          35
          35
          35
          35
          35
          35
          35
          35
          35
          35
          35
          35
          35
          35
          35
          35
          35
          35
          35
          35
          35
          35
          35
          35
          35
          35
          35
          35
          35
          35
          35
          35
          35
          35
          35
          35
          35
          35
          35
          35
          35
          35
          35
          35
          35
          35
          35
          35
          35
          35
          35
          35
          35
          35
          35
          35
          35
          35
          35
          35
          35
          35
          35
          35
          35
          35
          35
          35
          35
          35
          35
          35
          35
          35
          35
          35
          35
          35
          35
          35
          35
          35
          35
          35
          35
          35
          35
          35
          35
          35
          35
          35
          35
          35
          35
          35
          35
          35
          35
          35
          35
          35
          35
          35
          35
          35
          35
          35
          35
          35
          35
          35
          35
          35
          35
          35
          35
          35
          35
          35
          35
          35
          35
          35
          35
          35
          35
          35
          35
          35
          35
          35
          35
          35
          35
          35
          35
          36
          36
          36
          36
          36
          36
          36
          36
          36
          36
          36
          36
          36
          36
          36
          36
          36
          36
          36
          36
          36
          36
          36
          36
          36
          36
          36
          36
          36
          36
          36
          36
          36
          36
          36
          36
          36
          36
          36
          36
          36
          36
          36
          36
          36
          36
          36
          36
          37
          37
          37
          37
          37
          37
          37
          37
          37
          37
          37
          37
          37
          37
          37
          37
          37
          37
          37
          37
          37
          37
          37
          37
          37
          37
          37
          37
          37
          37
          37
          37
          37
          37
          37
          37
          37
          37
          37
          37
          37
          37
          37
          37
          37
          37
          37
          37
          38
          38
          38
          38
          38
          38
          38
          38
          38
          38
          38
          38
          38
          38
          38
          38
          38
          38
          38
          38
          38
          38
          38
          38
          38
          38
          38
          38
          38
          38
          38
          38
          38
          38
          38
          38
          38
          38
          38
          38
          38
          38
          38
          38
          38
          38
          38
          38
          39
          39
          39
          39
          39
          39
          39
          39
          39
          39
          39
          39
          39
          39
          39
          39
          39
          39
          39
          39
          39
          39
          39
          39
          39
          39
          39
          39
          39
          39
          39
          39
          39
          39
          39
          39
          39
          39
          39
          39
          39
          39
          39
          39
          39
          39
          39
          39
        </DataArray>
        <DataArray type="Float64" Name="scaled_jacobian" NumberOfComponents="1" format="ascii">
          0.6493979791697393
          0.5987153539431614
          0.6493979791697396
          0.5987153539431613
          0.6493979791697388
          0.5987153539431619
          0.6493979791697365
          0.5987153539431617
          0.6493979791697366
          0.5987153539431611
          0.6493979791697386
          0.5987153539431606
          0.6493979791697395
          0.5987153539431612
          0.6493979791697378
          0.5987153539431612
          0.649397979169737
          0.5987153539431621
          0.6493979791697396
          0.5987153539431619
          0.6493979791697323
          0.5987153539431608
          0.6493979791697317
          0.5987153539431612
          0.6493979791697482
          0.598715353943163
          0.6493979791697396
          0.5987153539431634
          0.6493979791697395
          0.5987153539431632
          0.6493979791697522
          0.5987153539431628
          0.6493979791697475
          0.598715353943163
          0.6493979791697482
          0.5987153539431611
          0.6493979791697493
          0.5987153539431614
          0.649397979169749
          0.5987153539431623
          0.6493979791697506
          0.5987153539431622
          0.6493979791697398
          0.5987153539431631
          0.6493979791697394
          0.5987153539431622
          0.6493979791697475
          0.5987153539431627
          0.6493979791697396
          0.5987153539431618
          0.6493979791697401
          0.5987153539431609
          0.6493979791697387
          0.5987153539431617
          0.6493979791697356
          0.5987153539431617
          0.6493979791697368
          0.5987153539431606
          0.6493979791697391
          0.5987153539431613
          0.6493979791697425
          0.5987153539431619
          0.6493979791697385
          0.5987153539431612
          0.6493979791697392
          0.598715353943161
          0.6493979791697443
          0.598715353943162
          0.6493979791697416
          0.5987153539431604
          0.6493979791697406
          0.5987153539431612
          0.6493979791697481
          0.5987153539431631
          0.6493979791697422
          0.5987153539431628
          0.6493979791697408
          0.5987153539431617
          0.6493979791697517
          0.5987153539431613
          0.6493979791697486
          0.5987153539431623
          0.6493979791697483
          0.5987153539431624
          0.649397979169745
          0.598715353943162
          0.6493979791697458
          0.5987153539431622
          0.6493979791697401
          0.5987153539431626
          0.6493979791697401
          0.5987153539431621
          0.6493979791697445
          0.5987153539431621
          0.6493979791697431
          0.5987153539431613
          0.6493979791697456
          0.598715353943163
          0.6493979791697453
          0.5987153539431628
          0.6493979791697442
          0.5987153539431631
          0.6493979791697464
          0.5987153539431627
          0.6493979791697426
          0.5987153539431631
          0.6493979791697425
          0.598715353943162
          0.6493979791697473
          0.5987153539431622
          0.6493979791697452
          0.5987153539431632
          0.6493979791697432
          0.5987153539431626
          0.6493979791697443
          0.5987153539431614
          0.6493979791697462
          0.598715353943163
          0.6493979791697453
          0.5987153539431631
          0.6493979791697416
          0.5987153539431612
          0.6493979791697407
          0.5987153539431611
          0.6493979791697398
          0.5987153539431603
          0.6493979791697414
          0.5987153539431603
          0.6493979791697407
          0.5987153539431614
          0.6493979791697397
          0.5987153539431616
          0.6493979791697398
          0.5987153539431606
          0.6493979791697407
          0.5987153539431611
          0.6493979791697426
          0.5987153539431613
          0.6493979791697407
          0.5987153539431602
          0.6493979791697393
          0.59871535394316
          0.6493979791697395
          0.598715353943161
          0.6493979791697456
          0.598715353943163
          0.649397979169746
          0.598715353943163
          0.6493979791697463
          0.5987153539431627
          0.6493979791697485
          0.5987153539431647
          0.6493979791697444
          0.5987153539431636
          0.6493979791697442
          0.5987153539431623
          0.6493979791697438
          0.5987153539431617
          0.6493979791697402
          0.5987153539431623
          0.6493979791697387
          0.5987153539431624
          0.6493979791697401
          0.5987153539431608
          0.6493979791697398
          0.59871535394316
          0.6493979791697402
          0.5987153539431622
          0.6493979791697394
          0.5987153539431607
          0.6493979791697377
          0.5987153539431609
          0.6493979791697381
          0.598715353943159
          0.649397979169736
          0.5987153539431592
          0.6493979791697356
          0.598715353943159
          0.649397979169744
          0.5987153539431601
          0.6493979791697434
          0.5987153539431603
          0.6493979791697425
          0.5987153539431604
          0.649397979169747
          0.5987153539431598
          0.6493979791697395
          0.5987153539431587
          0.6493979791697403
          0.5987153539431604
          0.6493979791697482
          0.5987153539431613
          0.598715353943161
          0.8302688107883226
          0.5987153539431612
          0.8302688107883197
          0.5987153539431614
          0.8302688107883195
          0.5987153539431617
          0.8302688107883249
          0.5987153539431612
          0.8302688107883239
          0.5987153539431611
          0.8302688107883184
          0.5987153539431612
          0.8302688107883174
          0.5987153539431609
          0.8302688107883175
          0.5987153539431622
          0.8302688107883228
          0.5987153539431617
          0.8302688107883232
          0.5987153539431611
          0.830268810788322
          0.5987153539431614
          0.830268810788322
          0.5987153539431627
          0.8302688107883203
          0.5987153539431631
          0.830268810788319
          0.5987153539431624
          0.8302688107883209
          0.5987153539431627
          0.8302688107883243
          0.5987153539431627
          0.8302688107883267
          0.5987153539431621
          0.8302688107883266
          0.5987153539431618
          0.8302688107883284
          0.5987153539431621
          0.8302688107883265
          0.5987153539431623
          0.8302688107883257
          0.5987153539431621
          0.8302688107883219
          0.5987153539431626
          0.8302688107883214
          0.5987153539431628
          0.8302688107883216
          0.5987153539431613
          0.8302688107883224
          0.5987153539431614
          0.8302688107883193
          0.5987153539431617
          0.8302688107883187
          0.5987153539431614
          0.8302688107883279
          0.5987153539431612
          0.8302688107883238
          0.5987153539431612
          0.830268810788319
          0.5987153539431626
          0.830268810788319
          0.598715353943161
          0.8302688107883227
          0.5987153539431611
          0.8302688107883226
          0.5987153539431621
          0.8302688107883254
          0.5987153539431611
          0.8302688107883204
          0.5987153539431611
          0.8302688107883203
          0.5987153539431628
          0.8302688107883212
          0.5987153539431634
          0.8302688107883205
          0.5987153539431608
          0.8302688107883176
          0.598715353943161
          0.8302688107883173
          0.5987153539431624
          0.8302688107883224
          0.5987153539431624
          0.8302688107883216
          0.5987153539431614
          0.8302688107883245
          0.5987153539431618
          0.8302688107883243
          0.5987153539431626
          0.830268810788322
          0.598715353943162
          0.830268810788322
          0.598715353943162
          0.8302688107883252
          0.598715353943161
          0.8302688107883233
          0.5987153539431628
          0.8302688107883247
          0.5987153539431629
          0.830268810788325
          0.5987153539431628
          0.8302688107883257
          0.598715353943163
          0.8302688107883256
          0.5987153539431629
          0.8302688107883252
          0.5987153539431626
          0.8302688107883238
          0.5987153539431622
          0.8302688107883237
          0.5987153539431631
          0.8302688107883264
          0.5987153539431623
          0.8302688107883256
          0.5987153539431622
          0.8302688107883245
          0.5987153539431637
          0.8302688107883245
          0.5987153539431629
          0.8302688107883247
          0.598715353943161
          0.830268810788321
          0.5987153539431612
          0.8302688107883214
          0.5987153539431602
          0.8302688107883214
          0.5987153539431603
          0.830268810788319
          0.5987153539431609
          0.8302688107883195
          0.598715353943162
          0.8302688107883227
          0.5987153539431608
          0.8302688107883238
          0.5987153539431609
          0.8302688107883193
          0.598715353943161
          0.830268810788319
          0.5987153539431604
          0.8302688107883207
          0.5987153539431608
          0.8302688107883188
          0.5987153539431608
          0.8302688107883194
          0.5987153539431627
          0.8302688107883248
          0.5987153539431629
          0.8302688107883228
          0.598715353943163
          0.8302688107883227
          0.5987153539431643
          0.8302688107883245
          0.5987153539431634
          0.8302688107883228
          0.5987153539431632
          0.830268810788323
          0.5987153539431626
          0.830268810788325
          0.5987153539431624
          0.8302688107883244
          0.5987153539431623
          0.8302688107883183
          0.5987153539431611
          0.8302688107883186
          0.5987153539431612
          0.8302688107883226
          0.598715353943162
          0.8302688107883224
          0.598715353943161
          0.8302688107883212
          0.5987153539431609
          0.8302688107883208
          0.5987153539431591
          0.830268810788321
          0.5987153539431584
          0.8302688107883213
          0.5987153539431591
          0.8302688107883237
          0.5987153539431611
          0.8302688107883244
          0.5987153539431611
          0.8302688107883206
          0.5987153539431608
          0.8302688107883203
          0.5987153539431598
          0.830268810788322
          0.5987153539431601
          0.8302688107883222
          0.5987153539431611
          0.8302688107883204
          0.5987153539431612
          0.8302688107883208
          0.9978589232386024
          0.9978589232386025
          0.997858923238603
          0.997858923238603
          0.9978589232386028
          0.9978589232386025
          0.9978589232386035
          0.9978589232386026
          0.9978589232386033
          0.997858923238603
          0.9978589232386027
          0.9978589232386028
          0.9978589232386028
          0.9978589232386025
          0.997858923238603
          0.9978589232386034
          0.9978589232386034
          0.9978589232386025
          0.9978589232386029
          0.9978589232386034
          0.9978589232386025
          0.997858923238603
          0.9978589232386034
          0.9978589232386025
          0.9978589232386024
          0.9978589232386025
          0.997858923238603
          0.997858923238603
          0.9978589232386028
          0.9978589232386025
          0.9978589232386033
          0.9978589232386027
          0.997858923238603
          0.997858923238603
          0.9978589232386027
          0.9978589232386028
          0.9978589232386028
          0.9978589232386025
          0.9978589232386033
          0.9978589232386034
          0.9978589232386034
          0.9978589232386025
          0.9978589232386027
          0.9978589232386034
          0.9978589232386025
          0.997858923238603
          0.9978589232386034
          0.9978589232386025
          0.9978589232386025
          0.9978589232386021
          0.9978589232386027
          0.9978589232386031
          0.9978589232386034
          0.9978589232386027
          0.9978589232386028
          0.9978589232386033
          0.997858923238603
          0.9978589232386031
          0.997858923238603
          0.997858923238603
          0.997858923238603
          0.9978589232386034
          0.9978589232386033
          0.997858923238603
          0.9978589232386034
          0.9978589232386026
          0.997858923238603
          0.9978589232386031
          0.997858923238603
          0.9978589232386033
          0.9978589232386033
          0.997858923238603
          0.9978589232386025
          0.9978589232386023
          0.9978589232386029
          0.9978589232386031
          0.9978589232386034
          0.9978589232386027
          0.9978589232386028
          0.9978589232386033
          0.997858923238603
          0.9978589232386031
          0.997858923238603
          0.997858923238603
          0.9978589232386031
          0.9978589232386034
          0.9978589232386033
          0.997858923238603
          0.9978589232386034
          0.9978589232386028
          0.9978589232386028
          0.9978589232386031
          0.997858923238603
          0.9978589232386033
          0.9978589232386033
          0.9978589232386031
          0.9978589232386033
          0.9978589232386031
          0.9978589232386033
          0.9978589232386034
          0.997858923238603
          0.9978589232386031
          0.9978589232386033
          0.9978589232386033
          0.9978589232386033
          0.9978589232386034
          0.9978589232386031
          0.997858923238603
          0.9978589232386034
          0.9978589232386033
          0.997858923238603
          0.997858923238603
          0.997858923238603
          0.9978589232386034
          0.9978589232386036
          0.9978589232386031
          0.997858923238603
          0.9978589232386031
          0.9978589232386033
          0.9978589232386033
          0.9978589232386033
          0.9978589232386031
          0.9978589232386033
          0.9978589232386034
          0.997858923238603
          0.9978589232386031
          0.9978589232386034
          0.9978589232386033
          0.9978589232386033
          0.9978589232386034
          0.9978589232386033
          0.997858923238603
          0.9978589232386034
          0.9978589232386031
          0.997858923238603
          0.9978589232386031
          0.997858923238603
          0.9978589232386034
          0.9978589232386036
          0.9978589232386033
          0.997858923238603
          0.9978589232386031
          0.9978589232386033
          0.9978589232386033
          0.9978589232386033
          0.9978589232386031
          0.9978589232386031
          0.997858923238603
          0.9978589232386035
          0.997858923238603
          0.9978589232386031
          0.9978589232386033
          0.9978589232386033
          0.9978589232386033
          0.9978589232386031
          0.9978589232386034
          0.997858923238603
          0.9978589232386034
          0.9978589232386034
          0.9978589232386033
          0.9978589232386033
          0.9978589232386033
          0.997858923238603
          0.9978589232386029
          0.997858923238603
          0.9978589232386028
          0.9978589232386029
          0.997858923238603
          0.9978589232386034
          0.9978589232386031
          0.9978589232386031
          0.9978589232386031
          0.9978589232386035
          0.997858923238603
          0.997858923238603
          0.9978589232386033
          0.9978589232386033
          0.9978589232386033
          0.9978589232386031
          0.9978589232386031
          0.997858923238603
          0.9978589232386034
          0.9978589232386034
          0.9978589232386033
          0.9978589232386033
          0.9978589232386033
          0.997858923238603
          0.997858923238603
          0.997858923238603
          0.9978589232386028
          0.9978589232386029
          0.997858923238603
          0.9978589232386033
          0.997858923238603
          0.9978589232386021
          0.9978589232386033
          0.9978589232386024
          0.9978589232386033
          0.9978589232386034
          0.9978589232386023
          0.997858923238602
          0.9978589232386033
          0.9978589232386024
          0.9978589232386017
          0.9978589232386021
          0.9978589232386028
          0.997858923238602
          0.997858923238603
          0.9978589232386029
          0.9978589232386017
          0.9978589232386021
          0.9978589232386025
          0.9978589232386027
          0.997858923238601
          0.9978589232386028
          0.9978589232386033
          0.9978589232386033
          0.997858923238603
          0.9978589232386021
          0.9978589232386033
          0.9978589232386024
          0.9978589232386033
          0.9978589232386034
          0.9978589232386023
          0.997858923238602
          0.9978589232386033
          0.9978589232386024
          0.9978589232386017
          0.9978589232386021
          0.9978589232386028
          0.997858923238602
          0.997858923238603
          0.9978589232386029
          0.9978589232386017
          0.9978589232386021
          0.9978589232386025
          0.9978589232386027
          0.997858923238601
          0.9978589232386028
          0.9978589232386033
          0.9978589232386028
          0.9978589232386035
          0.997858923238603
          0.9978589232386017
          0.9978589232386019
          0.997858923238603
          0.997858923238602
          0.9978589232386024
          0.9978589232386025
          0.9978589232386021
          0.997858923238603
          0.9978589232386014
          0.9978589232386019
          0.9978589232386034
          0.9978589232386013
          0.9978589232386033
          0.9978589232386017
          0.9978589232386017
          0.9978589232386031
          0.9978589232386018
          0.9978589232386026
          0.9978589232386019
          0.9978589232386027
          0.9978589232386028
          0.9978589232386028
          0.9978589232386035
          0.997858923238603
          0.9978589232386017
          0.9978589232386019
          0.997858923238603
          0.997858923238602
          0.9978589232386024
          0.9978589232386025
          0.9978589232386021
          0.997858923238603
          0.9978589232386014
          0.9978589232386019
          0.9978589232386034
          0.9978589232386013
          0.9978589232386033
          0.9978589232386017
          0.9978589232386017
          0.9978589232386031
          0.9978589232386018
          0.9978589232386026
          0.9978589232386019
          0.9978589232386027
          0.9978589232386028
          0.9978589232386027
          0.9978589232386035
          0.9978589232386029
          0.9978589232386023
          0.9978589232386027
          0.9978589232386021
          0.997858923238602
          0.9978589232386021
          0.9978589232386028
          0.9978589232386034
          0.9978589232386033
          0.997858923238602
          0.997858923238603
          0.997858923238603
          0.9978589232386026
          0.9978589232386033
          0.9978589232386011
          0.9978589232386019
          0.9978589232386024
          0.9978589232386024
          0.9978589232386033
          0.9978589232386023
          0.9978589232386029
          0.9978589232386029
          0.9978589232386027
          0.9978589232386035
          0.9978589232386029
          0.9978589232386023
          0.9978589232386027
          0.9978589232386021
          0.997858923238602
          0.9978589232386023
          0.9978589232386028
          0.9978589232386034
          0.9978589232386033
          0.997858923238602
          0.997858923238603
          0.997858923238603
          0.9978589232386026
          0.9978589232386033
          0.9978589232386011
          0.9978589232386019
          0.9978589232386024
          0.9978589232386024
          0.9978589232386033
          0.9978589232386023
          0.9978589232386029
          0.9978589232386029
          0.9978589232386035
          0.9978589232386027
          0.9978589232386024
          0.9978589232386031
          0.9978589232386033
          0.9978589232386023
          0.9978589232386029
          0.9978589232386024
          0.9978589232386026
          0.9978589232386029
          0.9978589232386033
          0.9978589232386015
          0.9978589232386013
          0.9978589232386028
          0.9978589232386018
          0.9978589232386021
          0.9978589232386013
          0.997858923238603
          0.9978589232386031
          0.9978589232386021
          0.9978589232386029
          0.9978589232386017
          0.9978589232386027
          0.9978589232386033
          0.9978589232386035
          0.9978589232386027
          0.9978589232386024
          0.9978589232386031
          0.9978589232386033
          0.9978589232386023
          0.9978589232386029
          0.9978589232386024
          0.9978589232386026
          0.9978589232386029
          0.9978589232386033
          0.9978589232386015
          0.9978589232386013
          0.9978589232386028
          0.9978589232386018
          0.9978589232386021
          0.9978589232386013
          0.997858923238603
          0.9978589232386031
          0.9978589232386021
          0.9978589232386029
          0.9978589232386017
          0.9978589232386027
          0.9978589232386033
          0.9978589232386033
          0.9978589232386035
          0.9978589232386033
          0.997858923238603
          0.9978589232386027
          0.9978589232386026
          0.9978589232386021
          0.9978589232386021
          0.9978589232386025
          0.9978589232386029
          0.997858923238603
          0.9978589232386031
          0.9978589232386028
          0.9978589232386031
          0.997858923238603
          0.9978589232386031
          0.9978589232386029
          0.997858923238603
          0.9978589232386024
          0.9978589232386024
          0.9978589232386033
          0.9978589232386025
          0.997858923238603
          0.9978589232386036
          0.9978589232386033
          0.9978589232386035
          0.9978589232386033
          0.997858923238603
          0.9978589232386027
          0.9978589232386026
          0.9978589232386021
          0.9978589232386021
          0.9978589232386025
          0.9978589232386029
          0.997858923238603
          0.9978589232386031
          0.9978589232386028
          0.9978589232386031
          0.997858923238603
          0.9978589232386031
          0.9978589232386029
          0.997858923238603
          0.9978589232386024
          0.9978589232386024
          0.9978589232386033
          0.9978589232386025
          0.997858923238603
          0.9978589232386036
          0.9978589232386035
          0.9978589232386033
          0.9978589232386033
          0.9978589232386029
          0.9978589232386029
          0.9978589232386024
          0.9978589232386027
          0.9978589232386031
          0.997858923238603
          0.9978589232386029
          0.9978589232386029
          0.997858923238603
          0.9978589232386031
          0.9978589232386031
          0.997858923238603
          0.9978589232386034
          0.9978589232386033
          0.997858923238603
          0.997858923238603
          0.9978589232386033
          0.9978589232386033
          0.9978589232386026
          0.9978589232386026
          0.9978589232386034
          0.9978589232386035
          0.9978589232386033
          0.9978589232386033
          0.9978589232386029
          0.9978589232386029
          0.9978589232386024
          0.9978589232386027
          0.9978589232386031
          0.997858923238603
          0.9978589232386029
          0.9978589232386029
          0.997858923238603
          0.9978589232386031
          0.9978589232386031
          0.997858923238603
          0.9978589232386034
          0.9978589232386033
          0.997858923238603
          0.997858923238603
          0.9978589232386033
          0.9978589232386033
          0.9978589232386026
          0.9978589232386026
          0.9978589232386034
          0.9978589232386033
          0.9978589232386033
          0.9978589232386033
          0.997858923238603
          0.9978589232386031
          0.9978589232386033
          0.9978589232386033
          0.9978589232386035
          0.9978589232386035
          0.9978589232386033
          0.9978589232386033
          0.9978589232386033
          0.9978589232386033
          0.9978589232386028
          0.9978589232386031
          0.9978589232386033
          0.9978589232386028
          0.997858923238603
          0.9978589232386033
          0.997858923238603
          0.9978589232386033
          0.9978589232386031
          0.9978589232386033
          0.9978589232386031
          0.9978589232386033
          0.9978589232386033
          0.9978589232386033
          0.997858923238603
          0.9978589232386031
          0.9978589232386033
          0.9978589232386033
          0.9978589232386035
          0.9978589232386035
          0.9978589232386033
          0.9978589232386033
          0.9978589232386033
          0.9978589232386033
          0.9978589232386028
          0.9978589232386031
          0.9978589232386033
          0.9978589232386028
          0.997858923238603
          0.9978589232386033
          0.997858923238603
          0.9978589232386033
          0.9978589232386031
          0.9978589232386033
          0.9978589232386031
          0.9978589232386031
          0.997858923238603
          0.9978589232386027
          0.9978589232386031
          0.9978589232386035
          0.9978589232386034
          0.9978589232386028
          0.997858923238603
          0.9978589232386027
          0.9978589232386027
          0.9978589232386035
          0.9978589232386031
          0.9978589232386028
          0.9978589232386031
          0.9978589232386028
          0.9978589232386026
          0.9978589232386029
          0.9978589232386028
          0.9978589232386029
          0.9978589232386028
          0.9978589232386026
          0.9978589232386028
          0.9978589232386033
          0.9978589232386031
          0.9978589232386033
          0.997858923238603
          0.9978589232386027
          0.9978589232386031
          0.9978589232386035
          0.9978589232386034
          0.9978589232386028
          0.997858923238603
          0.9978589232386027
          0.9978589232386027
          0.9978589232386035
          0.9978589232386031
          0.9978589232386028
          0.9978589232386031
          0.9978589232386028
          0.9978589232386027
          0.9978589232386029
          0.9978589232386028
          0.9978589232386029
          0.9978589232386028
          0.9978589232386026
          0.9978589232386028
          0.9978589232386033
          0.9978589232386031
          0.9978589232386024
          0.9978589232386025
          0.9978589232386029
          0.9978589232386029
          0.9978589232386028
          0.9978589232386025
          0.9978589232386034
          0.9978589232386027
          0.9978589232386031
          0.9978589232386029
          0.9978589232386027
          0.9978589232386029
          0.9978589232386029
          0.9978589232386025
          0.9978589232386031
          0.9978589232386034
          0.9978589232386034
          0.9978589232386025
          0.9978589232386028
          0.9978589232386034
          0.9978589232386025
          0.9978589232386031
          0.9978589232386034
          0.9978589232386025
          0.9978589232386024
          0.9978589232386025
          0.9978589232386029
          0.9978589232386029
          0.9978589232386028
          0.9978589232386025
          0.9978589232386034
          0.9978589232386027
          0.9978589232386031
          0.9978589232386029
          0.9978589232386027
          0.9978589232386029
          0.9978589232386029
          0.9978589232386025
          0.9978589232386031
          0.9978589232386034
          0.9978589232386034
          0.9978589232386025
          0.9978589232386028
          0.9978589232386034
          0.9978589232386025
          0.9978589232386031
          0.9978589232386034
          0.9978589232386025
          0.9978589232386025
          0.9978589232386023
          0.9978589232386027
          0.9978589232386031
          0.9978589232386034
          0.9978589232386027
          0.9978589232386029
          0.9978589232386031
          0.997858923238603
          0.9978589232386033
          0.9978589232386031
          0.9978589232386031
          0.9978589232386031
          0.9978589232386034
          0.9978589232386034
          0.9978589232386031
          0.9978589232386034
          0.9978589232386027
          0.9978589232386029
          0.9978589232386033
          0.9978589232386029
          0.9978589232386033
          0.9978589232386034
          0.9978589232386031
          0.9978589232386025
          0.9978589232386023
          0.9978589232386027
          0.9978589232386031
          0.9978589232386034
          0.9978589232386027
          0.9978589232386029
          0.9978589232386031
          0.997858923238603
          0.9978589232386033
          0.9978589232386031
          0.9978589232386031
          0.9978589232386031
          0.9978589232386034
          0.9978589232386034
          0.9978589232386031
          0.9978589232386034
          0.9978589232386027
          0.9978589232386029
          0.9978589232386033
          0.9978589232386029
          0.9978589232386033
          0.9978589232386034
          0.9978589232386031
          0.9978589232386034
          0.9978589232386033
          0.9978589232386034
          0.9978589232386034
          0.9978589232386031
          0.9978589232386031
          0.9978589232386034
          0.9978589232386033
          0.9978589232386034
          0.9978589232386034
          0.9978589232386033
          0.9978589232386031
          0.9978589232386034
          0.9978589232386031
          0.997858923238603
          0.9978589232386031
          0.997858923238603
          0.9978589232386034
          0.9978589232386036
          0.9978589232386031
          0.9978589232386031
          0.9978589232386034
          0.9978589232386034
          0.9978589232386033
          0.9978589232386034
          0.9978589232386033
          0.9978589232386034
          0.9978589232386034
          0.9978589232386031
          0.9978589232386031
          0.9978589232386034
          0.9978589232386033
          0.9978589232386034
          0.9978589232386034
          0.9978589232386033
          0.9978589232386031
          0.9978589232386034
          0.9978589232386031
          0.997858923238603
          0.9978589232386031
          0.997858923238603
          0.9978589232386034
          0.9978589232386036
          0.9978589232386031
          0.9978589232386031
          0.9978589232386034
          0.9978589232386034
          0.9978589232386033
          0.9978589232386033
          0.9978589232386034
          0.9978589232386031
          0.9978589232386031
          0.9978589232386035
          0.997858923238603
          0.9978589232386031
          0.9978589232386033
          0.9978589232386033
          0.9978589232386033
          0.9978589232386031
          0.9978589232386033
          0.997858923238603
          0.9978589232386034
          0.9978589232386034
          0.9978589232386033
          0.9978589232386034
          0.9978589232386034
          0.9978589232386031
          0.9978589232386029
          0.997858923238603
          0.9978589232386029
          0.9978589232386029
          0.9978589232386029
          0.9978589232386033
          0.9978589232386034
          0.9978589232386031
          0.9978589232386031
          0.9978589232386035
          0.997858923238603
          0.9978589232386031
          0.9978589232386033
          0.9978589232386033
          0.9978589232386033
          0.9978589232386031
          0.9978589232386033
          0.997858923238603
          0.9978589232386034
          0.9978589232386034
          0.9978589232386033
          0.9978589232386034
          0.9978589232386034
          0.9978589232386031
          0.9978589232386029
          0.997858923238603
          0.9978589232386029
          0.9978589232386029
          0.9978589232386029
          0.9978589232386033
          0.9978589232386029
          0.9978589232386023
          0.9978589232386034
          0.9978589232386025
          0.9978589232386033
          0.9978589232386035
          0.9978589232386021
          0.9978589232386019
          0.9978589232386034
          0.9978589232386024
          0.9978589232386017
          0.9978589232386023
          0.9978589232386027
          0.9978589232386019
          0.9978589232386031
          0.9978589232386028
          0.9978589232386018
          0.9978589232386021
          0.9978589232386024
          0.9978589232386026
          0.997858923238601
          0.9978589232386028
          0.9978589232386031
          0.9978589232386033
          0.9978589232386029
          0.9978589232386021
          0.9978589232386034
          0.9978589232386025
          0.9978589232386033
          0.9978589232386034
          0.9978589232386021
          0.9978589232386021
          0.9978589232386033
          0.9978589232386025
          0.9978589232386018
          0.997858923238602
          0.9978589232386027
          0.9978589232386019
          0.9978589232386031
          0.9978589232386029
          0.9978589232386018
          0.9978589232386021
          0.9978589232386025
          0.9978589232386026
          0.997858923238601
          0.9978589232386028
          0.9978589232386031
          0.9978589232386028
          0.9978589232386034
          0.9978589232386029
          0.9978589232386017
          0.9978589232386018
          0.9978589232386029
          0.997858923238602
          0.9978589232386024
          0.9978589232386024
          0.9978589232386023
          0.9978589232386031
          0.9978589232386014
          0.997858923238602
          0.9978589232386033
          0.9978589232386011
          0.9978589232386031
          0.9978589232386017
          0.9978589232386017
          0.9978589232386031
          0.9978589232386018
          0.9978589232386027
          0.9978589232386019
          0.9978589232386027
          0.9978589232386028
          0.9978589232386027
          0.9978589232386034
          0.9978589232386029
          0.9978589232386016
          0.9978589232386018
          0.9978589232386029
          0.997858923238602
          0.9978589232386024
          0.9978589232386024
          0.9978589232386023
          0.9978589232386029
          0.9978589232386014
          0.9978589232386018
          0.9978589232386034
          0.9978589232386011
          0.9978589232386031
          0.9978589232386016
          0.9978589232386017
          0.9978589232386031
          0.997858923238602
          0.9978589232386027
          0.9978589232386019
          0.9978589232386027
          0.9978589232386028
          0.9978589232386027
          0.9978589232386034
          0.9978589232386029
          0.9978589232386024
          0.9978589232386027
          0.9978589232386021
          0.997858923238602
          0.9978589232386023
          0.9978589232386027
          0.9978589232386034
          0.9978589232386033
          0.997858923238602
          0.997858923238603
          0.9978589232386029
          0.9978589232386026
          0.9978589232386034
          0.997858923238601
          0.997858923238602
          0.9978589232386024
          0.9978589232386024
          0.9978589232386034
          0.9978589232386021
          0.9978589232386028
          0.9978589232386028
          0.9978589232386026
          0.9978589232386034
          0.9978589232386028
          0.9978589232386023
          0.9978589232386027
          0.9978589232386021
          0.997858923238602
          0.9978589232386021
          0.9978589232386028
          0.9978589232386034
          0.9978589232386031
          0.9978589232386019
          0.997858923238603
          0.9978589232386029
          0.9978589232386026
          0.9978589232386031
          0.997858923238601
          0.9978589232386018
          0.9978589232386025
          0.9978589232386024
          0.9978589232386033
          0.9978589232386023
          0.9978589232386028
          0.9978589232386028
          0.9978589232386035
          0.9978589232386028
          0.9978589232386024
          0.9978589232386034
          0.9978589232386033
          0.9978589232386024
          0.9978589232386028
          0.9978589232386026
          0.9978589232386027
          0.9978589232386029
          0.9978589232386031
          0.9978589232386016
          0.9978589232386011
          0.9978589232386027
          0.9978589232386018
          0.9978589232386021
          0.9978589232386013
          0.9978589232386031
          0.9978589232386031
          0.9978589232386021
          0.9978589232386029
          0.9978589232386016
          0.9978589232386028
          0.9978589232386031
          0.9978589232386035
          0.9978589232386028
          0.9978589232386023
          0.9978589232386031
          0.9978589232386033
          0.9978589232386023
          0.997858923238603
          0.9978589232386024
          0.9978589232386026
          0.9978589232386028
          0.9978589232386033
          0.9978589232386015
          0.9978589232386013
          0.9978589232386027
          0.9978589232386018
          0.9978589232386021
          0.9978589232386013
          0.9978589232386031
          0.9978589232386031
          0.997858923238602
          0.9978589232386028
          0.9978589232386016
          0.9978589232386028
          0.9978589232386031
          0.9978589232386034
          0.9978589232386034
          0.9978589232386034
          0.997858923238603
          0.9978589232386026
          0.9978589232386026
          0.9978589232386021
          0.9978589232386021
          0.9978589232386025
          0.9978589232386029
          0.9978589232386029
          0.9978589232386033
          0.9978589232386027
          0.9978589232386033
          0.9978589232386029
          0.997858923238603
          0.997858923238603
          0.997858923238603
          0.9978589232386023
          0.9978589232386024
          0.9978589232386034
          0.9978589232386025
          0.9978589232386029
          0.9978589232386036
          0.9978589232386034
          0.9978589232386034
          0.9978589232386034
          0.997858923238603
          0.9978589232386026
          0.9978589232386026
          0.9978589232386021
          0.9978589232386021
          0.9978589232386025
          0.9978589232386029
          0.9978589232386029
          0.9978589232386033
          0.9978589232386027
          0.9978589232386033
          0.9978589232386029
          0.997858923238603
          0.997858923238603
          0.997858923238603
          0.9978589232386024
          0.9978589232386024
          0.9978589232386031
          0.9978589232386025
          0.9978589232386029
          0.9978589232386036
          0.9978589232386034
          0.9978589232386034
          0.9978589232386034
          0.9978589232386029
          0.9978589232386029
          0.9978589232386023
          0.9978589232386028
          0.9978589232386033
          0.9978589232386031
          0.997858923238603
          0.997858923238603
          0.9978589232386031
          0.997858923238603
          0.997858923238603
          0.9978589232386029
          0.9978589232386033
          0.9978589232386031
          0.9978589232386031
          0.9978589232386031
          0.9978589232386031
          0.9978589232386034
          0.9978589232386026
          0.9978589232386027
          0.9978589232386034
          0.9978589232386034
          0.9978589232386034
          0.9978589232386034
          0.9978589232386029
          0.9978589232386029
          0.9978589232386024
          0.9978589232386027
          0.997858923238603
          0.9978589232386031
          0.997858923238603
          0.997858923238603
          0.9978589232386031
          0.9978589232386033
          0.9978589232386033
          0.9978589232386029
          0.9978589232386033
          0.9978589232386031
          0.9978589232386031
          0.9978589232386031
          0.9978589232386033
          0.9978589232386034
          0.9978589232386026
          0.9978589232386027
          0.9978589232386034
          0.9978589232386031
          0.9978589232386034
          0.9978589232386031
          0.997858923238603
          0.997858923238603
          0.9978589232386033
          0.9978589232386034
          0.9978589232386034
          0.9978589232386034
          0.9978589232386031
          0.9978589232386031
          0.9978589232386033
          0.9978589232386031
          0.9978589232386027
          0.9978589232386033
          0.9978589232386034
          0.9978589232386029
          0.9978589232386029
          0.9978589232386034
          0.9978589232386031
          0.9978589232386033
          0.9978589232386031
          0.9978589232386031
          0.997858923238603
          0.9978589232386031
          0.9978589232386034
          0.9978589232386033
          0.997858923238603
          0.9978589232386031
          0.9978589232386033
          0.9978589232386034
          0.9978589232386034
          0.9978589232386034
          0.9978589232386033
          0.9978589232386031
          0.9978589232386034
          0.9978589232386031
          0.9978589232386027
          0.9978589232386033
          0.9978589232386034
          0.9978589232386029
          0.997858923238603
          0.9978589232386031
          0.9978589232386031
          0.9978589232386031
          0.9978589232386031
          0.9978589232386031
          0.997858923238603
          0.9978589232386031
          0.9978589232386031
          0.9978589232386027
          0.997858923238603
          0.9978589232386035
          0.9978589232386033
          0.9978589232386027
          0.997858923238603
          0.9978589232386027
          0.9978589232386027
          0.9978589232386034
          0.9978589232386031
          0.9978589232386029
          0.997858923238603
          0.9978589232386028
          0.9978589232386026
          0.9978589232386029
          0.9978589232386027
          0.9978589232386029
          0.9978589232386027
          0.9978589232386026
          0.9978589232386029
          0.9978589232386031
          0.9978589232386033
          0.9978589232386033
          0.9978589232386031
          0.9978589232386027
          0.9978589232386031
          0.9978589232386034
          0.9978589232386033
          0.9978589232386027
          0.997858923238603
          0.9978589232386027
          0.9978589232386027
          0.9978589232386034
          0.9978589232386031
          0.9978589232386027
          0.997858923238603
          0.9978589232386028
          0.9978589232386026
          0.9978589232386029
          0.9978589232386027
          0.997858923238603
          0.9978589232386027
          0.9978589232386026
          0.9978589232386027
          0.9978589232386031
          0.9978589232386033
          0.9977882207959422
          0.997788220795942
          0.9977882207959421
          0.9977882207959421
          0.9977882207959416
          0.9977882207959416
          0.9977882207959409
          0.9977882207959412
          0.997788220795943
          0.9977882207959425
          0.9977882207959418
          0.9977882207959421
          0.9977882207959424
          0.9977882207959428
          0.9977882207959425
          0.9977882207959422
          0.9977882207959421
          0.9977882207959422
          0.9977882207959413
          0.9977882207959414
          0.9977882207959414
          0.9977882207959413
          0.9977882207959421
          0.9977882207959421
          0.9975762036060013
          0.9975762036060012
          0.9975762036060017
          0.9975762036060014
          0.9975762036060011
          0.9975762036060009
          0.9975762036060011
          0.9975762036060015
          0.9975762036060021
          0.9975762036060016
          0.9975762036060006
          0.9975762036060015
          0.9975762036060012
          0.9975762036060017
          0.9975762036060015
          0.997576203606002
          0.9975762036060012
          0.9975762036060016
          0.9975762036060001
          0.9975762036059995
          0.9975762036060017
          0.9975762036060013
          0.9975762036060014
          0.9975762036060012
          0.9972231417639026
          0.9972231417639027
          0.9972231417639029
          0.9972231417639027
          0.9972231417639029
          0.9972231417639031
          0.997223141763902
          0.997223141763902
          0.9972231417639021
          0.9972231417639026
          0.9972231417639025
          0.997223141763902
          0.9972231417639023
          0.9972231417639028
          0.9972231417639031
          0.997223141763903
          0.9972231417639031
          0.9972231417639028
          0.9972231417639019
          0.997223141763902
          0.9972231417639028
          0.9972231417639015
          0.9972231417639027
          0.9972231417639027
          0.9967294843670558
          0.9967294843670562
          0.9967294843670552
          0.9967294843670553
          0.9967294843670556
          0.996729484367056
          0.9967294843670558
          0.9967294843670551
          0.9967294843670548
          0.9967294843670553
          0.9967294843670557
          0.9967294843670554
          0.9967294843670556
          0.9967294843670558
          0.9967294843670553
          0.9967294843670561
          0.9967294843670562
          0.9967294843670561
          0.9967294843670558
          0.9967294843670559
          0.9967294843670559
          0.9967294843670551
          0.996729484367056
          0.9967294843670562
          0.9960958579311812
          0.9960958579311814
          0.996095857931181
          0.9960958579311808
          0.9960958579311802
          0.9960958579311807
          0.9960958579311819
          0.9960958579311813
          0.996095857931181
          0.9960958579311816
          0.9960958579311818
          0.9960958579311816
          0.9960958579311813
          0.9960958579311822
          0.9960958579311816
          0.9960958579311816
          0.9960958579311819
          0.9960958579311823
          0.996095857931181
          0.9960958579311814
          0.9960958579311817
          0.9960958579311813
          0.9960958579311813
          0.9960958579311812
          0.9953230641880748
          0.9953230641880741
          0.9953230641880744
          0.9953230641880736
          0.9953230641880736
          0.9953230641880731
          0.995323064188074
          0.9953230641880738
          0.9953230641880741
          0.9953230641880744
          0.9953230641880741
          0.995323064188073
          0.9953230641880736
          0.9953230641880739
          0.9953230641880741
          0.9953230641880737
          0.9953230641880738
          0.995323064188074
          0.9953230641880738
          0.9953230641880735
          0.9953230641880746
          0.9953230641880738
          0.9953230641880746
          0.9953230641880744
          0.9944120772802324
          0.9944120772802328
          0.9944120772802321
          0.9944120772802323
          0.9944120772802326
          0.994412077280233
          0.9944120772802328
          0.9944120772802331
          0.9944120772802331
          0.9944120772802331
          0.994412077280233
          0.9944120772802328
          0.994412077280233
          0.9944120772802331
          0.9944120772802332
          0.9944120772802332
          0.9944120772802327
          0.994412077280233
          0.9944120772802322
          0.9944120772802323
          0.9944120772802332
          0.9944120772802328
          0.9944120772802328
          0.9944120772802333
          0.997788220795942
          0.9977882207959421
          0.9977882207959425
          0.9977882207959422
          0.9977882207959421
          0.9977882207959423
          0.9977882207959418
          0.9977882207959416
          0.9977882207959421
          0.9977882207959423
          0.9977882207959425
          0.9977882207959424
          0.9977882207959424
          0.9977882207959429
          0.9977882207959425
          0.997788220795942
          0.9977882207959423
          0.9977882207959424
          0.9977882207959422
          0.9977882207959425
          0.9977882207959421
          0.9977882207959421
          0.9977882207959423
          0.9977882207959429
          0.9975762036060011
          0.9975762036060014
          0.9975762036060017
          0.9975762036060012
          0.997576203606002
          0.9975762036060012
          0.9975762036060011
          0.9975762036060011
          0.9975762036060019
          0.9975762036060016
          0.9975762036060021
          0.9975762036060017
          0.9975762036060012
          0.997576203606002
          0.9975762036060015
          0.9975762036060017
          0.9975762036060019
          0.9975762036060019
          0.9975762036060014
          0.9975762036060012
          0.9975762036060016
          0.9975762036060012
          0.9975762036060014
          0.997576203606002
          0.9972231417639026
          0.9972231417639028
          0.997223141763903
          0.9972231417639028
          0.9972231417639031
          0.997223141763903
          0.9972231417639024
          0.9972231417639018
          0.9972231417639027
          0.9972231417639029
          0.9972231417639027
          0.9972231417639029
          0.9972231417639029
          0.9972231417639029
          0.9972231417639029
          0.997223141763903
          0.9972231417639028
          0.9972231417639029
          0.9972231417639029
          0.9972231417639029
          0.9972231417639027
          0.9972231417639027
          0.9972231417639025
          0.9972231417639031
          0.9967294843670562
          0.9967294843670559
          0.9967294843670549
          0.9967294843670551
          0.9967294843670556
          0.9967294843670561
          0.9967294843670558
          0.9967294843670551
          0.9967294843670556
          0.9967294843670561
          0.996729484367056
          0.9967294843670562
          0.9967294843670554
          0.9967294843670559
          0.9967294843670562
          0.9967294843670561
          0.9967294843670561
          0.9967294843670558
          0.9967294843670556
          0.9967294843670561
          0.996729484367056
          0.996729484367056
          0.9967294843670558
          0.9967294843670563
          0.9960958579311809
          0.9960958579311817
          0.9960958579311807
          0.9960958579311809
          0.9960958579311807
          0.9960958579311807
          0.9960958579311813
          0.9960958579311807
          0.9960958579311807
          0.9960958579311815
          0.9960958579311815
          0.9960958579311815
          0.9960958579311806
          0.9960958579311812
          0.9960958579311808
          0.9960958579311817
          0.9960958579311814
          0.9960958579311818
          0.9960958579311812
          0.9960958579311819
          0.9960958579311817
          0.9960958579311814
          0.9960958579311815
          0.9960958579311822
          0.9953230641880746
          0.9953230641880739
          0.9953230641880741
          0.9953230641880739
          0.995323064188074
          0.9953230641880729
          0.9953230641880741
          0.9953230641880743
          0.9953230641880744
          0.9953230641880739
          0.995323064188074
          0.9953230641880745
          0.995323064188074
          0.9953230641880741
          0.9953230641880748
          0.9953230641880741
          0.9953230641880744
          0.9953230641880746
          0.9953230641880739
          0.9953230641880743
          0.995323064188075
          0.9953230641880735
          0.9953230641880744
          0.9953230641880744
          0.9944120772802324
          0.9944120772802331
          0.9944120772802323
          0.9944120772802324
          0.9944120772802326
          0.9944120772802327
          0.9944120772802328
          0.9944120772802331
          0.9944120772802326
          0.9944120772802331
          0.9944120772802331
          0.9944120772802326
          0.9944120772802326
          0.9944120772802326
          0.9944120772802328
          0.994412077280233
          0.9944120772802332
          0.9944120772802332
          0.9944120772802328
          0.9944120772802333
          0.9944120772802333
          0.9944120772802328
          0.9944120772802326
          0.994412077280233
          0.9977882207959426
          0.9977882207959425
          0.9977882207959425
          0.9977882207959425
          0.9977882207959424
          0.9977882207959424
          0.9977882207959428
          0.9977882207959423
          0.997788220795943
          0.9977882207959423
          0.9977882207959425
          0.9977882207959425
          0.9977882207959425
          0.9977882207959428
          0.9977882207959428
          0.9977882207959426
          0.9977882207959425
          0.9977882207959428
          0.9977882207959425
          0.9977882207959424
          0.9977882207959424
          0.9977882207959429
          0.9977882207959424
          0.9977882207959425
          0.9975762036060019
          0.9975762036060019
          0.9975762036060019
          0.9975762036060013
          0.997576203606002
          0.9975762036060019
          0.997576203606002
          0.9975762036060016
          0.9975762036060019
          0.9975762036060015
          0.9975762036060021
          0.997576203606002
          0.9975762036060012
          0.9975762036060019
          0.9975762036060015
          0.997576203606002
          0.9975762036060016
          0.9975762036060017
          0.9975762036060015
          0.9975762036060015
          0.997576203606002
          0.9975762036060015
          0.9975762036060014
          0.9975762036060019
          0.997223141763903
          0.9972231417639026
          0.9972231417639026
          0.997223141763903
          0.997223141763903
          0.9972231417639029
          0.9972231417639031
          0.997223141763903
          0.9972231417639027
          0.9972231417639028
          0.9972231417639031
          0.9972231417639029
          0.9972231417639029
          0.997223141763903
          0.9972231417639025
          0.9972231417639027
          0.997223141763903
          0.9972231417639024
          0.9972231417639027
          0.9972231417639027
          0.9972231417639026
          0.9972231417639023
          0.9972231417639029
          0.9972231417639029
          0.9967294843670561
          0.9967294843670561
          0.996729484367056
          0.9967294843670564
          0.996729484367056
          0.9967294843670564
          0.9967294843670561
          0.9967294843670558
          0.996729484367056
          0.9967294843670559
          0.9967294843670558
          0.9967294843670563
          0.9967294843670558
          0.996729484367056
          0.9967294843670552
          0.9967294843670554
          0.9967294843670558
          0.9967294843670558
          0.9967294843670559
          0.9967294843670558
          0.996729484367056
          0.9967294843670561
          0.9967294843670556
          0.996729484367056
          0.9960958579311816
          0.9960958579311819
          0.9960958579311818
          0.9960958579311815
          0.9960958579311813
          0.9960958579311818
          0.9960958579311814
          0.9960958579311818
          0.9960958579311814
          0.9960958579311815
          0.9960958579311818
          0.9960958579311816
          0.9960958579311813
          0.9960958579311816
          0.9960958579311812
          0.9960958579311817
          0.9960958579311814
          0.9960958579311818
          0.9960958579311812
          0.9960958579311814
          0.9960958579311815
          0.9960958579311817
          0.9960958579311814
          0.9960958579311818
          0.9953230641880746
          0.9953230641880743
          0.9953230641880744
          0.9953230641880741
          0.9953230641880745
          0.9953230641880738
          0.9953230641880741
          0.9953230641880743
          0.9953230641880744
          0.9953230641880744
          0.9953230641880741
          0.9953230641880746
          0.9953230641880746
          0.995323064188074
          0.9953230641880745
          0.995323064188074
          0.995323064188074
          0.995323064188074
          0.9953230641880745
          0.9953230641880736
          0.9953230641880747
          0.9953230641880739
          0.9953230641880747
          0.9953230641880736
          0.9944120772802326
          0.9944120772802334
          0.9944120772802326
          0.9944120772802331
          0.9944120772802327
          0.9944120772802331
          0.9944120772802328
          0.9944120772802331
          0.9944120772802331
          0.9944120772802331
          0.9944120772802331
          0.9944120772802327
          0.9944120772802328
          0.9944120772802331
          0.9944120772802327
          0.9944120772802331
          0.9944120772802328
          0.994412077280233
          0.9944120772802328
          0.9944120772802327
          0.9944120772802325
          0.9944120772802328
          0.9944120772802326
          0.994412077280233
          0.9977882207959426
          0.9977882207959425
          0.9977882207959421
          0.9977882207959425
          0.9977882207959425
          0.9977882207959428
          0.9977882207959425
          0.9977882207959429
          0.9977882207959428
          0.9977882207959422
          0.9977882207959423
          0.9977882207959424
          0.9977882207959425
          0.9977882207959429
          0.9977882207959421
          0.9977882207959428
          0.9977882207959412
          0.9977882207959408
          0.9977882207959418
          0.9977882207959419
          0.997788220795942
          0.9977882207959419
          0.9977882207959419
          0.9977882207959422
          0.9975762036060017
          0.9975762036060016
          0.9975762036060015
          0.9975762036060014
          0.9975762036060019
          0.9975762036060019
          0.9975762036060016
          0.9975762036060016
          0.9975762036060011
          0.9975762036060009
          0.9975762036060016
          0.997576203606001
          0.9975762036060014
          0.9975762036060017
          0.9975762036060014
          0.997576203606002
          0.9975762036060016
          0.9975762036060021
          0.9975762036060011
          0.9975762036060007
          0.9975762036060009
          0.9975762036060005
          0.9975762036060014
          0.9975762036060021
          0.9972231417639028
          0.9972231417639029
          0.9972231417639028
          0.9972231417639028
          0.9972231417639033
          0.9972231417639026
          0.9972231417639024
          0.9972231417639024
          0.9972231417639026
          0.9972231417639028
          0.9972231417639029
          0.9972231417639027
          0.9972231417639029
          0.9972231417639027
          0.9972231417639016
          0.9972231417639016
          0.9972231417639023
          0.9972231417639026
          0.9972231417639027
          0.9972231417639027
          0.9972231417639024
          0.9972231417639024
          0.9972231417639029
          0.9972231417639026
          0.9967294843670558
          0.9967294843670564
          0.9967294843670557
          0.9967294843670564
          0.9967294843670557
          0.9967294843670558
          0.9967294843670553
          0.9967294843670557
          0.9967294843670558
          0.9967294843670563
          0.996729484367056
          0.9967294843670563
          0.9967294843670554
          0.9967294843670559
          0.9967294843670549
          0.996729484367056
          0.9967294843670558
          0.9967294843670559
          0.9967294843670558
          0.9967294843670564
          0.9967294843670547
          0.996729484367055
          0.996729484367056
          0.9967294843670551
          0.9960958579311817
          0.996095857931182
          0.9960958579311818
          0.9960958579311814
          0.9960958579311816
          0.9960958579311822
          0.9960958579311812
          0.9960958579311819
          0.9960958579311814
          0.9960958579311813
          0.9960958579311818
          0.9960958579311816
          0.9960958579311816
          0.996095857931182
          0.9960958579311813
          0.9960958579311817
          0.9960958579311816
          0.9960958579311822
          0.9960958579311816
          0.996095857931182
          0.9960958579311817
          0.996095857931182
          0.9960958579311809
          0.9960958579311822
          0.9953230641880746
          0.9953230641880743
          0.9953230641880746
          0.9953230641880739
          0.9953230641880738
          0.9953230641880738
          0.9953230641880735
          0.9953230641880745
          0.9953230641880743
          0.9953230641880743
          0.9953230641880746
          0.995323064188074
          0.995323064188074
          0.9953230641880736
          0.9953230641880743
          0.9953230641880734
          0.995323064188074
          0.9953230641880741
          0.995323064188074
          0.9953230641880739
          0.9953230641880738
          0.9953230641880737
          0.9953230641880746
          0.9953230641880738
          0.9944120772802328
          0.9944120772802331
          0.9944120772802328
          0.9944120772802327
          0.9944120772802326
          0.9944120772802332
          0.9944120772802326
          0.9944120772802331
          0.9944120772802331
          0.994412077280233
          0.9944120772802328
          0.9944120772802328
          0.9944120772802328
          0.9944120772802332
          0.994412077280233
          0.994412077280233
          0.9944120772802326
          0.9944120772802326
          0.9944120772802328
          0.9944120772802331
          0.9944120772802333
          0.9944120772802331
          0.9944120772802328
          0.994412077280233
          0.7458090579601723
          0.6445592295437663
          0.7458090579601729
          0.6445592295437669
          0.7458090579601767
          0.6445592295437635
          0.7458090579601787
          0.6445592295437634
          0.7458090579601719
          0.6445592295437655
          0.7458090579601686
          0.644559229543766
          0.7458090579601684
          0.6445592295437667
          0.7458090579601729
          0.6445592295437664
          0.7458090579601717
          0.6445592295437643
          0.7458090579601802
          0.6445592295437642
          0.745809057960171
          0.6445592295437641
          0.7458090579601702
          0.6445592295437661
          0.7055928112895229
          0.6629413848534877
          0.7055928112895195
          0.6629413848534874
          0.7055928112895191
          0.6629413848534876
          0.7055928112895201
          0.6629413848534875
          0.7055928112895197
          0.6629413848534814
          0.7055928112895193
          0.6629413848534814
          0.705592811289524
          0.6629413848534823
          0.7055928112895217
          0.6629413848534833
          0.7055928112895191
          0.6629413848534845
          0.7055928112895189
          0.6629413848534896
          0.7055928112895211
          0.6629413848534871
          0.705592811289521
          0.6629413848534875
          0.7458090579601774
          0.6445592295437663
          0.7458090579601763
          0.644559229543766
          0.7458090579601764
          0.644559229543766
          0.7458090579601724
          0.644559229543768
          0.7458090579601724
          0.6445592295437687
          0.7458090579601737
          0.6445592295437682
          0.745809057960173
          0.6445592295437624
          0.7458090579601746
          0.6445592295437621
          0.745809057960174
          0.6445592295437625
          0.7458090579601746
          0.6445592295437623
          0.7458090579601739
          0.6445592295437651
          0.7458090579601724
          0.644559229543768
          0.7055928112895209
          0.6629413848534877
          0.7055928112895209
          0.6629413848534873
          0.7055928112895212
          0.6629413848534893
          0.705592811289522
          0.6629413848534889
          0.7055928112895172
          0.6629413848534802
          0.705592811289517
          0.6629413848534806
          0.7055928112895213
          0.6629413848534831
          0.705592811289517
          0.6629413848534821
          0.7055928112895168
          0.6629413848534829
          0.7055928112895217
          0.6629413848534883
          0.7055928112895213
          0.662941384853488
          0.7055928112895211
          0.662941384853487
          0.7458090579601723
          0.6445592295437687
          0.7458090579601722
          0.6445592295437692
          0.7458090579601715
          0.6445592295437697
          0.7458090579601746
          0.6445592295437694
          0.7458090579601728
          0.6445592295437682
          0.7458090579601717
          0.6445592295437658
          0.7458090579601713
          0.6445592295437657
          0.7458090579601685
          0.6445592295437641
          0.7458090579601682
          0.6445592295437638
          0.7458090579601714
          0.6445592295437674
          0.7458090579601692
          0.6445592295437671
          0.7458090579601668
          0.6445592295437669
          0.7055928112895208
          0.6629413848534861
          0.7055928112895208
          0.6629413848534862
          0.7055928112895229
          0.6629413848534866
          0.7055928112895249
          0.6629413848534929
          0.705592811289518
          0.6629413848534804
          0.705592811289518
          0.6629413848534801
          0.705592811289524
          0.6629413848534871
          0.705592811289524
          0.6629413848534869
          0.7055928112895224
          0.6629413848534869
          0.7055928112895222
          0.6629413848534873
          0.7055928112895259
          0.6629413848534859
          0.7055928112895258
          0.6629413848534863
          0.7458090579601663
          0.644559229543767
          0.7458090579601665
          0.644559229543769
          0.7458090579601667
          0.6445592295437687
          0.7458090579601795
          0.6445592295437687
          0.7458090579601694
          0.6445592295437655
          0.7458090579601694
          0.6445592295437657
          0.7458090579601719
          0.6445592295437673
          0.7458090579601678
          0.6445592295437667
          0.7458090579601677
          0.6445592295437664
          0.7458090579601712
          0.6445592295437642
          0.7458090579601714
          0.6445592295437642
          0.7458090579601728
          0.6445592295437662
          0.7055928112895243
          0.6629413848534856
          0.7055928112895247
          0.6629413848534867
          0.7055928112895239
          0.662941384853487
          0.705592811289523
          0.6629413848534931
          0.7055928112895231
          0.6629413848534875
          0.7055928112895236
          0.6629413848534856
          0.7055928112895266
          0.6629413848534857
          0.7055928112895237
          0.6629413848534821
          0.7055928112895212
          0.6629413848534826
          0.7055928112895212
          0.6629413848534869
          0.7055928112895254
          0.6629413848534876
          0.7055928112895229
          0.6629413848534879
        </DataArray>
        <DataArray type="Float64" Name="skew" NumberOfComponents="1" format="ascii">
          0.7340783829825884
          0.7802150810766351
          0.7340783829825882
          0.7802150810766347
          0.7340783829825883
          0.7802150810766343
          0.7340783829825899
          0.7802150810766358
          0.7340783829825902
          0.7802150810766358
          0.7340783829825891
          0.7802150810766348
          0.734078382982588
          0.7802150810766348
          0.7340783829825891
          0.7802150810766357
          0.7340783829825894
          0.780215081076635
          0.7340783829825864
          0.7802150810766327
          0.7340783829825877
          0.7802150810766347
          0.7340783829825901
          0.7802150810766363
          0.7340783829825844
          0.7802150810766311
          0.7340783829825869
          0.7802150810766325
          0.7340783829825859
          0.7802150810766317
          0.7340783829825818
          0.7802150810766295
          0.7340783829825829
          0.7802150810766301
          0.7340783829825834
          0.7802150810766306
          0.7340783829825834
          0.7802150810766305
          0.7340783829825834
          0.7802150810766305
          0.7340783829825831
          0.7802150810766303
          0.7340783829825859
          0.7802150810766324
          0.734078382982585
          0.7802150810766314
          0.7340783829825827
          0.7802150810766298
          0.7340783829825884
          0.7802150810766348
          0.734078382982588
          0.7802150810766348
          0.7340783829825888
          0.7802150810766346
          0.73407838298259
          0.7802150810766357
          0.7340783829825894
          0.780215081076636
          0.7340783829825881
          0.7802150810766346
          0.7340783829825868
          0.7802150810766327
          0.7340783829825878
          0.7802150810766337
          0.7340783829825864
          0.7802150810766331
          0.7340783829825854
          0.7802150810766322
          0.7340783829825873
          0.7802150810766342
          0.7340783829825867
          0.7802150810766335
          0.7340783829825844
          0.7802150810766312
          0.7340783829825867
          0.780215081076632
          0.7340783829825853
          0.7802150810766316
          0.7340783829825823
          0.78021508107663
          0.734078382982583
          0.7802150810766305
          0.7340783829825838
          0.7802150810766313
          0.7340783829825849
          0.7802150810766321
          0.7340783829825852
          0.7802150810766318
          0.7340783829825868
          0.780215081076633
          0.7340783829825873
          0.7802150810766338
          0.7340783829825852
          0.7802150810766322
          0.7340783829825861
          0.7802150810766327
          0.7340783829825845
          0.7802150810766321
          0.7340783829825847
          0.7802150810766321
          0.7340783829825849
          0.7802150810766321
          0.7340783829825838
          0.7802150810766315
          0.734078382982585
          0.7802150810766323
          0.7340783829825852
          0.7802150810766323
          0.734078382982584
          0.7802150810766313
          0.7340783829825853
          0.7802150810766322
          0.7340783829825858
          0.7802150810766326
          0.734078382982585
          0.7802150810766327
          0.7340783829825842
          0.780215081076632
          0.734078382982585
          0.7802150810766324
          0.7340783829825881
          0.7802150810766343
          0.7340783829825893
          0.7802150810766346
          0.734078382982589
          0.7802150810766346
          0.7340783829825885
          0.7802150810766348
          0.734078382982587
          0.7802150810766334
          0.734078382982587
          0.7802150810766336
          0.7340783829825883
          0.7802150810766352
          0.7340783829825878
          0.7802150810766342
          0.7340783829825877
          0.7802150810766336
          0.7340783829825889
          0.7802150810766345
          0.7340783829825897
          0.7802150810766356
          0.7340783829825887
          0.7802150810766348
          0.7340783829825843
          0.7802150810766316
          0.7340783829825841
          0.7802150810766314
          0.734078382982584
          0.7802150810766311
          0.7340783829825828
          0.7802150810766301
          0.7340783829825842
          0.7802150810766311
          0.7340783829825851
          0.7802150810766317
          0.7340783829825851
          0.7802150810766325
          0.7340783829825873
          0.7802150810766341
          0.7340783829825874
          0.7802150810766345
          0.7340783829825849
          0.7802150810766333
          0.7340783829825849
          0.7802150810766333
          0.7340783829825878
          0.7802150810766343
          0.7340783829825885
          0.7802150810766347
          0.73407838298259
          0.7802150810766355
          0.7340783829825897
          0.7802150810766356
          0.7340783829825904
          0.7802150810766363
          0.734078382982589
          0.7802150810766347
          0.7340783829825865
          0.7802150810766336
          0.7340783829825871
          0.7802150810766336
          0.7340783829825857
          0.7802150810766327
          0.7340783829825857
          0.7802150810766325
          0.7340783829825877
          0.7802150810766337
          0.734078382982587
          0.7802150810766336
          0.7340783829825845
          0.7802150810766316
          0.7063485793639787
          0.31561820925440437
          0.7063485793639793
          0.31561820925440554
          0.7063485793639785
          0.31561820925440437
          0.7063485793639762
          0.31561820925439926
          0.7063485793639773
          0.31561820925440104
          0.7063485793639789
          0.3156182092544063
          0.7063485793639803
          0.31561820925440914
          0.7063485793639798
          0.3156182092544062
          0.7063485793639777
          0.31561820925440204
          0.7063485793639779
          0.3156182092544023
          0.7063485793639787
          0.3156182092544032
          0.7063485793639785
          0.3156182092544043
          0.7063485793639777
          0.315618209254404
          0.7063485793639787
          0.31561820925440626
          0.7063485793639775
          0.3156182092544034
          0.7063485793639761
          0.31561820925440004
          0.7063485793639749
          0.31561820925439743
          0.7063485793639743
          0.31561820925439554
          0.7063485793639747
          0.31561820925439554
          0.7063485793639757
          0.315618209254399
          0.7063485793639767
          0.3156182092544016
          0.7063485793639772
          0.3156182092544029
          0.7063485793639781
          0.3156182092544051
          0.7063485793639774
          0.3156182092544036
          0.7063485793639787
          0.3156182092544046
          0.7063485793639797
          0.31561820925440626
          0.7063485793639765
          0.31561820925439954
          0.7063485793639747
          0.3156182092543944
          0.7063485793639775
          0.3156182092544003
          0.7063485793639788
          0.31561820925440626
          0.7063485793639785
          0.3156182092544069
          0.706348579363978
          0.31561820925440415
          0.7063485793639775
          0.31561820925440215
          0.7063485793639767
          0.31561820925440015
          0.7063485793639787
          0.31561820925440387
          0.7063485793639783
          0.3156182092544026
          0.7063485793639774
          0.31561820925440354
          0.7063485793639779
          0.315618209254405
          0.7063485793639793
          0.31561820925440787
          0.7063485793639784
          0.3156182092544057
          0.7063485793639772
          0.3156182092544025
          0.706348579363976
          0.3156182092543983
          0.7063485793639755
          0.3156182092543972
          0.7063485793639773
          0.31561820925440154
          0.7063485793639779
          0.3156182092544026
          0.7063485793639777
          0.31561820925440265
          0.7063485793639754
          0.31561820925439915
          0.7063485793639764
          0.31561820925440204
          0.7063485793639762
          0.31561820925439776
          0.7063485793639763
          0.3156182092543977
          0.7063485793639767
          0.315618209254398
          0.7063485793639762
          0.3156182092543969
          0.7063485793639762
          0.31561820925439726
          0.7063485793639771
          0.3156182092543996
          0.7063485793639764
          0.3156182092543988
          0.7063485793639754
          0.3156182092543966
          0.7063485793639763
          0.3156182092543982
          0.7063485793639769
          0.3156182092543999
          0.7063485793639755
          0.315618209254397
          0.706348579363976
          0.31561820925439676
          0.7063485793639789
          0.31561820925440714
          0.7063485793639792
          0.31561820925440737
          0.7063485793639794
          0.3156182092544078
          0.7063485793639802
          0.3156182092544092
          0.7063485793639793
          0.31561820925440826
          0.7063485793639779
          0.3156182092544051
          0.7063485793639777
          0.31561820925440337
          0.7063485793639795
          0.31561820925440776
          0.70634857936398
          0.31561820925440875
          0.7063485793639789
          0.315618209254406
          0.70634857936398
          0.3156182092544085
          0.7063485793639792
          0.3156182092544082
          0.7063485793639765
          0.315618209254398
          0.7063485793639773
          0.31561820925440115
          0.7063485793639768
          0.31561820925440043
          0.7063485793639758
          0.3156182092543991
          0.7063485793639769
          0.3156182092544003
          0.7063485793639771
          0.31561820925439954
          0.7063485793639764
          0.31561820925439793
          0.7063485793639768
          0.31561820925439815
          0.7063485793639782
          0.31561820925440287
          0.7063485793639797
          0.31561820925440526
          0.7063485793639773
          0.3156182092543998
          0.7063485793639771
          0.31561820925439954
          0.7063485793639789
          0.31561820925440737
          0.7063485793639789
          0.31561820925440537
          0.70634857936398
          0.3156182092544068
          0.7063485793639805
          0.3156182092544068
          0.7063485793639773
          0.3156182092544024
          0.7063485793639772
          0.3156182092544035
          0.7063485793639788
          0.3156182092544064
          0.7063485793639791
          0.31561820925440703
          0.7063485793639793
          0.31561820925440637
          0.7063485793639792
          0.3156182092544057
          0.7063485793639791
          0.3156182092544072
          0.7063485793639783
          0.31561820925440626
          0.000000000000011828613124486409
          0.0000000000000118054338495331
          0.00000000000001886620485749933
          0.000000000000018866204857499318
          0.000000000000010695227643462469
          0.000000000000010698002557642531
          0.0000000000000009145966631042865
          0.000000000000002059387418780429
          0.000000000000005348814203813683
          0.00000000000000616844844229325
          0.000000000000011523049375742206
          0.000000000000009492023202849144
          0.000000000000010535431864779767
          0.000000000000008527584966840014
          0.0000000000000040551269309473595
          0.0000000000000057170241343497735
          0.000000000000010103283855940693
          0.000000000000013391080037225817
          0.000000000000007900379124389515
          0.000000000000008857580940490359
          0.000000000000005819005106901225
          0.000000000000003784419860844651
          0.0000000000000061021439033817776
          0.000000000000006005327823443331
          0.000000000000011782254574579791
          0.000000000000011851792399439709
          0.000000000000018866204857499325
          0.000000000000018866204857499312
          0.000000000000010695227643462466
          0.00000000000001069800255764253
          0.0000000000000009145966631042865
          0.000000000000002059387418780429
          0.0000000000000053544576779140706
          0.0000000000000061684484422932516
          0.000000000000011592587200602124
          0.000000000000009445664652942534
          0.000000000000010628148964592994
          0.0000000000000084580471419801
          0.000000000000004157798771928931
          0.000000000000005774372374410624
          0.000000000000009795268365634485
          0.000000000000013133013004807104
          0.000000000000008003050949051832
          0.000000000000008943603280072298
          0.000000000000005795825831947918
          0.000000000000003789567859854822
          0.0000000000000061021439033817776
          0.000000000000006005327823443331
          0.000000000000011634980964609503
          0.000000000000011660209729625423
          0.00000000000001713345471842859
          0.000000000000017277850563351153
          0.000000000000013289492608052349
          0.000000000000013753728964446024
          0.000000000000016503386690381108
          0.000000000000017842587189875747
          0.000000000000006607914259130778
          0.00000000000000576561822151403
          0.000000000000007618937881799064
          0.000000000000007973815714385026
          0.000000000000008193079490391406
          0.000000000000009182981934777502
          0.0000000000000014706485231775142
          0.0000000000000021072801494497287
          0.000000000000011128169111262886
          0.000000000000014105255386020093
          0.000000000000023803952895450527
          0.0000000000000270915799851324
          0.000000000000013486510409548975
          0.000000000000016548488560084134
          0.000000000000003542947760135978
          0.000000000000003842118373275444
          0.000000000000011588622414702886
          0.000000000000011706568279532031
          0.000000000000017133454718428584
          0.000000000000017277850563351146
          0.000000000000013289492608052352
          0.000000000000013730549689492719
          0.0000000000000164349388072729
          0.00000000000001775656485029381
          0.0000000000000065736903175766734
          0.000000000000005765618221514031
          0.000000000000007688475706658983
          0.000000000000007916467487997064
          0.000000000000008364199198161941
          0.000000000000009326352500747411
          0.0000000000000014022006237500521
          0.0000000000000021072801494497287
          0.000000000000011025497270281314
          0.000000000000014019233032765261
          0.000000000000023940848661666953
          0.00000000000002720627643790832
          0.000000000000013657630117319516
          0.00000000000001669185912605405
          0.000000000000003473409935276062
          0.000000000000003911656198135365
          0.000000000000007621287180919122
          0.000000000000008366524032118728
          0.000000000000007659318692116702
          0.000000000000009255568404395408
          0.000000000000009198079890380135
          0.000000000000011538600152268807
          0.00000000000000800969945021845
          0.000000000000010595438339513927
          0.000000000000007818893684042777
          0.000000000000010668563539697789
          0.000000000000007051953519134681
          0.000000000000008900781047023915
          0.000000000000008972019777432532
          0.000000000000010578999567385962
          0.000000000000010015165095555367
          0.00000000000001139627185988613
          0.000000000000013156028228168504
          0.000000000000012889871598521266
          0.000000000000007974493038417794
          0.000000000000012202886843278093
          0.000000000000009280811165696584
          0.000000000000013054841679009476
          0.000000000000014275096949077617
          0.000000000000014905369731552326
          0.000000000000007574928631012511
          0.000000000000008412882582025341
          0.000000000000007659318692116703
          0.000000000000009255568404395408
          0.000000000000009221259165333442
          0.0000000000000115154208773155
          0.000000000000007963340900311841
          0.000000000000010641796889420545
          0.00000000000000781889368404278
          0.000000000000010668563539697794
          0.000000000000007005594969228073
          0.000000000000008923960321977225
          0.000000000000008835124011216104
          0.000000000000010602178842339268
          0.000000000000010083612994982825
          0.000000000000011396271870938864
          0.000000000000013053356387186932
          0.000000000000012866692334620693
          0.000000000000008020851588324406
          0.00000000000001215652829337148
          0.000000000000009280811165696584
          0.000000000000013054841679009476
          0.000000000000014275096949077617
          0.000000000000014905369731552326
          0.000000000000012425051858987019
          0.000000000000015382458093724222
          0.00000000000000547759018201723
          0.000000000000006203517115695293
          0.000000000000006975437936215673
          0.000000000000009934998156138986
          0.00000000000003732358076280856
          0.00000000000004228147287494226
          0.000000000000020135430240585886
          0.00000000000002177747363172509
          0.000000000000004546178861856164
          0.0000000000000027244180295930848
          0.000000000000007260040078003483
          0.000000000000004306982229925566
          0.000000000000004480652026204031
          0.0000000000000041324335753485386
          0.000000000000007989009428472258
          0.000000000000011227834410019753
          0.000000000000008635615851881124
          0.000000000000009313161967625963
          0.000000000000011048837196635548
          0.000000000000013496178121626839
          0.000000000000011817023487009753
          0.000000000000011768615447040525
          0.000000000000012356603975878798
          0.00000000000001532510986733625
          0.000000000000005477590182017229
          0.000000000000006203517115695292
          0.000000000000006941213994661565
          0.000000000000009865460331279067
          0.000000000000037426252587470886
          0.00000000000004236749521452421
          0.00000000000002013543024058589
          0.000000000000021777473631725092
          0.000000000000004785746452734917
          0.0000000000000028403144043596167
          0.00000000000000695202460401652
          0.000000000000004048915211179732
          0.0000000000000045490999256314916
          0.000000000000004086075036494665
          0.000000000000007965830142466215
          0.000000000000011227834421072499
          0.000000000000008704063734989344
          0.000000000000009336341242579273
          0.000000000000011025657921682237
          0.000000000000013519357396580142
          0.000000000000011817023487009753
          0.000000000000011768615447040525
          0.000000000000007370038167316264
          0.0000000000000026217344407786926
          0.000000000000009472311349468778
          0.0000000000000022985272397067055
          0.000000000000010116686271201317
          0.0000000000000021456713110289095
          0.0000000000000032023010313336516
          0.0000000000000023820745057490448
          0.000000000000005219436866033825
          0.0000000000000047641490114980296
          0.000000000000010825498685107137
          0.000000000000006913826004491213
          0.000000000000007410311599924474
          0.0000000000000032535651785841077
          0.000000000000005477186834726781
          0.0000000000000038215839432041125
          0.0000000000000030881547199799024
          0.000000000000005868037197089082
          0.0000000000000070881241390582955
          0.000000000000006332832222601041
          0.000000000000002243093532376411
          0.0000000000000157449314892193
          0.0000000000000023197497182372204
          0.000000000000008635020083340277
          0.000000000000007370038167316264
          0.0000000000000026217344407786926
          0.000000000000009472311349468778
          0.000000000000001185922041948033
          0.000000000000010116686271201317
          0.0000000000000011257832130834628
          0.0000000000000008843735360030145
          0.0000000000000034804523307732852
          0.000000000000005219436866033824
          0.0000000000000047641490114980296
          0.000000000000010825498685107137
          0.000000000000006913826004491213
          0.000000000000007410311599924474
          0.0000000000000032535651785841077
          0.000000000000005477186834726781
          0.00000000000000233811034619254
          0.000000000000003366306019419578
          0.000000000000005868037197089082
          0.0000000000000070881241390582955
          0.000000000000006332832222601041
          0.0000000000000019344558049066413
          0.0000000000000157449314892193
          0.0000000000000023197497182372204
          0.000000000000008635020083340277
          0.00000000000000199756225737095
          0.000000000000002716145930335797
          0.000000000000002352695256367643
          0.000000000000009063502997484155
          0.00000000000000824799899817693
          0.0000000000000026144720185050235
          0.000000000000014756185707675857
          0.000000000000008540608593783107
          0.00000000000001262974846595836
          0.000000000000009760695535752191
          0.00000000000000895681141208271
          0.000000000000005054645902443164
          0.000000000000007281436615577946
          0.0000000000000017906615343481874
          0.000000000000011598748591186124
          0.000000000000005693739062522109
          0.000000000000015336123137234902
          0.000000000000007088124139058169
          0.0000000000000009834130595324271
          0.00000000000000615853408803422
          0.000000000000005928249279939666
          0.00000000000000813391294646023
          0.0000000000000034474058312691984
          0.000000000000008438934681952424
          0.0000000000000020536432796145225
          0.000000000000002716145930335797
          0.0000000000000024839614393331688
          0.000000000000009063502997484155
          0.00000000000000824799899817693
          0.000000000000002614472018505023
          0.000000000000014756185707675857
          0.000000000000008540608593783109
          0.00000000000001262974846595836
          0.000000000000009760695535752191
          0.00000000000000895681141208271
          0.000000000000005054645902443164
          0.000000000000007281436615577946
          0.0000000000000015123816161377424
          0.000000000000011598748591186124
          0.000000000000005693739062522109
          0.000000000000015336123137234902
          0.000000000000007088124139058169
          0.0000000000000014469985585985461
          0.00000000000000615853408803422
          0.000000000000005928249279939666
          0.00000000000000813391294646023
          0.0000000000000034474058312691984
          0.000000000000008438934681952424
          0.000000000000004067616693436789
          0.0000000000000034496505799719673
          0.000000000000003083582791689273
          0.000000000000007262422273625208
          0.000000000000007088124139058281
          0.000000000000007088124139058214
          0.000000000000004575061944301183
          0.000000000000013479055739848252
          0.000000000000004703936928647707
          0.000000000000002808102977204638
          0.0000000000000016879119567936793
          0.000000000000005751838440711157
          0.000000000000003721348969302406
          0.000000000000004473652120553143
          0.000000000000005606061819073228
          0.0000000000000038224213787591865
          0.000000000000007281436615577958
          0.000000000000011213179990477298
          0.00000000000001288749843465135
          0.000000000000005868037197089192
          0.0000000000000034850300201771574
          0.0000000000000016295037111931003
          0.0000000000000032621480412710986
          0.000000000000005178107081094718
          0.000000000000004067616693436789
          0.0000000000000034496505799719673
          0.0000000000000014176248278116425
          0.000000000000007262422273625208
          0.000000000000007088124139058281
          0.000000000000007088124139058214
          0.000000000000004575061944301182
          0.000000000000013479055739848251
          0.000000000000004703936928647708
          0.0000000000000024401738839380675
          0.0000000000000027065074028197584
          0.000000000000005751838440711157
          0.0000000000000016109373043314059
          0.000000000000004473652120553143
          0.000000000000005606061819073228
          0.000000000000002338947781747592
          0.000000000000007281436615577958
          0.000000000000011213179990477298
          0.00000000000001288749843465135
          0.000000000000005868037197089192
          0.0000000000000020015564231655655
          0.000000000000003854714106710462
          0.0000000000000032621480412710986
          0.000000000000005178107081094718
          0.000000000000003817921411265467
          0.0000000000000051345325474530756
          0.000000000000006927030408624963
          0.000000000000002296415851809099
          0.0000000000000024405495512347857
          0.000000000000004589850876931145
          0.000000000000009150123888602404
          0.000000000000008133912946460157
          0.0000000000000026657045465249134
          0.000000000000008075813568271158
          0.0000000000000022591275850529816
          0.000000000000006797627248113223
          0.000000000000011018811161626831
          0.000000000000004898435898199667
          0.000000000000004188436991261685
          0.000000000000006216633466223088
          0.00000000000000844131147469664
          0.0000000000000008278962534145239
          0.000000000000006250436740805988
          0.000000000000004183155229608093
          0.00000000000000399512451474195
          0.000000000000009557347712090709
          0.0000000000000012713254943255234
          0.000000000000004509964231921211
          0.000000000000003817921411265467
          0.0000000000000051345325474530756
          0.000000000000006927030408624963
          0.000000000000003586776076811628
          0.0000000000000029185842274797624
          0.000000000000004589850876931145
          0.000000000000009150123888602404
          0.000000000000008133912946460157
          0.0000000000000018502345509876938
          0.000000000000008075813568271158
          0.000000000000003000864383558768
          0.000000000000006797627248113223
          0.000000000000011018811161626831
          0.000000000000002950476470726542
          0.000000000000004188436991261685
          0.000000000000006216633466223088
          0.00000000000000844131147469664
          0.000000000000002288865824019357
          0.000000000000006250436740805988
          0.000000000000004183155229608093
          0.00000000000000399512451474195
          0.000000000000009557347712090709
          0.000000000000001271325494325523
          0.000000000000004509964231921211
          0.0000000000000012707327815087873
          0.0000000000000008328545863393348
          0.0000000000000022390183773480805
          0.0000000000000027998090349279863
          0.00000000000000545599029124873
          0.000000000000004571840069692541
          0.000000000000006295373412979319
          0.000000000000003969349517872593
          0.000000000000002594650931791025
          0.0000000000000023390809658892004
          0.0000000000000032642676956189124
          0.0000000000000014287529204537493
          0.000000000000004010386026046082
          0.000000000000001754125965203079
          0.000000000000005689152269507188
          0.000000000000004323755724825462
          0.0000000000000043368127956079844
          0.0000000000000010632186208587291
          0.000000000000008440463612957484
          0.0000000000000050325681387313065
          0.000000000000002354935980410795
          0.00000000000000457184006969253
          0.0000000000000029844733217087
          0.0000000000000017725535230514632
          0.000000000000001668023637024811
          0.0000000000000013955290118508456
          0.0000000000000010785866985079984
          0.0000000000000027998090349279863
          0.00000000000000545599029124873
          0.000000000000004571840069692541
          0.000000000000006295373412979319
          0.000000000000003969349517872593
          0.0000000000000024248845738883195
          0.0000000000000025416648193070546
          0.0000000000000032642676956189124
          0.0000000000000004676766298418137
          0.000000000000004010386026046082
          0.0000000000000019238767153114508
          0.000000000000005689152269507188
          0.000000000000004323755724825462
          0.0000000000000043368127956079844
          0.0000000000000010632186208587291
          0.000000000000008440463612957484
          0.0000000000000050325681387313065
          0.000000000000002354935980410795
          0.00000000000000457184006969253
          0.0000000000000029844733217087
          0.000000000000001772553523051463
          0.0000000000000006411954402108549
          0.0000000000000011606803277707742
          0.0000000000000032176352999672288
          0.000000000000001878352896850426
          0.000000000000004767375172450115
          0.0000000000000063438711044570815
          0.0000000000000042901803999562574
          0.0000000000000032705995231310864
          0.0000000000000020541583829976507
          0.0000000000000026909387448566436
          0.000000000000003450797278225694
          0.000000000000002693487172842109
          0.000000000000004010386026046065
          0.0000000000000010043760451828176
          0.0000000000000007550450786595015
          0.0000000000000031896558625761726
          0.000000000000002005519844227044
          0.0000000000000032605371039667812
          0.000000000000002891208530405324
          0.00000000000000336031425211862
          0.0000000000000023316197825849405
          0.000000000000002796728321318133
          0.0000000000000057940751597235174
          0.000000000000002209193713422737
          0.0000000000000006411954402108549
          0.0000000000000011606803277707742
          0.000000000000003473415235693442
          0.0000000000000031037549054930534
          0.0000000000000045699747738664624
          0.0000000000000063438711044570815
          0.0000000000000042901803999562574
          0.0000000000000025491588351705048
          0.000000000000001439928695105512
          0.000000000000002733376432383734
          0.000000000000003450797278225694
          0.0000000000000030980880806210988
          0.000000000000004010386026046065
          0.0000000000000008346252950744461
          0.0000000000000004768937792198294
          0.0000000000000031896558625761726
          0.0000000000000007212214059071239
          0.0000000000000032605371039667812
          0.000000000000002891208530405324
          0.0000000000000024454028279750814
          0.000000000000003975133838835012
          0.00000000000000517323882283534
          0.0000000000000057940751597235174
          0.0000000000000013167423476465279
          0.0000000000000020310706309245532
          0.0000000000000018173453767689858
          0.000000000000003084918382864644
          0.000000000000002754351132653602
          0.000000000000004057002196031601
          0.000000000000004687478524156339
          0.0000000000000028368732586521374
          0.000000000000002484039316007093
          0.000000000000001346240094034242
          0.000000000000002412513319385817
          0.0000000000000017720310347645474
          0.0000000000000014508362413454338
          0.0000000000000033434411770785396
          0.000000000000004105442042930623
          0.000000000000005502622686900404
          0.0000000000000041850748874584825
          0.0000000000000032642676956188923
          0.000000000000003953809826134322
          0.000000000000001833977209465181
          0.000000000000002232759103803326
          0.000000000000002693593088236321
          0.0000000000000019195124092535596
          0.0000000000000027569589730371014
          0.0000000000000034144053381860154
          0.000000000000001729740056531576
          0.000000000000002118675951161964
          0.0000000000000018564590070803733
          0.000000000000002160223507274302
          0.000000000000004336197508709844
          0.000000000000004560165461575061
          0.0000000000000025123525394519095
          0.0000000000000014787528875712407
          0.000000000000002296590367119784
          0.0000000000000014621630463002693
          0.0000000000000017720310347645474
          0.0000000000000026233329377221936
          0.0000000000000016641330724611923
          0.0000000000000024099622072797838
          0.000000000000005502622686900404
          0.0000000000000041850748874584754
          0.0000000000000032642676956188923
          0.000000000000004250873638823966
          0.0000000000000018171116686312795
          0.000000000000002232759103803326
          0.0000000000000021372904893569758
          0.000000000000002475815008132901
          0.0000000000000027569589730370986
          0.000000000000003414405338186012
          0.000000000000003306718934256446
          0.00000000000000430858893882822
          0.000000000000003007789519534531
          0.0000000000000018844231249594953
          0.000000000000004803136752125007
          0.000000000000001898140768810653
          0.000000000000005132510433664934
          0.000000000000009776008544678098
          0.000000000000003950807955105882
          0.000000000000006047350549989653
          0.000000000000001242818684335427
          0.0000000000000021808115810719245
          0.0000000000000036224000538678346
          0.0000000000000029750304686837383
          0.0000000000000044767099825630416
          0.00000000000000216202477783162
          0.000000000000005082931126035145
          0.000000000000004961686897340682
          0.000000000000003910393427124186
          0.000000000000004648892659970144
          0.000000000000006878278358625577
          0.0000000000000019007961059998303
          0.000000000000001830321529329174
          0.0000000000000008862767615257316
          0.000000000000004032626747219882
          0.0000000000000048602788766804295
          0.000000000000003007789519534531
          0.0000000000000013550938688677118
          0.000000000000004803136752125007
          0.000000000000002280079956554492
          0.0000000000000046299588708440956
          0.000000000000009563820107042628
          0.000000000000003113222017071153
          0.0000000000000054107852370832576
          0.000000000000002064658448753318
          0.0000000000000019953773814454754
          0.000000000000003171002904315509
          0.0000000000000017867752179251332
          0.0000000000000044767099825630416
          0.0000000000000030107785283734748
          0.000000000000005082931126035145
          0.000000000000004961686897340682
          0.000000000000004301266864873723
          0.000000000000004945956472659789
          0.000000000000006878278358625577
          0.0000000000000013821842071163455
          0.000000000000001830321529329174
          0.0000000000000008862767615257314
          0.00000000000000495882878276851
          0.000000000000003614644870962845
          0.000000000000005752578557063024
          0.000000000000005567144357436571
          0.0000000000000033163737089341775
          0.000000000000004980843989608472
          0.0000000000000009145966631042865
          0.000000000000002059387418780429
          0.0000000000000018578324366175916
          0.0000000000000028735638401587218
          0.0000000000000035600625862648746
          0.0000000000000027942946284621408
          0.000000000000004115684983969296
          0.000000000000004980843989608466
          0.0000000000000017148687433205262
          0.0000000000000016090130255890658
          0.0000000000000028872445973591835
          0.0000000000000040115891844270846
          0.0000000000000024830527444454078
          0.0000000000000027518988556872468
          0.000000000000004687307898409426
          0.0000000000000011883730676622615
          0.0000000000000018306431710145334
          0.000000000000003891284366881608
          0.00000000000000495882878276851
          0.0000000000000034523899462897
          0.000000000000005567144357436573
          0.000000000000005752578557063016
          0.0000000000000031452540011636413
          0.000000000000004980843989608472
          0.0000000000000009145966631042865
          0.000000000000002059387418780429
          0.0000000000000015310627868027733
          0.0000000000000028735638401587218
          0.000000000000003374628386638424
          0.0000000000000028870117282753623
          0.000000000000004115684983969296
          0.000000000000004980843989608466
          0.0000000000000017148687433205262
          0.000000000000001838405931140919
          0.0000000000000031268121882379352
          0.000000000000003982915071233103
          0.0000000000000022434851535666577
          0.000000000000002551180063329375
          0.000000000000004687307898409426
          0.000000000000001179752016620063
          0.0000000000000018306431710145334
          0.000000000000003891284366881608
          0.000000000000004558692742660391
          0.0000000000000038194452708776506
          0.000000000000005325470615155024
          0.000000000000004997920969378897
          0.000000000000004238342915659073
          0.000000000000003963863764660664
          0.000000000000005459241539192828
          0.0000000000000058889820736901865
          0.000000000000001732539504394253
          0.0000000000000015820137835052052
          0.000000000000002435187687988544
          0.000000000000002727631838685095
          0.000000000000002415143920174788
          0.0000000000000027190519389407735
          0.0000000000000010289212459923191
          0.0000000000000021072801494497287
          0.0000000000000029517201889216786
          0.00000000000000407960381177606
          0.000000000000007601497882537905
          0.000000000000008513140817998779
          0.0000000000000031133507155152803
          0.000000000000004183176983489247
          0.0000000000000011451707541250297
          0.0000000000000015086210160833297
          0.000000000000004558692742660391
          0.0000000000000038194452708776506
          0.000000000000004954602215902129
          0.000000000000005368789368631793
          0.000000000000003705219591733039
          0.000000000000004311552888960256
          0.000000000000004329851467907286
          0.000000000000004713343432736932
          0.0000000000000023143465108140726
          0.000000000000001954777255026964
          0.000000000000002157036388548871
          0.0000000000000024904219948042244
          0.0000000000000025520396863912166
          0.0000000000000028337483917167004
          0.0000000000000010289212459923191
          0.0000000000000021072801494497287
          0.000000000000003738870844666146
          0.000000000000004395019056909858
          0.0000000000000066774514605770015
          0.000000000000007738939761761262
          0.000000000000005029891442545267
          0.0000000000000057889273223522086
          0.0000000000000009597365544985826
          0.0000000000000015086210160833297
          0.0000000000000024451641877058826
          0.000000000000002351179176205472
          0.0000000000000025295883571680695
          0.000000000000002544877771785562
          0.000000000000002782603242067346
          0.0000000000000034384007707273356
          0.0000000000000023252480239236865
          0.0000000000000035367512998827566
          0.000000000000002146225539704509
          0.000000000000003644452177265149
          0.0000000000000022013493730676374
          0.0000000000000026273526554435594
          0.0000000000000033555503993794392
          0.0000000000000030381011117389496
          0.0000000000000030148167160286184
          0.000000000000003604315760908111
          0.000000000000003833869456426226
          0.000000000000004075574957451958
          0.0000000000000024190040777216412
          0.000000000000003634209886787127
          0.0000000000000030623946491486483
          0.000000000000003731018304076396
          0.000000000000004282529084723288
          0.0000000000000045863073722416254
          0.0000000000000021438336133129055
          0.0000000000000026525097505984506
          0.000000000000002066002858101952
          0.0000000000000030084632708516836
          0.0000000000000027130654172074286
          0.0000000000000035079385955872543
          0.0000000000000028097061104960546
          0.000000000000002771835226423658
          0.0000000000000028521352629425666
          0.0000000000000026941019041795994
          0.000000000000002015915173441189
          0.000000000000002720069755256783
          0.0000000000000024008162406487376
          0.0000000000000033162524111786203
          0.0000000000000030148167160286132
          0.0000000000000032334473616552094
          0.0000000000000040734370473049694
          0.000000000000003681527283245752
          0.0000000000000023494662528617217
          0.000000000000003703747711647042
          0.000000000000002506092050269303
          0.0000000000000041018867033292895
          0.000000000000004282529084723283
          0.0000000000000043569144666897685
          0.0000000000000034725471931180064
          0.000000000000004401115284822103
          0.000000000000003172507175142949
          0.0000000000000014438281855490807
          0.0000000000000020592927850731143
          0.000000000000002904007839495786
          0.000000000000011251832535329143
          0.000000000000012730320443593055
          0.000000000000006343510954929617
          0.000000000000006787007991284268
          0.0000000000000017720310347645545
          0.0000000000000010536400747248653
          0.000000000000002610944884060502
          0.0000000000000016548222008815392
          0.0000000000000010122233796821442
          0.0000000000000012791348433410039
          0.0000000000000024008162406487313
          0.000000000000003441365042424664
          0.0000000000000025034137046013664
          0.000000000000003055874397260148
          0.0000000000000032648157178410574
          0.000000000000004191405977450885
          0.0000000000000035451070461029264
          0.000000000000003530584634112158
          0.000000000000003917458433321399
          0.000000000000004773878756343864
          0.00000000000000314392602942094
          0.000000000000002278282083868095
          0.000000000000002219259964614899
          0.000000000000003066262764168926
          0.0000000000000110807128275586
          0.00000000000001258694987762314
          0.000000000000005830151831618006
          0.000000000000006356896293374538
          0.000000000000001947371862054378
          0.0000000000000011908067162180451
          0.0000000000000016526745205454984
          0.0000000000000008519470314500502
          0.0000000000000016967022107642874
          0.0000000000000013323817771381387
          0.0000000000000024008162406487313
          0.000000000000003325468667658132
          0.0000000000000027429812954801134
          0.00000000000000256910962324072
          0.0000000000000033575328176542785
          0.000000000000003913254678011211
          0.0000000000000035451070461029256
          0.0000000000000035305846341121578
          0.000000000000007370038167316261
          0.0000000000000026217344407786902
          0.000000000000009472311349468778
          0.0000000000000022630049073041623
          0.000000000000010116686271201317
          0.0000000000000030126425169777385
          0.000000000000004209222153143021
          0.0000000000000023820745057490467
          0.0000000000000052194368660338236
          0.000000000000004764149011498031
          0.000000000000010825498685107137
          0.0000000000000069138260044912144
          0.000000000000007410311599924474
          0.0000000000000032535651785841085
          0.000000000000005477186834726781
          0.0000000000000035415978391406274
          0.000000000000004375175251368996
          0.000000000000005868037197089081
          0.000000000000007088124139058298
          0.000000000000006332832222601041
          0.000000000000004367987882159544
          0.000000000000015744931489219304
          0.0000000000000023197497182372212
          0.000000000000008635020083340277
          0.000000000000007370038167316263
          0.0000000000000026217344407786918
          0.000000000000009472311349468776
          0.000000000000001076354111221174
          0.000000000000010116686271201317
          0.0000000000000005228944037010026
          0.0000000000000011711777450670063
          0.0000000000000042092221531429494
          0.000000000000005219436866033824
          0.00000000000000476414901149803
          0.000000000000010825498685107135
          0.000000000000006913826004491216
          0.000000000000007410311599924474
          0.0000000000000032535651785841085
          0.000000000000005477186834726781
          0.000000000000002058124242129055
          0.0000000000000014082280573457806
          0.000000000000005868037197089081
          0.000000000000007088124139058298
          0.000000000000006332832222601041
          0.0000000000000005702157573567694
          0.000000000000015744931489219304
          0.0000000000000023197497182372212
          0.000000000000008635020083340277
          0.0000000000000026392240463984283
          0.0000000000000027161459303357993
          0.0000000000000030927850270589558
          0.000000000000009063502997484154
          0.000000000000008247998998176936
          0.000000000000003801765104920088
          0.000000000000014756185707675854
          0.000000000000008540608593783107
          0.000000000000012629748465958358
          0.000000000000009760695535752191
          0.000000000000008956811412082705
          0.000000000000005054645902443167
          0.000000000000007281436615577947
          0.0000000000000028927828412731003
          0.000000000000011598748591186124
          0.00000000000000569373906252211
          0.000000000000015336123137234902
          0.0000000000000070881241390581716
          0.0000000000000031670517240309315
          0.000000000000006158534088034219
          0.000000000000005928249279939663
          0.00000000000000813391294646023
          0.000000000000003447405831269199
          0.000000000000008438934681952424
          0.0000000000000021194702130339197
          0.0000000000000027161459303357977
          0.000000000000001954708981823235
          0.000000000000009063502997484155
          0.000000000000008247998998176936
          0.000000000000003433512768551489
          0.000000000000014756185707675857
          0.000000000000008540608593783109
          0.00000000000001262974846595836
          0.000000000000009760695535752193
          0.000000000000008956811412082702
          0.00000000000000505464590244317
          0.000000000000007281436615577947
          0.00000000000000034859626913400646
          0.000000000000011598748591186124
          0.00000000000000569373906252211
          0.000000000000015336123137234902
          0.0000000000000070881241390581716
          0.0000000000000023884273704248987
          0.000000000000006158534088034219
          0.000000000000005928249279939663
          0.00000000000000813391294646023
          0.000000000000003447405831269199
          0.000000000000008438934681952424
          0.000000000000004067616693436797
          0.000000000000003844244593189272
          0.000000000000004821138232506526
          0.000000000000007262422273625199
          0.000000000000007088124139058282
          0.000000000000007088124139058215
          0.000000000000004575061944301183
          0.000000000000013479055739848252
          0.000000000000004703936928647705
          0.000000000000002440173883938066
          0.000000000000004703704463428082
          0.000000000000005751838440711153
          0.000000000000004000319972487176
          0.000000000000004473652120553145
          0.0000000000000056060618190732335
          0.000000000000004654964341949391
          0.000000000000007281436615577952
          0.000000000000011213179990477291
          0.000000000000012887498434651353
          0.00000000000000648013208828692
          0.00000000000000471911332430953
          0.000000000000004490012066328028
          0.0000000000000032621480412710982
          0.000000000000005178107081094718
          0.0000000000000040676166934367934
          0.0000000000000034496505799719712
          0.000000000000004437993591586503
          0.000000000000007262422273625204
          0.000000000000007088124139058282
          0.000000000000007088124139058215
          0.000000000000004575061944301182
          0.000000000000013479055739848251
          0.000000000000004703936928647704
          0.0000000000000026191334574325084
          0.0000000000000027136635216298156
          0.0000000000000057518384407111544
          0.000000000000001610937304331409
          0.000000000000004473652120553145
          0.0000000000000056060618190732335
          0.0000000000000012197806664121994
          0.000000000000007281436615577952
          0.000000000000011213179990477291
          0.000000000000012887498434651353
          0.000000000000005868037197089194
          0.000000000000002965005275980372
          0.000000000000003976299877876832
          0.0000000000000032621480412710982
          0.000000000000005178107081094718
          0.000000000000004816609302850766
          0.00000000000000513453254745307
          0.000000000000006927030408624961
          0.0000000000000034273512410713967
          0.0000000000000060763313660099664
          0.000000000000004589850876931148
          0.000000000000009150123888602406
          0.000000000000008133912946460159
          0.0000000000000018042497808511838
          0.000000000000008075813568271158
          0.0000000000000046161158357954334
          0.000000000000006797627248113223
          0.000000000000011018811161626831
          0.0000000000000038459673586314495
          0.000000000000004188436991261685
          0.000000000000006216633466223088
          0.000000000000008441311474696642
          0.000000000000002561452426017456
          0.000000000000006250436740805986
          0.000000000000004183155229608091
          0.000000000000003995124514741951
          0.000000000000009557347712090709
          0.000000000000002268355647145532
          0.000000000000004509964231921212
          0.000000000000003817921411265465
          0.000000000000005134532547453073
          0.000000000000006927030408624957
          0.0000000000000060341659780836296
          0.0000000000000013309740932645236
          0.000000000000004589850876931148
          0.000000000000009150123888602406
          0.000000000000008133912946460157
          0.000000000000003952527419304671
          0.000000000000008075813568271158
          0.0000000000000019975622573709404
          0.000000000000006797627248113224
          0.000000000000011018811161626831
          0.000000000000003289407522210558
          0.000000000000004188436991261685
          0.000000000000006216633466223088
          0.000000000000008441311474696642
          0.0000000000000007692349244116604
          0.000000000000006250436740805986
          0.000000000000004183155229608091
          0.000000000000003995124514741951
          0.000000000000009557347712090709
          0.000000000000001810832485564152
          0.000000000000004509964231921212
          0.000000000000001270732781508788
          0.0000000000000008328545863393352
          0.000000000000001202961592512221
          0.0000000000000027998090349279863
          0.0000000000000054559902912487294
          0.000000000000004571840069692541
          0.000000000000006295373412979318
          0.000000000000003969349517872594
          0.0000000000000029070281722102508
          0.000000000000002339080965889201
          0.0000000000000032642676956189124
          0.0000000000000008044577990921108
          0.000000000000004010386026046082
          0.0000000000000015020686501255042
          0.000000000000005689152269507188
          0.000000000000004323755724825462
          0.0000000000000043368127956079844
          0.0000000000000010632186208587295
          0.000000000000008440463612957484
          0.0000000000000050325681387313065
          0.000000000000002354935980410795
          0.00000000000000457184006969253
          0.0000000000000029844733217087
          0.0000000000000009324092932496654
          0.0000000000000016991311474119504
          0.0000000000000014847091472750594
          0.0000000000000020963865930825962
          0.0000000000000027998090349279863
          0.0000000000000054559902912487294
          0.000000000000004571840069692541
          0.000000000000006295373412979317
          0.000000000000003969349517872594
          0.0000000000000026768780813545935
          0.0000000000000024863732890024487
          0.000000000000003264267695618913
          0.000000000000001345161950442055
          0.000000000000004010386026046082
          0.0000000000000018415701503422497
          0.000000000000005689152269507188
          0.000000000000004323755724825462
          0.0000000000000043368127956079844
          0.0000000000000015729201271296981
          0.000000000000008440463612957484
          0.0000000000000050325681387313065
          0.000000000000002354935980410795
          0.00000000000000457184006969253
          0.0000000000000029844733217087
          0.0000000000000022904152941166307
          0.000000000000001340137500855563
          0.0000000000000014213575740710158
          0.0000000000000032176352999672296
          0.0000000000000018783528968504256
          0.000000000000006679218055997348
          0.000000000000006343871104457081
          0.0000000000000042901803999562574
          0.000000000000002703214282219489
          0.0000000000000020616227793286984
          0.0000000000000015593873105928063
          0.000000000000003510086361039101
          0.000000000000003279400300860192
          0.000000000000004010386026046065
          0.0000000000000015149127005504239
          0.0000000000000005580978978705374
          0.0000000000000031896558625761726
          0.0000000000000005947404826039511
          0.0000000000000032605371039667812
          0.000000000000002891208530405324
          0.0000000000000024454028279750814
          0.0000000000000039589449673431136
          0.000000000000004641216838901811
          0.0000000000000057940751597235174
          0.0000000000000013909015247426753
          0.0000000000000008934250005703755
          0.0000000000000011606803277707742
          0.000000000000003726193396447917
          0.0000000000000030993693233528393
          0.000000000000004569974773866463
          0.000000000000006343871104457081
          0.0000000000000042901803999562574
          0.0000000000000025334635321111102
          0.000000000000005755845975662134
          0.0000000000000054632417358866525
          0.0000000000000034507972782256953
          0.00000000000000269348717284211
          0.000000000000004010386026046065
          0.00000000000000021264372417174514
          0.0000000000000009308406073798638
          0.0000000000000031896558625761726
          0.0000000000000019348779834595183
          0.0000000000000032605371039667812
          0.000000000000002891208530405324
          0.000000000000003741550081909886
          0.0000000000000023316197825849405
          0.0000000000000026042078376013463
          0.0000000000000057940751597235174
          0.0000000000000020546535804138614
          0.0000000000000027705639263894182
          0.000000000000002448656336367231
          0.000000000000001818663430416252
          0.0000000000000022806671986929854
          0.000000000000004957253417657102
          0.000000000000005071518147477534
          0.0000000000000025079077919111167
          0.0000000000000022042059576992386
          0.0000000000000017309235475325088
          0.0000000000000020785609542810367
          0.000000000000002103952998275168
          0.0000000000000014280711700457117
          0.0000000000000031613226610582685
          0.000000000000003639628720786908
          0.0000000000000055026226869004036
          0.000000000000005332370285028514
          0.000000000000003264267695618894
          0.0000000000000033314183453573294
          0.000000000000004093713089699266
          0.000000000000002232759103803327
          0.000000000000003889999076982116
          0.000000000000003286113761550324
          0.0000000000000018362575886968535
          0.0000000000000025947526025712615
          0.0000000000000021625088683855827
          0.0000000000000013360511386085398
          0.0000000000000053223053496662
          0.000000000000004571828349187079
          0.0000000000000027236909162311643
          0.000000000000003374010646393821
          0.0000000000000023682451266046668
          0.0000000000000012600325343254703
          0.0000000000000014387897259617829
          0.0000000000000019782588316928124
          0.0000000000000017720310347645468
          0.0000000000000027012697075293688
          0.0000000000000010408339213701274
          0.000000000000002409962207279784
          0.0000000000000055026226869004036
          0.000000000000003118774621185608
          0.000000000000003264267695618894
          0.0000000000000047286162176643996
          0.000000000000001466485499129262
          0.000000000000002232759103803327
          0.000000000000001824987772380422
          0.0000000000000023687444980649237
          0.0000000000000031763950895524187
          0.000000000000003613257103221489
          0.000000000000005595010112340502
          0.000000000000005884464547918162
          0.000000000000003007789519534531
          0.0000000000000016510392976390677
          0.0000000000000048031367521250075
          0.000000000000004125240848178056
          0.000000000000004290273973546486
          0.000000000000008509199279011444
          0.0000000000000022413535378705755
          0.000000000000004301620215136162
          0.0000000000000017704260390144792
          0.0000000000000014176248278116413
          0.000000000000003171002904315509
          0.0000000000000023342078803851315
          0.0000000000000044767099825630416
          0.000000000000002351274230093225
          0.000000000000005082931126035145
          0.000000000000004961686897340682
          0.000000000000004153903968222584
          0.0000000000000046815067025362206
          0.000000000000006878278358625577
          0.0000000000000013821842071163455
          0.0000000000000018303215293291734
          0.0000000000000010838574462812459
          0.000000000000002274611951209954
          0.0000000000000028289510459674387
          0.0000000000000050175548915719485
          0.000000000000004120486206045517
          0.0000000000000048031367521250075
          0.000000000000001091379286636721
          0.000000000000004513630223689076
          0.000000000000009018451529336546
          0.0000000000000046982722894391034
          0.000000000000006508379966544977
          0.0000000000000006180451798811187
          0.0000000000000026400045087409727
          0.000000000000003171002904315509
          0.0000000000000019947063801683874
          0.0000000000000044767099825630416
          0.000000000000002351274230093225
          0.000000000000005082931126035145
          0.000000000000004961686897340682
          0.0000000000000032604789676521964
          0.0000000000000040025037021027245
          0.000000000000006878278358625577
          0.0000000000000013821842071163455
          0.0000000000000018303215293291734
          0.0000000000000008328545863393377
          0.005965046676099099
          0.005965046676098164
          0.005965046676098196
          0.005965046676097244
          0.005965046676098407
          0.005965046676099685
          0.005965046676097326
          0.005965046676099925
          0.005965046676093071
          0.005965046676097773
          0.005965046676094381
          0.005965046676099318
          0.005965046676096677
          0.005965046676098503
          0.005965046676096007
          0.005965046676097615
          0.005965046676097334
          0.005965046676099366
          0.005965046676095582
          0.005965046676096801
          0.005965046676095184
          0.005965046676096066
          0.005965046676098088
          0.0059650466760985815
          0.017892593608043364
          0.017892593608042122
          0.01789259360804567
          0.017892593608044405
          0.0178925936080413
          0.017892593608043163
          0.017892593608037726
          0.017892593608041418
          0.017892593608039055
          0.017892593608044318
          0.01789259360803847
          0.017892593608043295
          0.017892593608041928
          0.01789259360804237
          0.017892593608042982
          0.01789259360804429
          0.017892593608037192
          0.01789259360804101
          0.017892593608042146
          0.0178925936080447
          0.017892593608046577
          0.0178925936080473
          0.01789259360804225
          0.017892593608042497
          0.029812506711608195
          0.029812506711611116
          0.02981250671160586
          0.029812506711609562
          0.02981250671160764
          0.02981250671161056
          0.02981250671161082
          0.029812506711613354
          0.029812506711613826
          0.029812506711615394
          0.029812506711610367
          0.029812506711612785
          0.029812506711606627
          0.02981250671160782
          0.029812506711606953
          0.029812506711608868
          0.029812506711609805
          0.029812506711615363
          0.029812506711609524
          0.029812506711616255
          0.029812506711606946
          0.029812506711611765
          0.02981250671160794
          0.029812506711610908
          0.04171971484878325
          0.04171971484878541
          0.04171971484878501
          0.04171971484878726
          0.0417197148487886
          0.04171971484878748
          0.041719714848785415
          0.04171971484878506
          0.041719714848787066
          0.04171971484878623
          0.04171971484878883
          0.041719714848788794
          0.04171971484878729
          0.041719714848789044
          0.04171971484878619
          0.041719714848789495
          0.04171971484878512
          0.04171971484878977
          0.0417197148487848
          0.04171971484878822
          0.041719714848784645
          0.04171971484878838
          0.041719714848785644
          0.04171971484878849
          0.053609173908577855
          0.05360917390857377
          0.053609173908577425
          0.05360917390857482
          0.05360917390857368
          0.053609173908570035
          0.05360917390857348
          0.053609173908569625
          0.053609173908571554
          0.05360917390857098
          0.053609173908570375
          0.05360917390856924
          0.053609173908572116
          0.053609173908570534
          0.05360917390857242
          0.05360917390857042
          0.053609173908573934
          0.0536091739085711
          0.05360917390857517
          0.05360917390857218
          0.05360917390857583
          0.05360917390857305
          0.053609173908575475
          0.05360917390857266
          0.06547587743001551
          0.06547587743001539
          0.06547587743001317
          0.0654758774300152
          0.06547587743001672
          0.06547587743001866
          0.06547587743002314
          0.06547587743002053
          0.06547587743002344
          0.06547587743002127
          0.06547587743001852
          0.06547587743002102
          0.06547587743001627
          0.0654758774300207
          0.06547587743001909
          0.06547587743001919
          0.06547587743001973
          0.0654758774300158
          0.06547587743001658
          0.06547587743001736
          0.06547587743001462
          0.06547587743001847
          0.0654758774300161
          0.06547587743001732
          0.0773148670394649
          0.07731486703946681
          0.07731486703946382
          0.07731486703946543
          0.07731486703946351
          0.07731486703946468
          0.07731486703946543
          0.07731486703946344
          0.07731486703946498
          0.07731486703946056
          0.07731486703946479
          0.07731486703946563
          0.07731486703946165
          0.07731486703946672
          0.0773148670394599
          0.0773148670394628
          0.07731486703946462
          0.07731486703946408
          0.07731486703946465
          0.07731486703946698
          0.07731486703946124
          0.07731486703946655
          0.07731486703946268
          0.07731486703946554
          0.005965046676098215
          0.005965046676098976
          0.005965046676097497
          0.005965046676098631
          0.0059650466760986665
          0.005965046676099141
          0.005965046676097319
          0.005965046676098059
          0.00596504667609438
          0.005965046676097261
          0.005965046676096403
          0.005965046676100359
          0.005965046676098362
          0.005965046676100347
          0.005965046676096783
          0.005965046676098523
          0.005965046676095214
          0.00596504667609727
          0.0059650466760958806
          0.005965046676096419
          0.005965046676096632
          0.0059650466760977116
          0.0059650466760959725
          0.005965046676096119
          0.017892593608042268
          0.017892593608043433
          0.017892593608044335
          0.01789259360804502
          0.017892593608042413
          0.017892593608043062
          0.017892593608040193
          0.01789259360804162
          0.017892593608037
          0.017892593608042153
          0.01789259360803587
          0.017892593608040904
          0.017892593608040686
          0.0178925936080409
          0.0178925936080425
          0.017892593608044027
          0.017892593608043194
          0.01789259360804549
          0.01789259360804361
          0.017892593608044814
          0.017892593608042344
          0.017892593608042077
          0.017892593608042746
          0.01789259360804249
          0.029812506711608695
          0.02981250671161163
          0.02981250671160736
          0.029812506711610565
          0.029812506711607702
          0.029812506711611737
          0.02981250671160962
          0.02981250671161274
          0.029812506711608608
          0.02981250671161288
          0.029812506711609055
          0.02981250671161184
          0.02981250671160973
          0.029812506711609534
          0.02981250671160918
          0.02981250671161021
          0.02981250671160959
          0.029812506711612893
          0.029812506711609114
          0.029812506711612716
          0.029812506711609725
          0.02981250671161174
          0.029812506711610485
          0.02981250671161193
          0.04171971484878376
          0.0417197148487851
          0.04171971484878582
          0.041719714848786546
          0.041719714848787594
          0.04171971484878752
          0.04171971484878421
          0.041719714848784326
          0.04171971484878607
          0.04171971484878589
          0.04171971484878806
          0.04171971484878651
          0.041719714848787316
          0.04171971484878747
          0.04171971484878575
          0.041719714848788926
          0.041719714848786164
          0.0417197148487902
          0.04171971484878801
          0.041719714848789766
          0.041719714848787226
          0.04171971484878838
          0.0417197148487867
          0.041719714848787524
          0.0536091739085782
          0.05360917390857376
          0.05360917390857873
          0.05360917390857468
          0.05360917390857538
          0.0536091739085707
          0.05360917390857505
          0.0536091739085699
          0.05360917390857417
          0.053609173908572866
          0.053609173908574656
          0.05360917390857274
          0.05360917390857709
          0.053609173908572644
          0.05360917390857639
          0.05360917390857367
          0.0536091739085759
          0.05360917390857363
          0.05360917390857669
          0.053609173908573206
          0.053609173908574996
          0.05360917390857153
          0.05360917390857393
          0.05360917390857094
          0.06547587743001627
          0.065475877430015
          0.06547587743001394
          0.0654758774300162
          0.06547587743001705
          0.0654758774300201
          0.06547587743002345
          0.06547587743002092
          0.06547587743002245
          0.06547587743002081
          0.06547587743001887
          0.06547587743001859
          0.06547587743001725
          0.06547587743001679
          0.06547587743001858
          0.06547587743001643
          0.06547587743002174
          0.06547587743001718
          0.06547587743001941
          0.06547587743001995
          0.0654758774300163
          0.06547587743002081
          0.06547587743001769
          0.06547587743001924
          0.07731486703946515
          0.07731486703946633
          0.0773148670394631
          0.0773148670394663
          0.07731486703946218
          0.07731486703946593
          0.07731486703946434
          0.07731486703946519
          0.07731486703946668
          0.07731486703946487
          0.07731486703946677
          0.07731486703946501
          0.07731486703946458
          0.07731486703946631
          0.07731486703946387
          0.07731486703946597
          0.07731486703946416
          0.07731486703946237
          0.07731486703946344
          0.0773148670394649
          0.07731486703946304
          0.07731486703946833
          0.07731486703946455
          0.07731486703946729
          0.005965046676096171
          0.00596504667609511
          0.005965046676096227
          0.005965046676095101
          0.00596504667609462
          0.005965046676094957
          0.005965046676093715
          0.005965046676094993
          0.005965046676094005
          0.005965046676095785
          0.005965046676094345
          0.005965046676097941
          0.00596504667609578
          0.005965046676098539
          0.005965046676095923
          0.0059650466760978885
          0.005965046676095061
          0.005965046676097182
          0.005965046676095486
          0.005965046676096275
          0.005965046676095201
          0.00596504667609548
          0.0059650466760954165
          0.005965046676095216
          0.017892593608041914
          0.017892593608042497
          0.01789259360804187
          0.017892593608042972
          0.017892593608041688
          0.017892593608043926
          0.017892593608041196
          0.017892593608044665
          0.017892593608039915
          0.017892593608044044
          0.017892593608039013
          0.017892593608041536
          0.01789259360804001
          0.017892593608041036
          0.017892593608041275
          0.017892593608043492
          0.017892593608040998
          0.017892593608042566
          0.01789259360804103
          0.017892593608040547
          0.017892593608042056
          0.017892593608041976
          0.017892593608041484
          0.017892593608042105
          0.02981250671160941
          0.02981250671161462
          0.029812506711608993
          0.029812506711614662
          0.029812506711608663
          0.029812506711611748
          0.029812506711608604
          0.029812506711612157
          0.029812506711608778
          0.02981250671161159
          0.029812506711611106
          0.02981250671161143
          0.02981250671161106
          0.029812506711610606
          0.02981250671161062
          0.029812506711611966
          0.029812506711611356
          0.02981250671161368
          0.029812506711612625
          0.029812506711614766
          0.029812506711612587
          0.029812506711614454
          0.02981250671161104
          0.029812506711612945
          0.0417197148487864
          0.04171971484878825
          0.041719714848787406
          0.041719714848788746
          0.04171971484878955
          0.04171971484878774
          0.04171971484878799
          0.041719714848787316
          0.04171971484878874
          0.041719714848788156
          0.04171971484878867
          0.041719714848785686
          0.0417197148487869
          0.04171971484878629
          0.04171971484878798
          0.0417197148487892
          0.04171971484878976
          0.04171971484878946
          0.04171971484878821
          0.041719714848787434
          0.04171971484878757
          0.041719714848787164
          0.04171971484878804
          0.041719714848787476
          0.053609173908574864
          0.053609173908571124
          0.05360917390857436
          0.053609173908572456
          0.05360917390857438
          0.05360917390856987
          0.053609173908575614
          0.05360917390857012
          0.05360917390857545
          0.05360917390857438
          0.05360917390857706
          0.053609173908573206
          0.05360917390857788
          0.053609173908573435
          0.053609173908577466
          0.05360917390857381
          0.05360917390857644
          0.05360917390857008
          0.05360917390857518
          0.05360917390857084
          0.053609173908576044
          0.0536091739085727
          0.053609173908575926
          0.053609173908571124
          0.06547587743001934
          0.06547587743001822
          0.06547587743001797
          0.06547587743002088
          0.06547587743001936
          0.06547587743002337
          0.06547587743002084
          0.06547587743001945
          0.06547587743001963
          0.06547587743001804
          0.06547587743001995
          0.06547587743001927
          0.06547587743002009
          0.06547587743001936
          0.06547587743002145
          0.06547587743002029
          0.06547587743002276
          0.06547587743002078
          0.06547587743001945
          0.0654758774300228
          0.06547587743001738
          0.0654758774300241
          0.06547587743001886
          0.06547587743002109
          0.07731486703946647
          0.0773148670394662
          0.07731486703946597
          0.07731486703946704
          0.07731486703946351
          0.07731486703946785
          0.07731486703946472
          0.07731486703946536
          0.0773148670394684
          0.07731486703946537
          0.07731486703946727
          0.0773148670394658
          0.07731486703946511
          0.07731486703946629
          0.07731486703946583
          0.07731486703946774
          0.07731486703946568
          0.07731486703946652
          0.07731486703946497
          0.07731486703946785
          0.07731486703946454
          0.07731486703947105
          0.07731486703946464
          0.07731486703946927
          0.005965046676096151
          0.005965046676094561
          0.0059650466760969995
          0.00596504667609555
          0.00596504667609558
          0.005965046676096795
          0.0059650466760954104
          0.005965046676097773
          0.005965046676094998
          0.005965046676097838
          0.005965046676095618
          0.0059650466760993335
          0.005965046676097906
          0.0059650466760998114
          0.005965046676096334
          0.005965046676097389
          0.005965046676094943
          0.005965046676096646
          0.005965046676095261
          0.005965046676096476
          0.005965046676097405
          0.005965046676097548
          0.005965046676098754
          0.00596504667609802
          0.017892593608041914
          0.017892593608041737
          0.017892593608041567
          0.017892593608042115
          0.017892593608041185
          0.01789259360804336
          0.017892593608039638
          0.017892593608042556
          0.017892593608039447
          0.017892593608044998
          0.017892593608039017
          0.017892593608043208
          0.017892593608040276
          0.017892593608040148
          0.01789259360804337
          0.01789259360804364
          0.017892593608040807
          0.017892593608042177
          0.017892593608043295
          0.01789259360804472
          0.017892593608042844
          0.017892593608041827
          0.017892593608041074
          0.017892593608039898
          0.02981250671160961
          0.029812506711613874
          0.029812506711608462
          0.029812506711614638
          0.029812506711609732
          0.029812506711613576
          0.029812506711611234
          0.02981250671161309
          0.029812506711609205
          0.029812506711610665
          0.029812506711609184
          0.029812506711609316
          0.029812506711609205
          0.02981250671160834
          0.029812506711609642
          0.029812506711608826
          0.029812506711612827
          0.029812506711615134
          0.02981250671160883
          0.02981250671161253
          0.029812506711607057
          0.029812506711609326
          0.029812506711609007
          0.0298125067116103
          0.04171971484878825
          0.041719714848786726
          0.0417197148487885
          0.04171971484878701
          0.041719714848789044
          0.04171971484878832
          0.04171971484878957
          0.041719714848788364
          0.04171971484878868
          0.041719714848784104
          0.04171971484878895
          0.04171971484878441
          0.041719714848790515
          0.04171971484878827
          0.04171971484878965
          0.04171971484878934
          0.041719714848786206
          0.04171971484878508
          0.04171971484878815
          0.04171971484878522
          0.041719714848788295
          0.041719714848788836
          0.04171971484878629
          0.04171971484878795
          0.05360917390857518
          0.05360917390857
          0.053609173908575364
          0.05360917390857071
          0.05360917390857691
          0.05360917390857066
          0.05360917390857744
          0.05360917390857039
          0.05360917390857725
          0.053609173908575405
          0.05360917390857744
          0.053609173908574725
          0.05360917390857653
          0.053609173908570396
          0.05360917390857422
          0.05360917390856911
          0.05360917390857658
          0.05360917390856998
          0.05360917390857447
          0.05360917390856762
          0.0536091739085727
          0.05360917390856796
          0.05360917390857568
          0.05360917390857234
          0.06547587743001854
          0.06547587743002006
          0.06547587743001732
          0.06547587743002214
          0.06547587743002102
          0.06547587743002256
          0.06547587743002392
          0.06547587743001947
          0.06547587743001954
          0.06547587743001826
          0.06547587743001779
          0.06547587743001995
          0.06547587743001891
          0.06547587743002223
          0.06547587743002106
          0.06547587743002106
          0.06547587743002208
          0.06547587743001762
          0.0654758774300216
          0.06547587743002276
          0.06547587743002237
          0.06547587743002596
          0.06547587743002001
          0.06547587743002002
          0.07731486703946594
          0.07731486703946752
          0.07731486703946532
          0.07731486703946779
          0.07731486703946476
          0.07731486703946698
          0.07731486703946604
          0.0773148670394642
          0.07731486703946629
          0.07731486703946346
          0.07731486703946476
          0.07731486703946587
          0.07731486703946185
          0.07731486703946713
          0.0773148670394616
          0.07731486703946525
          0.07731486703946673
          0.07731486703946525
          0.07731486703946513
          0.07731486703946662
          0.07731486703946189
          0.07731486703946645
          0.07731486703946394
          0.07731486703946645
          0.2890741320262806
          0.5750547756215761
          0.28907413202627746
          0.5750547756215771
          0.289074132026283
          0.5750547756215756
          0.2890741320262842
          0.5750547756215733
          0.28907413202627913
          0.5750547756215747
          0.289074132026276
          0.5750547756215778
          0.2890741320262774
          0.575054775621578
          0.2890741320262826
          0.5750547756215757
          0.2890741320262774
          0.5750547756215788
          0.2890741320262742
          0.575054775621582
          0.28907413202627924
          0.5750547756215798
          0.28907413202628157
          0.5750547756215769
          0.32343445638174584
          0.5451548779562768
          0.32343445638175056
          0.5451548779562748
          0.32343445638174173
          0.5451548779562763
          0.3234344563817382
          0.5451548779562783
          0.3234344563817504
          0.5451548779562814
          0.3234344563817563
          0.5451548779562839
          0.3234344563817511
          0.545154877956278
          0.3234344563817459
          0.5451548779562784
          0.32343445638174845
          0.5451548779562762
          0.32343445638174967
          0.5451548779562702
          0.3234344563817469
          0.5451548779562739
          0.32343445638174423
          0.5451548779562768
          0.2890741320262789
          0.5750547756215764
          0.289074132026277
          0.5750547756215786
          0.2890741320262828
          0.5750547756215753
          0.2890741320262845
          0.5750547756215723
          0.2890741320262819
          0.5750547756215729
          0.2890741320262782
          0.5750547756215746
          0.28907413202627774
          0.5750547756215781
          0.2890741320262849
          0.5750547756215767
          0.28907413202628657
          0.5750547756215767
          0.28907413202628424
          0.5750547756215776
          0.2890741320262809
          0.575054775621576
          0.28907413202628196
          0.5750547756215743
          0.3234344563817443
          0.5451548779562767
          0.323434456381747
          0.5451548779562737
          0.3234344563817379
          0.5451548779562752
          0.323434456381737
          0.5451548779562773
          0.32343445638175067
          0.5451548779562801
          0.32343445638175383
          0.5451548779562837
          0.3234344563817494
          0.5451548779562783
          0.3234344563817452
          0.5451548779562816
          0.32343445638174256
          0.5451548779562783
          0.32343445638174284
          0.5451548779562726
          0.3234344563817461
          0.5451548779562767
          0.3234344563817445
          0.5451548779562774
          0.2890741320262852
          0.5750547756215716
          0.2890741320262852
          0.575054775621571
          0.28907413202628784
          0.5750547756215715
          0.2890741320262831
          0.5750547756215739
          0.28907413202627924
          0.5750547756215741
          0.2890741320262833
          0.5750547756215731
          0.28907413202628274
          0.5750547756215765
          0.2890741320262828
          0.5750547756215775
          0.289074132026288
          0.5750547756215733
          0.28907413202628696
          0.5750547756215728
          0.28907413202628546
          0.575054775621573
          0.2890741320262865
          0.5750547756215733
          0.32343445638174323
          0.5451548779562795
          0.3234344563817429
          0.54515487795628
          0.3234344563817377
          0.5451548779562742
          0.32343445638173884
          0.5451548779562677
          0.32343445638174956
          0.5451548779562777
          0.3234344563817491
          0.5451548779562847
          0.3234344563817434
          0.5451548779562787
          0.32343445638174667
          0.5451548779562777
          0.3234344563817464
          0.5451548779562789
          0.32343445638174306
          0.5451548779562746
          0.32343445638174473
          0.5451548779562755
          0.3234344563817458
          0.5451548779562774
          0.2890741320262865
          0.5750547756215731
          0.2890741320262846
          0.5750547756215725
          0.28907413202628746
          0.5750547756215723
          0.2890741320262827
          0.5750547756215729
          0.2890741320262773
          0.5750547756215771
          0.28907413202628196
          0.575054775621576
          0.2890741320262842
          0.5750547756215745
          0.28907413202627996
          0.5750547756215783
          0.28907413202628535
          0.5750547756215718
          0.28907413202628546
          0.5750547756215737
          0.28907413202627913
          0.5750547756215788
          0.2890741320262814
          0.5750547756215755
          0.3234344563817474
          0.5451548779562769
          0.3234344563817508
          0.5451548779562783
          0.3234344563817404
          0.545154877956274
          0.32343445638173773
          0.5451548779562682
          0.3234344563817474
          0.545154877956272
          0.3234344563817466
          0.5451548779562785
          0.32343445638173796
          0.5451548779562747
          0.3234344563817472
          0.5451548779562739
          0.3234344563817503
          0.5451548779562789
          0.3234344563817497
          0.5451548779562734
          0.32343445638175133
          0.5451548779562733
          0.32343445638174584
          0.5451548779562767
        </DataArray>
        <DataArray type="Float64" Name="aspect_ratio" NumberOfComponents="1" format="ascii">
          1.180618700615294
          1.2816978603131863
          1.1806187006152886
          1.2816978603131928
          1.1806187006152948
          1.281697860313188
          1.1806187006153084
          1.2816978603131794
          1.1806187006153028
          1.2816978603131828
          1.1806187006152975
          1.2816978603131841
          1.1806187006152948
          1.281697860313186
          1.1806187006152955
          1.2816978603131883
          1.1806187006153044
          1.2816978603131781
          1.1806187006152988
          1.2816978603131735
          1.180618700615299
          1.2816978603131803
          1.180618700615303
          1.2816978603131843
          1.3622523468637882
          1.4788821465151973
          1.3622523468637924
          1.478882146515202
          1.3622523468637964
          1.4788821465151938
          1.362252346863799
          1.4788821465151774
          1.3622523468637955
          1.478882146515184
          1.3622523468637844
          1.4788821465151931
          1.362252346863782
          1.4788821465151982
          1.3622523468637855
          1.4788821465151958
          1.3622523468637937
          1.478882146515183
          1.3622523468637981
          1.4788821465151905
          1.3622523468637944
          1.4788821465151907
          1.3622523468637906
          1.4788821465151851
          1.1806187006152937
          1.2816978603131868
          1.1806187006152888
          1.281697860313193
          1.1806187006152966
          1.2816978603131843
          1.1806187006153075
          1.2816978603131775
          1.180618700615298
          1.281697860313186
          1.1806187006152884
          1.28169786031319
          1.1806187006152848
          1.281697860313187
          1.1806187006152844
          1.2816978603131894
          1.1806187006152786
          1.2816978603131914
          1.1806187006152773
          1.2816978603131879
          1.1806187006152853
          1.2816978603131897
          1.1806187006152844
          1.2816978603131892
          1.3622523468637877
          1.4788821465151976
          1.3622523468637913
          1.4788821465152027
          1.3622523468637968
          1.4788821465151911
          1.3622523468637975
          1.4788821465151782
          1.3622523468637906
          1.4788821465151911
          1.3622523468637813
          1.478882146515205
          1.3622523468637793
          1.4788821465152098
          1.3622523468637802
          1.4788821465152093
          1.3622523468637808
          1.4788821465152173
          1.362252346863784
          1.4788821465152184
          1.3622523468637855
          1.4788821465152084
          1.3622523468637862
          1.47888214651521
          1.1806187006152757
          1.2816978603131914
          1.1806187006152742
          1.2816978603131932
          1.180618700615278
          1.2816978603131868
          1.1806187006152744
          1.2816978603131857
          1.1806187006152797
          1.281697860313186
          1.1806187006152788
          1.2816978603131888
          1.1806187006152729
          1.2816978603131899
          1.1806187006152773
          1.2816978603131886
          1.180618700615281
          1.2816978603131863
          1.1806187006152826
          1.2816978603131852
          1.1806187006152784
          1.2816978603131892
          1.1806187006152775
          1.2816978603131906
          1.3622523468637828
          1.4788821465152215
          1.3622523468637842
          1.4788821465152227
          1.3622523468637882
          1.4788821465152173
          1.3622523468637833
          1.4788821465152242
          1.3622523468637828
          1.4788821465152169
          1.3622523468637804
          1.478882146515217
          1.3622523468637802
          1.4788821465152246
          1.3622523468637837
          1.4788821465152182
          1.3622523468637866
          1.4788821465152138
          1.3622523468637922
          1.4788821465152115
          1.3622523468637924
          1.4788821465152153
          1.362252346863788
          1.4788821465152169
          1.1806187006152733
          1.2816978603131908
          1.1806187006152702
          1.281697860313193
          1.1806187006152746
          1.2816978603131841
          1.1806187006152729
          1.2816978603131821
          1.180618700615276
          1.2816978603131877
          1.1806187006152817
          1.281697860313184
          1.1806187006152824
          1.2816978603131826
          1.1806187006152902
          1.2816978603131843
          1.180618700615297
          1.2816978603131792
          1.1806187006152913
          1.2816978603131772
          1.1806187006152877
          1.2816978603131841
          1.180618700615292
          1.2816978603131877
          1.3622523468637817
          1.478882146515224
          1.3622523468637833
          1.4788821465152273
          1.3622523468637873
          1.4788821465152209
          1.362252346863787
          1.4788821465152229
          1.3622523468637864
          1.4788821465152195
          1.362252346863784
          1.4788821465152138
          1.3622523468637853
          1.4788821465152124
          1.3622523468637897
          1.4788821465152011
          1.3622523468637957
          1.4788821465151927
          1.3622523468637961
          1.4788821465152024
          1.3622523468637906
          1.4788821465152073
          1.3622523468637875
          1.4788821465152002
          2.1190457380919328
          2.840563883289624
          2.1190457380919328
          2.840563883289621
          2.11904573809193
          2.840563883289628
          2.1190457380919323
          2.8405638832896387
          2.1190457380919336
          2.840563883289632
          2.1190457380919305
          2.840563883289624
          2.1190457380919243
          2.840563883289622
          2.1190457380919265
          2.8405638832896263
          2.1190457380919296
          2.8405638832896325
          2.1190457380919296
          2.8405638832896325
          2.11904573809193
          2.8405638832896285
          2.1190457380919314
          2.8405638832896236
          2.5899447910012565
          3.471800301798433
          2.589944791001253
          3.471800301798432
          2.5899447910012565
          3.471800301798439
          2.5899447910012636
          3.47180030179844
          2.5899447910012685
          3.4718003017984334
          2.5899447910012685
          3.4718003017984382
          2.589944791001269
          3.471800301798444
          2.589944791001265
          3.4718003017984413
          2.589944791001258
          3.4718003017984382
          2.5899447910012547
          3.4718003017984387
          2.589944791001254
          3.471800301798436
          2.589944791001257
          3.4718003017984342
          2.1190457380919323
          2.8405638832896236
          2.119045738091931
          2.8405638832896205
          2.11904573809194
          2.8405638832896263
          2.1190457380919416
          2.840563883289635
          2.119045738091934
          2.84056388328963
          2.1190457380919305
          2.8405638832896223
          2.119045738091929
          2.840563883289627
          2.119045738091934
          2.8405638832896245
          2.1190457380919385
          2.8405638832896236
          2.119045738091937
          2.8405638832896303
          2.1190457380919288
          2.8405638832896294
          2.1190457380919305
          2.8405638832896294
          2.589944791001257
          3.4718003017984342
          2.589944791001255
          3.471800301798434
          2.589944791001253
          3.4718003017984267
          2.5899447910012587
          3.4718003017984254
          2.589944791001262
          3.4718003017984316
          2.5899447910012645
          3.471800301798438
          2.5899447910012623
          3.471800301798443
          2.5899447910012574
          3.471800301798433
          2.5899447910012583
          3.4718003017984276
          2.589944791001255
          3.471800301798431
          2.5899447910012605
          3.4718003017984387
          2.5899447910012583
          3.4718003017984356
          2.1190457380919363
          2.840563883289631
          2.1190457380919376
          2.84056388328963
          2.119045738091937
          2.8405638832896303
          2.119045738091941
          2.84056388328963
          2.1190457380919403
          2.84056388328963
          2.1190457380919336
          2.84056388328963
          2.1190457380919354
          2.840563883289631
          2.1190457380919416
          2.8405638832896303
          2.1190457380919385
          2.84056388328963
          2.1190457380919345
          2.8405638832896316
          2.11904573809194
          2.840563883289632
          2.1190457380919376
          2.840563883289631
          2.589944791001253
          3.4718003017984267
          2.589944791001252
          3.4718003017984267
          2.58994479100125
          3.4718003017984276
          2.589944791001249
          3.4718003017984227
          2.589944791001251
          3.4718003017984254
          2.589944791001257
          3.471800301798431
          2.589944791001259
          3.4718003017984316
          2.5899447910012516
          3.471800301798423
          2.5899447910012467
          3.471800301798425
          2.58994479100125
          3.4718003017984307
          2.5899447910012503
          3.4718003017984267
          2.589944791001252
          3.4718003017984262
          2.1190457380919363
          2.840563883289632
          2.1190457380919345
          2.8405638832896285
          2.1190457380919345
          2.840563883289631
          2.1190457380919354
          2.8405638832896316
          2.1190457380919314
          2.840563883289633
          2.11904573809193
          2.8405638832896347
          2.1190457380919394
          2.8405638832896267
          2.1190457380919376
          2.840563883289627
          2.119045738091924
          2.8405638832896334
          2.119045738091922
          2.840563883289631
          2.1190457380919323
          2.84056388328963
          2.119045738091935
          2.840563883289628
          2.5899447910012507
          3.4718003017984276
          2.5899447910012494
          3.4718003017984307
          2.5899447910012436
          3.4718003017984325
          2.589944791001244
          3.4718003017984302
          2.589944791001258
          3.471800301798435
          2.5899447910012574
          3.4718003017984365
          2.589944791001256
          3.4718003017984245
          2.5899447910012547
          3.471800301798424
          2.589944791001242
          3.47180030179844
          2.5899447910012428
          3.4718003017984427
          2.5899447910012525
          3.4718003017984316
          2.5899447910012565
          3.4718003017984294
          3.991435692954429
          3.9914356929544024
          3.9914356929544357
          3.991435692954395
          3.9914356929544246
          3.9914356929544046
          3.9914356929544144
          3.9914356929544157
          3.9914356929544144
          3.991435692954418
          3.991435692954406
          3.9914356929544246
          3.9914356929544037
          3.9914356929544237
          3.991435692954406
          3.991435692954419
          3.9914356929544144
          3.9914356929544126
          3.9914356929544192
          3.9914356929544104
          3.9914356929544192
          3.991435692954407
          3.9914356929544215
          3.9914356929544055
          3.9914356929544277
          3.991435692954401
          3.9914356929544343
          3.9914356929543935
          3.9914356929544237
          3.9914356929544037
          3.9914356929544135
          3.9914356929544157
          3.9914356929544135
          3.991435692954419
          3.991435692954406
          3.9914356929544255
          3.9914356929544055
          3.9914356929544255
          3.991435692954408
          3.9914356929544215
          3.9914356929544157
          3.9914356929544144
          3.991435692954418
          3.991435692954409
          3.991435692954419
          3.991435692954406
          3.9914356929544215
          3.9914356929544055
          3.991435692954429
          3.9914356929544024
          3.9914356929544335
          3.991435692954397
          3.991435692954421
          3.991435692954409
          3.991435692954417
          3.9914356929544135
          3.991435692954421
          3.991435692954408
          3.9914356929544113
          3.991435692954418
          3.991435692954407
          3.9914356929544215
          3.9914356929544104
          3.991435692954419
          3.991435692954418
          3.991435692954415
          3.991435692954418
          3.9914356929544126
          3.991435692954412
          3.9914356929544144
          3.9914356929544126
          3.9914356929544126
          3.9914356929544277
          3.991435692954401
          3.991435692954432
          3.9914356929543957
          3.9914356929544215
          3.99143569295441
          3.991435692954419
          3.991435692954415
          3.9914356929544215
          3.991435692954409
          3.9914356929544113
          3.991435692954419
          3.991435692954406
          3.9914356929544215
          3.991435692954409
          3.991435692954417
          3.9914356929544166
          3.9914356929544135
          3.991435692954417
          3.991435692954412
          3.9914356929544135
          3.9914356929544157
          3.9914356929544144
          3.991435692954415
          3.9914356929544157
          3.9914356929544135
          3.9914356929544166
          3.9914356929544113
          3.9914356929544166
          3.991435692954412
          3.991435692954415
          3.9914356929544135
          3.991435692954415
          3.991435692954412
          3.9914356929544126
          3.9914356929544104
          3.991435692954415
          3.9914356929544104
          3.9914356929544157
          3.9914356929544104
          3.991435692954415
          3.991435692954415
          3.9914356929544144
          3.9914356929544126
          3.991435692954415
          3.9914356929544126
          3.9914356929544144
          3.9914356929544144
          3.9914356929544157
          3.9914356929544135
          3.9914356929544166
          3.9914356929544104
          3.991435692954417
          3.9914356929544126
          3.991435692954417
          3.9914356929544157
          3.9914356929544166
          3.9914356929544144
          3.9914356929544144
          3.991435692954412
          3.9914356929544144
          3.9914356929544104
          3.9914356929544144
          3.991435692954409
          3.9914356929544135
          3.9914356929544135
          3.9914356929544135
          3.991435692954412
          3.991435692954415
          3.9914356929544126
          3.9914356929544144
          3.9914356929544144
          3.9914356929544157
          3.9914356929544144
          3.9914356929544166
          3.991435692954412
          3.9914356929544157
          3.9914356929544144
          3.9914356929544104
          3.991435692954418
          3.991435692954409
          3.9914356929544166
          3.9914356929544033
          3.9914356929544192
          3.9914356929544037
          3.991435692954421
          3.99143569295441
          3.991435692954417
          3.99143569295441
          3.991435692954417
          3.9914356929544104
          3.9914356929544144
          3.991435692954421
          3.991435692954406
          3.9914356929544224
          3.9914356929544077
          3.9914356929544144
          3.9914356929544126
          3.9914356929544157
          3.9914356929544104
          3.991435692954415
          3.9914356929544135
          3.9914356929544104
          3.991435692954418
          3.99143569295441
          3.991435692954417
          3.9914356929544055
          3.9914356929544224
          3.9914356929544055
          3.9914356929544224
          3.991435692954409
          3.9914356929544166
          3.9914356929544113
          3.991435692954419
          3.991435692954412
          3.991435692954415
          3.99143569295442
          3.9914356929544055
          3.9914356929544224
          3.9914356929544077
          3.340485569357683
          3.3404855693576416
          3.340485569357705
          3.340485569357617
          3.34048556935772
          3.340485569357613
          3.3404855693577216
          3.340485569357615
          3.3404855693577207
          3.3404855693576088
          3.3404855693576687
          3.340485569357657
          3.340485569357656
          3.3404855693576736
          3.340485569357692
          3.340485569357639
          3.3404855693577193
          3.3404855693576088
          3.340485569357729
          3.3404855693575977
          3.340485569357698
          3.340485569357628
          3.3404855693576825
          3.3404855693576447
          3.340485569357686
          3.3404855693576447
          3.340485569357707
          3.3404855693576203
          3.340485569357719
          3.340485569357613
          3.3404855693577225
          3.340485569357616
          3.340485569357724
          3.3404855693576123
          3.340485569357672
          3.3404855693576607
          3.340485569357656
          3.3404855693576754
          3.340485569357692
          3.3404855693576407
          3.34048556935772
          3.3404855693576088
          3.340485569357729
          3.3404855693575977
          3.340485569357698
          3.3404855693576287
          3.3404855693576825
          3.3404855693576456
          3.3404855693576807
          3.340485569357643
          3.3404855693577002
          3.3404855693576243
          3.3404855693577202
          3.3404855693576114
          3.340485569357704
          3.3404855693576248
          3.340485569357697
          3.3404855693576323
          3.340485569357672
          3.3404855693576607
          3.3404855693576687
          3.340485569357663
          3.3404855693576763
          3.3404855693576523
          3.3404855693576603
          3.340485569357673
          3.3404855693576656
          3.3404855693576683
          3.3404855693576816
          3.3404855693576545
          3.3404855693576785
          3.3404855693576563
          3.3404855693576843
          3.340485569357645
          3.3404855693577007
          3.340485569357624
          3.340485569357717
          3.340485569357609
          3.340485569357705
          3.3404855693576256
          3.3404855693577002
          3.340485569357636
          3.340485569357675
          3.340485569357664
          3.3404855693576696
          3.3404855693576634
          3.34048556935768
          3.3404855693576545
          3.340485569357664
          3.340485569357675
          3.3404855693576674
          3.3404855693576705
          3.340485569357681
          3.3404855693576563
          3.3404855693576767
          3.3404855693576545
          3.340485569357663
          3.3404855693576705
          3.3404855693576665
          3.340485569357666
          3.3404855693576825
          3.3404855693576523
          3.340485569357677
          3.3404855693576603
          3.3404855693576647
          3.3404855693576665
          3.34048556935766
          3.34048556935767
          3.3404855693576585
          3.3404855693576727
          3.3404855693576496
          3.340485569357681
          3.340485569357663
          3.340485569357672
          3.340485569357676
          3.34048556935766
          3.340485569357682
          3.340485569357649
          3.3404855693576816
          3.3404855693576474
          3.340485569357662
          3.3404855693576687
          3.3404855693576647
          3.3404855693576643
          3.3404855693576825
          3.3404855693576523
          3.34048556935768
          3.3404855693576625
          3.3404855693576696
          3.3404855693576714
          3.3404855693576603
          3.3404855693576705
          3.34048556935766
          3.3404855693576736
          3.3404855693576545
          3.340485569357686
          3.340485569357666
          3.3404855693576754
          3.3404855693576785
          3.3404855693576625
          3.3404855693576843
          3.340485569357652
          3.3404855693576847
          3.3404855693576505
          3.3404855693576607
          3.3404855693576714
          3.3404855693576665
          3.3404855693576643
          3.340485569357674
          3.3404855693576585
          3.340485569357688
          3.340485569357642
          3.3404855693576847
          3.3404855693576443
          3.340485569357653
          3.340485569357681
          3.340485569357663
          3.3404855693576736
          3.3404855693576927
          3.340485569357644
          3.340485569357708
          3.3404855693576296
          3.3404855693577176
          3.340485569357621
          3.3404855693577007
          3.3404855693576327
          3.3404855693576825
          3.3404855693576487
          3.340485569357663
          3.3404855693576736
          3.3404855693576687
          3.340485569357666
          3.3404855693576767
          3.3404855693576603
          3.3404855693576896
          3.340485569357643
          3.3404855693576887
          3.3404855693576474
          3.3404855693576563
          3.3404855693576843
          3.3404855693576656
          3.3404855693576754
          3.340485569357696
          3.340485569357647
          3.3404855693577096
          3.340485569357632
          3.3404855693577207
          3.340485569357626
          3.3404855693577025
          3.340485569357636
          3.3404855693576825
          3.340485569357649
          2.4090081613050804
          1.8308462025918637
          2.409008161305085
          1.8308462025918706
          2.409008161305085
          1.8308462025918673
          2.4090081613050915
          1.8308462025918664
          2.4090081613050773
          1.8308462025918606
          2.4090081613051004
          1.8308462025918655
          2.4090081613050907
          1.8308462025918653
          2.409008161305062
          1.830846202591857
          2.409008161305085
          1.8308462025918713
          2.4090081613050827
          1.8308462025918704
          2.409008161305089
          1.8308462025918752
          2.409008161305072
          1.8308462025918564
          2.4090081613050804
          1.8308462025918637
          2.409008161305085
          1.8308462025918706
          2.409008161305085
          1.8308462025918673
          2.4090081613050915
          1.8308462025918664
          2.4090081613050773
          1.8308462025918606
          2.4090081613051004
          1.8308462025918655
          2.4090081613050907
          1.8308462025918653
          2.409008161305062
          1.830846202591857
          2.409008161305085
          1.8308462025918713
          2.4090081613050827
          1.8308462025918704
          2.409008161305089
          1.8308462025918752
          2.409008161305072
          1.8308462025918564
          2.409008161305076
          1.8308462025918626
          2.4090081613050955
          1.830846202591876
          2.4090081613050827
          1.8308462025918657
          2.40900816130508
          1.8308462025918626
          2.4090081613050947
          1.8308462025918681
          2.4090081613050893
          1.830846202591859
          2.409008161305077
          1.8308462025918615
          2.409008161305074
          1.8308462025918593
          2.4090081613050875
          1.8308462025918715
          2.409008161305093
          1.8308462025918688
          2.4090081613050973
          1.830846202591866
          2.4090081613050702
          1.830846202591851
          2.409008161305076
          1.8308462025918626
          2.4090081613050955
          1.830846202591876
          2.4090081613050827
          1.8308462025918657
          2.40900816130508
          1.8308462025918626
          2.4090081613050947
          1.8308462025918681
          2.4090081613050893
          1.830846202591859
          2.409008161305077
          1.8308462025918615
          2.409008161305074
          1.8308462025918593
          2.4090081613050875
          1.8308462025918715
          2.409008161305093
          1.8308462025918688
          2.4090081613050973
          1.830846202591866
          2.4090081613050702
          1.830846202591851
          2.4090081613050893
          1.830846202591868
          2.409008161305089
          1.830846202591867
          2.40900816130508
          1.8308462025918633
          2.409008161305075
          1.8308462025918586
          2.4090081613050915
          1.8308462025918686
          2.4090081613050858
          1.8308462025918721
          2.4090081613050938
          1.8308462025918593
          2.409008161305077
          1.8308462025918635
          2.4090081613050733
          1.8308462025918568
          2.409008161305091
          1.8308462025918648
          2.4090081613050947
          1.8308462025918733
          2.4090081613050853
          1.8308462025918635
          2.4090081613050893
          1.830846202591868
          2.409008161305089
          1.830846202591867
          2.40900816130508
          1.8308462025918633
          2.409008161305075
          1.8308462025918586
          2.4090081613050915
          1.8308462025918686
          2.4090081613050858
          1.8308462025918721
          2.4090081613050938
          1.8308462025918593
          2.409008161305077
          1.8308462025918635
          2.4090081613050733
          1.8308462025918568
          2.409008161305091
          1.8308462025918648
          2.4090081613050947
          1.8308462025918733
          2.4090081613050853
          1.8308462025918635
          2.4090081613051044
          1.830846202591876
          2.409008161305057
          1.8308462025918482
          2.4090081613051
          1.8308462025918881
          2.4090081613050773
          1.8308462025918693
          2.409008161305071
          1.8308462025918513
          2.4090081613050898
          1.8308462025918688
          2.409008161305089
          1.830846202591866
          2.409008161305068
          1.8308462025918621
          2.40900816130507
          1.830846202591856
          2.409008161305088
          1.8308462025918817
          2.409008161305084
          1.8308462025918726
          2.409008161305086
          1.830846202591867
          2.4090081613051044
          1.830846202591876
          2.409008161305057
          1.8308462025918482
          2.4090081613051
          1.8308462025918881
          2.4090081613050773
          1.8308462025918693
          2.409008161305071
          1.8308462025918513
          2.4090081613050898
          1.8308462025918688
          2.409008161305089
          1.830846202591866
          2.409008161305068
          1.8308462025918621
          2.40900816130507
          1.830846202591856
          2.409008161305088
          1.8308462025918817
          2.409008161305084
          1.8308462025918726
          2.409008161305086
          1.830846202591867
          1.476488873057959
          1.2370582449944985
          1.4764888730579586
          1.2370582449944936
          1.4764888730579606
          1.2370582449945
          1.476488873057961
          1.2370582449945093
          1.4764888730579562
          1.237058244994504
          1.47648887305795
          1.237058244994504
          1.476488873057957
          1.2370582449945116
          1.476488873057947
          1.2370582449945013
          1.4764888730579628
          1.237058244994509
          1.4764888730579517
          1.2370582449944973
          1.4764888730579522
          1.2370582449944982
          1.4764888730579564
          1.2370582449944978
          1.476488873057959
          1.2370582449944985
          1.4764888730579586
          1.2370582449944936
          1.4764888730579606
          1.2370582449945
          1.476488873057961
          1.2370582449945093
          1.4764888730579562
          1.237058244994504
          1.47648887305795
          1.237058244994504
          1.476488873057957
          1.2370582449945116
          1.476488873057947
          1.2370582449945013
          1.4764888730579628
          1.237058244994509
          1.4764888730579517
          1.2370582449944973
          1.4764888730579522
          1.2370582449944982
          1.4764888730579564
          1.2370582449944978
          1.4764888730579602
          1.237058244994499
          1.4764888730579602
          1.2370582449944962
          1.4764888730579642
          1.2370582449945051
          1.476488873057955
          1.237058244994503
          1.4764888730579568
          1.2370582449944982
          1.4764888730579488
          1.2370582449945031
          1.4764888730579546
          1.2370582449945073
          1.4764888730579537
          1.2370582449945033
          1.4764888730579655
          1.2370582449945107
          1.47648887305796
          1.2370582449945051
          1.4764888730579413
          1.2370582449944927
          1.4764888730579537
          1.2370582449945022
          1.4764888730579602
          1.237058244994499
          1.4764888730579602
          1.2370582449944962
          1.4764888730579642
          1.2370582449945051
          1.476488873057955
          1.237058244994503
          1.4764888730579568
          1.2370582449944982
          1.4764888730579488
          1.2370582449945031
          1.4764888730579546
          1.2370582449945073
          1.4764888730579537
          1.2370582449945033
          1.4764888730579655
          1.2370582449945107
          1.47648887305796
          1.2370582449945051
          1.4764888730579413
          1.2370582449944927
          1.4764888730579535
          1.2370582449945022
          1.4764888730579568
          1.2370582449945031
          1.4764888730579546
          1.2370582449945013
          1.4764888730579604
          1.2370582449945056
          1.4764888730579515
          1.2370582449945002
          1.4764888730579555
          1.237058244994502
          1.4764888730579606
          1.2370582449945038
          1.4764888730579528
          1.2370582449945022
          1.4764888730579577
          1.2370582449944996
          1.4764888730579522
          1.2370582449945065
          1.4764888730579542
          1.237058244994501
          1.476488873057962
          1.2370582449945084
          1.4764888730579502
          1.2370582449944982
          1.4764888730579568
          1.2370582449945031
          1.4764888730579546
          1.2370582449945011
          1.4764888730579604
          1.2370582449945056
          1.4764888730579515
          1.2370582449945002
          1.4764888730579555
          1.237058244994502
          1.4764888730579606
          1.2370582449945038
          1.4764888730579528
          1.2370582449945022
          1.4764888730579577
          1.2370582449944996
          1.4764888730579522
          1.2370582449945065
          1.4764888730579542
          1.237058244994501
          1.476488873057962
          1.2370582449945084
          1.4764888730579502
          1.2370582449944982
          1.4764888730579602
          1.2370582449945065
          1.476488873057942
          1.2370582449944922
          1.4764888730579744
          1.237058244994517
          1.4764888730579542
          1.2370582449945047
          1.476488873057944
          1.237058244994497
          1.476488873057954
          1.2370582449945062
          1.4764888730579513
          1.2370582449945051
          1.4764888730579544
          1.2370582449945047
          1.4764888730579462
          1.2370582449945033
          1.476488873057957
          1.237058244994501
          1.4764888730579595
          1.2370582449945016
          1.4764888730579564
          1.2370582449944991
          1.4764888730579602
          1.2370582449945065
          1.4764888730579422
          1.2370582449944922
          1.4764888730579744
          1.237058244994517
          1.4764888730579542
          1.2370582449945047
          1.476488873057944
          1.237058244994497
          1.476488873057954
          1.2370582449945062
          1.4764888730579513
          1.2370582449945051
          1.4764888730579544
          1.2370582449945047
          1.4764888730579462
          1.2370582449945033
          1.476488873057957
          1.237058244994501
          1.4764888730579595
          1.2370582449945016
          1.4764888730579564
          1.2370582449944991
          3.674534126293451
          3.6745341262934055
          3.6745341262934756
          3.6745341262933797
          3.6745341262934934
          3.6745341262933757
          3.6745341262934947
          3.6745341262933775
          3.6745341262934947
          3.674534126293372
          3.6745341262934392
          3.674534126293427
          3.674534126293422
          3.6745341262934414
          3.6745341262934614
          3.6745341262934037
          3.6745341262934907
          3.6745341262933686
          3.6745341262935023
          3.674534126293357
          3.674534126293469
          3.6745341262933904
          3.67453412629345
          3.674534126293409
          3.674534126293456
          3.674534126293411
          3.674534126293479
          3.674534126293384
          3.6745341262934907
          3.6745341262933744
          3.6745341262934947
          3.6745341262933775
          3.6745341262934947
          3.674534126293372
          3.6745341262934375
          3.6745341262934255
          3.674534126293422
          3.6745341262934432
          3.6745341262934614
          3.674534126293405
          3.6745341262934934
          3.6745341262933717
          3.6745341262935023
          3.674534126293359
          3.6745341262934677
          3.6745341262933935
          3.6745341262934526
          3.6745341262934117
          3.674534126293449
          3.674534126293407
          3.6745341262934694
          3.6745341262933864
          3.6745341262934885
          3.674534126293371
          3.67453412629347
          3.674534126293383
          3.674534126293469
          3.674534126293398
          3.674534126293444
          3.6745341262934317
          3.674534126293437
          3.67453412629343
          3.674534126293446
          3.674534126293418
          3.6745341262934272
          3.67453412629344
          3.6745341262934335
          3.674534126293437
          3.6745341262934508
          3.6745341262934215
          3.674534126293444
          3.6745341262934197
          3.6745341262934543
          3.674534126293412
          3.6745341262934725
          3.6745341262933886
          3.674534126293493
          3.6745341262933735
          3.674534126293481
          3.6745341262933944
          3.674534126293469
          3.674534126293398
          3.674534126293438
          3.674534126293426
          3.674534126293437
          3.67453412629343
          3.6745341262934472
          3.6745341262934206
          3.6745341262934303
          3.6745341262934432
          3.6745341262934335
          3.674534126293437
          3.674534126293449
          3.6745341262934215
          3.6745341262934472
          3.674534126293423
          3.674534126293425
          3.6745341262934326
          3.674534126293431
          3.67453412629343
          3.6745341262934526
          3.6745341262934192
          3.6745341262934463
          3.6745341262934272
          3.6745341262934343
          3.674534126293436
          3.6745341262934295
          3.6745341262934397
          3.674534126293427
          3.6745341262934423
          3.6745341262934135
          3.674534126293448
          3.6745341262934264
          3.6745341262934366
          3.674534126293446
          3.674534126293429
          3.6745341262934526
          3.6745341262934175
          3.6745341262934503
          3.674534126293413
          3.674534126293434
          3.6745341262934414
          3.6745341262934357
          3.6745341262934352
          3.67453412629345
          3.6745341262934166
          3.6745341262934472
          3.674534126293428
          3.674534126293435
          3.674534126293437
          3.674534126293425
          3.674534126293436
          3.6745341262934237
          3.6745341262934397
          3.6745341262934224
          3.674534126293457
          3.6745341262934366
          3.674534126293447
          3.6745341262934446
          3.674534126293426
          3.674534126293451
          3.6745341262934144
          3.6745341262934534
          3.674534126293416
          3.674534126293424
          3.6745341262934357
          3.6745341262934335
          3.674534126293431
          3.6745341262934432
          3.6745341262934277
          3.674534126293455
          3.6745341262934064
          3.674534126293456
          3.6745341262934113
          3.6745341262934215
          3.674534126293452
          3.674534126293431
          3.6745341262934423
          3.674534126293464
          3.6745341262934104
          3.6745341262934823
          3.674534126293396
          3.674534126293493
          3.6745341262933873
          3.6745341262934708
          3.6745341262933966
          3.67453412629345
          3.674534126293413
          3.674534126293434
          3.6745341262934454
          3.674534126293438
          3.6745341262934343
          3.6745341262934432
          3.6745341262934246
          3.67453412629346
          3.674534126293409
          3.674534126293456
          3.6745341262934113
          3.6745341262934206
          3.674534126293451
          3.674534126293431
          3.6745341262934423
          3.674534126293464
          3.6745341262934104
          3.6745341262934774
          3.674534126293393
          3.67453412629349
          3.674534126293386
          3.674534126293474
          3.6745341262933997
          3.6745341262934526
          3.674534126293416
          2.4090081613050804
          1.8308462025918637
          2.409008161305085
          1.8308462025918706
          2.409008161305085
          1.8308462025918673
          2.4090081613050915
          1.8308462025918664
          2.4090081613050773
          1.8308462025918606
          2.4090081613051004
          1.8308462025918655
          2.4090081613050907
          1.8308462025918653
          2.409008161305062
          1.830846202591857
          2.409008161305085
          1.8308462025918713
          2.4090081613050827
          1.8308462025918704
          2.409008161305089
          1.8308462025918752
          2.409008161305072
          1.8308462025918564
          2.4090081613050804
          1.8308462025918637
          2.409008161305085
          1.8308462025918706
          2.409008161305085
          1.8308462025918673
          2.4090081613050915
          1.8308462025918664
          2.4090081613050773
          1.8308462025918606
          2.4090081613051004
          1.8308462025918655
          2.4090081613050907
          1.8308462025918653
          2.409008161305062
          1.830846202591857
          2.409008161305085
          1.8308462025918713
          2.4090081613050827
          1.8308462025918704
          2.409008161305089
          1.8308462025918752
          2.409008161305072
          1.8308462025918564
          2.409008161305076
          1.8308462025918626
          2.4090081613050955
          1.830846202591876
          2.4090081613050827
          1.8308462025918657
          2.40900816130508
          1.8308462025918626
          2.4090081613050947
          1.8308462025918681
          2.4090081613050893
          1.830846202591859
          2.409008161305077
          1.8308462025918615
          2.409008161305074
          1.8308462025918593
          2.4090081613050875
          1.8308462025918715
          2.409008161305093
          1.8308462025918688
          2.4090081613050973
          1.830846202591866
          2.4090081613050702
          1.830846202591851
          2.409008161305076
          1.8308462025918626
          2.4090081613050955
          1.830846202591876
          2.4090081613050827
          1.8308462025918657
          2.40900816130508
          1.8308462025918626
          2.4090081613050947
          1.8308462025918681
          2.4090081613050893
          1.830846202591859
          2.409008161305077
          1.8308462025918615
          2.409008161305074
          1.8308462025918593
          2.4090081613050875
          1.8308462025918715
          2.409008161305093
          1.8308462025918688
          2.4090081613050973
          1.830846202591866
          2.4090081613050702
          1.830846202591851
          2.4090081613050893
          1.830846202591868
          2.409008161305089
          1.830846202591867
          2.40900816130508
          1.8308462025918633
          2.409008161305075
          1.8308462025918586
          2.4090081613050915
          1.8308462025918686
          2.4090081613050858
          1.8308462025918721
          2.4090081613050938
          1.8308462025918593
          2.409008161305077
          1.8308462025918635
          2.4090081613050733
          1.8308462025918568
          2.409008161305091
          1.8308462025918648
          2.4090081613050947
          1.8308462025918733
          2.4090081613050853
          1.8308462025918635
          2.4090081613050893
          1.830846202591868
          2.409008161305089
          1.830846202591867
          2.40900816130508
          1.8308462025918633
          2.409008161305075
          1.8308462025918586
          2.4090081613050915
          1.8308462025918686
          2.4090081613050858
          1.8308462025918721
          2.4090081613050938
          1.8308462025918593
          2.409008161305077
          1.8308462025918635
          2.4090081613050733
          1.8308462025918568
          2.409008161305091
          1.8308462025918648
          2.4090081613050947
          1.8308462025918733
          2.4090081613050853
          1.8308462025918635
          2.4090081613051044
          1.830846202591876
          2.409008161305057
          1.8308462025918482
          2.4090081613051
          1.8308462025918881
          2.4090081613050773
          1.8308462025918693
          2.409008161305071
          1.8308462025918513
          2.4090081613050898
          1.8308462025918688
          2.409008161305089
          1.830846202591866
          2.409008161305068
          1.8308462025918621
          2.40900816130507
          1.830846202591856
          2.409008161305088
          1.8308462025918817
          2.409008161305084
          1.8308462025918726
          2.409008161305086
          1.830846202591867
          2.4090081613051044
          1.830846202591876
          2.409008161305057
          1.8308462025918482
          2.4090081613051
          1.8308462025918881
          2.4090081613050773
          1.8308462025918693
          2.409008161305071
          1.8308462025918513
          2.4090081613050898
          1.8308462025918688
          2.409008161305089
          1.830846202591866
          2.409008161305068
          1.8308462025918621
          2.40900816130507
          1.830846202591856
          2.409008161305088
          1.8308462025918817
          2.409008161305084
          1.8308462025918726
          2.409008161305086
          1.830846202591867
          2.409051020850284
          1.8308787758462215
          2.4090510208502818
          1.8308787758462248
          2.4090510208502716
          1.8308787758462237
          2.4090510208502836
          1.8308787758462184
          2.409051020850304
          1.830878775846216
          2.4090510208502947
          1.8308787758462135
          2.409051020850279
          1.8308787758462097
          2.409051020850286
          1.830878775846215
          2.4090510208502813
          1.8308787758462206
          2.4090510208502836
          1.8308787758462188
          2.409051020850295
          1.8308787758462217
          2.4090510208502693
          1.83087877584621
          2.4093938697652035
          1.8311393410215668
          2.4093938697652026
          1.831139341021575
          2.4093938697651884
          1.831139341021567
          2.409393869765209
          1.831139341021557
          2.409393869765243
          1.8311393410215593
          2.4093938697652195
          1.8311393410215484
          2.4093938697652058
          1.8311393410215575
          2.409393869765196
          1.8311393410215568
          2.409393869765207
          1.831139341021562
          2.409393869765213
          1.831139341021566
          2.409393869765213
          1.8311393410215713
          2.409393869765191
          1.8311393410215566
          2.4100794212778265
          1.8316603601711596
          2.410079421277828
          1.8316603601711705
          2.4100794212778185
          1.83166036017116
          2.4100794212778465
          1.8316603601711554
          2.4100794212778522
          1.8316603601711519
          2.4100794212778536
          1.8316603601711479
          2.4100794212778407
          1.831660360171152
          2.4100794212778194
          1.8316603601711525
          2.4100794212778336
          1.831660360171157
          2.410079421277843
          1.8316603601711687
          2.410079421277823
          1.8316603601711705
          2.410079421277824
          1.8316603601711554
          2.4111073830657155
          1.8324416111299435
          2.4111073830657097
          1.8324416111299486
          2.4111073830657097
          1.8324416111299529
          2.4111073830657404
          1.83244161112995
          2.4111073830657084
          1.832441611129934
          2.4111073830657386
          1.8324416111299469
          2.411107383065731
          1.832441611129944
          2.4111073830657053
          1.8324416111299426
          2.4111073830657115
          1.8324416111299506
          2.411107383065722
          1.832441611129959
          2.411107383065705
          1.832441611129951
          2.4111073830657124
          1.8324416111299453
          2.4124773174236176
          1.8334827612419506
          2.4124773174236203
          1.8334827612419673
          2.4124773174236163
          1.833482761241963
          2.4124773174236536
          1.8334827612419529
          2.4124773174236216
          1.8334827612419393
          2.412477317423647
          1.8334827612419524
          2.4124773174236314
          1.8334827612419504
          2.4124773174236123
          1.833482761241954
          2.412477317423616
          1.833482761241959
          2.4124773174236287
          1.8334827612419686
          2.412477317423619
          1.833482761241964
          2.412477317423616
          1.833482761241953
          2.4141886421933365
          1.8347833680669372
          2.4141886421933405
          1.8347833680669536
          2.414188642193332
          1.834783368066945
          2.4141886421933547
          1.8347833680669365
          2.414188642193349
          1.8347833680669337
          2.4141886421933747
          1.8347833680669394
          2.4141886421933365
          1.8347833680669283
          2.4141886421933343
          1.834783368066945
          2.414188642193326
          1.834783368066938
          2.414188642193357
          1.834783368066955
          2.4141886421933365
          1.8347833680669503
          2.4141886421933285
          1.8347833680669343
          2.4162406319962346
          1.8363428803171349
          2.416240631996227
          1.8363428803171402
          2.4162406319962244
          1.8363428803171422
          2.4162406319962266
          1.8363428803171338
          2.4162406319962404
          1.8363428803171373
          2.4162406319962497
          1.8363428803171356
          2.4162406319962324
          1.8363428803171313
          2.4162406319962213
          1.8363428803171364
          2.416240631996216
          1.836342880317132
          2.4162406319962426
          1.8363428803171444
          2.4162406319962266
          1.836342880317141
          2.416240631996222
          1.8363428803171296
          2.40905102085027
          1.8308787758462146
          2.409051020850296
          1.8308787758462326
          2.409051020850259
          1.83087877584621
          2.4090510208502955
          1.8308787758462295
          2.4090510208502884
          1.8308787758462166
          2.409051020850286
          1.8308787758462146
          2.4090510208502804
          1.8308787758462222
          2.409051020850282
          1.830878775846217
          2.409051020850285
          1.8308787758462102
          2.409051020850307
          1.830878775846232
          2.4090510208502733
          1.8308787758461986
          2.409051020850285
          1.8308787758462142
          2.409393869765185
          1.8311393410215562
          2.409393869765217
          1.8311393410215824
          2.4093938697651898
          1.831139341021567
          2.4093938697652053
          1.8311393410215644
          2.4093938697652173
          1.831139341021556
          2.4093938697652115
          1.8311393410215533
          2.409393869765201
          1.8311393410215637
          2.409393869765207
          1.831139341021564
          2.4093938697652026
          1.831139341021554
          2.4093938697652186
          1.8311393410215726
          2.4093938697652146
          1.8311393410215504
          2.409393869765201
          1.8311393410215493
          2.4100794212778185
          1.831660360171157
          2.410079421277829
          1.831660360171171
          2.4100794212778363
          1.8316603601711756
          2.4100794212778176
          1.831660360171147
          2.4100794212778465
          1.8316603601711487
          2.410079421277849
          1.8316603601711472
          2.4100794212778283
          1.8316603601711507
          2.4100794212778363
          1.831660360171159
          2.4100794212778243
          1.8316603601711596
          2.410079421277827
          1.8316603601711572
          2.4100794212778585
          1.8316603601711674
          2.410079421277819
          1.8316603601711352
          2.411107383065713
          1.8324416111299426
          2.411107383065714
          1.8324416111299535
          2.41110738306571
          1.8324416111299568
          2.4111073830657177
          1.8324416111299437
          2.4111073830657244
          1.8324416111299338
          2.411107383065727
          1.8324416111299342
          2.4111073830657213
          1.832441611129943
          2.411107383065717
          1.8324416111299449
          2.411107383065709
          1.8324416111299509
          2.4111073830657244
          1.832441611129955
          2.411107383065722
          1.832441611129945
          2.411107383065705
          1.8324416111299298
          2.4124773174236087
          1.8334827612419446
          2.4124773174236287
          1.8334827612419724
          2.4124773174236185
          1.8334827612419689
          2.412477317423636
          1.8334827612419489
          2.4124773174236305
          1.8334827612419398
          2.41247731742363
          1.833482761241944
          2.412477317423618
          1.833482761241953
          2.412477317423625
          1.8334827612419604
          2.4124773174236154
          1.8334827612419602
          2.412477317423634
          1.8334827612419666
          2.4124773174236345
          1.8334827612419555
          2.4124773174236056
          1.8334827612419378
          2.4141886421933267
          1.8347833680669303
          2.414188642193346
          1.8347833680669567
          2.4141886421933423
          1.8347833680669556
          2.4141886421933307
          1.8347833680669277
          2.4141886421933645
          1.8347833680669419
          2.414188642193341
          1.8347833680669252
          2.4141886421933343
          1.8347833680669379
          2.4141886421933503
          1.8347833680669516
          2.4141886421933214
          1.8347833680669396
          2.414188642193346
          1.834783368066949
          2.414188642193357
          1.8347833680669419
          2.414188642193323
          1.8347833680669228
          2.4162406319962257
          1.83634288031713
          2.4162406319962297
          1.8363428803171415
          2.4162406319962315
          1.8363428803171447
          2.4162406319962186
          1.8363428803171316
          2.4162406319962493
          1.8363428803171427
          2.4162406319962315
          1.8363428803171251
          2.4162406319962284
          1.8363428803171333
          2.416240631996239
          1.8363428803171422
          2.4162406319962146
          1.8363428803171336
          2.4162406319962315
          1.8363428803171382
          2.4162406319962435
          1.836342880317137
          2.416240631996221
          1.8363428803171242
          2.4090510208502978
          1.8308787758462244
          2.4090510208502787
          1.8308787758462142
          2.4090510208502662
          1.830878775846203
          2.409051020850292
          1.8308787758462188
          2.4090510208502973
          1.8308787758462222
          2.409051020850282
          1.8308787758462186
          2.409051020850289
          1.8308787758462166
          2.4090510208502796
          1.8308787758462204
          2.409051020850289
          1.8308787758462186
          2.409051020850287
          1.8308787758462133
          2.4090510208502955
          1.8308787758462264
          2.4090510208502787
          1.8308787758462086
          2.4093938697652213
          1.8311393410215635
          2.4093938697652098
          1.831139341021559
          2.409393869765196
          1.831139341021551
          2.409393869765212
          1.8311393410215562
          2.40939386976521
          1.831139341021555
          2.4093938697652257
          1.8311393410215737
          2.409393869765208
          1.8311393410215497
          2.4093938697652018
          1.831139341021567
          2.4093938697652053
          1.8311393410215546
          2.409393869765219
          1.8311393410215506
          2.409393869765236
          1.8311393410215764
          2.40939386976519
          1.8311393410215426
          2.41007942127784
          1.8316603601711563
          2.41007942127783
          1.8316603601711516
          2.410079421277853
          1.8316603601711685
          2.4100794212778287
          1.8316603601711494
          2.41007942127784
          1.831660360171149
          2.4100794212778514
          1.8316603601711643
          2.4100794212778394
          1.8316603601711399
          2.4100794212778207
          1.8316603601711563
          2.4100794212778403
          1.8316603601711507
          2.410079421277837
          1.8316603601711496
          2.4100794212778562
          1.831660360171171
          2.410079421277819
          1.831660360171143
          2.4111073830657275
          1.8324416111299517
          2.4111073830656995
          1.8324416111299366
          2.4111073830657213
          1.832441611129948
          2.4111073830657235
          1.8324416111299489
          2.4111073830657315
          1.832441611129946
          2.4111073830657235
          1.8324416111299442
          2.4111073830657315
          1.8324416111299329
          2.4111073830657035
          1.8324416111299464
          2.4111073830657306
          1.8324416111299515
          2.4111073830657093
          1.8324416111299362
          2.411107383065732
          1.8324416111299582
          2.4111073830657035
          1.8324416111299369
          2.4124773174236305
          1.8334827612419595
          2.412477317423617
          1.833482761241951
          2.4124773174236216
          1.8334827612419513
          2.4124773174236362
          1.8334827612419582
          2.4124773174236243
          1.8334827612419535
          2.4124773174236314
          1.8334827612419635
          2.412477317423635
          1.8334827612419422
          2.412477317423614
          1.8334827612419602
          2.412477317423628
          1.8334827612419589
          2.4124773174236305
          1.8334827612419446
          2.412477317423647
          1.83348276124197
          2.4124773174236047
          1.8334827612419404
          2.4141886421933494
          1.834783368066945
          2.4141886421933334
          1.8347833680669356
          2.4141886421933467
          1.834783368066944
          2.414188642193335
          1.8347833680669363
          2.4141886421933445
          1.834783368066944
          2.414188642193346
          1.8347833680669536
          2.414188642193344
          1.8347833680669305
          2.414188642193338
          1.834783368066951
          2.414188642193337
          1.8347833680669379
          2.4141886421933525
          1.8347833680669345
          2.4141886421933654
          1.8347833680669583
          2.4141886421933187
          1.8347833680669228
          2.4162406319962395
          1.8363428803171415
          2.4162406319962204
          1.8363428803171304
          2.4162406319962266
          1.8363428803171356
          2.4162406319962257
          1.8363428803171378
          2.4162406319962404
          1.8363428803171407
          2.416240631996233
          1.8363428803171429
          2.4162406319962333
          1.8363428803171309
          2.4162406319962257
          1.8363428803171398
          2.4162406319962253
          1.836342880317134
          2.4162406319962377
          1.836342880317137
          2.4162406319962395
          1.8363428803171453
          2.416240631996224
          1.8363428803171291
          2.4090510208503084
          1.8308787758462326
          2.40905102085025
          1.830878775846195
          2.4090510208503035
          1.8308787758462415
          2.409051020850266
          1.830878775846211
          2.40905102085029
          1.8308787758462104
          2.4090510208502836
          1.830878775846222
          2.409051020850289
          1.8308787758462237
          2.4090510208502613
          1.8308787758462055
          2.4090510208502836
          1.8308787758462168
          2.4090510208502947
          1.8308787758462373
          2.4090510208502596
          1.8308787758462048
          2.4090510208502987
          1.8308787758462322
          2.4093938697652493
          1.8311393410215846
          2.409393869765157
          1.831139341021523
          2.409393869765226
          1.8311393410215908
          2.409393869765191
          1.8311393410215528
          2.4093938697652155
          1.8311393410215486
          2.4093938697652058
          1.831139341021565
          2.4093938697652164
          1.8311393410215708
          2.409393869765171
          1.831139341021542
          2.4093938697652013
          1.831139341021557
          2.4093938697652137
          1.8311393410215802
          2.4093938697652084
          1.8311393410215748
          2.4093938697651964
          1.8311393410215595
          2.4100794212778687
          1.8316603601711763
          2.410079421277781
          1.8316603601711192
          2.410079421277854
          1.8316603601711843
          2.4100794212778474
          1.8316603601711605
          2.410079421277818
          1.8316603601711323
          2.410079421277843
          1.8316603601711607
          2.41007942127784
          1.8316603601711479
          2.4100794212778256
          1.831660360171163
          2.4100794212778327
          1.8316603601711583
          2.4100794212778127
          1.8316603601711579
          2.410079421277866
          1.8316603601711892
          2.4100794212778056
          1.8316603601711343
          2.4111073830657426
          1.8324416111299635
          2.4111073830656484
          1.8324416111299016
          2.4111073830657634
          1.832441611129992
          2.411107383065714
          1.8324416111299433
          2.411107383065697
          1.8324416111299175
          2.4111073830657395
          1.8324416111299515
          2.411107383065727
          1.8324416111299386
          2.4111073830657044
          1.8324416111299577
          2.411107383065717
          1.832441611129945
          2.4111073830657053
          1.832441611129953
          2.411107383065707
          1.8324416111299417
          2.4111073830657284
          1.832441611129947
          2.4124773174236536
          1.8334827612419748
          2.4124773174235736
          1.8334827612419182
          2.412477317423656
          1.8334827612419937
          2.4124773174236043
          1.833482761241948
          2.41247731742362
          1.8334827612419375
          2.4124773174236402
          1.8334827612419597
          2.4124773174236354
          1.833482761241956
          2.412477317423603
          1.8334827612419486
          2.4124773174236074
          1.8334827612419469
          2.412477317423635
          1.8334827612419684
          2.4124773174236376
          1.833482761241962
          2.412477317423618
          1.8334827612419466
          2.414188642193374
          1.8347833680669605
          2.4141886421933063
          1.8347833680669106
          2.414188642193352
          1.8347833680669703
          2.4141886421933325
          1.8347833680669465
          2.414188642193327
          1.8347833680669192
          2.4141886421933463
          1.834783368066946
          2.4141886421933445
          1.8347833680669428
          2.4141886421933374
          1.8347833680669476
          2.4141886421933134
          1.834783368066926
          2.414188642193345
          1.8347833680669492
          2.4141886421933556
          1.8347833680669532
          2.4141886421933307
          1.834783368066934
          2.4162406319962524
          1.83634288031715
          2.416240631996207
          1.8363428803171196
          2.4162406319962404
          1.8363428803171578
          2.4162406319962186
          1.8363428803171375
          2.416240631996224
          1.836342880317123
          2.416240631996234
          1.8363428803171398
          2.4162406319962346
          1.8363428803171389
          2.416240631996224
          1.836342880317144
          2.4162406319962186
          1.8363428803171293
          2.416240631996225
          1.8363428803171447
          2.416240631996214
          1.8363428803171336
          2.416240631996244
          1.8363428803171462
          2.9460243505359776
          2.3464038729282453
          2.9460243505359744
          2.3464038729282493
          2.9460243505359793
          2.346403872928258
          2.9460243505359776
          2.34640387292825
          2.946024350535967
          2.34640387292823
          2.946024350535965
          2.3464038729282204
          2.946024350535986
          2.3464038729282284
          2.946024350535973
          2.3464038729282333
          2.9460243505359607
          2.3464038729282404
          2.9460243505359647
          2.346403872928252
          2.9460243505359656
          2.3464038729282515
          2.9460243505359758
          2.3464038729282475
          1.9362022480924372
          1.5421163959048558
          1.9362022480924257
          1.5421163959048618
          1.9362022480924403
          1.54211639590485
          1.9362022480924566
          1.5421163959048416
          1.9362022480924623
          1.5421163959048514
          1.936202248092459
          1.5421163959048663
          1.9362022480924461
          1.542116395904865
          1.9362022480924497
          1.5421163959048578
          1.9362022480924412
          1.5421163959048616
          1.9362022480924317
          1.5421163959048623
          1.9362022480924346
          1.5421163959048636
          1.9362022480924417
          1.5421163959048574
          2.9460243505359647
          2.346403872928245
          2.9460243505359576
          2.346403872928246
          2.946024350535967
          2.3464038729282493
          2.9460243505359807
          2.346403872928241
          2.94602435053596
          2.3464038729282293
          2.946024350535944
          2.346403872928221
          2.9460243505359704
          2.346403872928237
          2.9460243505359704
          2.3464038729282506
          2.9460243505359966
          2.3464038729282577
          2.946024350536014
          2.3464038729282626
          2.9460243505359838
          2.346403872928245
          2.94602435053598
          2.3464038729282457
          1.9362022480924437
          1.542116395904856
          1.9362022480924306
          1.5421163959048625
          1.9362022480924441
          1.5421163959048536
          1.9362022480924523
          1.5421163959048472
          1.9362022480924588
          1.5421163959048563
          1.9362022480924692
          1.542116395904869
          1.9362022480924528
          1.5421163959048625
          1.9362022480924583
          1.542116395904843
          1.9362022480924448
          1.5421163959048338
          1.9362022480924301
          1.5421163959048392
          1.9362022480924483
          1.5421163959048534
          1.9362022480924477
          1.5421163959048556
          2.9460243505359798
          2.346403872928249
          2.946024350535979
          2.3464038729282466
          2.946024350536016
          2.3464038729282595
          2.946024350536035
          2.3464038729282666
          2.9460243505359895
          2.3464038729282484
          2.946024350535981
          2.346403872928244
          2.946024350536004
          2.3464038729282515
          2.946024350536015
          2.3464038729282626
          2.946024350536012
          2.346403872928263
          2.946024350536025
          2.34640387292826
          2.9460243505360273
          2.3464038729282577
          2.946024350536018
          2.346403872928255
          1.9362022480924488
          1.5421163959048483
          1.9362022480924457
          1.5421163959048478
          1.9362022480924261
          1.542116395904844
          1.936202248092412
          1.5421163959048436
          1.9362022480924395
          1.5421163959048543
          1.9362022480924574
          1.5421163959048518
          1.9362022480924455
          1.5421163959048467
          1.9362022480924321
          1.5421163959048436
          1.9362022480924292
          1.5421163959048412
          1.9362022480924228
          1.542116395904845
          1.9362022480924237
          1.5421163959048492
          1.9362022480924306
          1.5421163959048496
          2.9460243505360184
          2.346403872928255
          2.9460243505360073
          2.3464038729282475
          2.946024350536014
          2.346403872928269
          2.94602435053602
          2.346403872928273
          2.946024350536015
          2.346403872928251
          2.9460243505360006
          2.346403872928246
          2.9460243505360166
          2.3464038729282524
          2.9460243505360033
          2.3464038729282515
          2.9460243505359633
          2.3464038729282577
          2.9460243505359744
          2.346403872928262
          2.9460243505359838
          2.3464038729282515
          2.946024350535983
          2.3464038729282484
          1.9362022480924266
          1.5421163959048465
          1.9362022480924268
          1.5421163959048527
          1.9362022480924237
          1.5421163959048436
          1.936202248092419
          1.542116395904842
          1.9362022480924217
          1.542116395904852
          1.9362022480924366
          1.5421163959048523
          1.9362022480924383
          1.5421163959048423
          1.9362022480924306
          1.5421163959048516
          1.936202248092438
          1.5421163959048598
          1.9362022480924332
          1.5421163959048583
          1.9362022480924297
          1.5421163959048638
          1.9362022480924415
          1.5421163959048576
        </DataArray>
      </CellData>
    </Piece>
  </UnstructuredGrid>
</VTKFile>
